timestamp,flow_in_m3h,flow_out_m3h,temp_in_c,temp_out_c,pressure_in_bar,pressure_out_bar,p_in_mgL,p_out_mgL,n_in_mgL,n_out_mgL,water_treated_m3_cum,n_removed_kg_cum,p_removed_kg_cum,electricity_kwh_cum,co2_kg_cum
2026-06-01T00:00:00,16.413,16.142,20.82,21.74,1.147,1.092,0.5997,0.5845,9.809,9.088,16.1,0.012,0.0002,0.3,0.1
2026-06-01T01:00:00,16.862,16.391,19.43,20.27,1.156,1.101,0.6733,0.5864,9.624,9.270,32.5,0.017,0.0017,0.7,0.2
2026-06-01T02:00:00,17.246,16.991,20.28,21.34,1.158,1.103,0.5717,0.5795,9.874,9.208,49.5,0.029,0.0017,1.0,0.3
2026-06-01T03:00:00,17.147,16.783,20.08,21.06,1.142,1.090,0.5678,0.6039,10.484,9.233,66.3,0.050,0.0017,1.3,0.4
2026-06-01T04:00:00,17.318,17.013,19.55,20.34,1.127,1.066,0.6141,0.5983,11.530,9.012,83.3,0.093,0.0019,1.7,0.5
2026-06-01T05:00:00,16.711,16.205,20.62,21.51,1.136,1.084,0.6319,0.5691,10.524,8.937,99.5,0.118,0.0030,2.0,0.7
2026-06-01T06:00:00,17.973,17.620,20.57,21.72,1.162,1.102,0.6397,0.5604,9.946,8.935,117.1,0.136,0.0044,2.3,0.8
2026-06-01T07:00:00,17.403,16.930,20.65,21.67,1.160,1.108,0.5958,0.5809,10.188,9.206,134.1,0.153,0.0046,2.7,0.9
2026-06-01T08:00:00,18.469,17.962,21.91,22.74,1.160,1.103,0.5840,0.5801,10.176,8.899,152.0,0.176,0.0047,3.0,1.0
2026-06-01T09:00:00,18.643,18.105,21.37,21.86,1.198,1.147,0.5904,0.5788,10.451,9.292,170.1,0.197,0.0049,3.4,1.1
2026-06-01T10:00:00,18.858,18.175,22.20,22.64,1.190,1.134,0.6414,0.6063,10.420,9.414,188.3,0.215,0.0055,3.8,1.2
2026-06-01T11:00:00,18.725,18.201,23.03,23.80,1.192,1.135,0.5138,0.5678,10.221,9.236,206.5,0.233,0.0055,4.1,1.4
2026-06-01T12:00:00,18.708,18.327,23.87,24.88,1.222,1.170,0.6126,0.5856,11.024,9.490,224.8,0.261,0.0060,4.5,1.5
2026-06-01T13:00:00,19.876,19.318,24.05,24.85,1.232,1.178,0.5471,0.5746,10.206,8.932,244.2,0.286,0.0060,4.9,1.6
2026-06-01T14:00:00,18.073,17.574,24.09,24.95,1.211,1.144,0.5716,0.5810,10.565,8.772,261.7,0.317,0.0060,5.2,1.7
2026-06-01T15:00:00,19.640,19.237,24.57,25.08,1.245,1.192,0.6217,0.5670,9.813,9.027,281.0,0.332,0.0071,5.6,1.9
2026-06-01T16:00:00,19.146,18.828,23.46,24.15,1.207,1.156,0.6072,0.5818,10.696,8.876,299.8,0.366,0.0075,6.0,2.0
2026-06-01T17:00:00,18.612,18.043,23.26,24.10,1.229,1.170,0.5907,0.5824,9.628,9.122,317.8,0.376,0.0077,6.4,2.1
2026-06-01T18:00:00,17.592,17.266,22.72,23.86,1.193,1.141,0.5058,0.5715,10.272,9.228,335.1,0.394,0.0077,6.7,2.2
2026-06-01T19:00:00,18.725,18.343,22.51,23.56,1.210,1.157,0.6335,0.5715,10.558,9.137,353.5,0.420,0.0088,7.1,2.3
2026-06-01T20:00:00,17.962,17.603,23.05,24.02,1.213,1.162,0.6364,0.5710,10.627,9.215,371.1,0.445,0.0100,7.4,2.4
2026-06-01T21:00:00,17.867,17.216,21.89,22.66,1.158,1.106,0.5880,0.5691,10.227,9.562,388.3,0.456,0.0103,7.8,2.6
2026-06-01T22:00:00,18.550,18.097,21.24,21.90,1.158,1.104,0.6259,0.5728,9.475,9.002,406.4,0.465,0.0113,8.1,2.7
2026-06-01T23:00:00,15.800,15.219,20.65,21.24,1.152,1.099,0.5302,0.6090,9.810,8.939,421.6,0.478,0.0113,8.4,2.8
2026-06-02T00:00:00,17.112,16.506,20.17,21.25,1.155,1.100,0.5545,0.5721,9.718,9.314,438.1,0.484,0.0113,8.8,2.9
2026-06-02T01:00:00,17.122,16.734,20.46,21.52,1.155,1.096,0.6678,0.5976,10.051,9.359,454.8,0.496,0.0124,9.1,3.0
2026-06-02T02:00:00,17.445,16.870,19.95,20.76,1.143,1.092,0.6239,0.5710,10.016,8.914,471.7,0.515,0.0133,9.4,3.1
2026-06-02T03:00:00,15.751,15.496,19.72,20.86,1.161,1.105,0.5821,0.5873,10.072,9.191,487.2,0.528,0.0133,9.7,3.2
2026-06-02T04:00:00,17.234,16.936,19.68,20.46,1.122,1.067,0.5756,0.5797,11.131,8.794,504.1,0.568,0.0133,10.1,3.3
2026-06-02T05:00:00,17.208,16.726,20.24,20.99,1.150,1.094,0.5665,0.5821,9.964,8.934,520.9,0.585,0.0133,10.4,3.4
2026-06-02T06:00:00,16.313,16.001,20.86,21.91,1.138,1.085,0.6182,0.5779,9.882,8.953,536.9,0.600,0.0140,10.7,3.5
2026-06-02T07:00:00,16.893,16.474,20.54,20.96,1.188,1.137,0.6352,0.5793,9.933,9.409,553.3,0.609,0.0149,11.1,3.7
2026-06-02T08:00:00,17.264,16.840,21.57,22.38,1.177,1.125,0.5845,0.5777,10.387,8.761,570.2,0.636,0.0150,11.4,3.8
2026-06-02T09:00:00,17.520,17.431,22.10,22.77,1.203,1.149,0.5991,0.5663,10.182,9.174,587.6,0.654,0.0156,11.8,3.9
2026-06-02T10:00:00,19.273,19.024,22.74,23.89,1.191,1.136,0.6850,0.5809,10.302,9.254,606.6,0.674,0.0176,12.1,4.0
2026-06-02T11:00:00,18.219,17.787,22.63,23.43,1.190,1.140,0.5929,0.5957,10.970,9.088,624.4,0.707,0.0176,12.5,4.1
2026-06-02T12:00:00,19.170,18.793,23.91,24.75,1.203,1.145,0.6146,0.5738,9.275,9.618,643.2,0.707,0.0183,12.9,4.2
2026-06-02T13:00:00,18.149,17.765,23.74,24.82,1.235,1.168,0.6044,0.5875,10.323,9.048,661.0,0.730,0.0186,13.2,4.4
2026-06-02T14:00:00,19.532,18.965,23.63,24.18,1.209,1.153,0.5349,0.5792,10.947,9.322,679.9,0.760,0.0186,13.6,4.5
2026-06-02T15:00:00,19.561,19.014,23.53,24.07,1.233,1.181,0.5895,0.5894,10.333,9.443,699.0,0.777,0.0186,14.0,4.6
2026-06-02T16:00:00,19.869,19.229,23.88,24.77,1.199,1.148,0.5756,0.5981,9.720,9.182,718.2,0.788,0.0186,14.4,4.7
2026-06-02T17:00:00,18.933,18.324,23.52,24.40,1.221,1.164,0.5942,0.5664,9.502,8.843,736.5,0.800,0.0192,14.7,4.9
2026-06-02T18:00:00,19.030,18.675,23.63,24.32,1.215,1.152,0.6468,0.5677,9.874,8.686,755.2,0.822,0.0206,15.1,5.0
2026-06-02T19:00:00,18.591,18.089,22.81,23.69,1.231,1.173,0.6374,0.5560,9.239,9.029,773.3,0.826,0.0221,15.5,5.1
2026-06-02T20:00:00,18.833,18.158,22.94,23.89,1.199,1.137,0.5989,0.5724,9.223,9.015,791.4,0.830,0.0226,15.8,5.2
2026-06-02T21:00:00,18.263,17.828,21.34,22.63,1.155,1.101,0.6582,0.5773,9.904,8.832,809.3,0.849,0.0240,16.2,5.3
2026-06-02T22:00:00,17.657,17.080,21.09,22.04,1.179,1.114,0.6652,0.5705,10.455,9.097,826.3,0.872,0.0256,16.5,5.5
2026-06-02T23:00:00,17.800,17.397,19.59,20.44,1.166,1.096,0.6220,0.5700,9.489,9.184,843.7,0.877,0.0265,16.9,5.6
2026-06-03T00:00:00,17.053,16.753,19.69,20.23,1.147,1.092,0.5793,0.5681,10.562,9.104,860.5,0.902,0.0267,17.2,5.7
2026-06-03T01:00:00,16.390,15.875,19.90,20.78,1.129,1.061,0.6144,0.5682,10.155,9.087,876.4,0.919,0.0275,17.5,5.8
2026-06-03T02:00:00,17.703,17.297,19.95,20.89,1.128,1.070,0.5724,0.5693,10.308,8.787,893.7,0.945,0.0275,17.9,5.9
2026-06-03T03:00:00,15.730,15.451,20.46,21.70,1.158,1.093,0.6412,0.5752,10.371,9.318,909.1,0.961,0.0285,18.2,6.0
2026-06-03T04:00:00,17.239,16.782,19.92,20.68,1.148,1.090,0.6357,0.5965,11.033,8.966,925.9,0.996,0.0292,18.5,6.1
2026-06-03T05:00:00,17.201,16.801,20.02,20.85,1.178,1.108,0.5951,0.5589,10.475,9.052,942.7,1.020,0.0298,18.9,6.2
2026-06-03T06:00:00,17.271,16.897,20.70,21.64,1.164,1.110,0.5503,0.5936,10.258,8.853,959.6,1.044,0.0298,19.2,6.3
2026-06-03T07:00:00,18.342,17.707,21.00,21.79,1.161,1.109,0.6425,0.5717,10.357,9.089,977.3,1.066,0.0311,19.5,6.5
2026-06-03T08:00:00,17.925,17.527,21.20,22.19,1.173,1.112,0.5515,0.5775,10.418,9.071,994.8,1.090,0.0311,19.9,6.6
2026-06-03T09:00:00,17.970,17.630,22.26,22.68,1.187,1.135,0.6295,0.5792,10.216,9.496,1012.4,1.102,0.0319,20.2,6.7
2026-06-03T10:00:00,18.704,18.353,22.18,22.85,1.179,1.126,0.6457,0.5735,8.944,9.220,1030.8,1.102,0.0333,20.6,6.8
2026-06-03T11:00:00,18.675,18.375,22.67,22.86,1.191,1.138,0.6359,0.5745,9.972,9.251,1049.2,1.115,0.0344,21.0,6.9
2026-06-03T12:00:00,18.711,18.041,22.55,23.38,1.213,1.148,0.6150,0.5627,9.677,9.156,1067.2,1.125,0.0353,21.3,7.0
2026-06-03T13:00:00,20.629,19.972,23.62,24.53,1.197,1.146,0.5453,0.5770,10.052,8.933,1087.2,1.147,0.0353,21.7,7.2
2026-06-03T14:00:00,20.318,20.125,23.49,24.20,1.218,1.161,0.6211,0.5984,10.189,8.934,1107.3,1.173,0.0358,22.1,7.3
2026-06-03T15:00:00,18.350,17.925,23.12,23.63,1.223,1.165,0.5764,0.5489,10.078,8.992,1125.2,1.192,0.0363,22.5,7.4
2026-06-03T16:00:00,19.513,19.094,23.52,24.50,1.220,1.164,0.5777,0.5787,11.396,8.994,1144.3,1.238,0.0363,22.9,7.6
2026-06-03T17:00:00,19.262,18.524,23.64,24.72,1.215,1.163,0.5944,0.5807,10.023,8.834,1162.9,1.260,0.0365,23.3,7.7
2026-06-03T18:00:00,18.406,17.908,22.54,23.15,1.223,1.167,0.6601,0.5599,9.731,8.967,1180.8,1.274,0.0383,23.6,7.8
2026-06-03T19:00:00,17.790,17.143,23.16,24.17,1.217,1.166,0.5522,0.5733,10.721,8.750,1197.9,1.307,0.0383,24.0,7.9
2026-06-03T20:00:00,18.090,17.834,22.41,22.79,1.210,1.155,0.5411,0.5683,10.099,9.196,1215.7,1.323,0.0383,24.3,8.0
2026-06-03T21:00:00,17.496,17.159,21.60,22.30,1.182,1.115,0.6224,0.5867,9.361,8.947,1232.9,1.331,0.0389,24.7,8.1
2026-06-03T22:00:00,18.151,17.672,21.19,21.92,1.177,1.119,0.5555,0.5953,10.830,9.197,1250.6,1.359,0.0389,25.0,8.3
2026-06-03T23:00:00,17.459,16.972,21.31,22.07,1.177,1.116,0.5775,0.5612,9.655,8.903,1267.5,1.372,0.0392,25.4,8.4
2026-06-04T00:00:00,16.287,15.819,20.31,21.20,1.146,1.088,0.5985,0.5863,10.170,9.063,1283.4,1.390,0.0394,25.7,8.5
2026-06-04T01:00:00,15.949,15.313,19.76,20.54,1.158,1.106,0.6194,0.5640,9.781,9.130,1298.7,1.400,0.0403,26.0,8.6
2026-06-04T02:00:00,17.827,17.276,19.57,20.51,1.157,1.098,0.6189,0.5689,10.040,9.128,1316.0,1.415,0.0411,26.3,8.7
2026-06-04T03:00:00,17.057,16.692,19.78,20.69,1.134,1.080,0.6011,0.6017,10.583,8.944,1332.6,1.443,0.0411,26.7,8.8
2026-06-04T04:00:00,15.713,15.248,19.89,20.83,1.143,1.086,0.5465,0.5927,11.064,8.871,1347.9,1.476,0.0411,27.0,8.9
2026-06-04T05:00:00,15.956,15.491,19.40,20.20,1.166,1.112,0.6349,0.6000,9.034,9.052,1363.4,1.476,0.0417,27.3,9.0
2026-06-04T06:00:00,17.293,16.650,20.83,21.77,1.151,1.099,0.6421,0.5750,10.427,8.831,1380.0,1.503,0.0428,27.6,9.1
2026-06-04T07:00:00,18.138,17.794,20.39,21.47,1.140,1.088,0.6203,0.5870,9.679,9.131,1397.8,1.513,0.0434,28.0,9.2
2026-06-04T08:00:00,17.434,17.141,21.65,22.67,1.163,1.108,0.5912,0.5764,10.577,9.109,1415.0,1.538,0.0436,28.3,9.3
2026-06-04T09:00:00,18.761,18.626,21.88,22.89,1.160,1.106,0.6240,0.5849,11.007,9.081,1433.6,1.574,0.0444,28.7,9.5
2026-06-04T10:00:00,18.333,17.708,22.17,23.42,1.199,1.146,0.6261,0.5687,10.739,8.804,1451.3,1.608,0.0454,29.0,9.6
2026-06-04T11:00:00,18.375,17.883,22.23,22.76,1.181,1.131,0.6218,0.5576,10.109,8.998,1469.2,1.628,0.0465,29.4,9.7
2026-06-04T12:00:00,18.318,17.686,23.45,24.48,1.210,1.158,0.5741,0.5757,10.507,9.099,1486.9,1.653,0.0465,29.7,9.8
2026-06-04T13:00:00,19.520,19.043,23.12,23.60,1.225,1.169,0.6358,0.5866,11.020,9.181,1505.9,1.688,0.0475,30.1,9.9
2026-06-04T14:00:00,18.837,18.505,23.53,24.25,1.222,1.166,0.5995,0.5588,9.531,8.807,1524.4,1.701,0.0482,30.5,10.1
2026-06-04T15:00:00,19.437,19.050,23.73,24.39,1.229,1.179,0.6822,0.5629,10.366,9.205,1543.5,1.723,0.0505,30.9,10.2
2026-06-04T16:00:00,19.145,18.686,23.36,23.73,1.217,1.163,0.5549,0.5685,10.331,8.937,1562.2,1.749,0.0505,31.2,10.3
2026-06-04T17:00:00,18.605,18.173,23.23,23.92,1.227,1.169,0.6895,0.5773,9.741,9.118,1580.3,1.761,0.0525,31.6,10.4
2026-06-04T18:00:00,19.542,18.705,22.79,23.52,1.230,1.175,0.6824,0.5745,9.854,8.946,1599.0,1.778,0.0545,32.0,10.6
2026-06-04T19:00:00,19.373,19.052,22.69,23.27,1.174,1.112,0.6150,0.5707,9.797,8.947,1618.1,1.794,0.0554,32.4,10.7
2026-06-04T20:00:00,18.861,18.469,22.03,22.64,1.188,1.135,0.5777,0.5653,10.830,9.183,1636.6,1.824,0.0556,32.7,10.8
2026-06-04T21:00:00,18.143,17.742,21.60,22.07,1.177,1.119,0.5855,0.5899,10.750,8.945,1654.3,1.856,0.0556,33.1,10.9
2026-06-04T22:00:00,18.068,17.819,21.05,22.11,1.131,1.075,0.5607,0.5736,9.993,9.499,1672.1,1.865,0.0556,33.4,11.0
2026-06-04T23:00:00,17.026,16.688,20.89,21.43,1.159,1.106,0.6073,0.5788,11.112,8.967,1688.8,1.901,0.0561,33.8,11.1
2026-06-05T00:00:00,16.656,16.208,20.27,21.28,1.167,1.111,0.6286,0.5632,9.982,9.033,1705.0,1.916,0.0572,34.1,11.3
2026-06-05T01:00:00,17.135,16.680,19.46,20.01,1.147,1.094,0.6174,0.5761,10.764,9.009,1721.7,1.945,0.0578,34.4,11.4
2026-06-05T02:00:00,16.172,15.812,18.82,19.70,1.165,1.110,0.6309,0.5668,9.500,9.005,1737.5,1.953,0.0589,34.8,11.5
2026-06-05T03:00:00,16.592,15.972,20.31,21.08,1.147,1.095,0.6015,0.5964,9.691,8.814,1753.5,1.967,0.0589,35.1,11.6
2026-06-05T04:00:00,16.764,16.276,19.90,20.48,1.157,1.100,0.6205,0.5882,10.480,8.768,1769.8,1.995,0.0595,35.4,11.7
2026-06-05T05:00:00,16.487,16.024,20.04,20.37,1.142,1.077,0.6254,0.5806,10.285,8.799,1785.8,2.019,0.0602,35.7,11.8
2026-06-05T06:00:00,16.863,16.330,20.42,21.62,1.152,1.099,0.6473,0.5773,10.267,8.845,1802.1,2.042,0.0613,36.0,11.9
2026-06-05T07:00:00,17.234,16.572,20.79,21.73,1.190,1.134,0.5611,0.5547,9.805,9.119,1818.7,2.054,0.0614,36.4,12.0
2026-06-05T08:00:00,17.068,16.982,21.09,21.61,1.147,1.093,0.6185,0.5743,10.146,8.846,1835.7,2.076,0.0622,36.7,12.1
2026-06-05T09:00:00,18.072,17.492,21.94,22.71,1.182,1.131,0.6656,0.5708,10.562,9.178,1853.2,2.100,0.0638,37.1,12.2
2026-06-05T10:00:00,18.046,17.267,21.82,22.58,1.184,1.133,0.6644,0.5742,9.910,9.187,1870.4,2.112,0.0654,37.4,12.3
2026-06-05T11:00:00,17.367,16.787,22.55,23.53,1.172,1.118,0.6214,0.5719,10.324,8.822,1887.2,2.137,0.0662,37.7,12.5
2026-06-05T12:00:00,20.152,19.525,22.88,23.43,1.221,1.169,0.6416,0.5684,10.671,9.033,1906.7,2.169,0.0676,38.1,12.6
2026-06-05T13:00:00,19.832,19.291,22.88,23.50,1.223,1.173,0.6289,0.5792,9.828,9.009,1926.0,2.185,0.0686,38.5,12.7
2026-06-05T14:00:00,18.496,18.062,24.26,24.46,1.226,1.171,0.6028,0.5610,10.116,8.990,1944.1,2.206,0.0694,38.9,12.8
2026-06-05T15:00:00,20.059,19.622,23.63,24.42,1.254,1.196,0.6538,0.5755,10.598,8.713,1963.7,2.243,0.0709,39.3,13.0
2026-06-05T16:00:00,18.610,17.887,23.19,24.15,1.210,1.159,0.6183,0.5874,9.103,8.932,1981.6,2.246,0.0715,39.6,13.1
2026-06-05T17:00:00,19.243,18.706,23.93,25.15,1.223,1.167,0.5738,0.5843,9.848,9.364,2000.3,2.255,0.0715,40.0,13.2
2026-06-05T18:00:00,19.405,18.936,22.67,23.02,1.220,1.165,0.6377,0.5636,10.370,9.219,2019.2,2.277,0.0729,40.4,13.3
2026-06-05T19:00:00,18.250,17.779,23.16,23.98,1.196,1.142,0.5706,0.5622,10.087,9.036,2037.0,2.295,0.0730,40.7,13.4
2026-06-05T20:00:00,18.446,18.055,22.17,22.80,1.161,1.108,0.6401,0.5749,10.452,8.889,2055.1,2.323,0.0742,41.1,13.6
2026-06-05T21:00:00,17.387,17.006,20.90,21.99,1.207,1.148,0.5780,0.5910,9.976,8.955,2072.1,2.341,0.0742,41.4,13.7
2026-06-05T22:00:00,17.575,17.122,21.45,22.21,1.164,1.107,0.6161,0.5685,10.656,9.190,2089.2,2.366,0.0750,41.8,13.8
2026-06-05T23:00:00,17.672,17.179,20.04,20.59,1.176,1.106,0.6315,0.5719,9.302,9.140,2106.4,2.369,0.0760,42.1,13.9
2026-06-06T00:00:00,17.573,16.984,20.07,21.10,1.165,1.111,0.6613,0.5615,10.210,8.891,2123.4,2.391,0.0777,42.5,14.0
2026-06-06T01:00:00,16.163,15.925,20.52,21.40,1.154,1.104,0.5231,0.5834,10.663,8.982,2139.3,2.418,0.0777,42.8,14.1
2026-06-06T02:00:00,17.467,16.820,19.67,20.74,1.127,1.076,0.6375,0.5664,9.917,9.037,2156.1,2.433,0.0789,43.1,14.2
2026-06-06T03:00:00,16.735,16.302,19.25,19.85,1.146,1.086,0.6662,0.5666,11.015,8.306,2172.4,2.477,0.0805,43.4,14.3
2026-06-06T04:00:00,16.220,16.007,20.36,21.18,1.156,1.101,0.6697,0.5641,10.627,8.947,2188.4,2.504,0.0822,43.8,14.4
2026-06-06T05:00:00,16.443,16.111,20.08,21.06,1.124,1.066,0.6518,0.5670,10.762,9.080,2204.5,2.531,0.0836,44.1,14.5
2026-06-06T06:00:00,16.418,15.932,20.53,21.49,1.142,1.085,0.5728,0.5851,10.144,9.167,2220.5,2.546,0.0836,44.4,14.7
2026-06-06T07:00:00,17.027,16.574,20.59,21.49,1.177,1.121,0.6446,0.5900,10.309,9.048,2237.0,2.567,0.0845,44.7,14.8
2026-06-06T08:00:00,17.220,16.926,20.41,21.03,1.156,1.103,0.6199,0.5725,9.508,8.930,2254.0,2.577,0.0853,45.1,14.9
2026-06-06T09:00:00,16.659,16.209,21.98,23.19,1.186,1.134,0.6163,0.5675,10.058,9.438,2270.2,2.587,0.0861,45.4,15.0
2026-06-06T10:00:00,17.800,17.481,21.63,22.45,1.221,1.167,0.6196,0.5783,10.644,8.874,2287.6,2.618,0.0868,45.8,15.1
2026-06-06T11:00:00,18.497,18.097,22.49,22.97,1.205,1.148,0.5893,0.5886,10.219,8.951,2305.7,2.641,0.0868,46.1,15.2
2026-06-06T12:00:00,18.091,17.673,23.50,24.15,1.201,1.147,0.5760,0.5905,10.156,9.066,2323.4,2.660,0.0868,46.5,15.3
2026-06-06T13:00:00,19.615,18.984,23.10,23.96,1.209,1.158,0.6096,0.5842,9.946,8.943,2342.4,2.679,0.0873,46.8,15.5
2026-06-06T14:00:00,19.248,18.599,23.96,24.34,1.212,1.151,0.6204,0.5967,10.073,9.062,2361.0,2.698,0.0878,47.2,15.6
2026-06-06T15:00:00,19.942,19.286,24.12,25.40,1.218,1.163,0.5439,0.5603,10.564,8.829,2380.3,2.732,0.0878,47.6,15.7
2026-06-06T16:00:00,18.685,18.284,23.59,24.57,1.220,1.167,0.6226,0.5699,9.481,9.078,2398.6,2.739,0.0887,48.0,15.8
2026-06-06T17:00:00,18.696,18.338,23.53,24.04,1.228,1.168,0.6087,0.5802,9.828,8.810,2416.9,2.758,0.0892,48.3,16.0
2026-06-06T18:00:00,19.188,18.422,22.89,23.19,1.211,1.156,0.5556,0.5793,9.899,8.971,2435.3,2.775,0.0892,48.7,16.1
2026-06-06T19:00:00,17.921,17.561,22.77,23.41,1.205,1.152,0.6091,0.5749,9.844,9.164,2452.9,2.787,0.0898,49.1,16.2
2026-06-06T20:00:00,18.334,17.778,21.74,22.21,1.203,1.153,0.6829,0.5546,9.947,8.938,2470.7,2.805,0.0921,49.4,16.3
2026-06-06T21:00:00,18.516,17.890,21.27,21.71,1.167,1.106,0.5591,0.5835,10.101,8.779,2488.6,2.828,0.0921,49.8,16.4
2026-06-06T22:00:00,17.656,17.094,21.45,22.74,1.175,1.106,0.5751,0.5784,10.367,9.082,2505.6,2.850,0.0921,50.1,16.5
2026-06-06T23:00:00,17.797,17.268,20.49,21.59,1.168,1.113,0.6198,0.5745,10.744,8.731,2522.9,2.885,0.0929,50.5,16.7
2026-06-07T00:00:00,16.512,16.107,19.72,20.63,1.140,1.086,0.6310,0.5725,10.728,8.714,2539.0,2.917,0.0938,50.8,16.8
2026-06-07T01:00:00,16.082,15.684,19.20,20.40,1.141,1.075,0.6076,0.5887,10.295,8.544,2554.7,2.945,0.0941,51.1,16.9
2026-06-07T02:00:00,16.793,16.159,19.92,20.96,1.136,1.084,0.5926,0.5794,9.716,8.919,2570.9,2.958,0.0944,51.4,17.0
2026-06-07T03:00:00,17.214,16.710,18.75,19.56,1.143,1.087,0.6149,0.5613,9.597,9.161,2587.6,2.965,0.0952,51.8,17.1
2026-06-07T04:00:00,17.486,17.259,19.52,20.42,1.137,1.081,0.6528,0.5719,9.755,9.077,2604.8,2.977,0.0966,52.1,17.2
2026-06-07T05:00:00,16.387,16.135,19.62,20.57,1.134,1.071,0.6612,0.5650,10.251,9.320,2621.0,2.992,0.0982,52.4,17.3
2026-06-07T06:00:00,17.775,17.229,20.76,21.49,1.161,1.109,0.6058,0.5606,9.799,8.798,2638.2,3.009,0.0990,52.8,17.4
2026-06-07T07:00:00,17.797,17.484,20.96,21.37,1.138,1.071,0.5964,0.5810,8.960,9.006,2655.7,3.009,0.0992,53.1,17.5
2026-06-07T08:00:00,18.183,17.752,21.00,21.68,1.159,1.107,0.6484,0.5853,9.790,8.790,2673.4,3.027,0.1004,53.5,17.6
2026-06-07T09:00:00,17.202,16.770,22.30,23.20,1.189,1.132,0.6647,0.5835,9.672,9.051,2690.2,3.037,0.1017,53.8,17.8
2026-06-07T10:00:00,18.144,17.566,22.56,23.37,1.181,1.126,0.6162,0.5761,10.610,8.736,2707.8,3.070,0.1024,54.2,17.9
2026-06-07T11:00:00,18.472,17.630,22.41,23.37,1.204,1.146,0.5956,0.5891,9.825,8.861,2725.4,3.087,0.1025,54.5,18.0
2026-06-07T12:00:00,19.527,18.961,23.02,23.45,1.227,1.168,0.5859,0.5757,9.811,9.161,2744.4,3.099,0.1027,54.9,18.1
2026-06-07T13:00:00,18.389,17.884,22.59,23.62,1.226,1.169,0.5672,0.5885,10.773,8.987,2762.2,3.131,0.1027,55.2,18.2
2026-06-07T14:00:00,18.145,17.691,23.83,24.90,1.219,1.161,0.6090,0.5795,10.614,9.122,2779.9,3.158,0.1033,55.6,18.3
2026-06-07T15:00:00,19.022,18.487,23.63,24.07,1.219,1.168,0.6014,0.5835,10.274,8.914,2798.4,3.183,0.1036,56.0,18.5
2026-06-07T16:00:00,18.935,18.574,23.78,24.55,1.225,1.174,0.6251,0.5574,10.959,8.849,2817.0,3.222,0.1048,56.3,18.6
2026-06-07T17:00:00,19.005,18.461,22.96,23.64,1.201,1.138,0.5458,0.5845,10.135,9.070,2835.5,3.242,0.1048,56.7,18.7
2026-06-07T18:00:00,17.721,17.058,23.37,24.40,1.170,1.105,0.6111,0.5735,9.833,8.741,2852.5,3.260,0.1055,57.1,18.8
2026-06-07T19:00:00,18.064,17.634,22.92,23.28,1.196,1.140,0.6181,0.5610,9.705,8.766,2870.2,3.277,0.1065,57.4,18.9
2026-06-07T20:00:00,19.064,18.255,21.79,22.46,1.197,1.144,0.6046,0.6090,10.374,8.871,2888.4,3.304,0.1065,57.8,19.1
2026-06-07T21:00:00,17.010,16.614,22.26,23.18,1.159,1.096,0.6016,0.5927,10.610,9.009,2905.0,3.331,0.1066,58.1,19.2
2026-06-07T22:00:00,18.228,17.714,21.40,22.43,1.189,1.127,0.5715,0.5792,9.765,9.054,2922.7,3.344,0.1066,58.5,19.3
2026-06-07T23:00:00,16.882,16.547,20.72,21.81,1.136,1.084,0.6586,0.5707,8.831,9.334,2939.3,3.344,0.1081,58.8,19.4
2026-06-08T00:00:00,16.310,15.798,20.21,21.11,1.127,1.070,0.6305,0.5660,10.713,8.776,2955.1,3.374,0.1091,59.1,19.5
2026-06-08T01:00:00,18.241,17.897,19.23,19.81,1.150,1.096,0.6243,0.5704,11.090,8.846,2973.0,3.414,0.1101,59.5,19.6
2026-06-08T02:00:00,17.172,16.813,20.22,21.01,1.147,1.093,0.6467,0.5941,9.980,9.096,2989.8,3.429,0.1110,59.8,19.7
2026-06-08T03:00:00,17.293,16.868,18.96,19.21,1.138,1.080,0.6026,0.5615,10.739,8.809,3006.7,3.462,0.1117,60.1,19.8
2026-06-08T04:00:00,17.063,16.724,19.43,20.28,1.113,1.061,0.5417,0.5796,10.809,8.507,3023.4,3.500,0.1117,60.5,20.0
2026-06-08T05:00:00,17.377,16.952,19.78,20.77,1.155,1.091,0.5600,0.5747,11.462,8.773,3040.3,3.546,0.1117,60.8,20.1
2026-06-08T06:00:00,17.975,17.421,19.57,20.68,1.140,1.077,0.5928,0.5869,10.805,9.182,3057.8,3.574,0.1118,61.2,20.2
2026-06-08T07:00:00,16.609,16.203,20.12,21.13,1.162,1.097,0.6380,0.6011,10.812,8.529,3074.0,3.611,0.1124,61.5,20.3
2026-06-08T08:00:00,17.402,16.965,20.13,21.02,1.167,1.101,0.6596,0.5764,9.253,9.004,3090.9,3.615,0.1138,61.8,20.4
2026-06-08T09:00:00,17.252,16.739,20.69,21.46,1.172,1.103,0.6389,0.5862,10.058,8.869,3107.7,3.635,0.1147,62.2,20.5
2026-06-08T10:00:00,18.994,18.398,22.41,23.11,1.184,1.130,0.6755,0.5694,10.455,9.636,3126.1,3.650,0.1166,62.5,20.6
2026-06-08T11:00:00,18.234,17.846,22.75,23.08,1.176,1.123,0.6591,0.5776,10.352,8.910,3143.9,3.676,0.1181,62.9,20.7
2026-06-08T12:00:00,18.825,18.253,23.41,24.38,1.198,1.141,0.6111,0.5629,10.640,8.911,3162.2,3.708,0.1189,63.2,20.9
2026-06-08T13:00:00,18.738,18.209,23.53,24.14,1.221,1.168,0.6593,0.5805,9.614,8.686,3180.4,3.724,0.1204,63.6,21.0
2026-06-08T14:00:00,19.487,19.078,23.46,24.21,1.242,1.190,0.5427,0.5884,10.269,8.518,3199.4,3.758,0.1204,64.0,21.1
2026-06-08T15:00:00,19.773,19.221,23.19,23.44,1.209,1.157,0.6511,0.5688,10.714,8.880,3218.7,3.793,0.1220,64.4,21.2
2026-06-08T16:00:00,19.949,19.225,23.51,24.07,1.214,1.159,0.5462,0.5591,9.642,8.909,3237.9,3.807,0.1220,64.8,21.4
2026-06-08T17:00:00,19.252,18.690,23.31,23.55,1.229,1.177,0.5403,0.5808,10.156,8.941,3256.6,3.830,0.1220,65.1,21.5
2026-06-08T18:00:00,19.177,18.480,22.32,23.05,1.186,1.134,0.6212,0.5590,8.857,8.648,3275.1,3.834,0.1231,65.5,21.6
2026-06-08T19:00:00,17.309,16.837,22.54,23.27,1.202,1.147,0.6528,0.5778,10.905,8.937,3291.9,3.867,0.1244,65.8,21.7
2026-06-08T20:00:00,18.563,18.170,22.16,23.14,1.172,1.103,0.5482,0.5730,10.517,8.672,3310.1,3.900,0.1244,66.2,21.8
2026-06-08T21:00:00,17.486,17.186,21.62,22.49,1.173,1.117,0.5863,0.5942,9.130,9.281,3327.3,3.900,0.1244,66.5,22.0
2026-06-08T22:00:00,18.092,17.675,21.02,21.41,1.167,1.117,0.5840,0.5948,10.151,9.086,3344.9,3.919,0.1244,66.9,22.1
2026-06-08T23:00:00,18.754,18.357,20.94,21.78,1.145,1.086,0.6261,0.5663,10.617,8.711,3363.3,3.954,0.1255,67.3,22.2
2026-06-09T00:00:00,16.176,15.774,20.15,20.92,1.154,1.093,0.6438,0.5738,11.402,8.829,3379.1,3.995,0.1266,67.6,22.3
2026-06-09T01:00:00,15.757,15.222,20.19,20.83,1.115,1.063,0.6419,0.5679,10.070,8.741,3394.3,4.015,0.1277,67.9,22.4
2026-06-09T02:00:00,16.946,16.718,18.89,19.95,1.140,1.089,0.5863,0.5727,9.741,8.888,3411.0,4.029,0.1279,68.2,22.5
2026-06-09T03:00:00,17.061,16.667,19.62,19.95,1.117,1.058,0.5948,0.5687,10.860,8.687,3427.7,4.066,0.1284,68.6,22.6
2026-06-09T04:00:00,17.169,16.754,19.79,20.05,1.135,1.081,0.6815,0.5767,10.283,9.013,3444.4,4.087,0.1301,68.9,22.7
2026-06-09T05:00:00,17.359,16.984,19.69,20.55,1.142,1.084,0.5935,0.5902,9.299,8.656,3461.4,4.098,0.1302,69.2,22.8
2026-06-09T06:00:00,17.346,16.776,20.10,20.93,1.163,1.100,0.5733,0.5833,9.780,8.839,3478.2,4.114,0.1302,69.6,23.0
2026-06-09T07:00:00,17.287,16.789,20.54,21.59,1.152,1.096,0.5291,0.5756,10.369,9.447,3495.0,4.129,0.1302,69.9,23.1
2026-06-09T08:00:00,18.402,17.844,21.41,22.11,1.186,1.135,0.6463,0.5831,9.813,9.138,3512.8,4.141,0.1313,70.3,23.2
2026-06-09T09:00:00,17.535,17.113,21.74,22.31,1.174,1.109,0.5549,0.5528,10.603,8.897,3529.9,4.170,0.1313,70.6,23.3
2026-06-09T10:00:00,19.400,18.861,22.00,22.76,1.208,1.151,0.6473,0.5805,10.210,9.254,3548.8,4.188,0.1326,71.0,23.4
2026-06-09T11:00:00,18.118,17.805,21.58,22.59,1.206,1.153,0.6717,0.5617,11.125,8.736,3566.6,4.231,0.1346,71.3,23.5
2026-06-09T12:00:00,18.676,18.161,23.37,24.41,1.219,1.165,0.6241,0.5712,9.888,8.825,3584.8,4.250,0.1355,71.7,23.7
2026-06-09T13:00:00,18.823,18.614,23.03,23.61,1.213,1.159,0.5980,0.5747,9.833,8.864,3603.4,4.268,0.1359,72.1,23.8
2026-06-09T14:00:00,18.858,18.751,23.54,24.62,1.217,1.162,0.6485,0.5906,10.668,9.093,3622.1,4.298,0.1370,72.4,23.9
2026-06-09T15:00:00,19.248,18.630,23.57,24.01,1.198,1.148,0.5806,0.5756,9.786,8.719,3640.8,4.318,0.1371,72.8,24.0
2026-06-09T16:00:00,19.609,19.113,23.82,24.49,1.232,1.165,0.6380,0.5680,9.545,8.681,3659.9,4.334,0.1385,73.2,24.2
2026-06-09T17:00:00,18.810,18.575,22.90,23.51,1.178,1.125,0.6115,0.5941,10.516,8.957,3678.4,4.363,0.1388,73.6,24.3
2026-06-09T18:00:00,19.487,18.859,23.41,24.32,1.207,1.155,0.6217,0.5624,9.468,8.973,3697.3,4.372,0.1399,73.9,24.4
2026-06-09T19:00:00,19.616,19.259,22.21,23.11,1.213,1.161,0.6124,0.5511,9.922,8.973,3716.6,4.391,0.1411,74.3,24.5
2026-06-09T20:00:00,17.930,17.458,22.43,23.05,1.185,1.128,0.6145,0.5471,9.818,9.055,3734.0,4.404,0.1423,74.7,24.6
2026-06-09T21:00:00,17.952,17.507,21.14,21.71,1.155,1.094,0.5766,0.5780,10.144,9.004,3751.5,4.424,0.1423,75.0,24.8
2026-06-09T22:00:00,17.393,16.950,20.41,21.45,1.193,1.141,0.6135,0.5748,10.828,8.827,3768.5,4.458,0.1429,75.4,24.9
2026-06-09T23:00:00,17.613,17.424,20.01,20.74,1.176,1.126,0.6410,0.5644,10.476,8.532,3785.9,4.492,0.1443,75.7,25.0
2026-06-10T00:00:00,17.021,16.536,19.81,20.45,1.145,1.094,0.6407,0.5709,10.773,9.108,3802.4,4.519,0.1454,76.0,25.1
2026-06-10T01:00:00,16.877,16.216,19.58,20.46,1.153,1.087,0.6089,0.5620,10.633,8.744,3818.6,4.550,0.1462,76.4,25.2
2026-06-10T02:00:00,16.610,16.266,19.60,19.80,1.115,1.051,0.6389,0.5794,10.496,9.434,3834.9,4.567,0.1471,76.7,25.3
2026-06-10T03:00:00,15.916,15.544,19.15,20.57,1.141,1.087,0.5433,0.5702,10.356,8.625,3850.5,4.594,0.1471,77.0,25.4
2026-06-10T04:00:00,16.181,15.815,19.73,20.53,1.135,1.082,0.5872,0.5642,10.261,8.936,3866.3,4.615,0.1475,77.3,25.5
2026-06-10T05:00:00,16.388,15.682,19.82,20.64,1.146,1.095,0.5666,0.5970,10.100,9.270,3882.0,4.628,0.1475,77.6,25.6
2026-06-10T06:00:00,16.710,16.081,20.02,20.96,1.165,1.113,0.6579,0.5561,9.498,8.889,3898.0,4.638,0.1491,78.0,25.7
2026-06-10T07:00:00,17.966,17.539,19.82,20.68,1.176,1.125,0.6106,0.5962,9.329,8.978,3915.6,4.644,0.1494,78.3,25.8
2026-06-10T08:00:00,18.539,17.844,21.26,21.78,1.176,1.122,0.6396,0.5736,10.491,8.963,3933.4,4.671,0.1506,78.7,26.0
2026-06-10T09:00:00,18.101,17.952,20.90,21.65,1.182,1.132,0.6013,0.5682,9.493,9.104,3951.4,4.678,0.1512,79.0,26.1
2026-06-10T10:00:00,17.967,17.213,21.75,22.58,1.184,1.125,0.5871,0.5740,9.789,8.848,3968.6,4.694,0.1514,79.4,26.2
2026-06-10T11:00:00,18.155,17.468,22.88,23.60,1.205,1.154,0.6321,0.5661,10.397,8.834,3986.1,4.722,0.1525,79.7,26.3
2026-06-10T12:00:00,19.348,18.982,22.18,23.03,1.217,1.155,0.5736,0.5805,9.843,8.767,4005.0,4.742,0.1525,80.1,26.4
2026-06-10T13:00:00,19.543,18.948,22.05,22.91,1.220,1.159,0.6310,0.5770,9.937,9.001,4024.0,4.760,0.1536,80.5,26.6
2026-06-10T14:00:00,20.318,19.719,23.04,24.15,1.232,1.178,0.6221,0.5670,10.335,8.978,4043.7,4.787,0.1546,80.9,26.7
2026-06-10T15:00:00,18.910,18.575,23.24,24.17,1.207,1.157,0.6878,0.5636,10.312,8.871,4062.3,4.813,0.1570,81.2,26.8
2026-06-10T16:00:00,19.889,19.696,23.44,24.22,1.224,1.171,0.6284,0.5973,10.499,9.071,4082.0,4.842,0.1576,81.6,26.9
2026-06-10T17:00:00,18.406,17.813,23.54,24.23,1.205,1.155,0.5753,0.5563,10.211,9.133,4099.8,4.861,0.1579,82.0,27.1
2026-06-10T18:00:00,17.857,17.548,23.02,24.10,1.217,1.163,0.6150,0.5692,10.139,8.462,4117.3,4.890,0.1587,82.3,27.2
2026-06-10T19:00:00,18.400,17.899,22.70,23.45,1.231,1.174,0.5674,0.5760,11.359,8.976,4135.2,4.933,0.1587,82.7,27.3
2026-06-10T20:00:00,17.728,17.165,21.73,22.68,1.187,1.133,0.6197,0.5751,10.039,8.757,4152.4,4.955,0.1595,83.0,27.4
2026-06-10T21:00:00,18.134,17.683,22.08,22.68,1.187,1.130,0.6215,0.5680,9.971,8.565,4170.1,4.980,0.1604,83.4,27.5
2026-06-10T22:00:00,17.632,17.228,20.50,21.84,1.175,1.115,0.5760,0.5897,10.230,8.943,4187.3,5.002,0.1604,83.7,27.6
2026-06-10T23:00:00,16.760,16.625,20.63,21.37,1.152,1.101,0.6388,0.5874,10.363,8.828,4203.9,5.027,0.1613,84.1,27.7
2026-06-11T00:00:00,17.691,17.553,19.98,20.92,1.156,1.102,0.6831,0.5790,10.627,8.579,4221.5,5.063,0.1631,84.4,27.9
2026-06-11T01:00:00,16.637,16.257,19.98,20.85,1.143,1.090,0.6247,0.5730,10.520,9.041,4237.7,5.087,0.1639,84.8,28.0
2026-06-11T02:00:00,17.670,17.234,19.44,19.97,1.131,1.076,0.4781,0.5723,9.399,9.125,4255.0,5.092,0.1639,85.1,28.1
2026-06-11T03:00:00,16.036,15.762,19.53,20.69,1.146,1.089,0.5788,0.5534,10.050,9.108,4270.7,5.107,0.1643,85.4,28.2
2026-06-11T04:00:00,16.696,16.237,19.72,20.29,1.160,1.108,0.5832,0.5683,10.433,8.946,4287.0,5.131,0.1646,85.7,28.3
2026-06-11T05:00:00,17.161,16.822,19.85,20.98,1.132,1.078,0.6102,0.5750,10.059,9.140,4303.8,5.147,0.1652,86.1,28.4
2026-06-11T06:00:00,17.391,16.829,19.81,20.62,1.168,1.112,0.6651,0.5826,10.011,8.658,4320.6,5.169,0.1666,86.4,28.5
2026-06-11T07:00:00,17.538,17.199,20.83,21.40,1.166,1.099,0.6159,0.5628,10.242,8.479,4337.8,5.200,0.1675,86.8,28.6
2026-06-11T08:00:00,17.617,17.413,20.21,21.04,1.143,1.082,0.6163,0.5866,9.774,8.870,4355.2,5.215,0.1680,87.1,28.7
2026-06-11T09:00:00,17.684,17.053,21.40,22.55,1.165,1.104,0.5602,0.5932,10.447,9.087,4372.3,5.239,0.1680,87.4,28.9
2026-06-11T10:00:00,16.806,16.648,21.50,22.21,1.181,1.113,0.6571,0.5810,9.219,8.723,4388.9,5.247,0.1693,87.8,29.0
2026-06-11T11:00:00,18.179,17.836,22.06,23.24,1.222,1.169,0.5838,0.5823,10.481,9.036,4406.8,5.273,0.1693,88.1,29.1
2026-06-11T12:00:00,19.156,18.543,22.41,23.28,1.212,1.161,0.6045,0.5709,9.986,8.953,4425.3,5.292,0.1699,88.5,29.2
2026-06-11T13:00:00,18.384,18.118,23.43,24.09,1.191,1.139,0.5616,0.5631,9.916,9.036,4443.4,5.308,0.1699,88.9,29.3
2026-06-11T14:00:00,18.183,17.906,23.02,23.71,1.199,1.145,0.6581,0.5669,9.690,8.985,4461.3,5.320,0.1715,89.2,29.4
2026-06-11T15:00:00,19.059,18.715,23.69,24.27,1.239,1.179,0.6135,0.5883,10.011,8.885,4480.1,5.342,0.1720,89.6,29.6
2026-06-11T16:00:00,18.311,17.962,23.19,23.83,1.253,1.200,0.6205,0.5849,9.733,8.907,4498.0,5.356,0.1727,90.0,29.7
2026-06-11T17:00:00,18.568,18.268,23.17,23.87,1.215,1.165,0.6241,0.5784,10.002,9.125,4516.3,5.372,0.1735,90.3,29.8
2026-06-11T18:00:00,18.678,18.223,23.07,23.90,1.189,1.137,0.6059,0.5626,9.456,8.688,4534.5,5.386,0.1743,90.7,29.9
2026-06-11T19:00:00,18.301,17.904,22.36,23.41,1.187,1.129,0.6131,0.5642,10.103,8.981,4552.4,5.406,0.1752,91.0,30.0
2026-06-11T20:00:00,18.483,18.299,21.97,22.85,1.179,1.127,0.5911,0.5879,10.230,8.994,4570.7,5.429,0.1752,91.4,30.2
2026-06-11T21:00:00,17.973,17.634,21.86,22.63,1.184,1.119,0.5656,0.5760,10.305,8.951,4588.4,5.453,0.1752,91.8,30.3
2026-06-11T22:00:00,18.591,18.096,20.64,21.43,1.173,1.117,0.6084,0.5933,9.690,8.414,4606.4,5.476,0.1755,92.1,30.4
2026-06-11T23:00:00,18.212,18.076,20.61,21.21,1.156,1.102,0.6177,0.5567,10.198,8.670,4624.5,5.504,0.1766,92.5,30.5
2026-06-12T00:00:00,17.124,16.763,19.13,19.81,1.142,1.083,0.5257,0.5757,9.825,8.898,4641.3,5.519,0.1766,92.8,30.6
2026-06-12T01:00:00,17.456,17.185,19.20,20.14,1.143,1.088,0.5807,0.5898,9.821,8.854,4658.5,5.536,0.1766,93.2,30.7
2026-06-12T02:00:00,16.443,16.002,19.64,20.37,1.135,1.084,0.5947,0.5849,10.863,8.966,4674.5,5.566,0.1768,93.5,30.9
2026-06-12T03:00:00,16.269,16.017,19.26,20.33,1.136,1.084,0.6495,0.5666,10.575,8.720,4690.5,5.596,0.1781,93.8,31.0
2026-06-12T04:00:00,17.324,16.917,19.84,20.56,1.135,1.072,0.6400,0.5639,8.432,8.934,4707.4,5.596,0.1794,94.1,31.1
2026-06-12T05:00:00,17.035,16.590,18.87,19.65,1.162,1.104,0.6323,0.5760,9.641,8.645,4724.0,5.612,0.1803,94.5,31.2
2026-06-12T06:00:00,17.454,17.019,20.53,21.74,1.152,1.102,0.6589,0.5866,9.944,9.001,4741.0,5.628,0.1815,94.8,31.3
2026-06-12T07:00:00,18.063,17.478,20.24,21.07,1.154,1.099,0.6717,0.5441,10.562,8.786,4758.5,5.659,0.1838,95.2,31.4
2026-06-12T08:00:00,18.817,18.404,20.99,22.09,1.164,1.112,0.6792,0.5581,10.292,8.773,4776.9,5.687,0.1860,95.5,31.5
2026-06-12T09:00:00,17.501,16.927,21.20,22.27,1.189,1.132,0.6156,0.5789,10.050,8.882,4793.8,5.707,0.1866,95.9,31.6
2026-06-12T10:00:00,18.947,18.515,21.58,22.32,1.214,1.145,0.5803,0.5730,10.396,8.905,4812.3,5.735,0.1867,96.2,31.8
2026-06-12T11:00:00,18.429,17.785,22.66,23.92,1.181,1.126,0.6711,0.5723,10.073,8.774,4830.1,5.758,0.1885,96.6,31.9
2026-06-12T12:00:00,18.898,18.192,22.14,23.02,1.206,1.149,0.5997,0.5705,10.259,8.785,4848.3,5.785,0.1890,97.0,32.0
2026-06-12T13:00:00,19.686,19.165,22.90,23.59,1.210,1.160,0.5955,0.5632,10.807,8.855,4867.5,5.822,0.1897,97.3,32.1
2026-06-12T14:00:00,18.277,17.820,22.65,23.25,1.234,1.182,0.5821,0.5854,10.028,8.874,4885.3,5.843,0.1897,97.7,32.2
2026-06-12T15:00:00,17.781,17.550,23.00,24.10,1.222,1.170,0.5838,0.5843,9.925,8.904,4902.9,5.861,0.1897,98.1,32.4
2026-06-12T16:00:00,18.620,18.046,23.29,24.52,1.198,1.141,0.6838,0.5439,9.849,8.861,4920.9,5.878,0.1922,98.4,32.5
2026-06-12T17:00:00,19.374,18.664,23.17,23.70,1.226,1.174,0.5968,0.5798,10.524,8.800,4939.6,5.911,0.1925,98.8,32.6
2026-06-12T18:00:00,18.267,17.851,22.54,23.51,1.197,1.146,0.5767,0.5556,11.154,9.076,4957.4,5.948,0.1929,99.1,32.7
2026-06-12T19:00:00,18.756,18.198,22.25,23.07,1.198,1.145,0.6444,0.5778,9.407,8.830,4975.6,5.958,0.1941,99.5,32.8
2026-06-12T20:00:00,17.569,17.341,22.11,22.94,1.169,1.106,0.5298,0.5782,9.109,8.873,4993.0,5.962,0.1941,99.9,33.0
2026-06-12T21:00:00,17.295,16.657,20.56,21.15,1.163,1.105,0.6691,0.5699,10.532,8.736,5009.6,5.992,0.1957,100.2,33.1
2026-06-12T22:00:00,17.270,16.844,20.04,20.75,1.177,1.123,0.6579,0.5661,10.909,8.639,5026.5,6.030,0.1973,100.5,33.2
2026-06-12T23:00:00,17.443,17.091,19.60,20.26,1.150,1.100,0.6546,0.5718,10.589,8.424,5043.5,6.067,0.1987,100.9,33.3
2026-06-13T00:00:00,17.335,16.725,20.32,21.14,1.173,1.119,0.5942,0.5290,10.483,8.849,5060.3,6.095,0.1998,101.2,33.4
2026-06-13T01:00:00,16.423,15.813,19.44,20.45,1.159,1.097,0.5924,0.5738,10.137,8.623,5076.1,6.119,0.2001,101.5,33.5
2026-06-13T02:00:00,16.548,16.056,19.05,20.20,1.118,1.061,0.6013,0.5656,10.686,8.966,5092.1,6.146,0.2007,101.8,33.6
2026-06-13T03:00:00,16.791,16.320,19.30,20.15,1.125,1.066,0.5848,0.5772,10.570,8.776,5108.5,6.176,0.2008,102.2,33.7
2026-06-13T04:00:00,16.795,16.253,19.07,19.93,1.128,1.076,0.6793,0.5749,10.110,8.584,5124.7,6.200,0.2025,102.5,33.8
2026-06-13T05:00:00,16.402,15.942,19.00,19.48,1.149,1.092,0.6218,0.5564,10.602,8.719,5140.7,6.230,0.2035,102.8,33.9
2026-06-13T06:00:00,16.513,16.151,19.29,19.79,1.159,1.096,0.5565,0.5923,9.677,8.714,5156.8,6.246,0.2035,103.1,34.0
2026-06-13T07:00:00,17.491,17.165,20.28,21.05,1.155,1.102,0.6610,0.5943,10.841,8.851,5174.0,6.280,0.2047,103.5,34.1
2026-06-13T08:00:00,18.031,17.471,20.68,21.48,1.196,1.144,0.6073,0.5679,9.691,8.996,5191.4,6.292,0.2053,103.8,34.3
2026-06-13T09:00:00,18.227,17.912,21.00,21.58,1.153,1.101,0.6446,0.5830,9.594,8.713,5209.4,6.308,0.2065,104.2,34.4
2026-06-13T10:00:00,18.867,18.258,22.15,22.33,1.182,1.128,0.6040,0.5580,10.781,8.903,5227.6,6.342,0.2073,104.6,34.5
2026-06-13T11:00:00,18.117,17.461,23.04,23.68,1.188,1.128,0.5466,0.5685,10.502,8.625,5245.1,6.375,0.2073,104.9,34.6
2026-06-13T12:00:00,19.225,18.700,23.18,24.25,1.202,1.141,0.6508,0.5626,10.759,8.711,5263.8,6.413,0.2089,105.3,34.7
2026-06-13T13:00:00,18.463,18.302,23.32,23.85,1.190,1.133,0.5795,0.5694,10.526,8.617,5282.1,6.448,0.2091,105.6,34.9
2026-06-13T14:00:00,18.670,18.053,23.10,23.43,1.251,1.193,0.6252,0.5773,9.756,8.893,5300.1,6.464,0.2100,106.0,35.0
2026-06-13T15:00:00,20.171,19.982,23.75,24.61,1.209,1.146,0.6151,0.5685,9.656,8.716,5320.1,6.483,0.2109,106.4,35.1
2026-06-13T16:00:00,17.965,17.497,22.54,23.41,1.211,1.156,0.5818,0.5694,10.233,8.606,5337.6,6.511,0.2111,106.8,35.2
2026-06-13T17:00:00,20.040,19.966,22.49,23.10,1.207,1.156,0.6238,0.5597,10.946,8.755,5357.6,6.555,0.2124,107.2,35.4
2026-06-13T18:00:00,20.063,19.616,22.74,23.55,1.205,1.155,0.6361,0.5820,11.219,8.946,5377.2,6.600,0.2135,107.5,35.5
2026-06-13T19:00:00,18.652,18.162,22.68,23.14,1.208,1.155,0.5744,0.5343,9.845,8.894,5395.3,6.617,0.2142,107.9,35.6
2026-06-13T20:00:00,18.004,17.606,21.77,22.72,1.172,1.120,0.6229,0.5804,10.152,8.933,5413.0,6.638,0.2150,108.3,35.7
2026-06-13T21:00:00,18.641,18.437,21.22,21.87,1.204,1.153,0.6920,0.5733,9.367,8.917,5431.4,6.647,0.2171,108.6,35.8
2026-06-13T22:00:00,18.037,17.757,20.50,21.62,1.150,1.097,0.5863,0.5849,9.986,8.976,5449.1,6.665,0.2172,109.0,36.0
2026-06-13T23:00:00,17.591,17.226,20.39,20.88,1.185,1.125,0.6282,0.5763,10.263,9.159,5466.4,6.684,0.2181,109.3,36.1
2026-06-14T00:00:00,16.895,16.567,19.17,19.95,1.136,1.085,0.6571,0.5745,10.043,9.027,5482.9,6.700,0.2194,109.7,36.2
2026-06-14T01:00:00,16.819,16.609,18.97,19.55,1.160,1.106,0.6181,0.5656,10.367,8.944,5499.6,6.724,0.2203,110.0,36.3
2026-06-14T02:00:00,16.259,15.686,19.02,19.29,1.153,1.103,0.6576,0.5647,9.809,8.942,5515.2,6.738,0.2218,110.3,36.4
2026-06-14T03:00:00,16.998,16.898,19.50,20.57,1.158,1.102,0.6101,0.5901,9.601,8.522,5532.1,6.756,0.2221,110.6,36.5
2026-06-14T04:00:00,17.389,16.939,18.96,19.38,1.126,1.053,0.5693,0.5674,10.192,8.861,5549.1,6.778,0.2221,111.0,36.6
2026-06-14T05:00:00,17.636,17.225,19.44,20.27,1.151,1.096,0.6468,0.5646,10.938,9.013,5566.3,6.812,0.2235,111.3,36.7
2026-06-14T06:00:00,17.891,17.657,19.82,20.61,1.137,1.074,0.5688,0.5451,10.197,9.006,5584.0,6.833,0.2240,111.7,36.9
2026-06-14T07:00:00,17.668,17.300,20.28,20.88,1.157,1.106,0.6951,0.5723,10.800,8.847,5601.3,6.866,0.2261,112.0,37.0
2026-06-14T08:00:00,17.797,17.392,20.71,21.28,1.160,1.103,0.5815,0.5595,9.776,8.788,5618.6,6.884,0.2265,112.4,37.1
2026-06-14T09:00:00,17.005,16.733,21.06,21.58,1.181,1.122,0.6307,0.5795,9.611,8.733,5635.4,6.898,0.2273,112.7,37.2
2026-06-14T10:00:00,17.506,16.888,21.19,21.76,1.218,1.166,0.6441,0.5585,9.939,8.763,5652.3,6.918,0.2288,113.0,37.3
2026-06-14T11:00:00,18.771,18.437,22.02,23.15,1.202,1.144,0.6679,0.5516,11.449,8.614,5670.7,6.970,0.2309,113.4,37.4
2026-06-14T12:00:00,19.089,18.468,22.87,23.67,1.210,1.143,0.6029,0.5791,9.948,8.561,5689.2,6.996,0.2314,113.8,37.5
2026-06-14T13:00:00,19.422,18.777,23.06,24.23,1.185,1.132,0.5865,0.5783,10.482,8.700,5708.0,7.029,0.2315,114.2,37.7
2026-06-14T14:00:00,20.645,20.081,22.95,23.77,1.213,1.163,0.5903,0.5672,10.074,8.618,5728.0,7.059,0.2320,114.6,37.8
2026-06-14T15:00:00,19.206,18.991,23.01,24.08,1.216,1.158,0.6158,0.5548,10.462,8.669,5747.0,7.093,0.2331,114.9,37.9
2026-06-14T16:00:00,19.003,18.513,22.94,23.42,1.199,1.148,0.5785,0.5654,10.128,9.128,5765.5,7.111,0.2334,115.3,38.1
2026-06-14T17:00:00,19.517,19.184,22.76,23.52,1.209,1.157,0.5835,0.5567,9.669,8.848,5784.7,7.127,0.2339,115.7,38.2
2026-06-14T18:00:00,19.589,19.058,22.36,23.09,1.176,1.122,0.6858,0.5601,9.424,8.567,5803.8,7.143,0.2363,116.1,38.3
2026-06-14T19:00:00,18.608,18.380,22.04,22.46,1.216,1.163,0.5565,0.5580,10.037,8.708,5822.2,7.168,0.2363,116.4,38.4
2026-06-14T20:00:00,19.134,18.722,21.84,22.66,1.200,1.137,0.6809,0.5758,8.884,8.773,5840.9,7.170,0.2383,116.8,38.5
2026-06-14T21:00:00,18.494,18.005,21.83,22.53,1.204,1.149,0.6120,0.5823,9.770,8.818,5858.9,7.187,0.2388,117.2,38.7
2026-06-14T22:00:00,18.677,18.045,20.47,21.33,1.163,1.107,0.6295,0.5664,9.581,8.666,5876.9,7.203,0.2399,117.5,38.8
2026-06-14T23:00:00,17.064,16.571,20.46,21.26,1.140,1.089,0.5882,0.5846,10.233,8.691,5893.5,7.229,0.2400,117.9,38.9
2026-06-15T00:00:00,17.300,16.817,19.62,20.37,1.132,1.072,0.5623,0.5550,9.781,8.761,5910.3,7.246,0.2401,118.2,39.0
2026-06-15T01:00:00,17.298,16.820,19.02,19.76,1.184,1.123,0.5846,0.5596,10.452,8.629,5927.1,7.277,0.2405,118.5,39.1
2026-06-15T02:00:00,16.998,16.404,19.37,20.10,1.133,1.070,0.6231,0.5576,10.329,8.591,5943.5,7.305,0.2416,118.9,39.2
2026-06-15T03:00:00,16.945,16.572,19.22,19.76,1.135,1.084,0.6015,0.5926,9.539,8.593,5960.1,7.321,0.2418,119.2,39.3
2026-06-15T04:00:00,16.647,16.285,18.74,19.31,1.129,1.064,0.6726,0.5765,9.660,8.814,5976.4,7.335,0.2433,119.5,39.4
2026-06-15T05:00:00,17.240,16.746,19.96,20.90,1.118,1.053,0.5959,0.5630,9.107,8.868,5993.1,7.339,0.2439,119.9,39.6
2026-06-15T06:00:00,16.696,16.054,20.38,21.54,1.151,1.096,0.6002,0.5660,9.400,8.914,6009.2,7.347,0.2444,120.2,39.7
2026-06-15T07:00:00,15.819,15.418,20.63,20.91,1.191,1.132,0.6253,0.5629,10.760,9.037,6024.6,7.373,0.2454,120.5,39.8
2026-06-15T08:00:00,17.291,16.678,20.58,21.29,1.168,1.104,0.6455,0.5498,9.972,8.657,6041.3,7.395,0.2470,120.8,39.9
2026-06-15T09:00:00,18.437,17.801,20.87,21.46,1.162,1.107,0.6171,0.5732,10.348,8.540,6059.1,7.427,0.2478,121.2,40.0
2026-06-15T10:00:00,16.807,16.467,21.66,22.36,1.203,1.151,0.6263,0.5532,10.241,9.073,6075.6,7.446,0.2490,121.5,40.1
2026-06-15T11:00:00,19.468,18.762,21.23,21.97,1.204,1.141,0.6755,0.5572,10.409,8.995,6094.3,7.473,0.2512,121.9,40.2
2026-06-15T12:00:00,18.531,18.138,22.49,22.83,1.221,1.170,0.5837,0.5717,9.108,8.648,6112.5,7.481,0.2514,122.2,40.3
2026-06-15T13:00:00,19.071,18.517,22.29,23.58,1.224,1.164,0.6051,0.5766,9.866,9.120,6131.0,7.495,0.2519,122.6,40.5
2026-06-15T14:00:00,19.044,18.376,22.29,23.01,1.208,1.146,0.6570,0.5692,10.283,9.091,6149.4,7.517,0.2535,123.0,40.6
2026-06-15T15:00:00,18.613,18.294,23.25,24.90,1.227,1.166,0.6450,0.5529,10.404,8.932,6167.7,7.544,0.2552,123.4,40.7
2026-06-15T16:00:00,19.291,18.529,23.00,23.59,1.215,1.163,0.6267,0.5772,10.769,8.667,6186.2,7.583,0.2561,123.7,40.8
2026-06-15T17:00:00,18.824,18.219,23.03,23.83,1.239,1.188,0.5744,0.5572,10.831,8.174,6204.4,7.631,0.2565,124.1,40.9
2026-06-15T18:00:00,19.542,19.040,22.21,22.50,1.224,1.165,0.6362,0.5770,10.302,8.702,6223.4,7.662,0.2576,124.5,41.1
2026-06-15T19:00:00,18.863,18.504,21.98,22.93,1.216,1.166,0.6778,0.5818,9.579,8.803,6241.9,7.676,0.2594,124.8,41.2
2026-06-15T20:00:00,18.365,17.910,22.09,22.88,1.187,1.134,0.6049,0.5696,9.834,9.062,6259.9,7.690,0.2600,125.2,41.3
2026-06-15T21:00:00,18.332,17.788,20.98,21.85,1.174,1.120,0.6361,0.5565,9.490,8.462,6277.6,7.708,0.2614,125.6,41.4
2026-06-15T22:00:00,16.602,16.145,20.52,21.10,1.164,1.102,0.6486,0.5689,10.516,8.779,6293.8,7.736,0.2627,125.9,41.5
2026-06-15T23:00:00,17.399,16.899,19.54,20.47,1.144,1.086,0.5747,0.5790,10.092,8.750,6310.7,7.759,0.2627,126.2,41.7
2026-06-16T00:00:00,17.294,16.942,20.17,21.09,1.144,1.087,0.6234,0.5565,9.430,8.863,6327.6,7.769,0.2638,126.6,41.8
2026-06-16T01:00:00,16.657,15.991,19.63,20.32,1.161,1.110,0.5941,0.5838,10.773,8.783,6343.6,7.800,0.2640,126.9,41.9
2026-06-16T02:00:00,17.659,17.284,19.43,20.13,1.133,1.074,0.6302,0.5435,9.691,8.650,6360.9,7.818,0.2655,127.2,42.0
2026-06-16T03:00:00,18.118,17.918,19.18,20.14,1.118,1.065,0.6707,0.5625,10.455,8.841,6378.8,7.847,0.2674,127.6,42.1
2026-06-16T04:00:00,15.723,15.519,18.38,18.91,1.138,1.088,0.6303,0.5616,8.334,8.782,6394.3,7.847,0.2685,127.9,42.2
2026-06-16T05:00:00,16.398,16.091,19.42,20.00,1.140,1.084,0.6125,0.5711,9.858,8.814,6410.4,7.864,0.2692,128.2,42.3
2026-06-16T06:00:00,18.177,17.586,19.54,20.05,1.135,1.085,0.5760,0.5694,9.073,9.089,6428.0,7.864,0.2693,128.6,42.4
2026-06-16T07:00:00,16.339,15.706,20.53,21.14,1.140,1.088,0.6392,0.5479,10.164,8.473,6443.7,7.891,0.2707,128.9,42.5
2026-06-16T08:00:00,17.722,17.202,19.98,21.12,1.177,1.124,0.6503,0.5675,10.643,8.662,6460.9,7.925,0.2721,129.2,42.6
2026-06-16T09:00:00,18.436,17.859,20.88,22.14,1.159,1.107,0.5879,0.5426,10.039,8.518,6478.8,7.952,0.2729,129.6,42.8
2026-06-16T10:00:00,17.262,16.882,21.46,22.54,1.160,1.110,0.6187,0.5639,10.358,8.664,6495.7,7.981,0.2739,129.9,42.9
2026-06-16T11:00:00,19.217,18.819,21.74,22.80,1.180,1.128,0.5756,0.5864,9.824,8.437,6514.5,8.007,0.2739,130.3,43.0
2026-06-16T12:00:00,18.995,18.632,21.62,22.06,1.215,1.161,0.5582,0.5531,9.783,8.790,6533.1,8.025,0.2740,130.7,43.1
2026-06-16T13:00:00,19.313,18.709,22.41,23.53,1.201,1.147,0.6279,0.5778,9.169,8.842,6551.8,8.031,0.2749,131.0,43.2
2026-06-16T14:00:00,19.277,18.735,22.81,23.81,1.220,1.167,0.5962,0.5813,10.458,8.850,6570.6,8.061,0.2752,131.4,43.4
2026-06-16T15:00:00,19.456,19.197,23.28,23.91,1.233,1.179,0.6048,0.5746,9.495,8.745,6589.8,8.076,0.2758,131.8,43.5
2026-06-16T16:00:00,18.979,18.460,23.37,24.19,1.228,1.174,0.5929,0.5504,9.345,8.780,6608.2,8.086,0.2765,132.2,43.6
2026-06-16T17:00:00,17.798,17.183,22.34,22.83,1.209,1.150,0.6661,0.5493,9.592,8.679,6625.4,8.102,0.2786,132.5,43.7
2026-06-16T18:00:00,19.125,18.581,21.93,22.97,1.227,1.169,0.6355,0.5486,9.746,8.387,6644.0,8.127,0.2802,132.9,43.9
2026-06-16T19:00:00,18.536,18.303,21.84,22.59,1.180,1.121,0.6196,0.5586,10.101,8.541,6662.3,8.156,0.2813,133.2,44.0
2026-06-16T20:00:00,18.443,18.149,21.43,22.17,1.176,1.123,0.6142,0.5840,10.653,8.593,6680.4,8.193,0.2818,133.6,44.1
2026-06-16T21:00:00,18.348,17.823,20.95,21.76,1.163,1.112,0.6275,0.5517,9.912,8.591,6698.3,8.217,0.2832,134.0,44.2
2026-06-16T22:00:00,17.082,16.947,20.31,21.57,1.131,1.078,0.5918,0.5748,9.761,9.243,6715.2,8.225,0.2835,134.3,44.3
2026-06-16T23:00:00,17.266,16.914,20.53,21.31,1.156,1.106,0.5932,0.5460,10.917,9.071,6732.1,8.257,0.2843,134.6,44.4
2026-06-17T00:00:00,17.396,16.877,19.85,20.82,1.151,1.094,0.6216,0.5646,10.099,8.735,6749.0,8.280,0.2852,135.0,44.5
2026-06-17T01:00:00,17.006,16.485,19.86,20.59,1.179,1.122,0.6611,0.5606,9.620,8.652,6765.5,8.296,0.2869,135.3,44.7
2026-06-17T02:00:00,17.528,17.078,19.13,20.36,1.159,1.099,0.6345,0.5465,11.035,8.374,6782.6,8.341,0.2884,135.7,44.8
2026-06-17T03:00:00,15.846,15.528,18.34,19.17,1.137,1.065,0.6013,0.5649,10.475,8.480,6798.1,8.372,0.2890,136.0,44.9
2026-06-17T04:00:00,15.917,15.560,19.21,19.75,1.144,1.086,0.6380,0.5461,10.964,8.815,6813.6,8.405,0.2904,136.3,45.0
2026-06-17T05:00:00,16.964,16.610,19.79,20.18,1.143,1.092,0.6312,0.5534,10.506,8.582,6830.3,8.437,0.2917,136.6,45.1
2026-06-17T06:00:00,17.231,17.260,20.07,20.75,1.154,1.095,0.6281,0.5533,10.150,8.684,6847.5,8.463,0.2930,137.0,45.2
2026-06-17T07:00:00,17.543,17.221,20.07,21.29,1.146,1.083,0.6301,0.5546,9.699,8.803,6864.7,8.478,0.2943,137.3,45.3
2026-06-17T08:00:00,18.259,17.566,19.98,20.56,1.175,1.124,0.5993,0.5780,9.859,8.596,6882.3,8.500,0.2946,137.6,45.4
2026-06-17T09:00:00,17.584,16.995,20.66,21.36,1.166,1.111,0.5978,0.5571,10.971,8.785,6899.3,8.537,0.2953,138.0,45.5
2026-06-17T10:00:00,19.646,18.935,22.50,23.35,1.159,1.100,0.6081,0.5651,10.133,8.804,6918.2,8.563,0.2962,138.4,45.7
2026-06-17T11:00:00,18.513,18.043,21.62,22.66,1.192,1.133,0.5878,0.5612,9.777,8.625,6936.3,8.583,0.2966,138.7,45.8
2026-06-17T12:00:00,18.944,18.296,23.07,23.86,1.216,1.159,0.5562,0.5479,9.660,8.542,6954.6,8.604,0.2968,139.1,45.9
2026-06-17T13:00:00,19.559,18.980,23.83,24.90,1.204,1.139,0.6178,0.5694,9.450,8.538,6973.6,8.621,0.2977,139.5,46.0
2026-06-17T14:00:00,20.105,19.562,22.73,23.43,1.217,1.165,0.6605,0.5788,10.011,9.055,6993.1,8.640,0.2993,139.9,46.2
2026-06-17T15:00:00,19.175,18.640,22.56,23.28,1.217,1.157,0.6077,0.5610,10.911,8.862,7011.8,8.678,0.3002,140.2,46.3
2026-06-17T16:00:00,20.092,19.487,23.32,23.52,1.218,1.167,0.5728,0.5667,9.675,8.514,7031.2,8.701,0.3003,140.6,46.4
2026-06-17T17:00:00,19.083,18.578,22.67,23.44,1.201,1.143,0.6560,0.5624,11.015,8.578,7049.8,8.746,0.3020,141.0,46.5
2026-06-17T18:00:00,19.483,18.781,22.03,22.55,1.192,1.135,0.5999,0.5903,9.883,8.861,7068.6,8.765,0.3022,141.4,46.7
2026-06-17T19:00:00,18.129,17.620,22.37,23.26,1.181,1.123,0.5829,0.5649,9.622,8.727,7086.2,8.781,0.3025,141.7,46.8
2026-06-17T20:00:00,17.665,17.110,21.35,22.03,1.183,1.122,0.6128,0.5727,10.300,8.371,7103.3,8.814,0.3032,142.1,46.9
2026-06-17T21:00:00,18.798,18.489,21.45,22.42,1.154,1.098,0.5997,0.5555,9.541,8.677,7121.8,8.830,0.3040,142.4,47.0
2026-06-17T22:00:00,17.278,16.856,20.47,21.34,1.188,1.135,0.5426,0.5712,10.422,8.578,7138.7,8.861,0.3040,142.8,47.1
2026-06-17T23:00:00,17.635,17.235,19.89,20.71,1.143,1.092,0.7046,0.5596,9.794,8.645,7155.9,8.881,0.3065,143.1,47.2
2026-06-18T00:00:00,16.934,16.606,19.26,20.00,1.138,1.086,0.6033,0.5752,10.408,8.518,7172.5,8.912,0.3070,143.5,47.3
2026-06-18T01:00:00,16.485,15.976,18.91,19.87,1.135,1.079,0.5766,0.5535,10.826,9.045,7188.5,8.941,0.3074,143.8,47.4
2026-06-18T02:00:00,16.561,15.925,18.86,19.59,1.155,1.100,0.6452,0.5635,9.984,8.738,7204.4,8.960,0.3087,144.1,47.5
2026-06-18T03:00:00,16.663,16.102,18.53,19.18,1.151,1.095,0.6299,0.5862,10.095,8.609,7220.5,8.984,0.3094,144.4,47.7
2026-06-18T04:00:00,16.312,16.268,19.39,20.02,1.169,1.106,0.6089,0.5797,10.177,8.637,7236.8,9.009,0.3098,144.7,47.8
2026-06-18T05:00:00,16.965,16.535,19.30,19.91,1.145,1.091,0.6572,0.5522,10.787,8.616,7253.3,9.045,0.3116,145.1,47.9
2026-06-18T06:00:00,17.706,17.009,19.11,19.88,1.154,1.101,0.6938,0.5786,9.900,8.737,7270.3,9.065,0.3135,145.4,48.0
2026-06-18T07:00:00,17.974,17.460,20.04,20.71,1.146,1.096,0.6434,0.5626,10.911,8.891,7287.8,9.100,0.3149,145.8,48.1
2026-06-18T08:00:00,17.764,17.492,20.59,21.66,1.190,1.129,0.6378,0.5800,9.371,8.554,7305.3,9.115,0.3160,146.1,48.2
2026-06-18T09:00:00,18.549,17.988,20.48,21.37,1.175,1.114,0.6747,0.5746,9.825,8.569,7323.3,9.137,0.3178,146.5,48.3
2026-06-18T10:00:00,18.142,17.615,21.80,22.45,1.189,1.135,0.6363,0.5568,9.792,8.728,7340.9,9.156,0.3192,146.8,48.4
2026-06-18T11:00:00,17.692,17.099,21.93,22.99,1.203,1.153,0.6149,0.5522,9.591,8.452,7358.0,9.176,0.3202,147.2,48.6
2026-06-18T12:00:00,18.742,18.127,22.57,23.21,1.208,1.150,0.6139,0.5689,9.637,8.602,7376.1,9.194,0.3210,147.5,48.7
2026-06-18T13:00:00,19.557,18.902,22.87,23.78,1.197,1.142,0.6081,0.5935,9.569,8.517,7395.0,9.214,0.3213,147.9,48.8
2026-06-18T14:00:00,19.377,18.895,22.86,23.59,1.235,1.180,0.5536,0.5882,9.562,9.160,7413.9,9.222,0.3213,148.3,48.9
2026-06-18T15:00:00,17.866,17.661,22.40,23.04,1.210,1.146,0.5656,0.5705,10.907,8.774,7431.6,9.259,0.3213,148.6,49.0
2026-06-18T16:00:00,18.819,18.721,22.71,23.24,1.242,1.174,0.5990,0.5735,10.115,8.873,7450.3,9.283,0.3218,149.0,49.2
2026-06-18T17:00:00,18.817,18.440,22.43,23.60,1.219,1.164,0.6452,0.5644,8.869,8.568,7468.7,9.288,0.3233,149.4,49.3
2026-06-18T18:00:00,18.809,18.370,22.84,23.67,1.210,1.154,0.6057,0.5833,10.181,8.817,7487.1,9.313,0.3237,149.7,49.4
2026-06-18T19:00:00,17.390,16.876,21.82,22.33,1.208,1.155,0.6015,0.5503,9.157,8.597,7504.0,9.323,0.3246,150.1,49.5
2026-06-18T20:00:00,18.000,17.285,22.22,22.96,1.174,1.121,0.6024,0.5803,9.563,8.564,7521.3,9.340,0.3249,150.4,49.6
2026-06-18T21:00:00,18.045,17.463,20.97,21.97,1.159,1.105,0.5267,0.5608,9.298,8.549,7538.7,9.353,0.3249,150.8,49.8
2026-06-18T22:00:00,17.601,17.072,20.17,20.93,1.172,1.111,0.6390,0.5673,9.742,8.676,7555.8,9.371,0.3262,151.1,49.9
2026-06-18T23:00:00,16.820,16.482,19.80,20.64,1.167,1.114,0.6348,0.5660,10.115,8.755,7572.3,9.394,0.3273,151.4,50.0
2026-06-19T00:00:00,16.997,16.607,19.94,20.80,1.157,1.098,0.6744,0.5599,10.275,9.096,7588.9,9.413,0.3292,151.8,50.1
2026-06-19T01:00:00,17.543,16.947,19.39,19.80,1.170,1.117,0.6206,0.5503,10.085,8.896,7605.8,9.433,0.3304,152.1,50.2
2026-06-19T02:00:00,17.212,16.769,19.19,20.01,1.143,1.084,0.5923,0.5693,9.419,8.381,7622.6,9.451,0.3308,152.5,50.3
2026-06-19T03:00:00,16.983,16.703,19.25,20.18,1.158,1.096,0.6080,0.5768,10.041,8.743,7639.3,9.473,0.3313,152.8,50.4
2026-06-19T04:00:00,16.970,16.618,18.28,18.94,1.149,1.091,0.6085,0.5770,9.672,8.400,7655.9,9.494,0.3318,153.1,50.5
2026-06-19T05:00:00,17.911,17.804,19.34,19.99,1.161,1.098,0.6453,0.5534,10.267,8.904,7673.7,9.518,0.3335,153.5,50.6
2026-06-19T06:00:00,17.440,16.907,19.91,20.57,1.152,1.096,0.6225,0.5595,10.596,8.816,7690.6,9.548,0.3345,153.8,50.8
2026-06-19T07:00:00,17.437,16.854,19.81,20.44,1.150,1.091,0.5945,0.5741,10.645,8.440,7707.5,9.585,0.3349,154.1,50.9
2026-06-19T08:00:00,18.016,17.720,20.42,21.47,1.193,1.131,0.5828,0.5542,9.639,8.878,7725.2,9.599,0.3354,154.5,51.0
2026-06-19T09:00:00,17.634,17.272,21.34,21.98,1.176,1.114,0.6559,0.5572,9.680,8.894,7742.5,9.612,0.3371,154.8,51.1
2026-06-19T10:00:00,16.714,16.304,21.33,21.93,1.185,1.133,0.5531,0.5612,10.109,8.584,7758.8,9.637,0.3371,155.2,51.2
2026-06-19T11:00:00,18.080,17.666,21.71,22.50,1.194,1.138,0.6424,0.5619,10.583,8.660,7776.4,9.671,0.3385,155.5,51.3
2026-06-19T12:00:00,19.130,18.572,22.06,22.46,1.211,1.149,0.5784,0.5635,10.632,8.432,7795.0,9.712,0.3388,155.9,51.4
2026-06-19T13:00:00,19.064,18.482,23.42,24.49,1.198,1.143,0.5594,0.5733,9.739,8.655,7813.5,9.732,0.3388,156.3,51.6
2026-06-19T14:00:00,18.906,18.429,21.94,22.96,1.209,1.152,0.6027,0.5638,9.891,9.176,7831.9,9.745,0.3395,156.6,51.7
2026-06-19T15:00:00,19.562,19.294,22.27,22.82,1.178,1.128,0.6036,0.5608,9.695,8.627,7851.2,9.766,0.3403,157.0,51.8
2026-06-19T16:00:00,19.538,19.051,23.24,24.44,1.204,1.144,0.6293,0.5700,9.554,8.629,7870.3,9.783,0.3415,157.4,51.9
2026-06-19T17:00:00,19.322,18.903,22.36,23.58,1.219,1.165,0.6008,0.5620,10.422,8.914,7889.2,9.812,0.3422,157.8,52.1
2026-06-19T18:00:00,17.279,16.720,22.74,23.19,1.201,1.145,0.6153,0.5649,9.915,9.019,7905.9,9.827,0.3430,158.1,52.2
2026-06-19T19:00:00,18.496,18.249,21.52,22.36,1.176,1.121,0.6061,0.5659,10.024,8.867,7924.1,9.848,0.3438,158.5,52.3
2026-06-19T20:00:00,19.107,18.785,21.53,22.03,1.183,1.133,0.5614,0.5655,9.493,8.972,7942.9,9.858,0.3438,158.9,52.4
2026-06-19T21:00:00,18.243,17.579,20.51,21.56,1.179,1.120,0.6033,0.5572,9.573,8.470,7960.5,9.877,0.3446,159.2,52.5
2026-06-19T22:00:00,18.190,17.802,20.26,21.13,1.170,1.117,0.6243,0.5687,9.448,8.879,7978.3,9.887,0.3456,159.6,52.7
2026-06-19T23:00:00,17.407,17.034,19.92,20.32,1.166,1.113,0.6032,0.5903,10.173,8.632,7995.3,9.913,0.3458,159.9,52.8
2026-06-20T00:00:00,17.396,16.905,19.02,19.81,1.144,1.090,0.5781,0.5446,9.721,8.500,8012.3,9.934,0.3464,160.2,52.9
2026-06-20T01:00:00,17.625,17.273,19.00,19.90,1.128,1.071,0.5970,0.5747,9.884,8.923,8029.5,9.951,0.3467,160.6,53.0
2026-06-20T02:00:00,17.204,16.550,19.11,19.47,1.138,1.083,0.6232,0.5680,10.304,8.421,8046.1,9.982,0.3477,160.9,53.1
2026-06-20T03:00:00,16.523,15.963,18.61,19.41,1.147,1.094,0.6376,0.5661,9.630,8.842,8062.0,9.994,0.3488,161.2,53.2
2026-06-20T04:00:00,17.191,16.690,19.07,19.75,1.126,1.074,0.6561,0.5585,10.377,8.997,8078.7,10.017,0.3504,161.6,53.3
2026-06-20T05:00:00,17.524,17.041,18.66,19.58,1.150,1.097,0.6301,0.5609,10.451,8.506,8095.8,10.051,0.3516,161.9,53.4
2026-06-20T06:00:00,17.213,16.760,20.10,20.94,1.182,1.126,0.6384,0.5609,9.925,8.262,8112.5,10.079,0.3529,162.3,53.5
2026-06-20T07:00:00,17.139,16.914,19.53,19.94,1.162,1.105,0.6332,0.5755,10.238,8.677,8129.4,10.105,0.3539,162.6,53.7
2026-06-20T08:00:00,18.726,18.037,20.72,21.25,1.191,1.129,0.6201,0.5695,9.707,8.432,8147.5,10.128,0.3548,162.9,53.8
2026-06-20T09:00:00,18.289,17.981,20.58,21.48,1.183,1.124,0.5543,0.5662,10.322,8.514,8165.5,10.160,0.3548,163.3,53.9
2026-06-20T10:00:00,18.088,17.575,21.08,22.07,1.242,1.187,0.6110,0.5574,11.057,8.679,8183.0,10.202,0.3557,163.7,54.0
2026-06-20T11:00:00,18.594,18.076,21.56,22.60,1.198,1.146,0.6405,0.5787,10.346,8.127,8201.1,10.242,0.3569,164.0,54.1
2026-06-20T12:00:00,18.970,18.591,22.36,22.80,1.221,1.164,0.6256,0.5682,10.169,8.611,8219.7,10.271,0.3579,164.4,54.3
2026-06-20T13:00:00,18.871,18.286,22.42,23.11,1.236,1.182,0.5685,0.5973,9.664,8.676,8238.0,10.289,0.3579,164.8,54.4
2026-06-20T14:00:00,19.266,18.845,23.20,24.36,1.172,1.113,0.6076,0.5544,9.705,8.346,8256.8,10.315,0.3589,165.1,54.5
2026-06-20T15:00:00,20.335,19.978,23.14,23.49,1.218,1.167,0.6426,0.5741,10.513,8.931,8276.8,10.347,0.3603,165.5,54.6
2026-06-20T16:00:00,19.444,19.119,22.66,23.05,1.208,1.141,0.6603,0.5618,9.599,8.668,8295.9,10.364,0.3622,165.9,54.8
2026-06-20T17:00:00,19.198,18.574,22.55,23.26,1.182,1.128,0.6210,0.5642,10.797,8.390,8314.5,10.409,0.3632,166.3,54.9
2026-06-20T18:00:00,18.148,17.944,22.10,22.89,1.207,1.146,0.6101,0.5701,9.959,8.539,8332.5,10.435,0.3639,166.6,55.0
2026-06-20T19:00:00,18.569,18.028,21.80,22.76,1.206,1.153,0.6000,0.5677,10.927,9.125,8350.5,10.467,0.3645,167.0,55.1
2026-06-20T20:00:00,18.403,18.062,21.30,21.94,1.197,1.146,0.5944,0.5630,10.233,8.613,8368.5,10.496,0.3651,167.4,55.2
2026-06-20T21:00:00,18.177,17.696,19.84,20.70,1.201,1.142,0.6129,0.5510,9.095,8.351,8386.2,10.509,0.3662,167.7,55.3
2026-06-20T22:00:00,18.277,18.177,19.98,20.58,1.163,1.112,0.5834,0.5458,10.173,8.448,8404.4,10.541,0.3669,168.1,55.5
2026-06-20T23:00:00,16.624,16.150,19.91,20.76,1.148,1.088,0.6425,0.5578,10.133,8.419,8420.6,10.568,0.3682,168.4,55.6
2026-06-21T00:00:00,16.577,16.359,19.12,19.49,1.154,1.103,0.6800,0.5797,10.389,8.783,8436.9,10.595,0.3699,168.7,55.7
2026-06-21T01:00:00,16.864,16.123,18.27,19.07,1.133,1.074,0.5794,0.5801,10.522,8.643,8453.0,10.625,0.3699,169.1,55.8
2026-06-21T02:00:00,17.734,17.251,18.67,18.86,1.148,1.095,0.5716,0.5712,9.769,8.582,8470.3,10.646,0.3699,169.4,55.9
2026-06-21T03:00:00,16.699,16.569,18.72,20.11,1.165,1.113,0.5544,0.5482,9.783,8.620,8486.9,10.665,0.3700,169.7,56.0
2026-06-21T04:00:00,17.671,17.142,18.41,19.39,1.121,1.067,0.6829,0.5770,10.158,8.553,8504.0,10.692,0.3718,170.1,56.1
2026-06-21T05:00:00,17.169,16.968,19.08,19.19,1.123,1.067,0.5674,0.5775,10.029,8.570,8521.0,10.717,0.3718,170.4,56.2
2026-06-21T06:00:00,17.529,17.166,18.89,19.58,1.153,1.101,0.6535,0.5733,10.169,8.269,8538.1,10.750,0.3732,170.8,56.4
2026-06-21T07:00:00,17.057,16.709,19.34,20.35,1.169,1.119,0.6428,0.5756,9.732,8.395,8554.8,10.772,0.3743,171.1,56.5
2026-06-21T08:00:00,17.869,16.996,19.64,20.44,1.170,1.105,0.5950,0.5622,9.642,8.477,8571.8,10.792,0.3749,171.4,56.6
2026-06-21T09:00:00,17.973,17.684,20.54,21.02,1.174,1.117,0.5610,0.5719,9.705,8.646,8589.5,10.811,0.3749,171.8,56.7
2026-06-21T10:00:00,18.563,18.148,21.15,22.21,1.190,1.121,0.5997,0.5742,9.831,8.706,8607.7,10.831,0.3753,172.2,56.8
2026-06-21T11:00:00,18.766,18.322,21.75,22.85,1.168,1.113,0.6102,0.5391,10.085,8.622,8626.0,10.858,0.3766,172.5,56.9
2026-06-21T12:00:00,20.267,19.849,22.67,23.51,1.211,1.157,0.6230,0.5523,9.738,8.767,8645.8,10.877,0.3780,172.9,57.1
2026-06-21T13:00:00,19.500,19.241,22.63,23.63,1.209,1.143,0.6101,0.5519,9.729,8.356,8665.1,10.903,0.3791,173.3,57.2
2026-06-21T14:00:00,18.725,18.262,23.63,24.46,1.206,1.149,0.6123,0.5695,9.416,8.713,8683.4,10.916,0.3799,173.7,57.3
2026-06-21T15:00:00,19.311,18.896,22.42,23.02,1.216,1.161,0.5910,0.5427,10.428,8.412,8702.2,10.954,0.3808,174.0,57.4
2026-06-21T16:00:00,18.995,18.459,22.21,22.79,1.205,1.143,0.5916,0.5587,9.750,8.810,8720.7,10.972,0.3815,174.4,57.6
2026-06-21T17:00:00,19.020,18.629,22.85,23.53,1.221,1.167,0.5711,0.5670,9.793,8.666,8739.3,10.993,0.3815,174.8,57.7
2026-06-21T18:00:00,18.516,17.893,21.48,22.19,1.190,1.134,0.5936,0.5575,9.625,9.029,8757.2,11.003,0.3822,175.1,57.8
2026-06-21T19:00:00,18.609,18.086,21.49,22.40,1.207,1.156,0.5692,0.5587,10.300,8.663,8775.3,11.033,0.3824,175.5,57.9
2026-06-21T20:00:00,18.059,17.740,21.13,22.11,1.203,1.145,0.5522,0.5639,10.180,8.075,8793.1,11.070,0.3824,175.9,58.0
2026-06-21T21:00:00,18.021,17.620,20.65,21.27,1.181,1.130,0.5887,0.5604,9.419,8.454,8810.7,11.087,0.3829,176.2,58.2
2026-06-21T22:00:00,18.265,17.936,20.36,21.35,1.149,1.092,0.5901,0.5475,10.201,8.614,8828.6,11.116,0.3836,176.6,58.3
2026-06-21T23:00:00,16.975,16.749,19.73,20.34,1.155,1.098,0.6109,0.5857,10.002,8.562,8845.4,11.140,0.3840,176.9,58.4
2026-06-22T00:00:00,17.333,16.930,18.98,19.79,1.143,1.088,0.6715,0.5548,10.455,8.799,8862.3,11.168,0.3860,177.2,58.5
2026-06-22T01:00:00,17.128,16.678,18.17,19.32,1.133,1.082,0.6011,0.5579,10.458,8.816,8879.0,11.195,0.3867,177.6,58.6
2026-06-22T02:00:00,16.264,15.738,19.24,19.89,1.156,1.105,0.6031,0.5748,9.359,8.500,8894.7,11.209,0.3872,177.9,58.7
2026-06-22T03:00:00,16.956,16.673,18.48,19.78,1.123,1.069,0.6364,0.5675,9.870,8.584,8911.4,11.230,0.3883,178.2,58.8
2026-06-22T04:00:00,16.861,16.300,18.98,19.68,1.135,1.084,0.6384,0.5383,8.901,8.793,8927.7,11.232,0.3900,178.6,58.9
2026-06-22T05:00:00,16.905,16.534,19.11,19.95,1.145,1.082,0.6504,0.5469,9.748,8.874,8944.2,11.247,0.3917,178.9,59.0
2026-06-22T06:00:00,16.580,16.055,19.13,19.89,1.143,1.089,0.5755,0.5708,10.166,8.517,8960.3,11.273,0.3918,179.2,59.1
2026-06-22T07:00:00,17.267,16.665,19.73,20.59,1.141,1.085,0.5431,0.5750,9.697,8.776,8976.9,11.288,0.3918,179.5,59.2
2026-06-22T08:00:00,17.222,16.741,20.18,20.93,1.167,1.108,0.6184,0.5637,11.113,8.395,8993.7,11.334,0.3927,179.9,59.4
2026-06-22T09:00:00,17.864,17.485,21.17,21.64,1.155,1.104,0.5879,0.5611,9.399,8.693,9011.2,11.346,0.3931,180.2,59.5
2026-06-22T10:00:00,17.949,17.216,20.74,21.43,1.174,1.121,0.6043,0.5762,9.563,8.648,9028.4,11.362,0.3936,180.6,59.6
2026-06-22T11:00:00,17.731,17.293,21.99,22.57,1.213,1.150,0.6158,0.5441,9.973,8.503,9045.7,11.387,0.3949,180.9,59.7
2026-06-22T12:00:00,18.255,17.960,22.26,23.37,1.179,1.122,0.5784,0.5438,10.811,8.830,9063.6,11.423,0.3955,181.3,59.8
2026-06-22T13:00:00,20.051,19.632,21.97,22.89,1.221,1.160,0.6159,0.5605,9.505,8.565,9083.3,11.441,0.3966,181.7,59.9
2026-06-22T14:00:00,18.944,18.217,22.03,22.71,1.230,1.177,0.6052,0.5610,10.101,8.243,9101.5,11.475,0.3974,182.0,60.1
2026-06-22T15:00:00,19.945,19.407,22.95,23.88,1.232,1.181,0.5740,0.5799,8.985,8.625,9120.9,11.482,0.3974,182.4,60.2
2026-06-22T16:00:00,18.847,18.226,23.18,23.86,1.203,1.153,0.7118,0.5618,9.866,8.481,9139.1,11.507,0.4001,182.8,60.3
2026-06-22T17:00:00,18.047,17.756,23.13,24.11,1.200,1.136,0.6213,0.5587,10.619,8.427,9156.9,11.546,0.4012,183.1,60.4
2026-06-22T18:00:00,18.925,18.672,21.83,22.46,1.184,1.129,0.6051,0.5715,10.116,8.568,9175.5,11.575,0.4018,183.5,60.6
2026-06-22T19:00:00,19.233,18.975,21.95,22.78,1.218,1.166,0.6500,0.5555,10.668,8.505,9194.5,11.616,0.4036,183.9,60.7
2026-06-22T20:00:00,19.099,18.730,21.55,22.47,1.194,1.142,0.5295,0.5588,9.213,8.689,9213.2,11.626,0.4036,184.3,60.8
2026-06-22T21:00:00,19.114,18.714,20.87,21.34,1.179,1.123,0.5628,0.5624,9.289,8.602,9232.0,11.639,0.4037,184.6,60.9
2026-06-22T22:00:00,17.424,16.753,19.64,20.35,1.166,1.110,0.6003,0.5546,10.158,8.309,9248.7,11.670,0.4044,185.0,61.0
2026-06-22T23:00:00,16.804,16.458,19.44,20.26,1.142,1.091,0.6178,0.5449,10.124,8.484,9265.2,11.697,0.4056,185.3,61.2
2026-06-23T00:00:00,17.442,16.842,18.74,19.78,1.175,1.113,0.5991,0.5614,9.420,8.567,9282.0,11.711,0.4063,185.6,61.3
2026-06-23T01:00:00,17.174,16.654,18.63,19.35,1.120,1.064,0.6225,0.5532,10.275,8.415,9298.7,11.742,0.4074,186.0,61.4
2026-06-23T02:00:00,16.711,16.453,18.25,18.75,1.133,1.075,0.6850,0.5462,10.345,8.544,9315.1,11.772,0.4097,186.3,61.5
2026-06-23T03:00:00,17.342,16.928,18.51,18.99,1.129,1.066,0.6194,0.5695,9.862,8.441,9332.0,11.796,0.4105,186.6,61.6
2026-06-23T04:00:00,17.205,16.665,18.47,19.81,1.128,1.064,0.6350,0.5645,10.308,8.463,9348.7,11.827,0.4117,187.0,61.7
2026-06-23T05:00:00,17.831,17.353,18.73,19.95,1.144,1.081,0.5963,0.5652,9.793,8.701,9366.1,11.846,0.4122,187.3,61.8
2026-06-23T06:00:00,17.307,16.518,19.87,20.88,1.188,1.128,0.5489,0.5530,8.965,8.692,9382.6,11.850,0.4122,187.7,61.9
2026-06-23T07:00:00,17.596,17.016,19.29,19.70,1.163,1.110,0.5836,0.5610,9.996,8.452,9399.6,11.877,0.4126,188.0,62.0
2026-06-23T08:00:00,18.220,17.798,20.06,20.59,1.179,1.123,0.6278,0.5845,10.090,8.533,9417.4,11.904,0.4134,188.3,62.2
2026-06-23T09:00:00,16.605,16.114,20.76,21.73,1.172,1.120,0.6901,0.5632,10.091,8.599,9433.5,11.928,0.4154,188.7,62.3
2026-06-23T10:00:00,17.794,17.224,20.62,20.97,1.169,1.110,0.6194,0.5515,10.387,8.564,9450.7,11.960,0.4166,189.0,62.4
2026-06-23T11:00:00,17.990,17.660,21.74,22.59,1.219,1.168,0.6090,0.5581,10.475,8.497,9468.4,11.995,0.4175,189.4,62.5
2026-06-23T12:00:00,19.211,18.909,22.96,23.94,1.228,1.173,0.5892,0.5626,9.954,8.301,9487.3,12.026,0.4180,189.7,62.6
2026-06-23T13:00:00,19.146,18.722,21.93,22.66,1.205,1.144,0.6088,0.5583,9.792,8.852,9506.0,12.043,0.4190,190.1,62.7
2026-06-23T14:00:00,20.051,19.719,22.28,22.90,1.209,1.149,0.6498,0.5434,10.817,8.777,9525.7,12.084,0.4211,190.5,62.9
2026-06-23T15:00:00,19.383,18.997,23.06,23.58,1.219,1.157,0.6227,0.5572,8.713,8.797,9544.7,12.084,0.4223,190.9,63.0
2026-06-23T16:00:00,19.332,18.864,22.61,23.67,1.230,1.174,0.6246,0.5557,10.318,8.638,9563.6,12.115,0.4236,191.3,63.1
2026-06-23T17:00:00,18.801,18.244,22.34,23.22,1.203,1.151,0.5982,0.5797,10.445,8.520,9581.8,12.150,0.4239,191.6,63.2
2026-06-23T18:00:00,18.567,18.021,22.14,22.65,1.181,1.120,0.5993,0.5531,9.045,8.545,9599.9,12.159,0.4248,192.0,63.4
2026-06-23T19:00:00,18.181,17.632,21.17,22.59,1.208,1.149,0.6159,0.5618,9.942,8.348,9617.5,12.188,0.4257,192.4,63.5
2026-06-23T20:00:00,18.331,17.713,20.44,21.34,1.193,1.128,0.5723,0.5581,10.139,8.324,9635.2,12.220,0.4260,192.7,63.6
2026-06-23T21:00:00,17.647,17.307,20.65,21.85,1.173,1.117,0.6072,0.5714,9.666,8.417,9652.5,12.241,0.4266,193.1,63.7
2026-06-23T22:00:00,17.112,16.448,20.14,21.01,1.159,1.104,0.6366,0.5699,10.437,8.674,9669.0,12.270,0.4277,193.4,63.8
2026-06-23T23:00:00,16.087,15.738,20.53,21.18,1.147,1.096,0.5684,0.5679,9.210,8.491,9684.7,12.282,0.4277,193.7,63.9
2026-06-24T00:00:00,16.625,16.159,19.16,19.57,1.171,1.112,0.5575,0.5758,10.197,8.361,9700.9,12.311,0.4277,194.0,64.0
2026-06-24T01:00:00,16.825,16.764,18.72,19.85,1.141,1.073,0.6079,0.5355,10.084,8.713,9717.6,12.334,0.4289,194.4,64.1
2026-06-24T02:00:00,17.029,16.677,18.52,19.64,1.149,1.092,0.6561,0.5521,8.114,8.594,9734.3,12.334,0.4307,194.7,64.2
2026-06-24T03:00:00,16.312,15.725,18.49,19.15,1.161,1.101,0.6105,0.5452,10.136,8.617,9750.0,12.358,0.4317,195.0,64.4
2026-06-24T04:00:00,17.150,16.494,17.81,18.84,1.147,1.091,0.6625,0.5800,10.739,8.238,9766.5,12.399,0.4330,195.3,64.5
2026-06-24T05:00:00,17.119,16.755,19.57,20.37,1.139,1.085,0.5491,0.5686,9.989,8.503,9783.3,12.424,0.4330,195.7,64.6
2026-06-24T06:00:00,17.155,16.640,18.89,20.07,1.164,1.108,0.5772,0.5606,9.900,8.242,9799.9,12.452,0.4333,196.0,64.7
2026-06-24T07:00:00,18.099,17.970,19.65,20.56,1.137,1.078,0.6174,0.5597,9.836,8.560,9817.9,12.475,0.4344,196.4,64.8
2026-06-24T08:00:00,17.724,17.000,20.12,20.84,1.159,1.095,0.6118,0.5751,10.771,8.660,9834.9,12.511,0.4350,196.7,64.9
2026-06-24T09:00:00,18.332,17.915,20.52,21.38,1.207,1.157,0.6467,0.5640,10.304,8.371,9852.8,12.545,0.4365,197.1,65.0
2026-06-24T10:00:00,18.552,17.808,21.23,22.04,1.163,1.111,0.6862,0.5721,9.808,8.510,9870.6,12.568,0.4385,197.4,65.1
2026-06-24T11:00:00,19.335,18.885,21.24,21.92,1.222,1.162,0.5926,0.5491,10.032,8.438,9889.5,12.599,0.4393,197.8,65.3
2026-06-24T12:00:00,18.587,18.239,21.90,22.78,1.225,1.162,0.6307,0.5572,10.452,8.320,9907.7,12.637,0.4407,198.2,65.4
2026-06-24T13:00:00,17.734,17.260,22.48,23.14,1.197,1.131,0.6153,0.5669,9.699,8.304,9925.0,12.662,0.4415,198.5,65.5
2026-06-24T14:00:00,19.475,19.255,22.63,23.48,1.206,1.153,0.5832,0.5572,10.818,8.446,9944.3,12.707,0.4420,198.9,65.6
2026-06-24T15:00:00,19.299,18.599,22.13,22.91,1.239,1.182,0.6541,0.5497,9.828,8.430,9962.9,12.733,0.4439,199.3,65.8
2026-06-24T16:00:00,19.255,18.812,22.32,23.26,1.209,1.156,0.6294,0.5524,8.849,8.522,9981.7,12.739,0.4454,199.6,65.9
2026-06-24T17:00:00,18.729,18.167,22.14,22.84,1.205,1.152,0.6075,0.5742,10.231,8.338,9999.8,12.774,0.4460,200.0,66.0
2026-06-24T18:00:00,18.139,17.921,22.12,22.85,1.202,1.140,0.5941,0.5278,9.366,8.577,10017.8,12.788,0.4472,200.4,66.1
2026-06-24T19:00:00,18.307,17.759,21.98,22.40,1.201,1.144,0.6191,0.5537,10.168,8.658,10035.5,12.815,0.4483,200.7,66.2
2026-06-24T20:00:00,17.916,17.408,21.06,21.31,1.194,1.142,0.6547,0.5436,9.458,8.470,10052.9,12.832,0.4503,201.1,66.3
2026-06-24T21:00:00,18.448,18.246,20.40,20.89,1.193,1.134,0.6623,0.5524,9.683,8.303,10071.2,12.857,0.4523,201.4,66.5
2026-06-24T22:00:00,17.510,16.888,19.87,20.73,1.157,1.098,0.6397,0.5756,10.071,8.044,10088.1,12.891,0.4534,201.8,66.6
2026-06-24T23:00:00,16.678,16.173,19.63,20.02,1.133,1.082,0.6200,0.5656,9.808,8.685,10104.2,12.909,0.4542,202.1,66.7
2026-06-25T00:00:00,16.938,16.405,18.25,19.05,1.141,1.084,0.6746,0.5674,9.635,8.577,10120.6,12.927,0.4560,202.4,66.8
2026-06-25T01:00:00,17.982,17.712,18.92,20.02,1.189,1.129,0.6616,0.5753,9.638,8.715,10138.3,12.943,0.4575,202.8,66.9
2026-06-25T02:00:00,16.583,16.408,18.42,19.22,1.129,1.068,0.6051,0.5577,9.706,8.543,10154.8,12.962,0.4583,203.1,67.0
2026-06-25T03:00:00,17.760,17.416,17.68,18.34,1.130,1.071,0.5693,0.5615,9.430,8.437,10172.2,12.980,0.4585,203.4,67.1
2026-06-25T04:00:00,17.528,17.108,18.41,19.26,1.133,1.080,0.6445,0.5631,9.756,8.632,10189.3,12.999,0.4598,203.8,67.2
2026-06-25T05:00:00,18.079,17.599,18.98,19.58,1.160,1.095,0.5870,0.5526,8.975,8.698,10206.9,13.004,0.4604,204.1,67.4
2026-06-25T06:00:00,16.658,16.427,19.60,20.38,1.127,1.076,0.5585,0.5740,9.411,8.589,10223.3,13.017,0.4604,204.5,67.5
2026-06-25T07:00:00,16.793,16.323,19.22,19.87,1.163,1.103,0.6187,0.5498,9.020,8.382,10239.6,13.028,0.4616,204.8,67.6
2026-06-25T08:00:00,17.558,16.935,20.57,21.77,1.154,1.093,0.5161,0.5492,9.922,8.351,10256.6,13.054,0.4616,205.1,67.7
2026-06-25T09:00:00,18.814,18.487,19.66,20.16,1.186,1.135,0.5796,0.5400,9.438,8.290,10275.0,13.075,0.4623,205.5,67.8
2026-06-25T10:00:00,17.667,17.281,20.80,21.54,1.163,1.110,0.6787,0.5663,9.770,8.828,10292.3,13.092,0.4642,205.8,67.9
2026-06-25T11:00:00,18.394,18.035,21.49,22.52,1.182,1.129,0.5717,0.5597,10.232,8.548,10310.4,13.122,0.4645,206.2,68.0
2026-06-25T12:00:00,18.655,18.342,21.90,23.15,1.189,1.137,0.6023,0.5602,10.337,8.812,10328.7,13.150,0.4652,206.6,68.2
2026-06-25T13:00:00,18.809,18.321,21.82,22.75,1.206,1.155,0.6150,0.5614,9.873,8.550,10347.0,13.174,0.4662,206.9,68.3
2026-06-25T14:00:00,19.429,19.065,21.92,22.94,1.236,1.176,0.5545,0.5437,9.805,8.821,10366.1,13.193,0.4664,207.3,68.4
2026-06-25T15:00:00,19.563,19.037,22.40,23.31,1.191,1.135,0.5943,0.5586,10.064,8.097,10385.1,13.230,0.4671,207.7,68.5
2026-06-25T16:00:00,18.753,18.440,22.40,23.40,1.212,1.155,0.5451,0.5297,8.908,8.360,10403.6,13.241,0.4674,208.1,68.7
2026-06-25T17:00:00,20.136,19.819,22.47,23.38,1.202,1.150,0.5607,0.5611,9.158,8.661,10423.4,13.250,0.4674,208.5,68.8
2026-06-25T18:00:00,19.877,19.551,22.09,23.05,1.227,1.174,0.6582,0.5902,9.282,8.393,10442.9,13.268,0.4687,208.9,68.9
2026-06-25T19:00:00,16.977,16.400,21.65,22.27,1.201,1.139,0.6618,0.5802,9.777,8.506,10459.3,13.289,0.4701,209.2,69.0
2026-06-25T20:00:00,18.425,17.780,20.91,22.14,1.187,1.135,0.5549,0.5712,10.145,8.582,10477.1,13.316,0.4701,209.5,69.1
2026-06-25T21:00:00,17.339,16.675,19.21,20.00,1.153,1.090,0.6137,0.5633,10.238,8.729,10493.8,13.342,0.4709,209.9,69.3
2026-06-25T22:00:00,17.239,16.949,20.26,20.60,1.213,1.157,0.5822,0.5533,9.728,8.526,10510.7,13.362,0.4714,210.2,69.4
2026-06-25T23:00:00,17.819,17.574,19.21,20.11,1.149,1.098,0.6150,0.5543,9.832,8.659,10528.3,13.383,0.4724,210.6,69.5
2026-06-26T00:00:00,17.070,16.672,18.92,19.34,1.165,1.110,0.6294,0.5589,10.694,8.570,10545.0,13.418,0.4736,210.9,69.6
2026-06-26T01:00:00,16.414,16.143,18.21,19.06,1.165,1.104,0.6159,0.5546,9.179,8.513,10561.1,13.429,0.4746,211.2,69.7
2026-06-26T02:00:00,17.511,17.171,18.34,19.41,1.142,1.084,0.5735,0.5605,9.591,8.598,10578.3,13.446,0.4748,211.6,69.8
2026-06-26T03:00:00,16.438,16.034,17.51,18.23,1.142,1.091,0.6119,0.5679,8.437,8.323,10594.3,13.448,0.4755,211.9,69.9
2026-06-26T04:00:00,17.812,17.235,17.68,18.32,1.160,1.095,0.6377,0.5469,9.443,8.312,10611.6,13.467,0.4771,212.2,70.0
2026-06-26T05:00:00,17.547,17.058,19.37,20.47,1.152,1.100,0.5836,0.5479,10.277,8.543,10628.6,13.497,0.4777,212.6,70.1
2026-06-26T06:00:00,16.602,15.881,19.00,19.41,1.152,1.092,0.6350,0.5451,10.052,8.467,10644.5,13.522,0.4791,212.9,70.3
2026-06-26T07:00:00,16.758,16.160,19.23,20.04,1.147,1.086,0.6198,0.5698,8.998,8.682,10660.7,13.527,0.4800,213.2,70.4
2026-06-26T08:00:00,17.539,17.107,19.85,20.75,1.183,1.131,0.5963,0.5503,9.489,8.361,10677.8,13.546,0.4807,213.6,70.5
2026-06-26T09:00:00,17.375,16.659,20.10,21.01,1.162,1.107,0.5730,0.5347,9.939,8.689,10694.4,13.567,0.4814,213.9,70.6
2026-06-26T10:00:00,18.307,17.801,20.97,21.65,1.218,1.164,0.5981,0.5533,10.467,8.332,10712.2,13.605,0.4822,214.2,70.7
2026-06-26T11:00:00,19.667,19.283,21.67,22.15,1.211,1.159,0.5523,0.5444,10.575,8.366,10731.5,13.648,0.4823,214.6,70.8
2026-06-26T12:00:00,18.836,18.278,21.98,23.36,1.245,1.192,0.6255,0.5539,10.112,8.394,10749.8,13.679,0.4836,215.0,70.9
2026-06-26T13:00:00,18.471,18.267,22.60,23.81,1.204,1.144,0.5737,0.5533,9.662,8.385,10768.1,13.702,0.4840,215.4,71.1
2026-06-26T14:00:00,19.754,19.244,22.29,23.14,1.224,1.173,0.6105,0.5537,10.418,8.661,10787.3,13.736,0.4851,215.7,71.2
2026-06-26T15:00:00,19.305,18.631,22.34,22.77,1.223,1.164,0.6098,0.5570,8.845,8.212,10805.9,13.748,0.4861,216.1,71.3
2026-06-26T16:00:00,18.856,18.122,21.96,22.91,1.213,1.159,0.5960,0.5743,10.133,8.353,10824.1,13.780,0.4865,216.5,71.4
2026-06-26T17:00:00,19.920,19.528,21.21,21.90,1.221,1.156,0.6025,0.5567,9.529,8.261,10843.6,13.805,0.4874,216.9,71.6
2026-06-26T18:00:00,19.749,19.185,21.78,22.84,1.194,1.141,0.5860,0.5485,9.600,8.136,10862.8,13.833,0.4881,217.3,71.7
2026-06-26T19:00:00,19.195,18.458,20.87,21.83,1.213,1.162,0.5616,0.5868,9.691,8.605,10881.2,13.853,0.4881,217.6,71.8
2026-06-26T20:00:00,18.245,17.900,21.28,22.35,1.212,1.161,0.5600,0.5564,9.851,8.654,10899.1,13.875,0.4882,218.0,71.9
2026-06-26T21:00:00,17.425,17.103,20.07,20.96,1.186,1.123,0.6367,0.5532,10.470,8.419,10916.2,13.910,0.4896,218.3,72.0
2026-06-26T22:00:00,16.960,16.525,19.21,19.91,1.169,1.115,0.5761,0.5631,9.784,7.867,10932.8,13.941,0.4898,218.7,72.2
2026-06-26T23:00:00,17.628,17.221,19.71,20.68,1.178,1.123,0.5451,0.5662,8.685,8.550,10950.0,13.944,0.4898,219.0,72.3
2026-06-27T00:00:00,16.788,16.358,18.90,19.28,1.150,1.095,0.5700,0.5434,9.101,8.637,10966.3,13.951,0.4902,219.3,72.4
2026-06-27T01:00:00,17.158,16.693,18.73,19.66,1.149,1.085,0.6580,0.5493,9.195,8.526,10983.0,13.962,0.4920,219.7,72.5
2026-06-27T02:00:00,16.553,15.930,18.73,19.68,1.141,1.088,0.6240,0.5599,9.497,8.700,10999.0,13.975,0.4931,220.0,72.6
2026-06-27T03:00:00,16.986,16.582,18.43,19.14,1.143,1.087,0.6336,0.5746,9.842,8.507,11015.5,13.997,0.4940,220.3,72.7
2026-06-27T04:00:00,17.451,17.128,18.20,18.96,1.124,1.065,0.6015,0.5490,9.627,8.276,11032.7,14.020,0.4949,220.7,72.8
2026-06-27T05:00:00,16.561,16.077,18.91,19.93,1.161,1.107,0.6343,0.5380,9.554,8.716,11048.8,14.034,0.4965,221.0,72.9
2026-06-27T06:00:00,16.830,16.538,19.24,19.93,1.151,1.096,0.5733,0.5632,10.090,8.240,11065.3,14.064,0.4967,221.3,73.0
2026-06-27T07:00:00,17.888,17.513,19.31,20.20,1.162,1.097,0.6717,0.5422,9.476,8.133,11082.8,14.088,0.4989,221.7,73.1
2026-06-27T08:00:00,18.768,18.172,19.02,19.60,1.151,1.094,0.5916,0.5406,10.491,8.651,11101.0,14.121,0.4999,222.0,73.3
2026-06-27T09:00:00,18.725,18.158,20.55,21.18,1.174,1.123,0.5942,0.5618,9.773,8.279,11119.1,14.149,0.5004,222.4,73.4
2026-06-27T10:00:00,18.483,18.106,21.77,22.60,1.184,1.133,0.6331,0.5313,9.917,8.278,11137.2,14.178,0.5023,222.7,73.5
2026-06-27T11:00:00,18.226,18.002,21.71,22.75,1.215,1.162,0.6452,0.5721,9.394,8.458,11155.2,14.195,0.5036,223.1,73.6
2026-06-27T12:00:00,18.897,18.451,22.00,22.97,1.180,1.121,0.6598,0.5576,10.240,8.500,11173.7,14.227,0.5055,223.5,73.7
2026-06-27T13:00:00,19.545,18.986,21.31,22.12,1.208,1.152,0.5490,0.5421,8.655,8.196,11192.7,14.236,0.5056,223.9,73.9
2026-06-27T14:00:00,17.917,17.465,22.50,23.05,1.202,1.150,0.5948,0.5500,9.946,8.438,11210.1,14.262,0.5064,224.2,74.0
2026-06-27T15:00:00,19.141,18.576,21.54,22.16,1.201,1.148,0.6056,0.5466,10.466,8.264,11228.7,14.303,0.5075,224.6,74.1
2026-06-27T16:00:00,18.545,18.099,21.66,22.81,1.225,1.172,0.6432,0.5675,10.358,8.583,11246.8,14.335,0.5089,224.9,74.2
2026-06-27T17:00:00,19.388,19.060,22.13,23.00,1.215,1.165,0.6742,0.5329,9.735,8.471,11265.9,14.359,0.5116,225.3,74.4
2026-06-27T18:00:00,19.036,18.429,21.91,23.00,1.197,1.142,0.5907,0.5684,9.800,8.254,11284.3,14.388,0.5120,225.7,74.5
2026-06-27T19:00:00,19.181,18.917,21.84,22.64,1.199,1.146,0.6312,0.5563,9.327,8.660,11303.2,14.400,0.5134,226.1,74.6
2026-06-27T20:00:00,17.374,16.972,21.29,22.00,1.190,1.137,0.5942,0.5553,9.156,8.262,11320.2,14.416,0.5141,226.4,74.7
2026-06-27T21:00:00,17.840,17.287,20.13,20.47,1.180,1.114,0.5930,0.5694,9.769,8.341,11337.5,14.440,0.5145,226.7,74.8
2026-06-27T22:00:00,18.469,18.065,19.81,20.14,1.227,1.155,0.6067,0.5655,9.732,8.308,11355.5,14.466,0.5152,227.1,74.9
2026-06-27T23:00:00,17.682,17.227,18.46,19.01,1.163,1.104,0.5583,0.5582,9.669,8.308,11372.8,14.489,0.5152,227.5,75.1
2026-06-28T00:00:00,17.281,16.847,18.80,19.68,1.160,1.093,0.5716,0.5527,9.773,8.581,11389.6,14.510,0.5155,227.8,75.2
2026-06-28T01:00:00,16.575,16.172,17.77,18.26,1.181,1.131,0.6118,0.5595,9.747,8.568,11405.8,14.529,0.5164,228.1,75.3
2026-06-28T02:00:00,17.115,16.679,18.10,18.87,1.114,1.064,0.5355,0.5684,10.493,8.447,11422.5,14.563,0.5164,228.4,75.4
2026-06-28T03:00:00,16.336,15.967,17.89,18.87,1.128,1.076,0.6225,0.5532,9.765,8.281,11438.4,14.586,0.5175,228.8,75.5
2026-06-28T04:00:00,17.041,16.759,18.51,19.56,1.164,1.107,0.5606,0.5790,9.891,8.367,11455.2,14.612,0.5175,229.1,75.6
2026-06-28T05:00:00,16.836,16.258,17.80,18.52,1.134,1.070,0.5778,0.5572,10.573,8.421,11471.5,14.647,0.5178,229.4,75.7
2026-06-28T06:00:00,17.013,16.576,18.58,19.72,1.145,1.087,0.5888,0.5522,10.166,8.497,11488.0,14.675,0.5184,229.8,75.8
2026-06-28T07:00:00,17.184,16.703,19.88,20.76,1.176,1.118,0.6035,0.5684,10.216,8.105,11504.7,14.710,0.5190,230.1,75.9
2026-06-28T08:00:00,17.636,17.206,19.30,20.05,1.153,1.100,0.5551,0.5711,10.006,8.539,11521.9,14.735,0.5190,230.4,76.0
2026-06-28T09:00:00,17.836,17.330,20.43,20.96,1.167,1.115,0.6439,0.5664,10.326,8.249,11539.3,14.771,0.5203,230.8,76.2
2026-06-28T10:00:00,17.865,17.618,20.66,21.24,1.174,1.111,0.6348,0.5630,10.081,8.584,11556.9,14.798,0.5216,231.1,76.3
2026-06-28T11:00:00,18.070,17.931,21.53,22.02,1.211,1.158,0.6093,0.5570,10.432,8.604,11574.8,14.830,0.5225,231.5,76.4
2026-06-28T12:00:00,18.479,17.765,21.81,22.77,1.223,1.168,0.6173,0.5407,9.516,8.094,11592.6,14.856,0.5239,231.9,76.5
2026-06-28T13:00:00,19.057,18.534,22.49,23.35,1.250,1.194,0.5863,0.5648,8.875,8.120,11611.1,14.870,0.5243,232.2,76.6
2026-06-28T14:00:00,19.153,18.712,22.24,23.25,1.211,1.157,0.5899,0.5631,9.954,8.480,11629.8,14.897,0.5248,232.6,76.8
2026-06-28T15:00:00,18.264,18.052,22.39,23.33,1.229,1.175,0.6613,0.5702,9.576,8.618,11647.9,14.914,0.5265,233.0,76.9
2026-06-28T16:00:00,18.109,17.786,22.87,23.84,1.223,1.171,0.6084,0.5629,9.994,8.721,11665.7,14.937,0.5273,233.3,77.0
2026-06-28T17:00:00,17.933,17.606,22.03,22.54,1.227,1.177,0.6037,0.5611,9.549,8.534,11683.3,14.955,0.5280,233.7,77.1
2026-06-28T18:00:00,19.845,19.571,21.55,22.27,1.218,1.167,0.5468,0.5637,9.893,8.207,11702.8,14.988,0.5280,234.1,77.2
2026-06-28T19:00:00,19.114,18.718,21.36,22.17,1.209,1.154,0.6675,0.5623,10.197,8.426,11721.6,15.021,0.5300,234.4,77.4
2026-06-28T20:00:00,18.728,18.175,21.16,21.75,1.175,1.119,0.6603,0.5639,9.491,8.188,11739.7,15.045,0.5317,234.8,77.5
2026-06-28T21:00:00,18.321,17.860,19.48,20.03,1.151,1.096,0.6289,0.5622,10.019,8.539,11757.6,15.071,0.5329,235.2,77.6
2026-06-28T22:00:00,17.831,17.123,18.93,19.61,1.167,1.111,0.5666,0.5506,10.108,8.461,11774.7,15.099,0.5332,235.5,77.7
2026-06-28T23:00:00,17.966,17.583,18.97,19.41,1.178,1.117,0.6456,0.5562,9.279,8.248,11792.3,15.118,0.5348,235.8,77.8
2026-06-29T00:00:00,17.385,17.154,18.65,19.48,1.150,1.096,0.6266,0.5677,10.133,8.379,11809.5,15.148,0.5358,236.2,77.9
2026-06-29T01:00:00,16.792,16.597,18.63,19.79,1.133,1.076,0.6304,0.5585,9.680,8.596,11826.1,15.166,0.5370,236.5,78.1
2026-06-29T02:00:00,16.892,16.395,18.32,19.04,1.143,1.082,0.6426,0.5852,9.730,8.322,11842.5,15.189,0.5379,236.8,78.2
2026-06-29T03:00:00,17.142,16.461,17.98,18.51,1.144,1.086,0.5480,0.5543,10.484,8.644,11858.9,15.219,0.5379,237.2,78.3
2026-06-29T04:00:00,17.224,16.624,17.98,18.47,1.146,1.095,0.5882,0.5563,10.545,8.455,11875.5,15.254,0.5384,237.5,78.4
2026-06-29T05:00:00,16.993,16.631,18.78,19.65,1.116,1.063,0.6052,0.5492,9.103,8.490,11892.2,15.264,0.5394,237.8,78.5
2026-06-29T06:00:00,17.919,17.424,18.99,19.79,1.181,1.125,0.5315,0.5383,9.242,8.351,11909.6,15.279,0.5394,238.2,78.6
2026-06-29T07:00:00,17.603,17.348,18.61,19.21,1.156,1.099,0.6092,0.5412,9.229,8.224,11926.9,15.297,0.5406,238.5,78.7
2026-06-29T08:00:00,17.552,16.825,19.70,20.37,1.183,1.128,0.6581,0.5531,9.965,8.167,11943.8,15.327,0.5423,238.9,78.8
2026-06-29T09:00:00,18.373,17.688,20.21,20.89,1.171,1.106,0.6234,0.5652,10.076,8.887,11961.5,15.348,0.5434,239.2,78.9
2026-06-29T10:00:00,18.548,17.919,19.86,21.07,1.204,1.152,0.6342,0.5753,10.382,8.107,11979.4,15.389,0.5444,239.6,79.1
2026-06-29T11:00:00,18.865,18.238,21.26,22.18,1.212,1.158,0.6624,0.5460,10.059,8.158,11997.6,15.424,0.5465,240.0,79.2
2026-06-29T12:00:00,19.241,18.628,21.51,22.35,1.202,1.147,0.6294,0.5711,8.761,8.089,12016.2,15.436,0.5476,240.3,79.3
2026-06-29T13:00:00,19.137,18.322,22.27,22.79,1.197,1.142,0.6078,0.5407,9.263,8.431,12034.6,15.451,0.5488,240.7,79.4
2026-06-29T14:00:00,18.401,17.881,21.57,21.89,1.233,1.167,0.5863,0.5534,9.780,8.281,12052.4,15.478,0.5494,241.0,79.5
2026-06-29T15:00:00,18.613,18.066,21.04,22.17,1.221,1.166,0.5572,0.5672,9.491,8.767,12070.5,15.491,0.5494,241.4,79.7
2026-06-29T16:00:00,19.232,18.293,21.36,22.07,1.228,1.176,0.6392,0.5535,10.208,8.567,12088.8,15.521,0.5510,241.8,79.8
2026-06-29T17:00:00,18.208,17.667,22.94,23.72,1.224,1.170,0.5834,0.5503,10.290,8.341,12106.5,15.556,0.5516,242.1,79.9
2026-06-29T18:00:00,18.323,17.775,21.55,22.54,1.213,1.157,0.5928,0.5689,9.777,8.673,12124.2,15.575,0.5520,242.5,80.0
2026-06-29T19:00:00,18.887,18.462,21.18,21.99,1.202,1.151,0.5883,0.5549,9.611,8.092,12142.7,15.603,0.5526,242.9,80.1
2026-06-29T20:00:00,17.317,16.742,20.18,21.23,1.195,1.142,0.5461,0.5579,9.711,8.407,12159.4,15.625,0.5526,243.2,80.3
2026-06-29T21:00:00,18.053,17.805,20.66,21.66,1.175,1.124,0.5923,0.5498,10.315,8.030,12177.3,15.666,0.5534,243.5,80.4
2026-06-29T22:00:00,18.399,17.833,19.78,20.49,1.167,1.095,0.6838,0.5548,8.189,8.514,12195.1,15.666,0.5557,243.9,80.5
2026-06-29T23:00:00,16.730,16.262,19.16,19.38,1.185,1.134,0.6516,0.5639,10.663,8.031,12211.3,15.709,0.5571,244.2,80.6
2026-06-30T00:00:00,16.639,16.449,18.61,19.14,1.139,1.085,0.6120,0.5629,10.320,8.498,12227.8,15.739,0.5579,244.6,80.7
2026-06-30T01:00:00,16.602,16.134,18.48,19.12,1.151,1.090,0.6424,0.5493,9.905,8.559,12243.9,15.760,0.5594,244.9,80.8
2026-06-30T02:00:00,15.867,15.533,18.39,19.76,1.145,1.085,0.5785,0.5605,9.911,8.364,12259.5,15.784,0.5597,245.2,80.9
2026-06-30T03:00:00,18.186,17.802,17.62,18.31,1.145,1.094,0.5835,0.5657,10.752,8.084,12277.3,15.832,0.5600,245.5,81.0
2026-06-30T04:00:00,16.544,16.163,18.05,18.50,1.131,1.081,0.6229,0.5470,9.465,8.430,12293.4,15.849,0.5612,245.9,81.1
2026-06-30T05:00:00,16.737,16.451,18.70,19.45,1.132,1.079,0.5830,0.5416,9.630,8.112,12309.9,15.874,0.5619,246.2,81.2
2026-06-30T06:00:00,18.083,17.740,18.41,19.33,1.160,1.106,0.5725,0.5675,10.020,8.395,12327.6,15.902,0.5620,246.6,81.4
2026-06-30T07:00:00,18.396,17.849,18.93,19.99,1.161,1.104,0.6656,0.5404,9.395,8.037,12345.5,15.927,0.5642,246.9,81.5
2026-06-30T08:00:00,17.333,16.794,19.53,20.62,1.141,1.091,0.6585,0.5718,9.064,8.582,12362.3,15.935,0.5657,247.2,81.6
2026-06-30T09:00:00,19.103,18.765,20.45,21.06,1.196,1.145,0.6026,0.5688,9.276,8.308,12381.0,15.953,0.5663,247.6,81.7
2026-06-30T10:00:00,17.971,17.595,21.40,22.48,1.199,1.146,0.5906,0.5636,10.907,8.300,12398.6,15.999,0.5668,248.0,81.8
2026-06-30T11:00:00,18.491,18.105,21.04,21.63,1.175,1.121,0.5910,0.5736,10.349,8.354,12416.7,16.035,0.5671,248.3,82.0
2026-06-30T12:00:00,18.226,17.706,20.92,21.11,1.203,1.153,0.5788,0.5490,9.334,8.489,12434.4,16.050,0.5677,248.7,82.1
2026-06-30T13:00:00,19.259,18.515,21.94,22.88,1.219,1.163,0.6124,0.5594,10.191,8.432,12452.9,16.082,0.5686,249.1,82.2
2026-06-30T14:00:00,18.916,18.495,21.45,22.13,1.236,1.178,0.5445,0.5202,9.820,8.356,12471.4,16.109,0.5691,249.4,82.3
2026-06-30T15:00:00,20.383,19.750,22.88,23.44,1.249,1.193,0.6355,0.5649,9.844,8.398,12491.2,16.138,0.5705,249.8,82.4
2026-06-30T16:00:00,20.474,19.953,22.62,23.37,1.207,1.155,0.6149,0.5450,10.082,8.470,12511.1,16.170,0.5719,250.2,82.6
2026-06-30T17:00:00,18.985,18.340,21.97,22.59,1.212,1.144,0.6243,0.5331,10.043,8.274,12529.5,16.203,0.5736,250.6,82.7
2026-06-30T18:00:00,19.505,19.014,21.51,22.38,1.230,1.176,0.5801,0.5785,10.334,8.030,12548.5,16.246,0.5736,251.0,82.8
2026-06-30T19:00:00,17.891,17.608,21.25,22.52,1.190,1.137,0.6427,0.5552,9.309,8.465,12566.1,16.261,0.5751,251.3,82.9
2026-06-30T20:00:00,18.305,17.786,20.79,21.74,1.175,1.119,0.5800,0.5388,9.015,8.231,12583.9,16.275,0.5759,251.7,83.1
2026-06-30T21:00:00,17.652,17.355,20.12,20.76,1.161,1.106,0.6672,0.5452,10.419,8.551,12601.2,16.308,0.5780,252.0,83.2
2026-06-30T22:00:00,17.916,17.358,19.07,19.91,1.175,1.123,0.5388,0.5290,10.476,7.925,12618.6,16.352,0.5781,252.4,83.3
2026-06-30T23:00:00,16.967,16.695,19.77,20.47,1.155,1.094,0.5801,0.5632,9.722,8.435,12635.3,16.373,0.5784,252.7,83.4
2026-07-01T00:00:00,17.883,17.570,18.93,19.84,1.160,1.097,0.6007,0.5506,9.832,8.275,12652.9,16.401,0.5793,253.1,83.5
2026-07-01T01:00:00,16.218,15.902,18.20,19.04,1.135,1.082,0.5692,0.5604,10.172,8.390,12668.8,16.429,0.5794,253.4,83.6
2026-07-01T02:00:00,18.148,17.924,17.83,19.01,1.146,1.092,0.5944,0.5702,10.276,8.426,12686.7,16.462,0.5799,253.7,83.7
2026-07-01T03:00:00,16.716,16.561,16.89,17.94,1.155,1.104,0.6163,0.5553,8.728,8.210,12703.3,16.471,0.5809,254.1,83.8
2026-07-01T04:00:00,16.561,16.185,18.53,19.63,1.188,1.133,0.6842,0.5466,10.229,8.163,12719.4,16.504,0.5831,254.4,83.9
2026-07-01T05:00:00,16.593,16.271,18.50,19.45,1.183,1.120,0.5873,0.5732,10.649,8.110,12735.7,16.546,0.5833,254.7,84.1
2026-07-01T06:00:00,17.125,16.859,18.50,18.97,1.160,1.102,0.6698,0.5345,10.403,8.498,12752.6,16.578,0.5856,255.1,84.2
2026-07-01T07:00:00,17.158,16.640,19.74,20.88,1.164,1.110,0.6573,0.5596,9.375,8.606,12769.2,16.590,0.5873,255.4,84.3
2026-07-01T08:00:00,17.809,17.554,19.87,20.65,1.186,1.131,0.6395,0.5545,9.598,8.443,12786.8,16.611,0.5887,255.7,84.4
2026-07-01T09:00:00,17.409,16.754,20.28,21.32,1.170,1.111,0.6329,0.5569,10.015,8.101,12803.5,16.643,0.5900,256.1,84.5
2026-07-01T10:00:00,18.109,17.512,20.06,20.57,1.203,1.144,0.5855,0.5692,8.762,8.408,12821.0,16.649,0.5903,256.4,84.6
2026-07-01T11:00:00,17.599,16.990,21.37,21.88,1.192,1.139,0.5697,0.5435,10.222,8.294,12838.0,16.682,0.5907,256.8,84.7
2026-07-01T12:00:00,19.681,19.205,21.88,22.70,1.189,1.135,0.5930,0.5568,9.210,8.582,12857.2,16.694,0.5914,257.1,84.9
2026-07-01T13:00:00,19.099,18.572,21.94,22.42,1.201,1.144,0.6114,0.5510,9.948,8.520,12875.8,16.720,0.5926,257.5,85.0
2026-07-01T14:00:00,19.086,18.292,22.24,22.71,1.222,1.170,0.6573,0.5351,8.885,8.544,12894.1,16.727,0.5948,257.9,85.1
2026-07-01T15:00:00,18.928,18.421,21.79,22.95,1.226,1.165,0.6353,0.5679,9.389,8.251,12912.5,16.748,0.5960,258.3,85.2
2026-07-01T16:00:00,19.293,18.620,21.92,22.95,1.202,1.139,0.6784,0.5514,9.793,8.358,12931.1,16.774,0.5984,258.6,85.3
2026-07-01T17:00:00,20.259,19.760,20.91,22.12,1.235,1.175,0.6139,0.5387,8.953,8.368,12950.9,16.786,0.5999,259.0,85.5
2026-07-01T18:00:00,18.152,17.828,21.49,22.24,1.230,1.176,0.5797,0.5373,10.009,8.203,12968.7,16.818,0.6006,259.4,85.6
2026-07-01T19:00:00,18.689,18.517,20.94,21.60,1.194,1.143,0.5664,0.5391,10.305,8.708,12987.2,16.848,0.6012,259.7,85.7
2026-07-01T20:00:00,18.098,17.493,19.87,20.55,1.184,1.124,0.6157,0.5608,10.034,8.236,13004.7,16.879,0.6021,260.1,85.8
2026-07-01T21:00:00,18.521,18.256,19.63,20.75,1.158,1.096,0.5600,0.5646,9.760,8.358,13023.0,16.905,0.6021,260.5,86.0
2026-07-01T22:00:00,16.619,16.541,19.19,20.54,1.150,1.097,0.5988,0.5617,9.724,8.247,13039.5,16.929,0.6027,260.8,86.1
2026-07-01T23:00:00,16.843,16.214,18.90,19.62,1.174,1.114,0.6013,0.5363,9.882,8.005,13055.7,16.960,0.6038,261.1,86.2
2026-07-02T00:00:00,16.980,16.517,18.22,19.04,1.134,1.069,0.5584,0.5790,9.612,8.451,13072.3,16.979,0.6038,261.4,86.3
2026-07-02T01:00:00,17.325,16.990,18.61,19.20,1.149,1.092,0.5222,0.5547,9.572,8.500,13089.3,16.997,0.6038,261.8,86.4
2026-07-02T02:00:00,16.698,16.300,18.66,19.53,1.133,1.077,0.5780,0.5592,8.847,8.363,13105.5,17.005,0.6041,262.1,86.5
2026-07-02T03:00:00,17.026,16.456,18.36,18.98,1.177,1.126,0.5818,0.5691,10.027,8.026,13122.0,17.038,0.6043,262.4,86.6
2026-07-02T04:00:00,17.426,16.815,18.61,19.80,1.143,1.090,0.5859,0.5301,9.028,8.130,13138.8,17.053,0.6052,262.8,86.7
2026-07-02T05:00:00,16.973,16.240,17.73,18.35,1.151,1.086,0.6607,0.5515,9.670,8.177,13155.1,17.077,0.6070,263.1,86.8
2026-07-02T06:00:00,16.985,16.539,18.59,19.16,1.168,1.107,0.6425,0.5472,10.282,8.240,13171.6,17.111,0.6086,263.4,86.9
2026-07-02T07:00:00,17.185,16.511,18.57,19.53,1.162,1.109,0.6380,0.5459,9.964,8.113,13188.1,17.141,0.6101,263.8,87.0
2026-07-02T08:00:00,18.122,17.699,20.53,20.83,1.177,1.114,0.6676,0.5505,8.886,8.397,13205.8,17.150,0.6122,264.1,87.2
2026-07-02T09:00:00,17.049,16.796,20.11,20.81,1.157,1.101,0.6181,0.5481,10.545,8.280,13222.6,17.188,0.6134,264.5,87.3
2026-07-02T10:00:00,18.138,17.871,20.56,21.44,1.196,1.139,0.6073,0.5557,10.341,8.360,13240.5,17.224,0.6143,264.8,87.4
2026-07-02T11:00:00,17.982,17.581,21.59,22.57,1.177,1.113,0.5792,0.5375,9.743,8.068,13258.1,17.253,0.6150,265.2,87.5
2026-07-02T12:00:00,18.749,18.024,21.68,22.69,1.241,1.187,0.5463,0.5658,8.940,8.470,13276.1,17.261,0.6150,265.5,87.6
2026-07-02T13:00:00,18.422,17.948,21.67,22.06,1.226,1.175,0.6400,0.5498,9.050,8.381,13294.0,17.273,0.6166,265.9,87.7
2026-07-02T14:00:00,19.128,18.778,22.11,23.09,1.208,1.150,0.6321,0.5597,8.931,8.625,13312.8,17.279,0.6180,266.3,87.9
2026-07-02T15:00:00,19.056,18.793,22.29,23.31,1.214,1.145,0.5690,0.5394,10.635,8.267,13331.6,17.324,0.6186,266.6,88.0
2026-07-02T16:00:00,19.641,19.210,21.73,23.01,1.213,1.157,0.6145,0.5646,9.345,8.265,13350.8,17.344,0.6195,267.0,88.1
2026-07-02T17:00:00,17.821,17.431,21.52,22.51,1.220,1.168,0.6528,0.5459,10.355,8.324,13368.2,17.380,0.6214,267.4,88.2
2026-07-02T18:00:00,18.552,18.068,21.11,21.86,1.205,1.149,0.6019,0.5509,10.144,7.918,13386.3,17.420,0.6223,267.7,88.3
2026-07-02T19:00:00,19.392,19.116,21.94,22.64,1.195,1.143,0.6648,0.5443,8.814,8.129,13405.4,17.433,0.6246,268.1,88.5
2026-07-02T20:00:00,18.776,17.997,20.15,20.82,1.177,1.125,0.5681,0.5738,10.125,8.337,13423.4,17.465,0.6246,268.5,88.6
2026-07-02T21:00:00,17.906,17.375,20.71,21.22,1.187,1.123,0.5643,0.5488,9.835,8.288,13440.8,17.492,0.6249,268.8,88.7
2026-07-02T22:00:00,17.592,17.212,20.04,20.83,1.195,1.142,0.5904,0.5460,9.491,8.323,13458.0,17.512,0.6256,269.2,88.8
2026-07-02T23:00:00,16.459,16.030,19.29,20.43,1.167,1.112,0.6453,0.5573,9.594,8.389,13474.0,17.532,0.6270,269.5,88.9
2026-07-03T00:00:00,17.107,16.352,19.03,19.56,1.151,1.096,0.6276,0.5614,9.790,7.999,13490.4,17.561,0.6281,269.8,89.0
2026-07-03T01:00:00,16.709,16.295,18.18,18.88,1.152,1.098,0.5976,0.5609,9.162,8.436,13506.7,17.573,0.6287,270.1,89.1
2026-07-03T02:00:00,17.005,16.625,17.40,18.06,1.132,1.082,0.6363,0.5680,9.450,8.352,13523.3,17.591,0.6299,270.5,89.3
2026-07-03T03:00:00,17.133,16.649,17.69,18.46,1.126,1.067,0.6552,0.5383,9.160,7.902,13540.0,17.612,0.6318,270.8,89.4
2026-07-03T04:00:00,16.045,15.695,17.92,18.80,1.140,1.089,0.5819,0.5542,10.044,8.546,13555.7,17.635,0.6322,271.1,89.5
2026-07-03T05:00:00,17.933,17.573,17.74,18.82,1.163,1.110,0.5383,0.5516,9.851,8.251,13573.2,17.664,0.6322,271.5,89.6
2026-07-03T06:00:00,16.414,16.005,19.05,19.86,1.162,1.112,0.6197,0.5447,9.569,8.044,13589.2,17.688,0.6334,271.8,89.7
2026-07-03T07:00:00,16.324,15.774,18.87,19.32,1.153,1.086,0.5566,0.5704,8.857,8.029,13605.0,17.701,0.6334,272.1,89.8
2026-07-03T08:00:00,17.014,16.438,19.59,20.51,1.174,1.117,0.5832,0.5462,10.105,8.461,13621.4,17.728,0.6340,272.4,89.9
2026-07-03T09:00:00,18.705,18.463,19.72,20.57,1.146,1.093,0.5635,0.5666,9.266,8.298,13639.9,17.746,0.6340,272.8,90.0
2026-07-03T10:00:00,18.707,18.038,19.95,20.69,1.184,1.130,0.5753,0.5596,10.428,8.094,13657.9,17.788,0.6343,273.2,90.1
2026-07-03T11:00:00,18.743,18.130,21.11,21.74,1.200,1.145,0.5547,0.5459,9.475,8.154,13676.1,17.812,0.6345,273.5,90.3
2026-07-03T12:00:00,18.476,18.016,21.73,22.25,1.215,1.163,0.5773,0.5225,8.884,7.995,13694.1,17.828,0.6355,273.9,90.4
2026-07-03T13:00:00,18.276,17.943,22.06,22.69,1.220,1.161,0.6190,0.5699,8.992,8.286,13712.0,17.841,0.6364,274.2,90.5
2026-07-03T14:00:00,20.036,19.594,21.55,22.68,1.217,1.158,0.6658,0.5632,9.300,8.443,13731.6,17.857,0.6384,274.6,90.6
2026-07-03T15:00:00,18.595,18.304,21.68,22.26,1.237,1.174,0.5764,0.5521,10.204,7.909,13749.9,17.899,0.6388,275.0,90.7
2026-07-03T16:00:00,19.424,18.867,21.96,22.88,1.221,1.164,0.6359,0.5589,9.665,8.129,13768.8,17.928,0.6403,275.4,90.9
2026-07-03T17:00:00,19.643,18.866,20.71,21.09,1.206,1.146,0.5855,0.5183,9.704,8.056,13787.7,17.960,0.6415,275.8,91.0
2026-07-03T18:00:00,18.497,17.905,22.08,23.03,1.185,1.126,0.6674,0.5634,9.975,8.312,13805.6,17.989,0.6434,276.1,91.1
2026-07-03T19:00:00,18.894,18.327,20.57,21.41,1.166,1.115,0.6504,0.5442,9.518,8.485,13823.9,18.008,0.6453,276.5,91.2
2026-07-03T20:00:00,18.212,17.729,20.62,21.66,1.185,1.133,0.5751,0.5612,9.645,8.441,13841.6,18.030,0.6456,276.8,91.4
2026-07-03T21:00:00,18.195,17.928,20.63,21.12,1.205,1.145,0.6478,0.5426,10.214,8.106,13859.6,18.067,0.6475,277.2,91.5
2026-07-03T22:00:00,17.135,16.772,18.99,20.07,1.161,1.109,0.5711,0.5724,8.266,8.333,13876.3,18.067,0.6475,277.5,91.6
2026-07-03T23:00:00,16.529,15.988,18.80,19.75,1.191,1.122,0.6009,0.5491,9.079,8.291,13892.3,18.080,0.6483,277.8,91.7
2026-07-04T00:00:00,17.002,16.484,17.90,18.85,1.134,1.076,0.6199,0.5612,8.818,8.331,13908.8,18.088,0.6493,278.2,91.8
2026-07-04T01:00:00,16.940,16.602,17.96,18.73,1.136,1.081,0.6445,0.5415,9.318,8.184,13925.4,18.107,0.6510,278.5,91.9
2026-07-04T02:00:00,16.833,16.515,17.20,18.00,1.155,1.104,0.5660,0.5468,8.404,8.262,13941.9,18.109,0.6513,278.8,92.0
2026-07-04T03:00:00,17.816,17.398,18.34,19.17,1.135,1.082,0.6137,0.5421,8.741,8.322,13959.3,18.116,0.6525,279.2,92.1
2026-07-04T04:00:00,15.715,15.248,17.45,18.30,1.155,1.093,0.5794,0.5549,9.914,8.217,13974.6,18.142,0.6529,279.5,92.2
2026-07-04T05:00:00,16.770,16.257,18.23,19.13,1.129,1.078,0.5797,0.5436,10.021,8.785,13990.8,18.162,0.6535,279.8,92.3
2026-07-04T06:00:00,17.210,17.049,18.77,19.38,1.148,1.091,0.6670,0.5467,9.353,8.621,14007.9,18.175,0.6556,280.2,92.5
2026-07-04T07:00:00,16.514,16.066,18.92,19.70,1.160,1.103,0.7550,0.5462,10.345,8.202,14023.9,18.209,0.6589,280.5,92.6
2026-07-04T08:00:00,17.730,16.973,18.99,19.79,1.176,1.117,0.6235,0.5506,9.855,8.031,14040.9,18.240,0.6601,280.8,92.7
2026-07-04T09:00:00,18.712,18.073,19.89,20.08,1.192,1.139,0.6119,0.5407,9.508,8.317,14059.0,18.262,0.6614,281.2,92.8
2026-07-04T10:00:00,18.338,17.740,21.04,21.96,1.203,1.140,0.6168,0.5489,9.844,8.374,14076.7,18.288,0.6626,281.5,92.9
2026-07-04T11:00:00,17.826,17.423,20.62,21.38,1.198,1.145,0.6432,0.5493,8.455,8.607,14094.1,18.288,0.6643,281.9,93.0
2026-07-04T12:00:00,18.984,18.531,21.49,22.50,1.223,1.169,0.6004,0.5426,10.432,8.168,14112.7,18.330,0.6653,282.3,93.1
2026-07-04T13:00:00,18.768,18.534,21.33,22.27,1.203,1.152,0.5827,0.5519,9.381,8.003,14131.2,18.355,0.6659,282.6,93.3
2026-07-04T14:00:00,19.333,18.733,21.92,23.25,1.217,1.158,0.6224,0.5755,9.321,8.198,14149.9,18.376,0.6668,283.0,93.4
2026-07-04T15:00:00,18.642,18.225,22.96,23.63,1.196,1.139,0.5972,0.5402,9.839,8.622,14168.2,18.399,0.6678,283.4,93.5
2026-07-04T16:00:00,18.289,18.047,21.89,22.48,1.209,1.155,0.6328,0.5529,9.328,8.076,14186.2,18.421,0.6693,283.7,93.6
2026-07-04T17:00:00,19.000,18.747,21.95,22.61,1.221,1.168,0.6283,0.5476,10.108,8.139,14205.0,18.458,0.6708,284.1,93.8
2026-07-04T18:00:00,20.423,19.631,21.27,22.06,1.214,1.161,0.5925,0.5796,9.761,8.060,14224.6,18.492,0.6710,284.5,93.9
2026-07-04T19:00:00,18.591,18.364,20.88,21.98,1.211,1.157,0.6201,0.5645,9.936,8.081,14243.0,18.526,0.6721,284.9,94.0
2026-07-04T20:00:00,19.246,18.738,20.50,21.58,1.209,1.158,0.6315,0.5452,9.381,8.151,14261.7,18.549,0.6737,285.2,94.1
2026-07-04T21:00:00,18.306,18.110,20.04,21.05,1.145,1.093,0.6228,0.5714,9.583,7.899,14279.8,18.579,0.6746,285.6,94.2
2026-07-04T22:00:00,18.070,17.432,19.41,20.13,1.203,1.136,0.6282,0.5384,9.903,8.133,14297.2,18.610,0.6762,285.9,94.4
2026-07-04T23:00:00,18.763,18.286,18.40,18.97,1.183,1.133,0.6233,0.5929,9.953,8.313,14315.5,18.640,0.6767,286.3,94.5
2026-07-05T00:00:00,16.607,16.318,18.66,19.29,1.158,1.100,0.6538,0.5479,9.852,8.413,14331.8,18.663,0.6785,286.6,94.6
2026-07-05T01:00:00,17.745,17.050,17.99,18.25,1.139,1.085,0.5544,0.5491,10.211,8.392,14348.9,18.694,0.6785,287.0,94.7
2026-07-05T02:00:00,16.801,16.316,17.45,18.23,1.147,1.092,0.6187,0.5561,10.015,8.312,14365.2,18.722,0.6796,287.3,94.8
2026-07-05T03:00:00,17.051,16.637,17.73,18.37,1.140,1.080,0.5799,0.5661,10.630,7.936,14381.8,18.767,0.6798,287.6,94.9
2026-07-05T04:00:00,16.624,16.223,17.79,19.08,1.128,1.076,0.5845,0.5475,9.559,8.262,14398.1,18.788,0.6804,288.0,95.0
2026-07-05T05:00:00,16.724,16.251,17.97,19.14,1.148,1.098,0.6293,0.5443,9.627,8.114,14414.3,18.813,0.6818,288.3,95.1
2026-07-05T06:00:00,17.398,16.969,18.22,19.25,1.142,1.090,0.5898,0.5645,9.935,8.566,14431.3,18.836,0.6822,288.6,95.2
2026-07-05T07:00:00,16.894,16.704,19.00,19.66,1.174,1.118,0.6014,0.5477,10.339,8.498,14448.0,18.867,0.6831,289.0,95.4
2026-07-05T08:00:00,17.110,16.626,19.06,20.04,1.167,1.109,0.5998,0.5490,9.638,8.412,14464.6,18.887,0.6840,289.3,95.5
2026-07-05T09:00:00,18.173,17.829,20.25,21.06,1.182,1.118,0.5551,0.5457,9.784,8.317,14482.4,18.913,0.6841,289.6,95.6
2026-07-05T10:00:00,17.808,17.418,20.49,21.25,1.160,1.107,0.5901,0.5354,9.160,8.060,14499.9,18.932,0.6851,290.0,95.7
2026-07-05T11:00:00,18.059,17.721,20.47,21.54,1.189,1.131,0.5864,0.5622,9.971,8.221,14517.6,18.963,0.6855,290.4,95.8
2026-07-05T12:00:00,19.040,18.476,21.46,22.19,1.205,1.155,0.5909,0.5440,9.274,8.137,14536.1,18.984,0.6864,290.7,95.9
2026-07-05T13:00:00,18.964,18.435,21.99,22.59,1.231,1.178,0.5529,0.5535,9.673,8.253,14554.5,19.011,0.6864,291.1,96.1
2026-07-05T14:00:00,19.519,19.257,21.52,22.19,1.218,1.168,0.6370,0.5575,9.336,8.421,14573.8,19.028,0.6879,291.5,96.2
2026-07-05T15:00:00,19.885,19.457,22.07,23.12,1.247,1.189,0.5766,0.5643,9.963,7.980,14593.2,19.067,0.6881,291.9,96.3
2026-07-05T16:00:00,18.850,18.478,22.28,23.15,1.234,1.172,0.6890,0.5505,9.542,8.485,14611.7,19.086,0.6907,292.2,96.4
2026-07-05T17:00:00,18.565,18.039,21.55,22.16,1.190,1.138,0.6126,0.5387,9.244,8.060,14629.7,19.108,0.6920,292.6,96.6
2026-07-05T18:00:00,19.655,19.338,20.33,21.03,1.229,1.178,0.6168,0.5317,9.545,8.272,14649.1,19.132,0.6937,293.0,96.7
2026-07-05T19:00:00,19.258,18.858,20.97,21.90,1.218,1.162,0.6501,0.5568,9.918,8.017,14667.9,19.168,0.6954,293.4,96.8
2026-07-05T20:00:00,18.038,17.699,20.45,21.29,1.184,1.132,0.5335,0.5500,8.794,8.442,14685.6,19.174,0.6954,293.7,96.9
2026-07-05T21:00:00,17.498,17.309,20.12,21.13,1.184,1.120,0.5881,0.5591,9.829,8.058,14702.9,19.205,0.6959,294.1,97.0
2026-07-05T22:00:00,17.735,17.180,18.94,19.56,1.186,1.129,0.5804,0.5638,10.168,8.181,14720.1,19.239,0.6962,294.4,97.2
2026-07-05T23:00:00,16.106,15.649,19.12,19.56,1.175,1.108,0.5909,0.5598,9.925,7.973,14735.8,19.270,0.6967,294.7,97.3
2026-07-06T00:00:00,17.501,17.054,18.13,19.20,1.147,1.097,0.5538,0.5402,9.086,8.232,14752.8,19.284,0.6969,295.1,97.4
2026-07-06T01:00:00,17.000,16.439,17.81,18.11,1.153,1.100,0.6052,0.5337,9.160,8.172,14769.2,19.300,0.6981,295.4,97.5
2026-07-06T02:00:00,17.299,16.999,17.73,18.19,1.169,1.107,0.5911,0.5688,9.235,8.318,14786.2,19.316,0.6985,295.7,97.6
2026-07-06T03:00:00,16.259,16.086,17.96,18.50,1.109,1.053,0.5912,0.5417,8.958,8.145,14802.3,19.329,0.6993,296.0,97.7
2026-07-06T04:00:00,17.442,17.139,18.35,19.05,1.133,1.082,0.5805,0.5492,9.198,8.425,14819.5,19.342,0.6998,296.4,97.8
2026-07-06T05:00:00,17.701,17.582,18.02,18.58,1.141,1.091,0.6207,0.5317,9.291,8.240,14837.1,19.361,0.7014,296.7,97.9
2026-07-06T06:00:00,16.680,16.098,18.20,18.92,1.128,1.073,0.6200,0.5668,9.770,7.968,14853.2,19.390,0.7022,297.1,98.0
2026-07-06T07:00:00,17.590,17.085,18.03,18.48,1.161,1.101,0.6131,0.5250,9.155,8.325,14870.2,19.404,0.7037,297.4,98.1
2026-07-06T08:00:00,17.691,17.309,18.66,19.30,1.150,1.090,0.5606,0.5551,9.115,8.284,14887.5,19.418,0.7038,297.8,98.3
2026-07-06T09:00:00,18.369,17.919,19.90,20.71,1.173,1.113,0.5815,0.5647,9.361,8.499,14905.5,19.434,0.7041,298.1,98.4
2026-07-06T10:00:00,17.913,17.415,20.09,21.03,1.170,1.114,0.6796,0.5284,9.721,8.249,14922.9,19.460,0.7068,298.5,98.5
2026-07-06T11:00:00,18.663,18.052,21.32,21.93,1.197,1.136,0.6242,0.5694,10.075,8.018,14940.9,19.497,0.7078,298.8,98.6
2026-07-06T12:00:00,17.502,16.792,20.71,21.24,1.194,1.135,0.5888,0.5602,10.095,7.858,14957.7,19.534,0.7082,299.2,98.7
2026-07-06T13:00:00,19.985,19.627,22.36,23.20,1.220,1.158,0.5314,0.5334,9.746,8.469,14977.4,19.559,0.7082,299.5,98.9
2026-07-06T14:00:00,19.358,18.628,21.93,22.79,1.217,1.163,0.6744,0.5618,9.701,8.175,14996.0,19.588,0.7103,299.9,99.0
2026-07-06T15:00:00,18.456,18.168,21.64,22.42,1.222,1.158,0.6149,0.5453,10.031,7.877,15014.1,19.627,0.7116,300.3,99.1
2026-07-06T16:00:00,19.648,19.132,21.89,22.57,1.208,1.152,0.5858,0.5658,9.581,8.281,15033.3,19.652,0.7120,300.7,99.2
2026-07-06T17:00:00,19.321,18.811,21.68,22.46,1.186,1.132,0.6319,0.5390,10.307,8.223,15052.1,19.691,0.7137,301.0,99.3
2026-07-06T18:00:00,18.456,18.228,21.19,21.70,1.205,1.154,0.5947,0.5499,9.436,8.385,15070.3,19.710,0.7146,301.4,99.5
2026-07-06T19:00:00,19.167,18.617,20.93,21.70,1.187,1.127,0.5699,0.5426,9.552,8.204,15088.9,19.735,0.7151,301.8,99.6
2026-07-06T20:00:00,18.558,18.056,19.94,20.91,1.179,1.129,0.6692,0.5494,9.283,8.165,15107.0,19.755,0.7172,302.1,99.7
2026-07-06T21:00:00,18.202,18.044,19.31,19.92,1.140,1.087,0.5513,0.5562,9.876,8.149,15125.0,19.787,0.7172,302.5,99.8
2026-07-06T22:00:00,17.831,17.506,19.35,20.46,1.175,1.121,0.6199,0.5497,10.323,8.005,15142.5,19.827,0.7185,302.9,99.9
2026-07-06T23:00:00,17.656,17.128,18.51,19.33,1.158,1.104,0.5730,0.5443,10.334,8.228,15159.7,19.863,0.7189,303.2,100.1
2026-07-07T00:00:00,17.645,17.291,17.94,18.77,1.141,1.078,0.6109,0.5729,9.869,7.663,15177.0,19.901,0.7196,303.5,100.2
2026-07-07T01:00:00,17.276,17.149,18.11,18.51,1.135,1.084,0.5224,0.5403,10.121,8.250,15194.1,19.933,0.7196,303.9,100.3
2026-07-07T02:00:00,17.082,16.525,17.36,18.17,1.140,1.090,0.6158,0.5526,10.445,8.408,15210.6,19.967,0.7206,304.2,100.4
2026-07-07T03:00:00,17.029,16.537,17.92,18.86,1.160,1.107,0.6236,0.5618,9.816,8.215,15227.2,19.994,0.7217,304.5,100.5
2026-07-07T04:00:00,16.954,16.505,17.57,18.32,1.134,1.079,0.6277,0.5510,9.608,8.412,15243.7,20.013,0.7229,304.9,100.6
2026-07-07T05:00:00,17.355,16.964,17.87,18.66,1.139,1.084,0.6178,0.5318,9.492,8.022,15260.6,20.038,0.7244,305.2,100.7
2026-07-07T06:00:00,17.217,16.733,18.19,19.39,1.149,1.085,0.6005,0.5446,8.995,8.156,15277.4,20.052,0.7253,305.5,100.8
2026-07-07T07:00:00,17.672,17.295,18.21,18.54,1.171,1.114,0.6042,0.5380,9.040,7.868,15294.7,20.072,0.7265,305.9,100.9
2026-07-07T08:00:00,17.947,17.532,18.73,19.36,1.151,1.090,0.5704,0.5468,10.094,8.122,15312.2,20.107,0.7269,306.2,101.1
2026-07-07T09:00:00,17.525,17.246,19.72,20.30,1.176,1.118,0.5947,0.5496,9.671,8.053,15329.4,20.135,0.7277,306.6,101.2
2026-07-07T10:00:00,18.613,18.329,20.42,21.16,1.175,1.105,0.6305,0.5352,9.441,7.994,15347.8,20.161,0.7294,307.0,101.3
2026-07-07T11:00:00,17.251,16.823,21.92,22.80,1.197,1.141,0.6840,0.5251,9.625,7.979,15364.6,20.189,0.7321,307.3,101.4
2026-07-07T12:00:00,18.964,18.435,21.23,22.52,1.203,1.145,0.6260,0.5595,8.686,8.290,15383.0,20.197,0.7333,307.7,101.5
2026-07-07T13:00:00,19.233,18.872,21.76,22.30,1.227,1.171,0.5557,0.5302,9.946,8.033,15401.9,20.233,0.7338,308.0,101.7
2026-07-07T14:00:00,18.703,18.222,21.20,22.42,1.228,1.165,0.5720,0.5484,10.338,7.977,15420.1,20.276,0.7342,308.4,101.8
2026-07-07T15:00:00,18.227,17.642,22.19,23.76,1.262,1.209,0.6654,0.5469,9.647,8.389,15437.8,20.298,0.7363,308.8,101.9
2026-07-07T16:00:00,18.805,18.024,21.76,22.65,1.230,1.178,0.6177,0.5441,9.475,7.974,15455.8,20.325,0.7376,309.1,102.0
2026-07-07T17:00:00,19.060,18.389,21.11,22.34,1.188,1.137,0.5813,0.5466,9.918,8.391,15474.2,20.353,0.7383,309.5,102.1
2026-07-07T18:00:00,19.621,18.995,20.86,21.28,1.210,1.145,0.6273,0.5416,9.828,8.091,15493.2,20.386,0.7399,309.9,102.3
2026-07-07T19:00:00,18.894,18.350,20.70,21.21,1.201,1.148,0.5578,0.5651,9.386,8.064,15511.5,20.410,0.7399,310.2,102.4
2026-07-07T20:00:00,17.939,17.260,20.23,20.97,1.217,1.161,0.5716,0.5494,9.684,8.341,15528.8,20.433,0.7403,310.6,102.5
2026-07-07T21:00:00,17.576,16.979,19.76,19.87,1.174,1.121,0.5960,0.5497,10.181,8.270,15545.8,20.466,0.7411,310.9,102.6
2026-07-07T22:00:00,16.911,16.340,19.57,20.56,1.158,1.093,0.6527,0.5443,9.638,8.294,15562.1,20.488,0.7428,311.2,102.7
2026-07-07T23:00:00,18.020,17.435,19.02,20.02,1.167,1.117,0.6305,0.5434,10.085,8.097,15579.5,20.522,0.7444,311.6,102.8
2026-07-08T00:00:00,18.282,17.745,18.06,18.69,1.161,1.105,0.5924,0.5481,9.102,8.230,15597.3,20.538,0.7452,311.9,102.9
2026-07-08T01:00:00,16.057,15.603,17.38,17.99,1.156,1.105,0.5895,0.5362,9.463,8.258,15612.9,20.557,0.7460,312.3,103.0
2026-07-08T02:00:00,17.285,16.656,17.10,17.98,1.169,1.116,0.6047,0.5554,9.407,8.373,15629.5,20.574,0.7468,312.6,103.2
2026-07-08T03:00:00,16.751,16.391,17.19,17.65,1.122,1.067,0.6496,0.5580,9.209,8.125,15645.9,20.592,0.7483,312.9,103.3
2026-07-08T04:00:00,16.808,16.489,18.17,18.80,1.153,1.100,0.5844,0.5508,9.965,8.357,15662.4,20.618,0.7489,313.2,103.4
2026-07-08T05:00:00,15.990,15.543,17.94,18.26,1.148,1.097,0.6128,0.5508,9.567,7.969,15678.0,20.643,0.7498,313.6,103.5
2026-07-08T06:00:00,17.756,17.287,17.49,18.38,1.164,1.111,0.6342,0.5482,9.153,8.401,15695.3,20.656,0.7513,313.9,103.6
2026-07-08T07:00:00,17.853,17.370,18.46,19.30,1.159,1.094,0.6144,0.5333,9.573,8.014,15712.6,20.683,0.7527,314.3,103.7
2026-07-08T08:00:00,18.093,17.772,19.05,19.96,1.183,1.129,0.6421,0.5587,9.295,8.245,15730.4,20.702,0.7542,314.6,103.8
2026-07-08T09:00:00,17.941,17.426,20.12,21.01,1.181,1.130,0.6111,0.5385,9.103,8.365,15747.8,20.715,0.7555,315.0,103.9
2026-07-08T10:00:00,18.237,17.640,20.07,21.08,1.193,1.140,0.5897,0.5480,9.743,7.966,15765.5,20.746,0.7562,315.3,104.1
2026-07-08T11:00:00,17.377,16.956,20.26,21.15,1.178,1.123,0.6128,0.5615,10.315,8.007,15782.4,20.785,0.7571,315.6,104.2
2026-07-08T12:00:00,19.012,18.904,22.06,22.88,1.252,1.201,0.5613,0.5680,9.515,8.042,15801.3,20.813,0.7571,316.0,104.3
2026-07-08T13:00:00,19.004,18.335,21.61,22.20,1.210,1.151,0.5925,0.5566,9.917,8.069,15819.7,20.847,0.7577,316.4,104.4
2026-07-08T14:00:00,18.729,17.925,21.53,22.40,1.209,1.151,0.6196,0.5580,9.184,8.263,15837.6,20.863,0.7588,316.8,104.5
2026-07-08T15:00:00,19.682,19.013,21.27,21.73,1.231,1.169,0.5854,0.5802,9.691,8.177,15856.6,20.892,0.7589,317.1,104.7
2026-07-08T16:00:00,18.972,18.448,20.93,21.95,1.252,1.186,0.5433,0.5549,9.240,8.091,15875.0,20.913,0.7589,317.5,104.8
2026-07-08T17:00:00,19.682,19.179,21.22,21.88,1.221,1.159,0.7226,0.5483,9.838,8.189,15894.2,20.945,0.7623,317.9,104.9
2026-07-08T18:00:00,18.976,18.219,21.43,22.54,1.213,1.157,0.6568,0.5486,10.253,8.164,15912.4,20.983,0.7643,318.2,105.0
2026-07-08T19:00:00,18.078,17.578,20.13,20.90,1.207,1.150,0.6662,0.5606,9.813,7.899,15930.0,21.017,0.7661,318.6,105.1
2026-07-08T20:00:00,19.426,18.908,19.64,20.49,1.165,1.111,0.6929,0.5550,9.490,8.323,15948.9,21.039,0.7687,319.0,105.3
2026-07-08T21:00:00,18.183,17.729,19.37,20.31,1.175,1.111,0.7054,0.5442,9.555,8.054,15966.7,21.065,0.7716,319.3,105.4
2026-07-08T22:00:00,18.621,18.229,19.02,19.66,1.165,1.111,0.5940,0.5420,9.738,8.379,15984.9,21.090,0.7725,319.7,105.5
2026-07-08T23:00:00,17.261,16.804,18.91,19.35,1.141,1.077,0.6373,0.5561,10.295,8.183,16001.7,21.126,0.7739,320.0,105.6
2026-07-09T00:00:00,15.964,15.580,17.55,18.16,1.142,1.090,0.5767,0.5467,9.241,8.458,16017.3,21.138,0.7744,320.3,105.7
2026-07-09T01:00:00,17.666,17.263,18.28,19.44,1.142,1.078,0.6324,0.5510,9.420,8.181,16034.5,21.159,0.7758,320.7,105.8
2026-07-09T02:00:00,17.499,16.873,17.88,18.58,1.163,1.101,0.6371,0.5651,9.914,8.380,16051.4,21.185,0.7770,321.0,105.9
2026-07-09T03:00:00,16.800,16.461,17.39,18.19,1.153,1.098,0.6027,0.5466,10.104,8.122,16067.9,21.218,0.7779,321.4,106.0
2026-07-09T04:00:00,16.628,16.312,17.70,18.49,1.133,1.070,0.5246,0.5570,9.795,7.870,16084.2,21.249,0.7779,321.7,106.2
2026-07-09T05:00:00,15.905,15.700,17.56,18.44,1.147,1.089,0.5624,0.5455,9.227,8.150,16099.9,21.266,0.7782,322.0,106.3
2026-07-09T06:00:00,16.996,16.756,18.30,19.21,1.164,1.109,0.5355,0.5347,8.894,7.906,16116.6,21.283,0.7782,322.3,106.4
2026-07-09T07:00:00,17.103,16.416,18.64,19.32,1.144,1.090,0.5789,0.5314,10.242,7.987,16133.1,21.320,0.7790,322.7,106.5
2026-07-09T08:00:00,18.003,17.800,19.45,20.05,1.166,1.108,0.5810,0.5294,9.878,8.020,16150.9,21.353,0.7799,323.0,106.6
2026-07-09T09:00:00,17.871,17.399,19.63,20.43,1.179,1.121,0.6457,0.5515,9.197,7.992,16168.3,21.374,0.7815,323.4,106.7
2026-07-09T10:00:00,17.792,17.376,20.00,21.30,1.208,1.144,0.6325,0.5615,9.515,8.131,16185.6,21.398,0.7827,323.7,106.8
2026-07-09T11:00:00,18.835,18.392,20.41,20.89,1.196,1.145,0.6322,0.5459,8.825,8.113,16204.0,21.411,0.7843,324.1,106.9
2026-07-09T12:00:00,19.642,19.046,20.05,21.22,1.205,1.152,0.5944,0.5464,8.552,8.337,16223.1,21.415,0.7852,324.5,107.1
2026-07-09T13:00:00,19.563,19.294,21.33,22.23,1.217,1.164,0.6381,0.5434,10.090,7.835,16242.4,21.458,0.7871,324.8,107.2
2026-07-09T14:00:00,18.706,18.310,21.35,22.21,1.204,1.154,0.5962,0.5691,10.086,7.875,16260.7,21.499,0.7876,325.2,107.3
2026-07-09T15:00:00,19.166,18.829,22.20,22.99,1.210,1.153,0.5878,0.5530,9.715,8.123,16279.5,21.529,0.7882,325.6,107.4
2026-07-09T16:00:00,18.625,17.881,21.25,22.13,1.210,1.152,0.6569,0.5444,9.713,7.800,16297.4,21.563,0.7902,325.9,107.6
2026-07-09T17:00:00,19.054,18.687,21.38,22.38,1.231,1.179,0.6260,0.5277,9.191,8.197,16316.1,21.582,0.7921,326.3,107.7
2026-07-09T18:00:00,18.867,18.415,21.55,22.66,1.214,1.150,0.5624,0.5617,10.009,8.239,16334.5,21.614,0.7921,326.7,107.8
2026-07-09T19:00:00,18.447,18.302,20.51,21.33,1.215,1.146,0.6081,0.5589,8.912,8.178,16352.8,21.628,0.7930,327.1,107.9
2026-07-09T20:00:00,18.295,17.890,19.34,19.50,1.201,1.142,0.6136,0.5561,9.389,8.354,16370.7,21.646,0.7940,327.4,108.0
2026-07-09T21:00:00,17.146,16.637,19.26,20.11,1.192,1.132,0.5614,0.5332,9.073,8.265,16387.3,21.660,0.7945,327.7,108.2
2026-07-09T22:00:00,18.602,18.126,18.71,19.62,1.147,1.095,0.5977,0.5524,9.813,8.293,16405.4,21.687,0.7953,328.1,108.3
2026-07-09T23:00:00,17.718,17.406,18.47,19.12,1.145,1.088,0.5964,0.5433,9.346,8.290,16422.8,21.706,0.7962,328.5,108.4
2026-07-10T00:00:00,17.244,16.712,17.64,18.33,1.141,1.081,0.6249,0.5665,10.141,8.310,16439.6,21.736,0.7972,328.8,108.5
2026-07-10T01:00:00,17.788,17.373,17.05,17.96,1.154,1.102,0.5939,0.5709,8.582,8.168,16456.9,21.743,0.7976,329.1,108.6
2026-07-10T02:00:00,17.659,17.243,17.42,18.27,1.138,1.082,0.5775,0.5223,9.443,8.175,16474.2,21.765,0.7986,329.5,108.7
2026-07-10T03:00:00,17.435,16.920,17.94,18.70,1.148,1.097,0.6007,0.5272,9.517,7.923,16491.1,21.792,0.7998,329.8,108.8
2026-07-10T04:00:00,17.002,16.391,16.74,17.52,1.136,1.078,0.6527,0.5470,9.438,8.102,16507.5,21.814,0.8015,330.1,108.9
2026-07-10T05:00:00,17.451,17.068,18.13,18.68,1.146,1.091,0.5450,0.5520,9.471,8.266,16524.6,21.835,0.8015,330.5,109.1
2026-07-10T06:00:00,16.707,16.262,18.01,19.33,1.169,1.112,0.6428,0.5411,10.234,8.155,16540.8,21.869,0.8032,330.8,109.2
2026-07-10T07:00:00,16.928,16.575,18.00,18.63,1.161,1.104,0.5858,0.5497,9.819,8.251,16557.4,21.895,0.8038,331.1,109.3
2026-07-10T08:00:00,18.162,17.709,19.28,20.06,1.184,1.120,0.6620,0.5488,9.751,8.282,16575.1,21.921,0.8058,331.5,109.4
2026-07-10T09:00:00,18.378,18.182,19.71,20.54,1.180,1.126,0.6359,0.5617,9.492,8.139,16593.3,21.945,0.8071,331.9,109.5
2026-07-10T10:00:00,18.571,18.180,19.48,20.21,1.179,1.125,0.6231,0.5426,9.385,7.755,16611.5,21.975,0.8086,332.2,109.6
2026-07-10T11:00:00,18.286,17.886,20.39,21.02,1.222,1.167,0.5710,0.5369,9.569,7.929,16629.3,22.004,0.8092,332.6,109.8
2026-07-10T12:00:00,18.722,18.451,20.97,22.04,1.224,1.162,0.6082,0.5356,9.719,8.310,16647.8,22.030,0.8105,333.0,109.9
2026-07-10T13:00:00,18.388,18.169,21.48,21.85,1.230,1.168,0.6453,0.5391,10.491,8.276,16666.0,22.070,0.8125,333.3,110.0
2026-07-10T14:00:00,18.370,17.935,21.23,22.09,1.230,1.172,0.6125,0.5614,9.971,7.913,16683.9,22.107,0.8134,333.7,110.1
2026-07-10T15:00:00,19.524,18.978,21.20,21.84,1.214,1.153,0.6116,0.5596,10.629,8.041,16702.9,22.156,0.8144,334.1,110.2
2026-07-10T16:00:00,18.281,17.846,20.56,20.91,1.208,1.157,0.5684,0.5450,9.275,7.816,16720.7,22.182,0.8148,334.4,110.4
2026-07-10T17:00:00,18.978,18.540,21.03,21.76,1.184,1.127,0.5543,0.5289,10.499,8.129,16739.3,22.226,0.8153,334.8,110.5
2026-07-10T18:00:00,18.889,18.745,20.73,21.38,1.224,1.169,0.6480,0.5396,9.201,8.359,16758.0,22.242,0.8173,335.2,110.6
2026-07-10T19:00:00,18.875,18.464,19.88,20.77,1.192,1.137,0.5705,0.5275,9.864,8.346,16776.5,22.270,0.8181,335.5,110.7
2026-07-10T20:00:00,20.204,19.683,20.42,21.25,1.200,1.150,0.6254,0.5503,10.096,8.169,16796.2,22.308,0.8196,335.9,110.9
2026-07-10T21:00:00,17.906,17.459,19.21,19.86,1.201,1.145,0.6225,0.5348,9.460,8.106,16813.6,22.332,0.8211,336.3,111.0
2026-07-10T22:00:00,17.775,17.241,18.88,19.80,1.181,1.119,0.5333,0.5528,9.847,8.078,16830.9,22.362,0.8211,336.6,111.1
2026-07-10T23:00:00,16.991,16.544,18.56,19.23,1.175,1.119,0.6161,0.5556,9.780,7.716,16847.4,22.396,0.8221,336.9,111.2
2026-07-11T00:00:00,16.659,16.411,18.05,18.74,1.154,1.098,0.5893,0.5317,9.062,7.628,16863.8,22.420,0.8230,337.3,111.3
2026-07-11T01:00:00,18.335,17.816,17.61,18.62,1.152,1.097,0.6054,0.5610,9.522,7.969,16881.6,22.448,0.8238,337.6,111.4
2026-07-11T02:00:00,16.650,16.258,17.30,18.09,1.141,1.079,0.6302,0.5551,10.098,8.193,16897.9,22.479,0.8251,338.0,111.5
2026-07-11T03:00:00,16.280,15.991,18.08,19.03,1.121,1.057,0.6750,0.5553,9.556,8.088,16913.9,22.502,0.8270,338.3,111.6
2026-07-11T04:00:00,18.128,17.575,17.29,18.48,1.147,1.095,0.5859,0.5593,10.006,8.063,16931.5,22.536,0.8274,338.6,111.7
2026-07-11T05:00:00,18.143,17.598,17.15,18.21,1.175,1.120,0.6914,0.5448,9.062,8.004,16949.0,22.555,0.8300,339.0,111.9
2026-07-11T06:00:00,17.917,17.576,17.53,18.22,1.156,1.101,0.6431,0.5432,10.006,7.938,16966.6,22.591,0.8318,339.3,112.0
2026-07-11T07:00:00,16.952,16.547,19.06,20.13,1.169,1.118,0.6395,0.5325,8.921,8.046,16983.2,22.606,0.8335,339.7,112.1
2026-07-11T08:00:00,17.463,17.427,18.73,19.14,1.151,1.093,0.6033,0.5334,9.417,8.170,17000.6,22.627,0.8348,340.0,112.2
2026-07-11T09:00:00,17.125,16.935,19.25,20.36,1.181,1.127,0.5359,0.5482,8.946,8.165,17017.5,22.641,0.8348,340.4,112.3
2026-07-11T10:00:00,17.504,16.929,19.51,20.65,1.178,1.120,0.6099,0.5484,9.815,8.081,17034.5,22.670,0.8358,340.7,112.4
2026-07-11T11:00:00,17.689,17.084,20.36,21.41,1.189,1.134,0.6208,0.5770,9.758,8.057,17051.5,22.699,0.8366,341.0,112.5
2026-07-11T12:00:00,19.250,18.714,20.36,21.02,1.221,1.164,0.6275,0.5390,10.240,7.951,17070.3,22.742,0.8382,341.4,112.7
2026-07-11T13:00:00,18.793,18.209,20.94,21.65,1.220,1.165,0.6367,0.5412,10.109,8.191,17088.5,22.777,0.8400,341.8,112.8
2026-07-11T14:00:00,18.064,17.377,20.86,21.91,1.226,1.171,0.6640,0.5332,8.738,7.983,17105.8,22.790,0.8422,342.1,112.9
2026-07-11T15:00:00,19.276,18.742,21.47,22.45,1.221,1.169,0.6496,0.5470,9.643,7.925,17124.6,22.822,0.8441,342.5,113.0
2026-07-11T16:00:00,19.793,19.614,21.45,22.20,1.226,1.171,0.5874,0.5617,9.025,7.821,17144.2,22.846,0.8447,342.9,113.2
2026-07-11T17:00:00,19.684,19.120,21.28,22.13,1.206,1.151,0.6273,0.5710,9.613,8.168,17163.3,22.873,0.8457,343.3,113.3
2026-07-11T18:00:00,19.754,19.324,21.61,22.47,1.203,1.145,0.6811,0.5489,9.375,8.115,17182.6,22.898,0.8483,343.7,113.4
2026-07-11T19:00:00,18.381,17.668,20.23,21.00,1.194,1.127,0.5998,0.5438,9.240,7.957,17200.3,22.920,0.8493,344.0,113.5
2026-07-11T20:00:00,18.391,18.201,19.74,20.82,1.203,1.150,0.6321,0.5494,9.126,8.308,17218.5,22.935,0.8508,344.4,113.6
2026-07-11T21:00:00,17.791,17.187,19.58,20.54,1.207,1.150,0.6166,0.5503,9.140,8.081,17235.7,22.953,0.8519,344.7,113.8
2026-07-11T22:00:00,17.020,16.454,19.78,20.44,1.153,1.090,0.6633,0.5489,9.457,7.910,17252.2,22.979,0.8538,345.0,113.9
2026-07-11T23:00:00,17.274,16.752,18.63,19.53,1.149,1.099,0.6030,0.5488,9.689,8.504,17268.9,22.999,0.8547,345.4,114.0
2026-07-12T00:00:00,16.832,16.425,17.64,18.14,1.148,1.084,0.6290,0.5538,10.003,7.735,17285.3,23.036,0.8559,345.7,114.1
2026-07-12T01:00:00,16.966,16.375,17.37,18.23,1.125,1.070,0.6232,0.5656,10.558,8.021,17301.7,23.077,0.8569,346.0,114.2
2026-07-12T02:00:00,16.584,16.271,16.44,17.55,1.167,1.112,0.6287,0.5551,10.702,7.905,17318.0,23.123,0.8581,346.4,114.3
2026-07-12T03:00:00,17.178,16.744,17.42,18.64,1.136,1.075,0.6031,0.5574,10.206,7.946,17334.7,23.161,0.8589,346.7,114.4
2026-07-12T04:00:00,16.649,16.274,17.71,18.29,1.119,1.056,0.6474,0.5281,9.777,8.241,17351.0,23.186,0.8608,347.0,114.5
2026-07-12T05:00:00,16.994,16.617,18.44,19.45,1.139,1.081,0.6421,0.5429,9.500,7.890,17367.6,23.213,0.8624,347.4,114.6
2026-07-12T06:00:00,16.500,16.090,17.56,18.34,1.159,1.107,0.5856,0.5389,9.855,7.935,17383.7,23.243,0.8632,347.7,114.7
2026-07-12T07:00:00,16.948,16.317,18.88,19.46,1.166,1.110,0.5681,0.5574,10.616,7.536,17400.0,23.294,0.8634,348.0,114.8
2026-07-12T08:00:00,18.199,17.517,19.38,19.95,1.167,1.110,0.5564,0.5333,9.752,8.062,17417.5,23.323,0.8638,348.4,115.0
2026-07-12T09:00:00,19.114,18.646,19.87,20.14,1.194,1.133,0.5630,0.5553,10.591,7.971,17436.2,23.372,0.8639,348.7,115.1
2026-07-12T10:00:00,18.295,18.276,19.93,20.95,1.208,1.151,0.5438,0.5401,8.481,8.222,17454.5,23.377,0.8640,349.1,115.2
2026-07-12T11:00:00,18.863,18.236,20.54,21.09,1.202,1.146,0.6574,0.5551,9.203,8.170,17472.7,23.396,0.8658,349.5,115.3
2026-07-12T12:00:00,19.305,18.662,21.04,21.77,1.219,1.163,0.6170,0.5556,9.164,8.353,17491.4,23.411,0.8670,349.8,115.4
2026-07-12T13:00:00,18.445,17.748,21.17,21.81,1.216,1.163,0.6371,0.5314,10.342,8.124,17509.1,23.450,0.8689,350.2,115.6
2026-07-12T14:00:00,19.026,18.738,20.96,22.00,1.214,1.158,0.6423,0.5412,8.963,8.177,17527.8,23.465,0.8708,350.6,115.7
2026-07-12T15:00:00,18.879,18.366,21.69,22.71,1.208,1.147,0.6192,0.5623,9.455,8.123,17546.2,23.489,0.8718,350.9,115.8
2026-07-12T16:00:00,19.583,19.226,21.31,21.96,1.225,1.173,0.5968,0.5424,9.018,8.219,17565.4,23.505,0.8729,351.3,115.9
2026-07-12T17:00:00,19.416,19.121,20.79,21.93,1.197,1.143,0.5880,0.5559,9.685,8.174,17584.6,23.534,0.8735,351.7,116.1
2026-07-12T18:00:00,18.562,18.350,20.79,21.07,1.192,1.140,0.5896,0.5462,10.412,8.004,17602.9,23.578,0.8743,352.1,116.2
2026-07-12T19:00:00,18.516,17.980,20.57,21.28,1.204,1.150,0.6164,0.5323,9.899,7.799,17620.9,23.616,0.8758,352.4,116.3
2026-07-12T20:00:00,17.499,17.080,19.59,20.54,1.179,1.124,0.6033,0.5389,8.940,8.216,17638.0,23.628,0.8769,352.8,116.4
2026-07-12T21:00:00,17.014,16.528,19.38,20.13,1.193,1.138,0.5861,0.5533,9.402,8.028,17654.5,23.651,0.8774,353.1,116.5
2026-07-12T22:00:00,18.077,17.624,18.79,19.84,1.162,1.100,0.6398,0.5540,11.054,7.766,17672.1,23.709,0.8789,353.4,116.6
2026-07-12T23:00:00,17.181,16.709,18.47,19.08,1.153,1.101,0.5960,0.5495,9.267,7.906,17688.8,23.731,0.8797,353.8,116.7
2026-07-13T00:00:00,17.397,16.955,17.16,18.29,1.151,1.091,0.5827,0.5480,9.562,7.824,17705.8,23.761,0.8803,354.1,116.9
2026-07-13T01:00:00,17.599,17.087,18.06,19.02,1.141,1.081,0.6422,0.5488,9.760,7.786,17722.9,23.795,0.8819,354.5,117.0
2026-07-13T02:00:00,16.804,16.351,17.40,18.17,1.119,1.058,0.5821,0.5277,9.296,7.706,17739.2,23.821,0.8828,354.8,117.1
2026-07-13T03:00:00,16.891,16.342,16.61,17.69,1.116,1.064,0.6621,0.5502,9.297,8.041,17755.6,23.841,0.8846,355.1,117.2
2026-07-13T04:00:00,17.206,16.661,17.18,18.10,1.164,1.114,0.6153,0.5399,10.042,8.221,17772.2,23.871,0.8859,355.4,117.3
2026-07-13T05:00:00,16.164,15.710,17.33,18.43,1.143,1.080,0.6353,0.5433,9.818,8.045,17787.9,23.899,0.8873,355.8,117.4
2026-07-13T06:00:00,17.094,16.822,17.60,18.64,1.138,1.085,0.5855,0.5390,9.054,8.122,17804.8,23.915,0.8881,356.1,117.5
2026-07-13T07:00:00,17.267,16.657,18.93,20.20,1.160,1.107,0.6630,0.5603,9.127,8.014,17821.4,23.934,0.8898,356.4,117.6
2026-07-13T08:00:00,18.141,17.617,18.78,19.16,1.178,1.127,0.6294,0.5375,10.553,8.314,17839.0,23.973,0.8914,356.8,117.7
2026-07-13T09:00:00,18.491,18.130,18.87,19.75,1.210,1.158,0.5474,0.5587,8.896,8.186,17857.2,23.986,0.8914,357.1,117.9
2026-07-13T10:00:00,18.359,18.048,20.09,21.24,1.191,1.141,0.6495,0.5499,8.739,7.866,17875.2,24.002,0.8932,357.5,118.0
2026-07-13T11:00:00,19.219,18.631,20.06,20.72,1.189,1.128,0.5559,0.5170,9.329,7.743,17893.8,24.031,0.8940,357.9,118.1
2026-07-13T12:00:00,19.359,18.946,20.24,21.29,1.225,1.172,0.5915,0.5637,8.971,7.993,17912.8,24.050,0.8945,358.3,118.2
2026-07-13T13:00:00,19.594,19.025,21.39,22.16,1.198,1.143,0.5884,0.5195,8.622,8.046,17931.8,24.061,0.8958,358.6,118.3
2026-07-13T14:00:00,19.497,19.330,21.22,21.66,1.232,1.178,0.6222,0.5370,8.707,8.517,17951.1,24.064,0.8974,359.0,118.5
2026-07-13T15:00:00,19.751,19.420,20.97,22.00,1.217,1.167,0.5817,0.5628,8.467,8.182,17970.6,24.070,0.8978,359.4,118.6
2026-07-13T16:00:00,18.755,18.351,21.01,22.07,1.203,1.152,0.5930,0.5482,9.262,7.994,17988.9,24.093,0.8986,359.8,118.7
2026-07-13T17:00:00,18.845,18.417,21.50,22.13,1.208,1.141,0.6302,0.5472,9.377,8.074,18007.3,24.117,0.9002,360.1,118.8
2026-07-13T18:00:00,18.673,18.143,20.67,21.62,1.211,1.154,0.6845,0.5632,9.477,7.887,18025.5,24.146,0.9024,360.5,119.0
2026-07-13T19:00:00,18.133,17.804,20.92,21.63,1.197,1.144,0.5766,0.5389,10.165,8.077,18043.3,24.183,0.9030,360.9,119.1
2026-07-13T20:00:00,18.263,17.971,19.14,20.14,1.223,1.172,0.6147,0.5423,10.197,7.647,18061.2,24.229,0.9043,361.2,119.2
2026-07-13T21:00:00,18.164,17.577,19.30,19.93,1.162,1.104,0.6173,0.5355,9.259,8.193,18078.8,24.248,0.9058,361.6,119.3
2026-07-13T22:00:00,16.653,16.238,18.80,20.32,1.151,1.100,0.5848,0.5299,9.650,7.777,18095.1,24.278,0.9067,361.9,119.4
2026-07-13T23:00:00,18.141,17.708,17.87,19.06,1.179,1.127,0.6172,0.5418,8.985,7.903,18112.8,24.297,0.9080,362.3,119.5
2026-07-14T00:00:00,17.186,16.777,17.13,18.06,1.176,1.120,0.6275,0.5518,9.519,8.042,18129.5,24.322,0.9093,362.6,119.7
2026-07-14T01:00:00,16.946,16.630,18.13,18.94,1.119,1.057,0.6379,0.5498,10.225,7.943,18146.2,24.360,0.9107,362.9,119.8
2026-07-14T02:00:00,17.488,17.052,17.84,18.54,1.133,1.078,0.6772,0.5631,9.730,7.787,18163.2,24.393,0.9127,363.3,119.9
2026-07-14T03:00:00,16.300,15.800,17.05,17.78,1.164,1.100,0.6218,0.5348,9.466,8.183,18179.0,24.413,0.9140,363.6,120.0
2026-07-14T04:00:00,16.531,16.116,17.04,17.65,1.105,1.050,0.6259,0.5442,10.268,8.087,18195.1,24.449,0.9154,363.9,120.1
2026-07-14T05:00:00,16.884,16.835,17.72,18.61,1.160,1.103,0.6049,0.5533,9.333,7.718,18212.0,24.476,0.9162,364.2,120.2
2026-07-14T06:00:00,16.761,16.177,17.27,18.46,1.166,1.115,0.6455,0.5542,9.717,7.858,18228.2,24.506,0.9177,364.6,120.3
2026-07-14T07:00:00,16.435,15.908,18.24,19.26,1.149,1.081,0.6509,0.5581,9.654,8.046,18244.1,24.531,0.9192,364.9,120.4
2026-07-14T08:00:00,17.884,17.358,18.47,18.92,1.182,1.129,0.5988,0.5535,9.075,8.195,18261.4,24.547,0.9200,365.2,120.5
2026-07-14T09:00:00,16.847,16.268,19.21,19.83,1.174,1.112,0.6027,0.5396,9.244,8.201,18277.7,24.564,0.9210,365.6,120.6
2026-07-14T10:00:00,18.817,18.455,19.64,20.14,1.185,1.134,0.6101,0.5467,9.965,8.095,18296.1,24.598,0.9222,365.9,120.8
2026-07-14T11:00:00,18.999,18.757,19.74,20.16,1.196,1.136,0.6362,0.5252,9.670,8.110,18314.9,24.627,0.9242,366.3,120.9
2026-07-14T12:00:00,18.665,18.325,20.69,21.53,1.198,1.137,0.6093,0.5444,9.864,8.035,18333.2,24.661,0.9254,366.7,121.0
2026-07-14T13:00:00,19.570,19.289,21.09,21.95,1.211,1.157,0.6225,0.5643,8.880,8.184,18352.5,24.674,0.9266,367.1,121.1
2026-07-14T14:00:00,19.570,19.344,21.40,22.21,1.235,1.173,0.5763,0.5508,9.338,7.757,18371.9,24.705,0.9271,367.4,121.3
2026-07-14T15:00:00,19.933,19.443,21.24,22.15,1.223,1.151,0.6042,0.5463,9.446,8.046,18391.3,24.732,0.9282,367.8,121.4
2026-07-14T16:00:00,19.075,18.726,19.81,20.31,1.234,1.181,0.5788,0.5441,8.430,8.300,18410.0,24.735,0.9288,368.2,121.5
2026-07-14T17:00:00,19.568,19.040,21.26,21.84,1.242,1.188,0.5781,0.5238,10.471,7.778,18429.1,24.786,0.9299,368.6,121.6
2026-07-14T18:00:00,18.850,18.859,20.68,21.42,1.247,1.191,0.6021,0.5559,9.344,7.903,18447.9,24.813,0.9307,369.0,121.8
2026-07-14T19:00:00,18.399,17.761,20.74,21.95,1.195,1.137,0.6713,0.5474,9.434,7.842,18465.7,24.841,0.9329,369.3,121.9
2026-07-14T20:00:00,19.021,18.790,19.70,20.49,1.183,1.128,0.6440,0.5602,9.194,8.225,18484.5,24.860,0.9345,369.7,122.0
2026-07-14T21:00:00,18.998,18.599,18.84,19.60,1.159,1.097,0.5874,0.5406,10.235,8.233,18503.1,24.897,0.9354,370.1,122.1
2026-07-14T22:00:00,17.914,17.542,18.55,19.86,1.152,1.098,0.5813,0.5495,9.654,8.134,18520.6,24.923,0.9359,370.4,122.2
2026-07-14T23:00:00,18.756,18.254,18.14,18.92,1.151,1.097,0.5954,0.5464,9.400,8.276,18538.9,24.944,0.9368,370.8,122.4
2026-07-15T00:00:00,17.819,17.532,17.91,18.28,1.151,1.097,0.5487,0.5468,9.523,7.793,18556.4,24.974,0.9369,371.1,122.5
2026-07-15T01:00:00,17.892,17.680,17.72,18.34,1.107,1.049,0.5933,0.5341,9.579,7.590,18574.1,25.009,0.9379,371.5,122.6
2026-07-15T02:00:00,15.205,14.823,17.33,18.80,1.134,1.084,0.6212,0.5366,9.273,7.973,18588.9,25.029,0.9392,371.8,122.7
2026-07-15T03:00:00,16.465,15.903,17.00,17.86,1.140,1.086,0.6155,0.5353,10.595,7.953,18604.8,25.071,0.9404,372.1,122.8
2026-07-15T04:00:00,16.617,16.217,16.75,17.29,1.155,1.097,0.5793,0.5397,9.634,7.790,18621.0,25.101,0.9411,372.4,122.9
2026-07-15T05:00:00,17.875,17.326,16.59,17.27,1.170,1.119,0.6668,0.5303,8.673,8.024,18638.4,25.112,0.9435,372.8,123.0
2026-07-15T06:00:00,18.073,17.582,17.47,18.57,1.148,1.091,0.6705,0.5479,8.889,8.134,18655.9,25.125,0.9456,373.1,123.1
2026-07-15T07:00:00,16.741,16.548,18.38,19.21,1.169,1.114,0.6589,0.5235,9.686,8.008,18672.5,25.153,0.9478,373.4,123.2
2026-07-15T08:00:00,17.201,16.883,19.42,19.92,1.160,1.098,0.6540,0.5254,9.519,7.919,18689.4,25.180,0.9500,373.8,123.3
2026-07-15T09:00:00,17.559,17.325,19.37,20.28,1.185,1.129,0.6302,0.5657,9.544,8.044,18706.7,25.206,0.9511,374.1,123.5
2026-07-15T10:00:00,17.372,16.944,20.50,21.02,1.185,1.133,0.6594,0.5688,8.869,8.372,18723.6,25.214,0.9527,374.5,123.6
2026-07-15T11:00:00,18.570,18.116,19.97,20.55,1.197,1.133,0.5856,0.5414,8.697,7.796,18741.8,25.231,0.9535,374.8,123.7
2026-07-15T12:00:00,18.488,18.207,20.09,20.82,1.212,1.147,0.6450,0.5361,9.746,8.011,18760.0,25.262,0.9555,375.2,123.8
2026-07-15T13:00:00,19.493,18.916,20.82,21.80,1.215,1.163,0.6641,0.5417,9.017,8.050,18778.9,25.281,0.9578,375.6,123.9
2026-07-15T14:00:00,19.047,18.888,20.94,21.55,1.193,1.137,0.5894,0.5433,9.446,8.122,18797.8,25.306,0.9586,376.0,124.1
2026-07-15T15:00:00,18.275,18.031,20.73,21.41,1.183,1.117,0.6226,0.5408,9.692,7.955,18815.8,25.337,0.9601,376.3,124.2
2026-07-15T16:00:00,18.559,18.044,21.29,22.00,1.219,1.169,0.6552,0.5671,8.879,7.873,18833.8,25.355,0.9617,376.7,124.3
2026-07-15T17:00:00,18.565,18.192,20.93,21.84,1.261,1.203,0.5753,0.5353,8.672,8.171,18852.0,25.364,0.9624,377.0,124.4
2026-07-15T18:00:00,18.454,17.819,19.91,20.70,1.185,1.122,0.5573,0.5350,9.237,7.919,18869.8,25.388,0.9628,377.4,124.5
2026-07-15T19:00:00,17.947,17.439,20.62,21.45,1.202,1.143,0.6338,0.5710,9.916,7.728,18887.3,25.426,0.9639,377.7,124.7
2026-07-15T20:00:00,17.637,17.215,20.04,20.80,1.191,1.128,0.6003,0.5351,9.137,7.709,18904.5,25.450,0.9650,378.1,124.8
2026-07-15T21:00:00,17.465,17.185,19.56,20.60,1.188,1.135,0.6180,0.5234,9.534,7.926,18921.7,25.478,0.9667,378.4,124.9
2026-07-15T22:00:00,18.113,17.586,19.36,19.70,1.169,1.118,0.6070,0.5409,9.268,7.932,18939.3,25.502,0.9678,378.8,125.0
2026-07-15T23:00:00,16.652,16.493,18.79,19.56,1.165,1.105,0.5847,0.5247,9.470,7.846,18955.8,25.528,0.9688,379.1,125.1
2026-07-16T00:00:00,17.335,16.704,16.66,16.76,1.141,1.088,0.5387,0.5427,9.130,7.992,18972.5,25.547,0.9688,379.4,125.2
2026-07-16T01:00:00,16.515,16.034,17.44,18.63,1.143,1.082,0.6178,0.5276,9.710,7.986,18988.5,25.575,0.9703,379.8,125.3
2026-07-16T02:00:00,16.081,15.849,16.78,17.57,1.143,1.091,0.6560,0.5249,9.380,7.907,19004.4,25.598,0.9723,380.1,125.4
2026-07-16T03:00:00,16.357,16.053,17.45,18.34,1.144,1.082,0.5541,0.5318,9.481,8.057,19020.4,25.621,0.9727,380.4,125.5
2026-07-16T04:00:00,16.998,16.859,16.45,16.98,1.142,1.090,0.6196,0.5267,9.892,8.126,19037.3,25.651,0.9743,380.7,125.6
2026-07-16T05:00:00,16.903,16.324,17.57,18.69,1.119,1.068,0.5846,0.5433,8.087,7.997,19053.6,25.652,0.9749,381.1,125.8
2026-07-16T06:00:00,16.968,16.483,17.54,18.32,1.162,1.101,0.6728,0.5360,8.699,7.749,19070.1,25.668,0.9772,381.4,125.9
2026-07-16T07:00:00,16.730,16.127,18.21,19.01,1.159,1.097,0.5471,0.5448,9.852,7.888,19086.2,25.700,0.9772,381.7,126.0
2026-07-16T08:00:00,17.093,16.670,18.16,19.50,1.168,1.114,0.6398,0.5363,9.082,7.848,19102.9,25.720,0.9790,382.1,126.1
2026-07-16T09:00:00,18.410,18.106,18.86,20.23,1.189,1.134,0.6237,0.5684,9.191,7.971,19121.0,25.742,0.9800,382.4,126.2
2026-07-16T10:00:00,17.861,17.613,19.28,20.25,1.221,1.165,0.5885,0.5495,9.460,7.779,19138.6,25.772,0.9806,382.8,126.3
2026-07-16T11:00:00,18.156,17.570,19.78,20.39,1.216,1.154,0.6047,0.5306,10.534,8.073,19156.2,25.815,0.9820,383.1,126.4
2026-07-16T12:00:00,19.768,19.197,19.99,20.66,1.218,1.167,0.6495,0.5536,8.895,8.080,19175.4,25.831,0.9838,383.5,126.6
2026-07-16T13:00:00,19.196,18.651,20.48,21.53,1.197,1.143,0.6047,0.5523,9.213,7.954,19194.0,25.854,0.9848,383.9,126.7
2026-07-16T14:00:00,20.032,19.322,21.66,22.19,1.195,1.133,0.5615,0.5308,9.415,8.013,19213.3,25.881,0.9854,384.3,126.8
2026-07-16T15:00:00,19.724,19.117,21.41,22.19,1.214,1.158,0.5710,0.5589,9.722,7.747,19232.4,25.919,0.9856,384.6,126.9
2026-07-16T16:00:00,18.382,17.853,20.37,21.14,1.206,1.151,0.6240,0.5495,9.425,7.972,19250.3,25.945,0.9869,385.0,127.1
2026-07-16T17:00:00,19.540,18.877,20.88,22.05,1.209,1.149,0.6580,0.5493,9.022,7.762,19269.2,25.969,0.9890,385.4,127.2
2026-07-16T18:00:00,18.873,18.551,20.03,20.85,1.194,1.143,0.5949,0.5308,9.755,8.195,19287.7,25.998,0.9902,385.8,127.3
2026-07-16T19:00:00,18.854,18.508,20.04,20.86,1.186,1.130,0.6166,0.5309,9.403,7.965,19306.2,26.024,0.9917,386.1,127.4
2026-07-16T20:00:00,17.310,16.837,19.30,20.35,1.212,1.157,0.6631,0.5196,10.552,8.042,19323.1,26.067,0.9942,386.5,127.5
2026-07-16T21:00:00,17.230,16.933,18.70,19.79,1.181,1.125,0.6069,0.5616,9.887,8.024,19340.0,26.098,0.9949,386.8,127.6
2026-07-16T22:00:00,18.151,17.508,18.63,19.64,1.132,1.080,0.6119,0.5424,9.501,8.028,19357.5,26.124,0.9961,387.2,127.8
2026-07-16T23:00:00,17.898,17.369,18.05,18.66,1.161,1.103,0.5964,0.5367,9.739,8.346,19374.9,26.148,0.9972,387.5,127.9
2026-07-17T00:00:00,17.007,16.820,17.13,17.47,1.136,1.083,0.5743,0.5343,9.354,7.504,19391.7,26.179,0.9979,387.8,128.0
2026-07-17T01:00:00,16.137,15.647,17.67,18.27,1.150,1.097,0.5217,0.5572,8.974,7.595,19407.3,26.201,0.9979,388.1,128.1
2026-07-17T02:00:00,17.096,16.714,16.72,18.11,1.124,1.073,0.5899,0.5282,9.110,8.038,19424.1,26.219,0.9989,388.5,128.2
2026-07-17T03:00:00,16.004,15.557,16.70,17.54,1.147,1.087,0.6155,0.5583,9.652,7.824,19439.6,26.247,0.9998,388.8,128.3
2026-07-17T04:00:00,16.658,16.120,16.97,17.59,1.136,1.083,0.5657,0.5356,10.107,7.991,19455.7,26.281,1.0003,389.1,128.4
2026-07-17T05:00:00,15.783,15.191,17.79,18.49,1.151,1.098,0.5688,0.5394,9.292,8.013,19470.9,26.301,1.0007,389.4,128.5
2026-07-17T06:00:00,16.369,16.072,17.36,17.93,1.163,1.107,0.5874,0.5524,9.358,7.928,19487.0,26.324,1.0013,389.7,128.6
2026-07-17T07:00:00,16.427,16.035,17.30,18.04,1.158,1.106,0.5948,0.5547,8.985,8.223,19503.0,26.336,1.0019,390.1,128.7
2026-07-17T08:00:00,19.054,18.552,18.50,19.47,1.161,1.103,0.6484,0.5575,9.734,8.038,19521.6,26.368,1.0036,390.4,128.8
2026-07-17T09:00:00,17.701,17.245,18.54,19.30,1.194,1.139,0.6221,0.5370,8.876,8.085,19538.8,26.381,1.0051,390.8,129.0
2026-07-17T10:00:00,18.847,18.140,19.82,20.92,1.214,1.158,0.6005,0.5503,9.536,7.966,19557.0,26.410,1.0060,391.1,129.1
2026-07-17T11:00:00,17.377,17.085,19.39,20.45,1.208,1.154,0.6571,0.5409,9.198,8.070,19574.1,26.429,1.0080,391.5,129.2
2026-07-17T12:00:00,17.574,16.993,19.75,20.64,1.226,1.173,0.5901,0.5550,9.565,8.067,19591.1,26.454,1.0086,391.8,129.3
2026-07-17T13:00:00,19.667,19.561,20.64,21.58,1.197,1.139,0.6189,0.5504,9.432,7.673,19610.6,26.489,1.0099,392.2,129.4
2026-07-17T14:00:00,20.265,19.812,20.37,21.09,1.225,1.171,0.6634,0.5344,9.766,7.685,19630.4,26.530,1.0125,392.6,129.6
2026-07-17T15:00:00,18.503,17.944,20.95,21.74,1.229,1.177,0.6211,0.5344,8.795,8.201,19648.4,26.541,1.0140,393.0,129.7
2026-07-17T16:00:00,18.661,18.113,20.17,20.83,1.230,1.178,0.6336,0.5195,9.338,7.773,19666.5,26.569,1.0161,393.3,129.8
2026-07-17T17:00:00,20.003,19.623,20.34,21.05,1.226,1.173,0.6093,0.5539,9.874,8.246,19686.1,26.601,1.0172,393.7,129.9
2026-07-17T18:00:00,19.331,18.487,20.25,21.20,1.210,1.154,0.6725,0.5436,8.854,7.973,19704.6,26.617,1.0196,394.1,130.1
2026-07-17T19:00:00,17.313,17.257,19.55,20.48,1.243,1.190,0.6192,0.5327,10.309,7.878,19721.8,26.659,1.0210,394.4,130.2
2026-07-17T20:00:00,18.698,18.093,19.52,20.67,1.188,1.130,0.6024,0.5454,9.412,7.648,19739.9,26.691,1.0221,394.8,130.3
2026-07-17T21:00:00,18.520,18.185,18.26,19.22,1.200,1.140,0.5239,0.5616,9.331,7.733,19758.1,26.720,1.0221,395.2,130.4
2026-07-17T22:00:00,18.436,18.104,18.38,19.02,1.166,1.102,0.6581,0.5737,9.269,7.573,19776.2,26.751,1.0236,395.5,130.5
2026-07-17T23:00:00,17.004,16.447,17.49,18.31,1.143,1.090,0.6091,0.5261,9.314,7.990,19792.7,26.773,1.0250,395.9,130.6
2026-07-18T00:00:00,16.502,16.007,17.16,18.46,1.151,1.096,0.6297,0.5428,9.891,7.659,19808.7,26.808,1.0264,396.2,130.7
2026-07-18T01:00:00,15.828,15.394,17.54,18.42,1.165,1.111,0.5999,0.5478,8.915,7.854,19824.1,26.825,1.0272,396.5,130.8
2026-07-18T02:00:00,17.016,16.629,16.38,16.85,1.145,1.088,0.6215,0.5544,9.007,7.822,19840.7,26.844,1.0283,396.8,130.9
2026-07-18T03:00:00,15.541,14.971,17.05,17.69,1.140,1.085,0.5990,0.5357,9.328,7.559,19855.7,26.871,1.0292,397.1,131.0
2026-07-18T04:00:00,17.368,16.979,17.25,18.20,1.132,1.075,0.5580,0.5385,10.107,8.131,19872.7,26.904,1.0296,397.5,131.2
2026-07-18T05:00:00,17.544,17.025,17.02,17.72,1.148,1.094,0.6063,0.5292,9.163,7.829,19889.7,26.927,1.0309,397.8,131.3
2026-07-18T06:00:00,17.097,16.839,18.40,19.53,1.163,1.104,0.6060,0.5379,9.999,7.685,19906.5,26.966,1.0320,398.1,131.4
2026-07-18T07:00:00,17.018,16.535,17.47,18.27,1.156,1.100,0.6162,0.5404,9.540,7.752,19923.1,26.996,1.0333,398.5,131.5
2026-07-18T08:00:00,17.943,17.457,18.68,19.31,1.166,1.113,0.5897,0.5466,9.692,8.063,19940.5,27.024,1.0340,398.8,131.6
2026-07-18T09:00:00,18.206,17.775,19.03,19.64,1.194,1.141,0.6384,0.5259,9.685,7.950,19958.3,27.055,1.0360,399.2,131.7
2026-07-18T10:00:00,18.417,17.889,19.31,19.90,1.205,1.142,0.5963,0.5317,9.547,7.966,19976.2,27.083,1.0372,399.5,131.8
2026-07-18T11:00:00,17.461,16.643,19.63,20.37,1.223,1.167,0.5923,0.5318,9.026,8.106,19992.8,27.099,1.0382,399.9,132.0
2026-07-18T12:00:00,18.268,17.718,20.60,21.29,1.236,1.174,0.6564,0.5454,9.220,7.694,20010.5,27.126,1.0402,400.2,132.1
2026-07-18T13:00:00,20.125,19.791,20.38,21.13,1.225,1.174,0.6919,0.5348,9.941,7.880,20030.3,27.166,1.0433,400.6,132.2
2026-07-18T14:00:00,19.157,18.148,20.92,21.87,1.257,1.205,0.6593,0.5452,9.121,7.831,20048.5,27.190,1.0453,401.0,132.3
2026-07-18T15:00:00,20.132,19.774,21.53,22.47,1.186,1.130,0.6398,0.5324,9.887,7.956,20068.2,27.228,1.0475,401.4,132.5
2026-07-18T16:00:00,19.912,19.382,20.97,21.84,1.211,1.145,0.6590,0.5486,8.641,7.825,20087.6,27.244,1.0496,401.8,132.6
2026-07-18T17:00:00,18.603,18.272,21.17,21.95,1.208,1.155,0.6331,0.5410,9.997,8.056,20105.9,27.279,1.0513,402.1,132.7
2026-07-18T18:00:00,18.452,17.979,19.98,20.66,1.234,1.180,0.5885,0.5397,8.485,7.257,20123.9,27.301,1.0522,402.5,132.8
2026-07-18T19:00:00,18.804,18.302,19.38,20.11,1.190,1.136,0.5301,0.5678,9.346,7.611,20142.2,27.333,1.0522,402.8,132.9
2026-07-18T20:00:00,18.170,17.683,19.95,20.69,1.173,1.121,0.6126,0.5392,9.736,7.596,20159.9,27.371,1.0535,403.2,133.1
2026-07-18T21:00:00,18.445,18.165,18.82,19.30,1.191,1.129,0.6011,0.5334,9.243,7.929,20178.0,27.395,1.0547,403.6,133.2
2026-07-18T22:00:00,18.027,17.496,18.19,19.03,1.144,1.085,0.6355,0.5228,9.935,8.039,20195.5,27.428,1.0567,403.9,133.3
2026-07-18T23:00:00,17.513,17.226,17.26,18.22,1.176,1.119,0.5438,0.5510,9.084,8.028,20212.8,27.446,1.0567,404.3,133.4
2026-07-19T00:00:00,17.974,17.258,17.55,18.19,1.158,1.089,0.5846,0.5157,9.697,7.762,20230.0,27.480,1.0578,404.6,133.5
2026-07-19T01:00:00,16.697,16.461,17.34,17.88,1.132,1.067,0.6362,0.5404,9.181,7.768,20246.5,27.503,1.0594,404.9,133.6
2026-07-19T02:00:00,16.356,16.006,16.78,17.71,1.144,1.088,0.5822,0.5395,9.540,7.904,20262.5,27.529,1.0601,405.2,133.7
2026-07-19T03:00:00,16.625,16.455,17.03,17.55,1.118,1.067,0.5528,0.5418,9.457,8.077,20278.9,27.552,1.0603,405.6,133.8
2026-07-19T04:00:00,18.018,17.467,16.43,17.34,1.164,1.106,0.6730,0.5212,9.525,8.068,20296.4,27.577,1.0629,405.9,134.0
2026-07-19T05:00:00,16.237,15.926,17.36,18.33,1.156,1.099,0.6064,0.5547,9.798,7.967,20312.3,27.606,1.0638,406.2,134.1
2026-07-19T06:00:00,17.832,17.262,17.38,18.39,1.164,1.113,0.5972,0.5264,9.100,8.316,20329.6,27.620,1.0650,406.6,134.2
2026-07-19T07:00:00,17.635,17.302,18.24,18.61,1.166,1.110,0.6157,0.5532,8.572,8.051,20346.9,27.629,1.0661,406.9,134.3
2026-07-19T08:00:00,17.702,17.375,18.83,19.41,1.189,1.136,0.6178,0.5359,8.985,8.317,20364.3,27.641,1.0675,407.3,134.4
2026-07-19T09:00:00,18.285,17.871,19.08,20.14,1.179,1.122,0.5994,0.5487,9.233,7.712,20382.1,27.668,1.0684,407.6,134.5
2026-07-19T10:00:00,19.481,18.931,19.02,19.07,1.191,1.141,0.5455,0.5567,9.043,8.008,20401.1,27.687,1.0684,408.0,134.6
2026-07-19T11:00:00,18.644,18.076,19.87,20.68,1.210,1.159,0.6667,0.5179,9.049,7.852,20419.1,27.709,1.0711,408.4,134.8
2026-07-19T12:00:00,18.467,17.877,19.94,20.48,1.188,1.133,0.5895,0.5474,10.226,7.907,20437.0,27.750,1.0718,408.7,134.9
2026-07-19T13:00:00,17.557,17.182,20.51,21.44,1.202,1.134,0.6361,0.5385,9.187,7.933,20454.2,27.772,1.0735,409.1,135.0
2026-07-19T14:00:00,18.672,18.197,20.84,21.33,1.216,1.159,0.6224,0.5397,9.644,7.883,20472.4,27.804,1.0750,409.4,135.1
2026-07-19T15:00:00,18.548,18.063,21.31,22.19,1.250,1.193,0.5930,0.5358,8.791,8.030,20490.5,27.818,1.0761,409.8,135.2
2026-07-19T16:00:00,18.965,18.473,20.90,21.27,1.235,1.180,0.5995,0.5451,9.442,7.457,20508.9,27.854,1.0771,410.2,135.4
2026-07-19T17:00:00,19.276,18.998,20.69,21.43,1.210,1.149,0.5794,0.5404,10.017,7.896,20527.9,27.895,1.0778,410.6,135.5
2026-07-19T18:00:00,19.517,19.281,20.80,22.00,1.217,1.165,0.5569,0.5284,9.731,8.036,20547.2,27.927,1.0783,410.9,135.6
2026-07-19T19:00:00,18.549,18.057,19.57,20.22,1.201,1.147,0.5896,0.5252,9.129,7.458,20565.3,27.958,1.0795,411.3,135.7
2026-07-19T20:00:00,18.974,18.389,19.30,20.01,1.200,1.149,0.6003,0.5486,9.129,7.547,20583.7,27.987,1.0805,411.7,135.9
2026-07-19T21:00:00,17.257,16.960,18.23,19.30,1.196,1.145,0.6667,0.5419,10.068,8.013,20600.6,28.022,1.0826,412.0,136.0
2026-07-19T22:00:00,17.596,17.057,18.68,19.39,1.207,1.149,0.6552,0.5289,8.945,7.804,20617.7,28.041,1.0847,412.4,136.1
2026-07-19T23:00:00,16.664,16.391,17.72,18.74,1.143,1.080,0.5604,0.5408,9.940,7.939,20634.1,28.074,1.0850,412.7,136.2
2026-07-20T00:00:00,17.824,17.444,17.40,18.06,1.174,1.120,0.6628,0.5381,9.880,7.639,20651.5,28.113,1.0872,413.0,136.3
2026-07-20T01:00:00,16.673,16.233,17.39,18.25,1.144,1.089,0.6176,0.5364,9.991,7.975,20667.7,28.146,1.0885,413.4,136.4
2026-07-20T02:00:00,16.350,16.042,17.69,18.20,1.133,1.082,0.6294,0.5491,9.070,8.003,20683.8,28.163,1.0898,413.7,136.5
2026-07-20T03:00:00,17.511,17.067,17.17,18.22,1.130,1.076,0.6616,0.5597,9.008,7.909,20700.9,28.181,1.0916,414.0,136.6
2026-07-20T04:00:00,16.686,16.180,17.87,18.77,1.138,1.086,0.6233,0.5481,9.568,7.833,20717.0,28.210,1.0928,414.3,136.7
2026-07-20T05:00:00,16.567,16.263,17.34,18.33,1.128,1.075,0.5970,0.5429,9.449,7.432,20733.3,28.242,1.0937,414.7,136.8
2026-07-20T06:00:00,17.228,16.858,17.19,18.02,1.163,1.106,0.6001,0.5550,9.975,7.856,20750.2,28.278,1.0944,415.0,137.0
2026-07-20T07:00:00,18.412,17.906,17.42,18.30,1.166,1.115,0.6055,0.5363,9.482,7.723,20768.1,28.310,1.0957,415.4,137.1
2026-07-20T08:00:00,16.742,16.585,17.65,18.45,1.153,1.097,0.6116,0.5414,8.846,8.217,20784.6,28.320,1.0968,415.7,137.2
2026-07-20T09:00:00,19.379,18.815,18.77,19.47,1.175,1.121,0.5945,0.5570,8.454,7.778,20803.5,28.333,1.0975,416.1,137.3
2026-07-20T10:00:00,18.644,18.166,19.01,19.76,1.175,1.125,0.5926,0.5276,10.008,7.915,20821.6,28.371,1.0987,416.4,137.4
2026-07-20T11:00:00,17.913,17.282,19.06,20.02,1.204,1.147,0.5710,0.5486,8.759,7.833,20838.9,28.387,1.0991,416.8,137.5
2026-07-20T12:00:00,18.575,18.143,20.28,21.12,1.215,1.152,0.6191,0.5507,10.279,7.859,20857.1,28.431,1.1003,417.1,137.7
2026-07-20T13:00:00,19.518,18.798,20.82,21.61,1.247,1.190,0.6988,0.5527,9.835,7.774,20875.9,28.469,1.1031,417.5,137.8
2026-07-20T14:00:00,19.328,18.913,20.45,21.38,1.190,1.133,0.6155,0.5348,9.184,7.897,20894.8,28.494,1.1046,417.9,137.9
2026-07-20T15:00:00,18.732,18.132,20.42,20.96,1.221,1.169,0.5167,0.5588,9.683,7.597,20912.9,28.532,1.1046,418.3,138.0
2026-07-20T16:00:00,19.989,19.787,20.32,20.96,1.200,1.143,0.6078,0.5300,9.840,7.745,20932.7,28.573,1.1062,418.7,138.2
2026-07-20T17:00:00,20.181,19.751,20.48,21.20,1.232,1.177,0.6306,0.5368,10.271,8.013,20952.4,28.618,1.1080,419.0,138.3
2026-07-20T18:00:00,20.413,19.995,20.47,21.28,1.212,1.161,0.6032,0.5439,8.845,7.621,20972.4,28.642,1.1092,419.4,138.4
2026-07-20T19:00:00,17.370,16.960,20.20,21.11,1.192,1.136,0.6511,0.5268,9.330,7.956,20989.4,28.665,1.1113,419.8,138.5
2026-07-20T20:00:00,18.635,18.350,19.17,20.06,1.169,1.113,0.5633,0.5248,9.621,7.887,21007.7,28.697,1.1120,420.2,138.7
2026-07-20T21:00:00,17.342,16.936,18.96,19.98,1.170,1.109,0.5768,0.5147,10.002,7.791,21024.7,28.735,1.1131,420.5,138.8
2026-07-20T22:00:00,17.942,17.473,18.34,19.35,1.146,1.089,0.5785,0.5451,9.469,7.477,21042.2,28.769,1.1136,420.8,138.9
2026-07-20T23:00:00,16.883,16.418,17.50,18.29,1.153,1.097,0.5959,0.5251,9.735,7.783,21058.6,28.801,1.1148,421.2,139.0
2026-07-21T00:00:00,17.130,16.652,17.80,18.90,1.168,1.099,0.6175,0.5304,8.833,7.879,21075.2,28.817,1.1163,421.5,139.1
2026-07-21T01:00:00,17.406,16.990,16.04,16.45,1.144,1.091,0.6837,0.5398,8.961,7.545,21092.2,28.841,1.1187,421.8,139.2
2026-07-21T02:00:00,17.635,17.182,16.92,17.49,1.147,1.090,0.6172,0.5449,9.082,7.649,21109.4,28.866,1.1199,422.2,139.3
2026-07-21T03:00:00,15.957,15.765,17.38,18.32,1.145,1.079,0.5970,0.5308,9.586,7.761,21125.2,28.895,1.1210,422.5,139.4
2026-07-21T04:00:00,16.593,16.592,16.60,17.25,1.144,1.085,0.5701,0.5493,10.259,7.438,21141.7,28.942,1.1213,422.8,139.5
2026-07-21T05:00:00,17.876,17.230,16.77,17.45,1.126,1.076,0.5935,0.5321,9.873,7.435,21159.0,28.984,1.1224,423.2,139.6
2026-07-21T06:00:00,17.304,16.740,16.94,17.62,1.136,1.083,0.5877,0.5358,9.706,8.019,21175.7,29.012,1.1233,423.5,139.8
2026-07-21T07:00:00,17.531,17.092,18.50,19.32,1.184,1.132,0.6331,0.5257,9.274,7.806,21192.8,29.037,1.1251,423.9,139.9
2026-07-21T08:00:00,18.432,17.885,18.17,19.07,1.158,1.105,0.5572,0.5518,9.665,8.290,21210.7,29.062,1.1252,424.2,140.0
2026-07-21T09:00:00,17.619,17.125,18.11,19.43,1.175,1.124,0.6178,0.5258,9.448,7.861,21227.8,29.089,1.1268,424.6,140.1
2026-07-21T10:00:00,18.267,17.768,18.85,19.28,1.200,1.147,0.5781,0.5338,8.983,7.465,21245.6,29.116,1.1276,424.9,140.2
2026-07-21T11:00:00,18.491,18.060,19.63,20.27,1.212,1.160,0.6123,0.5259,9.477,7.929,21263.7,29.144,1.1291,425.3,140.3
2026-07-21T12:00:00,18.543,18.113,20.23,21.28,1.202,1.144,0.5692,0.5276,10.250,7.702,21281.8,29.190,1.1299,425.6,140.5
2026-07-21T13:00:00,19.813,19.489,20.68,21.76,1.212,1.157,0.6341,0.5360,9.029,7.481,21301.3,29.220,1.1318,426.0,140.6
2026-07-21T14:00:00,19.835,19.530,21.30,22.19,1.204,1.153,0.5775,0.5239,8.906,7.217,21320.8,29.253,1.1328,426.4,140.7
2026-07-21T15:00:00,19.788,19.133,20.73,21.50,1.232,1.179,0.6686,0.5194,8.208,7.580,21339.9,29.265,1.1357,426.8,140.8
2026-07-21T16:00:00,19.707,19.023,20.58,20.52,1.228,1.167,0.6228,0.5256,10.342,7.610,21358.9,29.317,1.1375,427.2,141.0
2026-07-21T17:00:00,18.636,18.003,20.10,20.86,1.217,1.161,0.5419,0.5434,9.643,7.589,21376.9,29.354,1.1375,427.5,141.1
2026-07-21T18:00:00,17.836,17.448,19.94,21.33,1.221,1.167,0.6361,0.5325,8.735,7.808,21394.4,29.370,1.1393,427.9,141.2
2026-07-21T19:00:00,18.681,18.337,19.78,20.44,1.207,1.150,0.6576,0.5390,10.191,7.965,21412.7,29.411,1.1415,428.3,141.3
2026-07-21T20:00:00,18.238,17.698,19.25,19.61,1.211,1.143,0.6404,0.5551,9.134,7.692,21430.4,29.436,1.1430,428.6,141.4
2026-07-21T21:00:00,18.001,17.824,19.15,19.69,1.203,1.151,0.6149,0.5343,10.298,7.614,21448.2,29.484,1.1445,429.0,141.6
2026-07-21T22:00:00,17.577,17.198,17.81,18.50,1.157,1.103,0.6271,0.5306,10.074,7.905,21465.4,29.522,1.1461,429.3,141.7
2026-07-21T23:00:00,17.370,17.018,16.92,17.58,1.160,1.105,0.5614,0.5432,9.335,7.653,21482.5,29.550,1.1464,429.6,141.8
2026-07-22T00:00:00,17.353,17.005,16.69,17.42,1.154,1.099,0.6223,0.5342,10.399,8.091,21499.5,29.589,1.1479,430.0,141.9
2026-07-22T01:00:00,16.689,16.408,17.29,18.67,1.146,1.084,0.6817,0.5429,9.005,7.393,21515.9,29.616,1.1502,430.3,142.0
2026-07-22T02:00:00,16.909,16.572,16.48,17.22,1.136,1.074,0.7035,0.5375,8.775,7.938,21532.4,29.630,1.1530,430.6,142.1
2026-07-22T03:00:00,17.227,16.678,17.38,17.90,1.168,1.118,0.6299,0.5146,9.676,7.767,21549.1,29.662,1.1549,431.0,142.2
2026-07-22T04:00:00,17.444,17.090,16.71,17.53,1.141,1.084,0.6436,0.5375,9.212,7.636,21566.2,29.689,1.1567,431.3,142.3
2026-07-22T05:00:00,16.916,16.425,16.93,17.78,1.157,1.095,0.6178,0.5348,9.262,7.635,21582.6,29.715,1.1580,431.7,142.4
2026-07-22T06:00:00,16.329,15.756,17.21,18.44,1.162,1.111,0.6398,0.5622,9.995,7.818,21598.4,29.750,1.1593,432.0,142.5
2026-07-22T07:00:00,18.152,17.646,17.55,18.15,1.166,1.102,0.6270,0.5362,9.191,7.839,21616.0,29.773,1.1609,432.3,142.7
2026-07-22T08:00:00,17.593,16.925,18.14,19.03,1.187,1.137,0.6654,0.5290,8.841,7.849,21633.0,29.790,1.1632,432.7,142.8
2026-07-22T09:00:00,17.354,17.009,18.70,19.78,1.173,1.121,0.6338,0.5275,9.412,7.972,21650.0,29.815,1.1650,433.0,142.9
2026-07-22T10:00:00,18.323,17.818,18.04,19.01,1.197,1.143,0.6319,0.5394,9.395,7.990,21667.8,29.840,1.1666,433.4,143.0
2026-07-22T11:00:00,18.829,18.355,20.23,21.21,1.182,1.117,0.6326,0.5367,10.402,7.909,21686.1,29.886,1.1684,433.7,143.1
2026-07-22T12:00:00,19.675,19.146,19.26,19.54,1.219,1.158,0.6234,0.5542,8.886,7.937,21705.3,29.904,1.1697,434.1,143.3
2026-07-22T13:00:00,18.361,17.846,20.05,20.77,1.212,1.153,0.6562,0.5337,10.464,7.577,21723.1,29.955,1.1719,434.5,143.4
2026-07-22T14:00:00,18.010,17.584,20.64,21.48,1.239,1.186,0.6448,0.5357,9.423,8.018,21740.7,29.980,1.1738,434.8,143.5
2026-07-22T15:00:00,19.301,19.110,20.12,21.13,1.220,1.165,0.6530,0.5362,9.265,8.083,21759.8,30.003,1.1761,435.2,143.6
2026-07-22T16:00:00,18.944,18.417,20.24,20.94,1.232,1.180,0.5476,0.5447,8.987,7.875,21778.3,30.023,1.1761,435.6,143.7
2026-07-22T17:00:00,18.598,18.028,20.08,20.87,1.222,1.165,0.6473,0.5326,9.290,7.569,21796.3,30.054,1.1782,435.9,143.9
2026-07-22T18:00:00,19.049,18.268,20.04,21.06,1.211,1.156,0.5804,0.5215,9.368,7.550,21814.5,30.087,1.1793,436.3,144.0
2026-07-22T19:00:00,18.196,17.933,19.87,20.52,1.194,1.144,0.5450,0.5380,10.037,7.874,21832.5,30.126,1.1794,436.6,144.1
2026-07-22T20:00:00,19.105,18.470,19.12,19.87,1.211,1.147,0.6094,0.5415,9.157,7.994,21851.0,30.148,1.1806,437.0,144.2
2026-07-22T21:00:00,18.753,18.276,18.83,20.01,1.183,1.129,0.5782,0.5227,9.486,8.071,21869.2,30.173,1.1817,437.4,144.3
2026-07-22T22:00:00,18.006,17.524,18.01,18.67,1.167,1.114,0.6014,0.5402,9.349,7.810,21886.8,30.200,1.1827,437.7,144.5
2026-07-22T23:00:00,17.979,17.543,16.20,17.23,1.182,1.123,0.6726,0.5395,9.617,8.020,21904.3,30.228,1.1851,438.1,144.6
2026-07-23T00:00:00,17.297,16.774,16.82,17.91,1.135,1.071,0.5733,0.5237,8.530,7.625,21921.1,30.244,1.1859,438.4,144.7
2026-07-23T01:00:00,16.193,15.874,17.06,17.63,1.148,1.086,0.6442,0.5296,8.986,7.709,21936.9,30.264,1.1877,438.7,144.8
2026-07-23T02:00:00,17.072,16.448,16.75,17.44,1.141,1.079,0.6104,0.5366,9.877,7.958,21953.4,30.295,1.1889,439.1,144.9
2026-07-23T03:00:00,17.419,16.779,16.33,17.46,1.168,1.109,0.6569,0.5298,9.251,8.159,21970.2,30.314,1.1911,439.4,145.0
2026-07-23T04:00:00,16.879,16.353,16.65,17.43,1.118,1.064,0.5765,0.5395,9.846,7.623,21986.5,30.350,1.1917,439.7,145.1
2026-07-23T05:00:00,17.214,16.785,16.19,17.05,1.123,1.071,0.6465,0.5475,8.159,7.666,22003.3,30.358,1.1933,440.1,145.2
2026-07-23T06:00:00,16.934,16.491,17.08,17.66,1.164,1.110,0.5871,0.5441,8.476,7.875,22019.8,30.368,1.1940,440.4,145.3
2026-07-23T07:00:00,18.064,17.600,17.48,18.58,1.169,1.087,0.6118,0.5195,9.489,7.898,22037.4,30.396,1.1957,440.7,145.4
2026-07-23T08:00:00,18.126,17.617,17.66,18.69,1.181,1.125,0.5687,0.5332,9.249,7.702,22055.0,30.424,1.1963,441.1,145.6
2026-07-23T09:00:00,19.175,18.749,18.60,19.03,1.193,1.141,0.5925,0.5384,9.860,7.642,22073.8,30.465,1.1973,441.5,145.7
2026-07-23T10:00:00,17.567,16.927,18.35,19.49,1.171,1.113,0.6407,0.5411,9.600,7.724,22090.7,30.497,1.1990,441.8,145.8
2026-07-23T11:00:00,18.619,18.081,19.63,20.48,1.203,1.150,0.6164,0.5364,9.726,7.595,22108.8,30.535,1.2004,442.2,145.9
2026-07-23T12:00:00,17.981,17.443,19.82,20.71,1.224,1.162,0.6219,0.5461,9.366,7.650,22126.2,30.565,1.2017,442.5,146.0
2026-07-23T13:00:00,18.629,18.128,20.72,21.73,1.206,1.150,0.5908,0.5232,9.131,8.056,22144.3,30.585,1.2030,442.9,146.2
2026-07-23T14:00:00,18.746,18.074,20.71,21.25,1.213,1.157,0.6107,0.5447,8.926,7.701,22162.4,30.607,1.2042,443.2,146.3
2026-07-23T15:00:00,18.202,17.772,20.23,20.63,1.204,1.140,0.5946,0.5452,8.546,7.634,22180.2,30.623,1.2050,443.6,146.4
2026-07-23T16:00:00,19.337,18.917,20.88,21.82,1.217,1.159,0.6121,0.5513,9.614,7.917,22199.1,30.655,1.2062,444.0,146.5
2026-07-23T17:00:00,19.439,19.030,20.47,21.22,1.234,1.174,0.6094,0.5551,9.153,7.603,22218.1,30.685,1.2072,444.4,146.6
2026-07-23T18:00:00,18.345,18.058,19.90,20.32,1.201,1.135,0.5778,0.5124,9.064,7.850,22236.2,30.707,1.2084,444.7,146.8
2026-07-23T19:00:00,19.061,18.764,18.37,18.96,1.230,1.176,0.5867,0.5366,10.280,7.645,22255.0,30.756,1.2093,445.1,146.9
2026-07-23T20:00:00,19.534,18.930,18.73,19.46,1.211,1.155,0.6317,0.5213,8.531,7.592,22273.9,30.774,1.2114,445.5,147.0
2026-07-23T21:00:00,17.606,17.130,18.23,19.03,1.176,1.117,0.6614,0.5362,9.011,7.690,22291.0,30.797,1.2136,445.8,147.1
2026-07-23T22:00:00,17.185,16.712,18.46,19.21,1.169,1.110,0.6530,0.5314,8.920,7.956,22307.7,30.813,1.2156,446.2,147.2
2026-07-23T23:00:00,17.136,16.672,17.87,18.21,1.179,1.129,0.5507,0.5243,10.139,8.011,22324.4,30.848,1.2161,446.5,147.3
2026-07-24T00:00:00,18.117,17.754,17.05,17.79,1.148,1.098,0.5962,0.5455,9.431,7.786,22342.2,30.877,1.2170,446.8,147.5
2026-07-24T01:00:00,17.926,17.631,17.75,18.64,1.152,1.098,0.6129,0.5296,9.270,7.688,22359.8,30.905,1.2184,447.2,147.6
2026-07-24T02:00:00,16.073,15.743,16.40,17.00,1.158,1.106,0.5973,0.5305,9.504,7.632,22375.5,30.935,1.2195,447.5,147.7
2026-07-24T03:00:00,17.238,16.954,15.80,16.50,1.133,1.081,0.5792,0.5292,9.989,7.578,22392.5,30.976,1.2203,447.8,147.8
2026-07-24T04:00:00,17.232,16.693,16.04,16.90,1.158,1.098,0.5933,0.5329,9.698,7.699,22409.2,31.009,1.2213,448.2,147.9
2026-07-24T05:00:00,17.701,17.302,16.28,16.79,1.126,1.075,0.6598,0.5058,8.220,7.600,22426.5,31.020,1.2240,448.5,148.0
2026-07-24T06:00:00,17.405,16.794,16.72,17.57,1.157,1.104,0.6183,0.5219,9.184,7.778,22443.3,31.043,1.2256,448.9,148.1
2026-07-24T07:00:00,16.911,16.435,17.10,17.79,1.146,1.095,0.6044,0.5305,9.988,8.018,22459.7,31.076,1.2268,449.2,148.2
2026-07-24T08:00:00,17.507,17.051,17.58,18.23,1.185,1.135,0.5820,0.5120,10.060,7.739,22476.8,31.115,1.2280,449.5,148.3
2026-07-24T09:00:00,16.986,16.594,18.96,20.07,1.182,1.130,0.6705,0.5246,9.634,7.625,22493.4,31.149,1.2304,449.9,148.5
2026-07-24T10:00:00,18.748,18.169,18.91,20.04,1.188,1.123,0.6615,0.5392,10.360,8.006,22511.5,31.191,1.2327,450.2,148.6
2026-07-24T11:00:00,18.722,18.400,19.08,19.89,1.205,1.141,0.6371,0.5382,9.677,7.508,22529.9,31.231,1.2345,450.6,148.7
2026-07-24T12:00:00,18.864,18.461,19.63,20.51,1.213,1.157,0.6555,0.5350,8.955,7.632,22548.4,31.256,1.2367,451.0,148.8
2026-07-24T13:00:00,18.880,18.386,20.25,20.96,1.243,1.182,0.6204,0.5431,9.684,7.738,22566.8,31.291,1.2381,451.3,148.9
2026-07-24T14:00:00,18.779,18.191,20.80,21.71,1.241,1.184,0.5527,0.5284,8.967,7.655,22585.0,31.315,1.2386,451.7,149.1
2026-07-24T15:00:00,18.905,18.325,20.54,21.46,1.242,1.185,0.6622,0.5493,9.186,7.588,22603.3,31.345,1.2406,452.1,149.2
2026-07-24T16:00:00,19.075,18.628,21.38,22.20,1.177,1.125,0.6364,0.5243,9.749,7.803,22621.9,31.381,1.2427,452.4,149.3
2026-07-24T17:00:00,19.444,19.072,20.95,21.86,1.204,1.146,0.5528,0.5324,9.341,7.587,22641.0,31.414,1.2431,452.8,149.4
2026-07-24T18:00:00,19.118,18.675,20.43,21.35,1.219,1.168,0.6095,0.5419,9.622,7.799,22659.7,31.448,1.2444,453.2,149.6
2026-07-24T19:00:00,18.926,18.420,19.90,20.75,1.195,1.140,0.6053,0.5244,9.410,7.677,22678.1,31.480,1.2459,453.6,149.7
2026-07-24T20:00:00,18.927,18.378,19.41,20.47,1.190,1.130,0.5558,0.5411,9.157,7.378,22696.5,31.513,1.2461,453.9,149.8
2026-07-24T21:00:00,18.515,18.260,18.25,19.11,1.151,1.099,0.6714,0.5345,9.588,7.815,22714.7,31.545,1.2486,454.3,149.9
2026-07-24T22:00:00,17.820,17.423,18.31,19.34,1.158,1.101,0.6382,0.5232,10.816,7.727,22732.1,31.599,1.2506,454.6,150.0
2026-07-24T23:00:00,16.253,15.667,17.44,18.15,1.189,1.125,0.6093,0.5261,8.491,7.509,22747.8,31.615,1.2520,455.0,150.1
2026-07-25T00:00:00,17.765,17.344,17.30,18.45,1.144,1.073,0.6412,0.5166,8.537,7.555,22765.2,31.632,1.2541,455.3,150.2
2026-07-25T01:00:00,16.758,16.360,16.63,17.84,1.154,1.098,0.5739,0.5355,9.524,7.728,22781.5,31.661,1.2547,455.6,150.4
2026-07-25T02:00:00,17.037,16.363,16.02,16.84,1.148,1.092,0.6019,0.5483,9.281,7.805,22797.9,31.685,1.2556,456.0,150.5
2026-07-25T03:00:00,16.378,16.070,15.89,17.02,1.149,1.097,0.6797,0.5362,9.069,8.037,22813.9,31.702,1.2579,456.3,150.6
2026-07-25T04:00:00,17.470,17.066,16.67,17.60,1.135,1.080,0.6173,0.5321,9.337,7.869,22831.0,31.727,1.2594,456.6,150.7
2026-07-25T05:00:00,16.642,16.160,16.83,17.34,1.124,1.073,0.5979,0.5345,8.979,7.844,22847.2,31.745,1.2604,456.9,150.8
2026-07-25T06:00:00,17.506,16.968,16.85,17.70,1.152,1.099,0.5765,0.5471,9.454,7.753,22864.1,31.774,1.2609,457.3,150.9
2026-07-25T07:00:00,18.491,17.838,17.15,17.68,1.174,1.122,0.6584,0.5273,9.579,7.816,22882.0,31.805,1.2632,457.6,151.0
2026-07-25T08:00:00,18.751,18.336,18.21,18.39,1.174,1.122,0.6616,0.5339,9.647,7.447,22900.3,31.846,1.2656,458.0,151.1
2026-07-25T09:00:00,16.941,16.586,18.62,19.35,1.162,1.106,0.6879,0.5179,9.251,7.721,22916.9,31.871,1.2684,458.3,151.3
2026-07-25T10:00:00,18.230,17.722,19.08,20.07,1.205,1.139,0.5771,0.5436,9.525,7.518,22934.6,31.907,1.2690,458.7,151.4
2026-07-25T11:00:00,18.233,17.769,19.96,20.79,1.198,1.128,0.5823,0.5249,9.455,7.922,22952.4,31.934,1.2700,459.0,151.5
2026-07-25T12:00:00,19.322,18.730,19.73,20.50,1.222,1.162,0.6652,0.5246,9.177,7.610,22971.1,31.963,1.2726,459.4,151.6
2026-07-25T13:00:00,18.877,18.799,20.10,20.72,1.213,1.155,0.6439,0.5446,10.310,7.904,22989.9,32.008,1.2745,459.8,151.7
2026-07-25T14:00:00,20.023,19.608,20.63,21.60,1.227,1.175,0.6000,0.5361,10.123,7.548,23009.5,32.059,1.2758,460.2,151.9
2026-07-25T15:00:00,18.221,17.681,20.67,21.26,1.231,1.180,0.6337,0.5273,8.632,7.388,23027.2,32.081,1.2777,460.5,152.0
2026-07-25T16:00:00,19.001,18.479,20.42,21.13,1.247,1.192,0.6375,0.5198,9.815,7.447,23045.7,32.125,1.2798,460.9,152.1
2026-07-25T17:00:00,18.719,18.399,20.42,21.48,1.233,1.179,0.5919,0.5443,9.401,7.798,23064.1,32.154,1.2807,461.3,152.2
2026-07-25T18:00:00,19.706,19.090,19.52,20.66,1.217,1.161,0.6326,0.5123,9.810,7.972,23083.2,32.189,1.2830,461.7,152.3
2026-07-25T19:00:00,18.256,17.864,19.36,20.32,1.172,1.122,0.6390,0.5191,9.855,7.784,23101.0,32.226,1.2851,462.0,152.5
2026-07-25T20:00:00,18.858,18.304,18.63,19.20,1.159,1.088,0.5411,0.5384,9.132,7.610,23119.3,32.254,1.2852,462.4,152.6
2026-07-25T21:00:00,18.701,18.142,18.73,19.66,1.158,1.100,0.5692,0.5252,8.611,7.700,23137.5,32.271,1.2860,462.7,152.7
2026-07-25T22:00:00,18.035,17.691,17.64,18.47,1.166,1.099,0.6667,0.5500,9.472,7.682,23155.2,32.302,1.2881,463.1,152.8
2026-07-25T23:00:00,16.938,16.452,17.12,17.49,1.176,1.115,0.6435,0.5475,9.476,8.004,23171.6,32.327,1.2896,463.4,152.9
2026-07-26T00:00:00,16.420,15.839,17.02,17.89,1.148,1.091,0.5750,0.5314,10.455,7.641,23187.5,32.371,1.2903,463.7,153.0
2026-07-26T01:00:00,17.089,16.721,16.56,17.46,1.136,1.077,0.6692,0.5383,9.487,7.651,23204.2,32.402,1.2925,464.1,153.1
2026-07-26T02:00:00,17.025,16.738,15.89,16.84,1.169,1.113,0.5396,0.5283,9.426,7.965,23220.9,32.426,1.2927,464.4,153.3
2026-07-26T03:00:00,16.881,16.564,16.66,17.39,1.100,1.048,0.5304,0.5400,9.358,7.901,23237.5,32.450,1.2927,464.7,153.4
2026-07-26T04:00:00,16.673,16.226,16.05,17.10,1.164,1.108,0.5519,0.5320,9.688,7.624,23253.7,32.484,1.2930,465.1,153.5
2026-07-26T05:00:00,16.484,16.097,16.34,17.17,1.145,1.092,0.6292,0.5272,9.604,7.657,23269.8,32.515,1.2947,465.4,153.6
2026-07-26T06:00:00,17.258,16.791,17.16,17.83,1.155,1.098,0.6446,0.5391,9.420,7.731,23286.6,32.544,1.2964,465.7,153.7
2026-07-26T07:00:00,17.886,17.401,17.53,18.11,1.161,1.106,0.5644,0.5451,9.218,7.581,23304.0,32.572,1.2968,466.1,153.8
2026-07-26T08:00:00,18.296,17.659,18.19,18.87,1.196,1.135,0.6272,0.5420,9.554,7.416,23321.7,32.610,1.2983,466.4,153.9
2026-07-26T09:00:00,19.046,18.364,17.48,18.19,1.150,1.088,0.6162,0.5490,8.979,7.898,23340.0,32.630,1.2995,466.8,154.0
2026-07-26T10:00:00,18.403,17.766,18.29,18.94,1.188,1.133,0.5718,0.5362,9.580,7.875,23357.8,32.660,1.3001,467.2,154.2
2026-07-26T11:00:00,18.872,18.039,18.77,19.68,1.199,1.143,0.6395,0.5244,9.263,7.896,23375.8,32.685,1.3022,467.5,154.3
2026-07-26T12:00:00,19.375,18.990,20.27,20.66,1.184,1.125,0.6154,0.5442,9.225,7.402,23394.8,32.719,1.3036,467.9,154.4
2026-07-26T13:00:00,18.423,18.006,20.45,21.25,1.212,1.155,0.6422,0.5339,8.558,7.807,23412.8,32.733,1.3055,468.3,154.5
2026-07-26T14:00:00,19.191,18.614,20.20,21.10,1.224,1.173,0.6444,0.5419,9.556,7.707,23431.4,32.767,1.3074,468.6,154.6
2026-07-26T15:00:00,18.501,18.039,20.49,21.40,1.225,1.170,0.6300,0.5528,9.955,7.782,23449.5,32.806,1.3088,469.0,154.8
2026-07-26T16:00:00,19.447,18.797,19.68,20.27,1.223,1.168,0.6141,0.5486,9.457,7.836,23468.3,32.837,1.3101,469.4,154.9
2026-07-26T17:00:00,18.729,18.254,19.49,20.58,1.223,1.169,0.6538,0.5302,9.096,7.855,23486.5,32.860,1.3123,469.7,155.0
2026-07-26T18:00:00,19.832,19.157,19.83,20.61,1.196,1.138,0.6076,0.5156,9.910,7.878,23505.7,32.898,1.3141,470.1,155.1
2026-07-26T19:00:00,18.809,18.569,19.12,20.05,1.176,1.123,0.5542,0.5240,9.631,7.703,23524.3,32.934,1.3146,470.5,155.3
2026-07-26T20:00:00,18.517,18.276,18.95,19.85,1.214,1.154,0.6021,0.5280,8.682,7.756,23542.5,32.951,1.3160,470.9,155.4
2026-07-26T21:00:00,18.024,17.508,18.02,18.60,1.169,1.119,0.6524,0.5403,9.371,7.537,23560.0,32.983,1.3180,471.2,155.5
2026-07-26T22:00:00,18.289,17.972,18.01,18.62,1.176,1.125,0.6116,0.5093,9.075,7.578,23578.0,33.010,1.3198,471.6,155.6
2026-07-26T23:00:00,17.636,17.312,17.76,18.22,1.155,1.098,0.6316,0.5379,8.770,7.852,23595.3,33.026,1.3214,471.9,155.7
2026-07-27T00:00:00,17.120,16.658,17.57,19.13,1.146,1.082,0.6072,0.5284,9.210,7.917,23612.0,33.048,1.3227,472.2,155.8
2026-07-27T01:00:00,18.316,17.749,16.75,17.85,1.159,1.096,0.6353,0.5483,8.636,7.559,23629.7,33.067,1.3243,472.6,156.0
2026-07-27T02:00:00,16.126,15.617,16.12,16.90,1.111,1.058,0.6238,0.5203,9.067,7.807,23645.4,33.086,1.3259,472.9,156.1
2026-07-27T03:00:00,16.714,16.286,16.65,17.85,1.146,1.087,0.5935,0.5328,8.827,8.066,23661.6,33.099,1.3269,473.2,156.2
2026-07-27T04:00:00,15.872,15.429,16.45,17.23,1.151,1.095,0.5942,0.5139,8.958,7.748,23677.1,33.118,1.3281,473.5,156.3
2026-07-27T05:00:00,16.839,16.623,16.96,17.49,1.163,1.106,0.6498,0.5341,9.211,7.557,23693.7,33.145,1.3300,473.9,156.4
2026-07-27T06:00:00,16.548,16.096,16.49,17.14,1.131,1.073,0.5486,0.5128,10.003,7.901,23709.8,33.179,1.3306,474.2,156.5
2026-07-27T07:00:00,17.380,16.847,17.89,18.64,1.161,1.106,0.6357,0.5086,10.263,7.694,23726.6,33.222,1.3328,474.5,156.6
2026-07-27T08:00:00,17.007,16.584,17.86,18.82,1.174,1.119,0.6323,0.5594,9.338,7.891,23743.2,33.246,1.3340,474.9,156.7
2026-07-27T09:00:00,17.665,17.201,18.75,19.63,1.170,1.113,0.6034,0.5347,9.555,7.990,23760.4,33.273,1.3351,475.2,156.8
2026-07-27T10:00:00,17.181,16.796,18.91,20.10,1.190,1.137,0.6641,0.5371,9.690,7.322,23777.2,33.313,1.3373,475.5,156.9
2026-07-27T11:00:00,18.493,18.109,19.99,20.23,1.217,1.161,0.5536,0.5258,9.640,7.839,23795.3,33.345,1.3378,475.9,157.0
2026-07-27T12:00:00,19.794,18.990,19.91,20.70,1.214,1.149,0.5950,0.5321,9.198,7.527,23814.3,33.377,1.3390,476.3,157.2
2026-07-27T13:00:00,19.005,18.305,19.13,19.57,1.229,1.155,0.6074,0.5453,10.230,7.566,23832.6,33.426,1.3401,476.7,157.3
2026-07-27T14:00:00,19.576,19.104,19.63,20.52,1.233,1.181,0.6122,0.5500,10.340,7.633,23851.7,33.478,1.3413,477.0,157.4
2026-07-27T15:00:00,20.228,19.516,20.37,21.32,1.208,1.154,0.5466,0.5430,9.423,7.787,23871.2,33.510,1.3414,477.4,157.6
2026-07-27T16:00:00,19.450,18.682,20.65,21.47,1.237,1.182,0.6100,0.5485,9.231,7.539,23889.9,33.541,1.3425,477.8,157.7
2026-07-27T17:00:00,18.665,18.210,19.82,20.72,1.226,1.173,0.6683,0.5198,8.803,8.221,23908.1,33.552,1.3452,478.2,157.8
2026-07-27T18:00:00,18.049,17.440,19.74,21.10,1.211,1.143,0.6036,0.5335,8.976,8.021,23925.6,33.568,1.3464,478.5,157.9
2026-07-27T19:00:00,18.552,18.140,18.95,19.54,1.173,1.115,0.5873,0.5341,10.115,7.346,23943.7,33.619,1.3474,478.9,158.0
2026-07-27T20:00:00,18.563,18.055,19.05,20.09,1.182,1.128,0.5866,0.5470,8.825,7.641,23961.8,33.640,1.3481,479.2,158.1
2026-07-27T21:00:00,18.072,17.791,18.08,18.94,1.182,1.128,0.5741,0.5472,9.216,7.583,23979.6,33.669,1.3486,479.6,158.3
2026-07-27T22:00:00,19.167,18.538,17.62,18.42,1.171,1.112,0.5998,0.5335,10.151,7.624,23998.1,33.716,1.3498,480.0,158.4
2026-07-27T23:00:00,17.784,17.203,17.28,17.83,1.159,1.108,0.6318,0.5411,9.804,7.408,24015.3,33.757,1.3514,480.3,158.5
2026-07-28T00:00:00,16.260,15.911,16.39,17.12,1.152,1.101,0.6297,0.5256,8.673,7.862,24031.2,33.770,1.3531,480.6,158.6
2026-07-28T01:00:00,17.998,17.580,16.62,17.87,1.184,1.130,0.6862,0.5234,9.927,7.643,24048.8,33.810,1.3559,481.0,158.7
2026-07-28T02:00:00,17.057,16.543,15.66,16.70,1.148,1.092,0.6069,0.5412,9.239,7.388,24065.3,33.841,1.3570,481.3,158.8
2026-07-28T03:00:00,17.641,17.207,16.08,17.09,1.137,1.080,0.6269,0.5100,9.349,7.583,24082.5,33.871,1.3590,481.7,158.9
2026-07-28T04:00:00,18.195,17.914,16.77,17.37,1.163,1.110,0.6426,0.5301,9.435,7.825,24100.4,33.900,1.3610,482.0,159.1
2026-07-28T05:00:00,16.961,16.539,16.68,16.98,1.139,1.080,0.5656,0.5277,8.877,7.843,24117.0,33.917,1.3617,482.3,159.2
2026-07-28T06:00:00,18.037,17.711,16.05,17.03,1.140,1.084,0.6300,0.5401,8.740,7.576,24134.7,33.938,1.3632,482.7,159.3
2026-07-28T07:00:00,16.627,16.163,16.73,17.36,1.157,1.106,0.6068,0.5391,9.692,7.742,24150.9,33.969,1.3643,483.0,159.4
2026-07-28T08:00:00,18.071,17.812,17.70,18.18,1.169,1.115,0.6460,0.5400,8.849,7.654,24168.7,33.991,1.3662,483.4,159.5
2026-07-28T09:00:00,19.133,18.734,17.63,18.38,1.220,1.161,0.6617,0.5160,9.594,7.843,24187.4,34.023,1.3690,483.7,159.6
2026-07-28T10:00:00,17.585,17.009,19.05,20.02,1.194,1.132,0.5855,0.5353,10.520,7.955,24204.4,34.067,1.3698,484.1,159.7
2026-07-28T11:00:00,18.786,18.453,19.08,20.13,1.169,1.114,0.5847,0.5030,9.719,7.492,24222.9,34.108,1.3713,484.5,159.9
2026-07-28T12:00:00,19.187,18.747,19.30,19.65,1.192,1.135,0.6174,0.5302,9.664,7.522,24241.6,34.148,1.3730,484.8,160.0
2026-07-28T13:00:00,19.674,19.397,19.59,19.84,1.224,1.163,0.5837,0.5507,9.678,7.814,24261.0,34.184,1.3736,485.2,160.1
2026-07-28T14:00:00,19.677,19.306,20.16,20.57,1.217,1.158,0.5582,0.5240,8.539,7.892,24280.3,34.197,1.3743,485.6,160.3
2026-07-28T15:00:00,20.400,19.797,19.71,20.46,1.210,1.158,0.6035,0.5227,9.467,7.497,24300.1,34.236,1.3759,486.0,160.4
2026-07-28T16:00:00,18.590,18.149,20.83,21.92,1.232,1.177,0.6426,0.5369,10.056,7.584,24318.3,34.281,1.3778,486.4,160.5
2026-07-28T17:00:00,19.019,18.722,20.58,21.31,1.202,1.150,0.6157,0.5302,9.154,7.315,24337.0,34.315,1.3794,486.7,160.6
2026-07-28T18:00:00,18.675,18.192,19.88,20.21,1.195,1.141,0.5943,0.5422,8.888,7.629,24355.2,34.338,1.3803,487.1,160.7
2026-07-28T19:00:00,18.955,18.540,19.13,19.85,1.200,1.144,0.5916,0.5382,9.344,7.569,24373.7,34.371,1.3813,487.5,160.9
2026-07-28T20:00:00,18.104,18.007,18.52,19.07,1.217,1.161,0.6110,0.5229,9.543,7.612,24391.7,34.406,1.3829,487.8,161.0
2026-07-28T21:00:00,17.516,17.085,18.75,19.50,1.178,1.121,0.5108,0.5434,9.944,7.890,24408.8,34.441,1.3829,488.2,161.1
2026-07-28T22:00:00,16.840,16.263,17.17,18.24,1.198,1.147,0.6544,0.5300,9.089,7.638,24425.1,34.464,1.3849,488.5,161.2
2026-07-28T23:00:00,17.198,16.750,18.11,18.55,1.195,1.137,0.6211,0.5436,8.939,7.319,24441.8,34.492,1.3862,488.8,161.3
2026-07-29T00:00:00,16.182,15.724,17.03,18.14,1.132,1.078,0.6511,0.5383,8.726,7.503,24457.5,34.511,1.3880,489.2,161.4
2026-07-29T01:00:00,17.389,17.240,16.20,17.21,1.138,1.083,0.5442,0.5187,10.285,7.768,24474.8,34.554,1.3884,489.5,161.5
2026-07-29T02:00:00,18.361,18.048,15.83,16.62,1.129,1.073,0.6369,0.5314,10.210,7.738,24492.8,34.599,1.3903,489.9,161.7
2026-07-29T03:00:00,16.786,16.181,15.47,16.15,1.132,1.075,0.6622,0.5594,9.307,7.634,24509.0,34.626,1.3920,490.2,161.8
2026-07-29T04:00:00,15.958,15.501,16.21,16.75,1.152,1.100,0.6927,0.5080,9.302,7.828,24524.5,34.649,1.3949,490.5,161.9
2026-07-29T05:00:00,15.856,15.278,15.97,16.87,1.162,1.104,0.5758,0.5281,9.256,7.532,24539.8,34.675,1.3956,490.8,162.0
2026-07-29T06:00:00,17.283,16.856,17.06,17.96,1.168,1.111,0.6804,0.5261,9.284,7.878,24556.7,34.699,1.3982,491.1,162.1
2026-07-29T07:00:00,17.633,17.322,17.80,18.92,1.142,1.092,0.6159,0.5399,8.989,8.065,24574.0,34.715,1.3995,491.5,162.2
2026-07-29T08:00:00,18.149,17.834,17.86,18.22,1.181,1.129,0.6751,0.5233,9.149,8.145,24591.8,34.733,1.4022,491.8,162.3
2026-07-29T09:00:00,17.938,17.474,18.45,19.18,1.164,1.110,0.6232,0.5145,9.232,7.707,24609.3,34.759,1.4041,492.2,162.4
2026-07-29T10:00:00,18.081,17.860,18.85,19.72,1.190,1.135,0.6166,0.5281,8.955,7.809,24627.1,34.780,1.4057,492.5,162.5
2026-07-29T11:00:00,19.561,19.334,19.38,19.85,1.223,1.167,0.5763,0.5089,8.685,7.817,24646.5,34.797,1.4070,492.9,162.7
2026-07-29T12:00:00,19.872,19.282,18.98,19.43,1.207,1.145,0.6162,0.5351,10.151,7.777,24665.8,34.842,1.4086,493.3,162.8
2026-07-29T13:00:00,19.911,19.317,19.77,20.45,1.203,1.144,0.6009,0.5187,8.741,7.470,24685.1,34.867,1.4102,493.7,162.9
2026-07-29T14:00:00,18.849,18.378,19.79,20.76,1.229,1.174,0.6232,0.5149,9.370,7.424,24703.5,34.903,1.4121,494.1,163.0
2026-07-29T15:00:00,19.599,19.014,20.29,20.70,1.222,1.165,0.6455,0.5487,10.227,7.679,24722.5,34.951,1.4140,494.4,163.2
2026-07-29T16:00:00,19.007,18.522,20.63,21.03,1.226,1.174,0.5413,0.5374,9.770,7.718,24741.0,34.989,1.4141,494.8,163.3
2026-07-29T17:00:00,19.214,19.000,20.60,21.37,1.208,1.153,0.6016,0.5462,9.249,7.695,24760.0,35.019,1.4151,495.2,163.4
2026-07-29T18:00:00,18.255,17.732,19.96,20.45,1.237,1.178,0.6107,0.5132,8.417,7.574,24777.7,35.034,1.4168,495.6,163.5
2026-07-29T19:00:00,18.208,17.949,19.76,20.52,1.184,1.127,0.6833,0.5280,9.502,7.412,24795.7,35.071,1.4196,495.9,163.7
2026-07-29T20:00:00,17.982,17.556,18.72,19.31,1.185,1.135,0.6235,0.5180,9.370,7.494,24813.2,35.104,1.4215,496.3,163.8
2026-07-29T21:00:00,18.387,18.009,17.69,18.68,1.201,1.145,0.5978,0.5096,8.989,7.675,24831.2,35.128,1.4231,496.6,163.9
2026-07-29T22:00:00,17.706,17.070,17.73,18.81,1.170,1.114,0.5461,0.5267,9.851,7.645,24848.3,35.165,1.4234,497.0,164.0
2026-07-29T23:00:00,16.566,16.020,17.01,17.65,1.120,1.064,0.5818,0.5271,8.772,7.654,24864.3,35.183,1.4243,497.3,164.1
2026-07-30T00:00:00,17.985,17.571,16.50,17.10,1.178,1.125,0.5736,0.5321,8.721,7.820,24881.9,35.199,1.4250,497.6,164.2
2026-07-30T01:00:00,16.191,15.584,16.47,17.27,1.124,1.071,0.5836,0.5164,9.142,7.479,24897.5,35.225,1.4261,497.9,164.3
2026-07-30T02:00:00,18.123,17.700,15.97,16.95,1.152,1.100,0.6055,0.5225,10.368,7.695,24915.2,35.272,1.4275,498.3,164.4
2026-07-30T03:00:00,16.175,15.846,16.43,17.20,1.132,1.076,0.6095,0.5600,9.262,7.903,24931.0,35.294,1.4283,498.6,164.5
2026-07-30T04:00:00,17.336,17.003,15.91,16.47,1.119,1.066,0.6129,0.5465,8.964,7.717,24948.0,35.315,1.4294,499.0,164.7
2026-07-30T05:00:00,17.209,16.812,17.01,18.02,1.159,1.096,0.5883,0.5116,9.841,7.431,24964.8,35.356,1.4307,499.3,164.8
2026-07-30T06:00:00,16.881,16.503,16.38,17.50,1.140,1.086,0.5820,0.5259,8.892,7.588,24981.3,35.377,1.4316,499.6,164.9
2026-07-30T07:00:00,17.480,17.053,18.12,18.84,1.143,1.083,0.6440,0.5250,9.266,7.630,24998.4,35.405,1.4337,500.0,165.0
2026-07-30T08:00:00,17.351,16.992,17.22,17.86,1.173,1.109,0.6249,0.5294,9.278,7.581,25015.4,35.434,1.4353,500.3,165.1
2026-07-30T09:00:00,18.724,18.159,18.68,19.33,1.182,1.125,0.6056,0.5453,9.223,7.511,25033.5,35.465,1.4364,500.7,165.2
2026-07-30T10:00:00,18.485,18.173,18.65,19.55,1.184,1.134,0.6272,0.5686,8.830,7.610,25051.7,35.487,1.4375,501.0,165.3
2026-07-30T11:00:00,17.896,17.235,18.78,19.96,1.181,1.122,0.5816,0.5453,10.059,7.561,25069.0,35.530,1.4381,501.4,165.5
2026-07-30T12:00:00,19.712,19.315,20.06,20.58,1.208,1.153,0.6383,0.5306,8.867,7.845,25088.3,35.550,1.4402,501.8,165.6
2026-07-30T13:00:00,19.659,19.094,20.32,21.05,1.238,1.188,0.6282,0.5322,9.069,7.681,25107.4,35.576,1.4420,502.1,165.7
2026-07-30T14:00:00,19.303,18.784,19.74,20.47,1.232,1.166,0.5915,0.5234,9.189,7.743,25126.2,35.604,1.4433,502.5,165.8
2026-07-30T15:00:00,18.735,18.271,20.42,21.00,1.213,1.152,0.5640,0.5356,8.816,7.880,25144.4,35.621,1.4438,502.9,166.0
2026-07-30T16:00:00,18.939,18.344,20.88,21.68,1.225,1.171,0.6220,0.5240,9.179,7.466,25162.8,35.652,1.4456,503.3,166.1
2026-07-30T17:00:00,19.182,18.608,19.38,19.78,1.213,1.163,0.6319,0.5267,8.992,7.352,25181.4,35.683,1.4476,503.6,166.2
2026-07-30T18:00:00,19.019,18.738,19.38,19.85,1.224,1.171,0.6931,0.5267,8.751,7.577,25200.1,35.705,1.4507,504.0,166.3
2026-07-30T19:00:00,18.747,18.287,18.95,19.79,1.208,1.153,0.6091,0.5448,8.769,7.374,25218.4,35.730,1.4518,504.4,166.4
2026-07-30T20:00:00,18.050,17.593,18.59,19.36,1.199,1.139,0.5980,0.5311,9.363,7.336,25236.0,35.766,1.4530,504.7,166.6
2026-07-30T21:00:00,18.340,17.842,18.99,19.60,1.195,1.144,0.6209,0.5148,8.706,7.762,25253.8,35.783,1.4549,505.1,166.7
2026-07-30T22:00:00,17.912,17.544,17.87,18.60,1.165,1.113,0.6162,0.5292,10.172,7.342,25271.4,35.832,1.4564,505.4,166.8
2026-07-30T23:00:00,17.201,16.582,16.96,17.53,1.175,1.116,0.5017,0.5229,8.821,7.398,25288.0,35.856,1.4564,505.8,166.9
2026-07-31T00:00:00,17.842,17.369,16.58,17.68,1.178,1.127,0.6222,0.5318,8.747,7.715,25305.3,35.874,1.4580,506.1,167.0
2026-07-31T01:00:00,16.809,16.380,15.78,16.60,1.153,1.094,0.5238,0.5252,9.117,7.275,25321.7,35.904,1.4580,506.4,167.1
2026-07-31T02:00:00,16.385,15.921,16.64,17.13,1.172,1.122,0.6355,0.5259,9.249,7.779,25337.6,35.927,1.4598,506.8,167.2
2026-07-31T03:00:00,16.027,15.485,16.48,17.72,1.135,1.077,0.6451,0.5536,9.307,7.474,25353.1,35.956,1.4612,507.1,167.3
2026-07-31T04:00:00,17.071,16.594,16.13,16.53,1.123,1.070,0.5624,0.5171,9.360,7.623,25369.7,35.985,1.4619,507.4,167.4
2026-07-31T05:00:00,16.265,15.845,15.83,16.57,1.178,1.117,0.6023,0.5313,9.924,7.223,25385.6,36.027,1.4630,507.7,167.5
2026-07-31T06:00:00,17.084,16.818,16.91,17.89,1.180,1.127,0.5850,0.5332,9.362,7.715,25402.4,36.055,1.4639,508.0,167.7
2026-07-31T07:00:00,17.583,16.903,16.96,17.52,1.169,1.118,0.6184,0.5317,9.002,7.672,25419.3,36.078,1.4654,508.4,167.8
2026-07-31T08:00:00,17.421,17.070,17.13,17.88,1.166,1.110,0.6108,0.5242,9.251,7.365,25436.3,36.110,1.4669,508.7,167.9
2026-07-31T09:00:00,18.767,18.386,17.74,18.32,1.221,1.167,0.5397,0.5333,8.464,7.373,25454.7,36.130,1.4670,509.1,168.0
2026-07-31T10:00:00,18.598,18.222,17.70,18.28,1.186,1.120,0.6223,0.5329,9.403,7.430,25473.0,36.166,1.4686,509.5,168.1
2026-07-31T11:00:00,18.680,18.043,18.71,19.08,1.216,1.159,0.7014,0.5210,8.708,7.652,25491.0,36.185,1.4719,509.8,168.2
2026-07-31T12:00:00,18.076,17.666,19.37,20.21,1.190,1.133,0.5989,0.5464,9.581,7.705,25508.7,36.218,1.4728,510.2,168.4
2026-07-31T13:00:00,19.500,18.986,19.26,20.16,1.211,1.151,0.5660,0.5153,8.489,7.336,25527.6,36.240,1.4738,510.6,168.5
2026-07-31T14:00:00,20.764,20.149,19.65,20.18,1.205,1.154,0.6525,0.5514,9.725,7.792,25547.8,36.279,1.4758,511.0,168.6
2026-07-31T15:00:00,19.334,18.810,20.20,21.16,1.256,1.200,0.6390,0.5280,9.398,7.716,25566.6,36.310,1.4779,511.3,168.7
2026-07-31T16:00:00,19.101,18.542,19.81,20.44,1.207,1.153,0.6636,0.5215,9.448,7.407,25585.1,36.348,1.4805,511.7,168.9
2026-07-31T17:00:00,18.667,18.179,20.21,20.82,1.227,1.173,0.6544,0.5235,10.080,7.560,25603.3,36.394,1.4829,512.1,169.0
2026-07-31T18:00:00,18.885,18.229,19.56,20.66,1.214,1.160,0.6310,0.5378,9.710,7.391,25621.6,36.436,1.4846,512.4,169.1
2026-07-31T19:00:00,17.857,17.425,19.30,20.42,1.196,1.139,0.5418,0.5264,8.398,7.458,25639.0,36.453,1.4849,512.8,169.2
2026-07-31T20:00:00,19.634,19.195,18.02,18.81,1.203,1.136,0.5802,0.5327,8.757,7.296,25658.2,36.481,1.4858,513.2,169.3
2026-07-31T21:00:00,19.112,18.612,18.51,19.57,1.181,1.127,0.6784,0.5302,9.475,7.535,25676.8,36.517,1.4885,513.5,169.5
2026-07-31T22:00:00,16.817,16.462,16.84,17.30,1.159,1.108,0.6816,0.5551,9.564,7.466,25693.3,36.551,1.4906,513.9,169.6
2026-07-31T23:00:00,17.550,17.040,17.44,18.08,1.128,1.074,0.6318,0.5208,9.650,7.690,25710.3,36.585,1.4925,514.2,169.7
2026-08-01T00:00:00,18.161,17.780,16.61,17.67,1.156,1.105,0.5469,0.5298,9.968,7.578,25728.1,36.627,1.4928,514.6,169.8
2026-08-01T01:00:00,15.844,15.461,15.99,17.01,1.153,1.102,0.6728,0.5328,9.759,7.720,25743.5,36.659,1.4950,514.9,169.9
2026-08-01T02:00:00,16.168,15.602,15.01,15.90,1.153,1.101,0.6279,0.5264,9.389,7.698,25759.1,36.685,1.4966,515.2,170.0
2026-08-01T03:00:00,17.570,16.926,15.60,16.02,1.122,1.067,0.5833,0.5367,8.738,7.396,25776.1,36.708,1.4973,515.5,170.1
2026-08-01T04:00:00,17.586,16.911,15.55,16.73,1.151,1.101,0.5103,0.5309,9.954,7.692,25793.0,36.746,1.4973,515.9,170.2
2026-08-01T05:00:00,16.752,16.397,16.05,16.64,1.124,1.065,0.6008,0.5249,9.319,7.701,25809.4,36.773,1.4986,516.2,170.3
2026-08-01T06:00:00,17.447,16.993,16.98,17.63,1.147,1.094,0.6096,0.5319,9.607,7.179,25826.4,36.814,1.4999,516.5,170.5
2026-08-01T07:00:00,17.971,17.416,17.16,17.93,1.177,1.121,0.6359,0.5478,8.974,7.558,25843.8,36.839,1.5014,516.9,170.6
2026-08-01T08:00:00,17.974,17.385,17.94,18.65,1.168,1.115,0.6041,0.5177,8.151,7.432,25861.2,36.851,1.5029,517.2,170.7
2026-08-01T09:00:00,18.107,17.574,18.79,19.57,1.162,1.108,0.6156,0.5267,9.256,7.635,25878.7,36.880,1.5045,517.6,170.8
2026-08-01T10:00:00,17.683,17.263,18.80,19.76,1.202,1.147,0.5949,0.5156,10.023,7.492,25896.0,36.923,1.5059,517.9,170.9
2026-08-01T11:00:00,18.054,17.595,19.15,20.27,1.225,1.173,0.6356,0.5444,9.316,7.754,25913.6,36.951,1.5075,518.3,171.0
2026-08-01T12:00:00,19.555,19.089,19.59,20.78,1.211,1.148,0.6127,0.5393,9.985,7.498,25932.7,36.998,1.5089,518.7,171.2
2026-08-01T13:00:00,19.408,18.880,19.83,20.68,1.224,1.167,0.6240,0.5470,9.831,7.657,25951.6,37.039,1.5103,519.0,171.3
2026-08-01T14:00:00,20.388,20.084,20.10,20.94,1.227,1.165,0.5834,0.5535,9.746,7.620,25971.6,37.082,1.5109,519.4,171.4
2026-08-01T15:00:00,19.175,18.279,19.57,20.26,1.173,1.119,0.6435,0.5354,9.053,7.525,25989.9,37.110,1.5129,519.8,171.5
2026-08-01T16:00:00,19.049,18.567,19.91,20.44,1.199,1.147,0.5739,0.5076,9.205,7.060,26008.5,37.150,1.5141,520.2,171.7
2026-08-01T17:00:00,19.447,19.026,20.09,20.59,1.234,1.181,0.6305,0.5037,9.354,7.784,26027.5,37.180,1.5166,520.6,171.8
2026-08-01T18:00:00,19.228,18.792,18.79,19.51,1.216,1.161,0.6463,0.5273,9.501,7.407,26046.3,37.219,1.5188,520.9,171.9
2026-08-01T19:00:00,17.485,17.147,18.74,19.52,1.202,1.150,0.6221,0.5173,8.567,7.454,26063.5,37.238,1.5206,521.3,172.0
2026-08-01T20:00:00,18.369,17.877,18.81,19.83,1.181,1.128,0.5977,0.5042,9.897,7.222,26081.3,37.286,1.5223,521.6,172.1
2026-08-01T21:00:00,17.198,16.664,18.26,19.16,1.186,1.135,0.4849,0.5130,9.370,7.498,26098.0,37.317,1.5223,522.0,172.2
2026-08-01T22:00:00,18.170,17.753,17.60,18.53,1.168,1.114,0.5987,0.5148,9.406,7.663,26115.8,37.348,1.5237,522.3,172.4
2026-08-01T23:00:00,17.255,16.786,16.71,17.45,1.162,1.111,0.5541,0.5269,8.524,7.701,26132.5,37.362,1.5242,522.7,172.5
2026-08-02T00:00:00,17.340,17.206,16.09,16.75,1.156,1.101,0.5655,0.5478,9.630,7.603,26149.7,37.397,1.5245,523.0,172.6
2026-08-02T01:00:00,17.265,16.812,15.11,15.67,1.161,1.105,0.6690,0.5424,8.749,7.374,26166.6,37.420,1.5266,523.3,172.7
2026-08-02T02:00:00,17.409,16.980,16.45,17.72,1.123,1.069,0.6436,0.5091,9.676,7.538,26183.5,37.456,1.5289,523.7,172.8
2026-08-02T03:00:00,16.369,16.082,16.03,16.80,1.121,1.069,0.6023,0.5289,9.272,7.549,26199.6,37.484,1.5301,524.0,172.9
2026-08-02T04:00:00,18.065,17.557,15.87,17.21,1.158,1.108,0.5589,0.5414,8.772,7.688,26217.2,37.503,1.5304,524.3,173.0
2026-08-02T05:00:00,16.192,15.659,15.61,16.20,1.130,1.070,0.5931,0.5405,9.581,7.658,26232.8,37.533,1.5312,524.7,173.1
2026-08-02T06:00:00,17.413,17.070,15.88,16.57,1.136,1.084,0.5835,0.5164,8.185,7.257,26249.9,37.549,1.5324,525.0,173.2
2026-08-02T07:00:00,16.532,16.063,16.58,17.13,1.152,1.091,0.5716,0.5271,9.001,7.925,26266.0,37.566,1.5331,525.3,173.4
2026-08-02T08:00:00,18.571,18.175,17.94,18.40,1.163,1.109,0.6238,0.5379,8.535,7.681,26284.1,37.582,1.5347,525.7,173.5
2026-08-02T09:00:00,18.358,17.987,17.70,18.42,1.188,1.126,0.6122,0.5268,9.510,7.764,26302.1,37.613,1.5362,526.0,173.6
2026-08-02T10:00:00,18.739,18.061,17.96,19.13,1.180,1.123,0.5665,0.5213,8.927,7.242,26320.2,37.643,1.5370,526.4,173.7
2026-08-02T11:00:00,18.481,18.027,18.22,19.12,1.212,1.152,0.6454,0.5279,8.422,7.468,26338.2,37.661,1.5391,526.8,173.8
2026-08-02T12:00:00,17.570,17.257,19.24,19.81,1.237,1.170,0.5937,0.5464,8.627,7.597,26355.5,37.678,1.5399,527.1,173.9
2026-08-02T13:00:00,19.263,18.820,19.53,20.07,1.202,1.150,0.5842,0.5429,9.410,7.492,26374.3,37.715,1.5407,527.5,174.1
2026-08-02T14:00:00,18.635,18.168,19.42,20.35,1.223,1.167,0.6103,0.5350,9.307,7.795,26392.5,37.742,1.5421,527.8,174.2
2026-08-02T15:00:00,19.051,18.441,19.61,20.37,1.212,1.150,0.5962,0.5380,8.677,7.657,26410.9,37.761,1.5432,528.2,174.3
2026-08-02T16:00:00,19.934,19.312,20.34,20.96,1.225,1.167,0.5689,0.5341,9.213,7.432,26430.2,37.795,1.5438,528.6,174.4
2026-08-02T17:00:00,18.495,18.020,20.31,20.99,1.211,1.153,0.5888,0.5320,9.445,7.407,26448.2,37.832,1.5449,529.0,174.6
2026-08-02T18:00:00,19.538,18.843,19.14,20.22,1.206,1.145,0.6755,0.5134,10.226,7.519,26467.1,37.883,1.5479,529.3,174.7
2026-08-02T19:00:00,19.261,18.927,18.57,19.12,1.211,1.156,0.6681,0.5248,8.834,7.634,26486.0,37.906,1.5506,529.7,174.8
2026-08-02T20:00:00,18.351,17.573,18.54,19.65,1.193,1.143,0.5736,0.5211,9.085,7.423,26503.6,37.935,1.5515,530.1,174.9
2026-08-02T21:00:00,17.936,17.564,18.33,18.82,1.207,1.155,0.5765,0.5359,8.725,7.790,26521.1,37.951,1.5523,530.4,175.0
2026-08-02T22:00:00,17.791,17.478,17.71,17.88,1.151,1.097,0.6022,0.5085,9.501,7.358,26538.6,37.989,1.5539,530.8,175.2
2026-08-02T23:00:00,18.103,17.736,16.08,16.41,1.137,1.080,0.6267,0.5305,9.525,7.628,26556.4,38.022,1.5556,531.1,175.3
2026-08-03T00:00:00,18.664,18.026,16.52,17.60,1.126,1.061,0.6331,0.5261,9.310,7.314,26574.4,38.058,1.5575,531.5,175.4
2026-08-03T01:00:00,16.865,16.325,16.24,17.26,1.148,1.081,0.6205,0.5098,9.873,7.593,26590.7,38.096,1.5593,531.8,175.5
2026-08-03T02:00:00,16.393,16.063,16.00,16.53,1.147,1.085,0.5897,0.5223,9.081,7.682,26606.8,38.118,1.5604,532.1,175.6
2026-08-03T03:00:00,16.982,16.436,15.44,16.27,1.171,1.115,0.6483,0.5287,9.448,7.816,26623.2,38.145,1.5624,532.5,175.7
2026-08-03T04:00:00,16.357,16.068,16.31,17.15,1.122,1.066,0.6449,0.5321,9.429,7.492,26639.3,38.176,1.5642,532.8,175.8
2026-08-03T05:00:00,17.514,17.199,15.84,16.65,1.136,1.075,0.5277,0.5286,8.958,7.275,26656.5,38.205,1.5642,533.1,175.9
2026-08-03T06:00:00,15.772,15.461,16.01,17.20,1.157,1.095,0.6080,0.5474,9.462,7.616,26671.9,38.233,1.5651,533.4,176.0
2026-08-03T07:00:00,16.427,16.115,16.75,17.40,1.162,1.105,0.5969,0.5115,9.121,7.326,26688.0,38.262,1.5665,533.8,176.1
2026-08-03T08:00:00,16.355,15.839,17.47,18.19,1.163,1.113,0.6447,0.5164,8.546,7.586,26703.9,38.278,1.5685,534.1,176.2
2026-08-03T09:00:00,16.900,16.398,17.73,18.70,1.188,1.132,0.6336,0.5103,8.582,7.412,26720.3,38.297,1.5706,534.4,176.4
2026-08-03T10:00:00,18.819,18.473,18.86,19.48,1.162,1.106,0.5778,0.5235,9.743,7.315,26738.8,38.342,1.5716,534.8,176.5
2026-08-03T11:00:00,17.554,17.012,18.54,19.37,1.208,1.131,0.5744,0.5312,9.210,7.340,26755.8,38.373,1.5723,535.1,176.6
2026-08-03T12:00:00,18.965,18.623,19.12,20.10,1.212,1.161,0.5854,0.5306,9.221,7.442,26774.4,38.407,1.5733,535.5,176.7
2026-08-03T13:00:00,17.958,17.684,19.09,19.30,1.218,1.158,0.5919,0.5084,9.693,7.196,26792.1,38.451,1.5748,535.8,176.8
2026-08-03T14:00:00,18.927,18.507,19.92,20.74,1.216,1.163,0.6564,0.5370,9.076,7.509,26810.6,38.480,1.5770,536.2,176.9
2026-08-03T15:00:00,20.173,19.708,19.49,20.33,1.227,1.165,0.6303,0.5295,8.713,7.518,26830.3,38.503,1.5790,536.6,177.1
2026-08-03T16:00:00,19.623,19.324,19.38,20.36,1.234,1.175,0.6260,0.5242,8.818,7.261,26849.6,38.533,1.5810,537.0,177.2
2026-08-03T17:00:00,18.834,18.298,19.97,21.02,1.211,1.152,0.6077,0.5135,9.190,7.364,26867.9,38.567,1.5827,537.4,177.3
2026-08-03T18:00:00,18.867,18.280,19.01,19.90,1.187,1.134,0.6559,0.5230,9.097,7.398,26886.2,38.598,1.5851,537.7,177.4
2026-08-03T19:00:00,18.616,18.096,17.97,18.41,1.205,1.133,0.5693,0.5182,9.042,7.321,26904.3,38.629,1.5860,538.1,177.6
2026-08-03T20:00:00,17.735,17.277,18.29,19.06,1.200,1.146,0.6312,0.5228,8.989,7.298,26921.6,38.658,1.5879,538.4,177.7
2026-08-03T21:00:00,17.736,17.209,17.74,18.93,1.170,1.116,0.6347,0.5251,9.383,7.381,26938.8,38.693,1.5898,538.8,177.8
2026-08-03T22:00:00,17.414,16.824,17.24,17.79,1.150,1.095,0.6706,0.5182,9.775,7.303,26955.6,38.734,1.5924,539.1,177.9
2026-08-03T23:00:00,17.536,17.016,16.27,17.27,1.157,1.105,0.6134,0.5025,9.412,7.707,26972.6,38.763,1.5942,539.5,178.0
2026-08-04T00:00:00,17.302,16.570,16.27,17.04,1.135,1.085,0.6249,0.5115,9.851,7.678,26989.2,38.799,1.5961,539.8,178.1
2026-08-04T01:00:00,16.603,16.359,16.06,16.92,1.126,1.060,0.5890,0.5118,8.954,7.807,27005.5,38.818,1.5974,540.1,178.2
2026-08-04T02:00:00,16.002,15.542,15.79,16.99,1.129,1.075,0.6343,0.5352,9.133,7.562,27021.1,38.842,1.5989,540.4,178.3
2026-08-04T03:00:00,16.487,16.332,16.53,17.28,1.130,1.070,0.6340,0.5237,9.844,7.172,27037.4,38.886,1.6007,540.7,178.4
2026-08-04T04:00:00,17.825,17.299,16.66,16.87,1.135,1.083,0.5983,0.5239,9.118,7.245,27054.7,38.918,1.6020,541.1,178.6
2026-08-04T05:00:00,16.434,16.100,16.08,16.80,1.132,1.071,0.6081,0.5167,8.040,7.476,27070.8,38.928,1.6035,541.4,178.7
2026-08-04T06:00:00,17.718,17.420,17.04,17.40,1.123,1.072,0.5966,0.5210,8.905,7.498,27088.2,38.952,1.6048,541.8,178.8
2026-08-04T07:00:00,18.236,18.207,16.83,17.85,1.180,1.121,0.5799,0.5143,9.146,7.540,27106.4,38.981,1.6060,542.1,178.9
2026-08-04T08:00:00,16.840,16.258,17.26,18.31,1.171,1.119,0.5874,0.5402,8.631,7.580,27122.7,38.998,1.6068,542.5,179.0
2026-08-04T09:00:00,17.663,17.007,17.95,18.99,1.174,1.118,0.6559,0.5090,9.888,7.451,27139.7,39.040,1.6093,542.8,179.1
2026-08-04T10:00:00,18.449,17.824,17.94,18.65,1.179,1.125,0.5919,0.5389,9.845,7.388,27157.5,39.084,1.6102,543.2,179.2
2026-08-04T11:00:00,19.181,18.746,18.87,19.08,1.197,1.139,0.6086,0.5162,10.131,7.544,27176.3,39.132,1.6119,543.5,179.4
2026-08-04T12:00:00,18.553,17.981,19.59,20.43,1.200,1.135,0.6068,0.5276,8.885,7.328,27194.3,39.160,1.6134,543.9,179.5
2026-08-04T13:00:00,17.702,17.426,19.34,20.08,1.225,1.171,0.5705,0.5412,9.497,7.484,27211.7,39.195,1.6139,544.2,179.6
2026-08-04T14:00:00,19.933,19.323,19.22,20.31,1.220,1.165,0.5908,0.5519,8.536,7.529,27231.0,39.215,1.6146,544.6,179.7
2026-08-04T15:00:00,19.694,18.840,19.96,21.19,1.188,1.136,0.5760,0.5188,9.134,7.586,27249.8,39.244,1.6157,545.0,179.8
2026-08-04T16:00:00,20.522,19.927,20.74,21.87,1.233,1.179,0.6026,0.5301,9.357,7.459,27269.8,39.282,1.6172,545.4,180.0
2026-08-04T17:00:00,19.930,19.123,19.66,20.45,1.201,1.150,0.6244,0.5052,8.878,7.371,27288.9,39.310,1.6194,545.8,180.1
2026-08-04T18:00:00,19.313,19.125,19.65,20.58,1.197,1.141,0.6562,0.5128,9.228,7.597,27308.0,39.342,1.6222,546.2,180.2
2026-08-04T19:00:00,19.324,18.920,19.10,19.80,1.207,1.151,0.5266,0.5088,9.547,7.459,27326.9,39.381,1.6225,546.5,180.4
2026-08-04T20:00:00,18.718,18.270,17.95,19.02,1.200,1.140,0.6139,0.5100,8.922,7.409,27345.2,39.409,1.6244,546.9,180.5
2026-08-04T21:00:00,18.456,17.994,18.04,18.78,1.183,1.122,0.5928,0.5306,9.635,7.610,27363.2,39.445,1.6255,547.3,180.6
2026-08-04T22:00:00,17.990,17.528,16.47,17.04,1.184,1.133,0.6125,0.5057,8.121,7.536,27380.7,39.455,1.6274,547.6,180.7
2026-08-04T23:00:00,16.840,16.471,16.54,17.03,1.182,1.121,0.6167,0.5353,9.702,7.443,27397.2,39.493,1.6287,547.9,180.8
2026-08-05T00:00:00,16.935,16.389,16.62,17.50,1.154,1.099,0.5402,0.5379,8.538,7.524,27413.6,39.509,1.6288,548.3,180.9
2026-08-05T01:00:00,16.816,16.520,15.97,16.48,1.136,1.076,0.6530,0.5368,9.392,7.345,27430.1,39.543,1.6307,548.6,181.0
2026-08-05T02:00:00,17.278,16.842,15.98,16.27,1.135,1.083,0.6301,0.5490,8.800,7.371,27447.0,39.567,1.6321,548.9,181.1
2026-08-05T03:00:00,16.528,16.319,15.00,15.78,1.154,1.103,0.6378,0.5208,9.084,7.420,27463.3,39.594,1.6340,549.3,181.3
2026-08-05T04:00:00,17.552,17.201,15.98,16.59,1.115,1.062,0.5925,0.5352,8.551,7.107,27480.5,39.619,1.6350,549.6,181.4
2026-08-05T05:00:00,17.108,16.638,16.13,16.61,1.147,1.095,0.5863,0.5247,9.197,7.587,27497.1,39.646,1.6360,549.9,181.5
2026-08-05T06:00:00,18.752,18.309,16.00,16.73,1.124,1.073,0.6177,0.5102,9.659,7.410,27515.4,39.687,1.6380,550.3,181.6
2026-08-05T07:00:00,16.147,15.554,17.15,18.15,1.159,1.109,0.5515,0.5137,8.972,7.501,27531.0,39.710,1.6385,550.6,181.7
2026-08-05T08:00:00,17.513,16.986,17.74,18.75,1.163,1.104,0.6353,0.5220,9.123,7.678,27548.0,39.735,1.6405,551.0,181.8
2026-08-05T09:00:00,17.615,17.180,17.11,17.45,1.172,1.121,0.6270,0.5115,8.959,7.820,27565.1,39.754,1.6424,551.3,181.9
2026-08-05T10:00:00,19.250,18.906,18.51,19.43,1.201,1.151,0.5788,0.5218,9.476,6.957,27584.0,39.802,1.6435,551.7,182.1
2026-08-05T11:00:00,18.585,18.463,18.51,18.76,1.189,1.121,0.6217,0.5361,9.156,7.463,27602.5,39.833,1.6451,552.1,182.2
2026-08-05T12:00:00,19.177,18.742,18.90,19.35,1.220,1.153,0.6534,0.5207,9.833,7.470,27621.3,39.877,1.6476,552.4,182.3
2026-08-05T13:00:00,19.652,18.943,19.64,20.43,1.215,1.160,0.5151,0.5207,8.840,7.236,27640.2,39.908,1.6476,552.8,182.4
2026-08-05T14:00:00,18.442,17.919,19.98,21.38,1.238,1.185,0.5799,0.5263,9.566,7.266,27658.1,39.949,1.6486,553.2,182.5
2026-08-05T15:00:00,18.624,18.228,20.16,21.24,1.244,1.191,0.6202,0.5534,8.930,7.622,27676.3,39.973,1.6498,553.5,182.7
2026-08-05T16:00:00,18.810,18.591,19.84,20.54,1.249,1.188,0.5901,0.5415,8.635,7.308,27694.9,39.997,1.6507,553.9,182.8
2026-08-05T17:00:00,19.412,19.024,19.21,20.01,1.222,1.159,0.6299,0.5230,9.586,7.324,27714.0,40.040,1.6527,554.3,182.9
2026-08-05T18:00:00,18.520,18.179,18.61,19.49,1.212,1.144,0.6328,0.5419,10.021,7.273,27732.1,40.090,1.6544,554.6,183.0
2026-08-05T19:00:00,18.698,18.058,19.24,20.39,1.211,1.159,0.6212,0.5211,8.690,7.429,27750.2,40.113,1.6562,555.0,183.2
2026-08-05T20:00:00,17.633,16.946,18.63,19.28,1.157,1.098,0.6454,0.5216,9.167,7.150,27767.1,40.147,1.6583,555.3,183.3
2026-08-05T21:00:00,18.218,17.540,17.65,18.44,1.167,1.114,0.6421,0.5134,8.473,7.577,27784.7,40.163,1.6605,555.7,183.4
2026-08-05T22:00:00,18.001,17.480,16.77,17.78,1.161,1.109,0.6604,0.5298,9.120,7.324,27802.2,40.194,1.6628,556.0,183.5
2026-08-05T23:00:00,17.966,17.417,17.00,18.06,1.145,1.078,0.6116,0.5374,9.000,7.435,27819.6,40.222,1.6641,556.4,183.6
2026-08-06T00:00:00,16.813,16.335,16.29,17.09,1.174,1.119,0.6691,0.5218,8.499,7.492,27835.9,40.238,1.6665,556.7,183.7
2026-08-06T01:00:00,16.998,16.615,15.21,15.74,1.127,1.077,0.5921,0.5095,9.444,7.372,27852.5,40.273,1.6679,557.1,183.8
2026-08-06T02:00:00,16.252,15.686,15.81,16.55,1.145,1.087,0.6091,0.5431,9.315,7.330,27868.2,40.304,1.6689,557.4,183.9
2026-08-06T03:00:00,16.747,16.283,14.74,15.85,1.155,1.099,0.6035,0.5218,8.527,8.071,27884.5,40.311,1.6702,557.7,184.0
2026-08-06T04:00:00,17.593,17.065,15.96,16.71,1.112,1.047,0.6112,0.5305,10.309,7.546,27901.6,40.358,1.6716,558.0,184.2
2026-08-06T05:00:00,17.896,17.064,15.51,16.59,1.152,1.091,0.5956,0.5132,9.711,7.480,27918.6,40.396,1.6730,558.4,184.3
2026-08-06T06:00:00,16.635,16.290,16.40,17.44,1.146,1.095,0.5998,0.5252,9.516,7.503,27934.9,40.429,1.6742,558.7,184.4
2026-08-06T07:00:00,17.724,17.259,16.64,17.70,1.153,1.101,0.5354,0.5128,8.881,7.243,27952.2,40.457,1.6746,559.0,184.5
2026-08-06T08:00:00,17.665,17.414,17.61,18.65,1.165,1.106,0.6614,0.5274,9.122,7.178,27969.6,40.491,1.6770,559.4,184.6
2026-08-06T09:00:00,18.241,17.765,17.36,18.16,1.192,1.127,0.6791,0.5403,9.683,7.810,27987.4,40.525,1.6794,559.7,184.7
2026-08-06T10:00:00,17.850,17.466,18.53,19.34,1.195,1.144,0.6545,0.5200,8.795,7.391,28004.8,40.549,1.6818,560.1,184.8
2026-08-06T11:00:00,17.690,17.345,18.36,19.29,1.198,1.145,0.6319,0.5306,8.590,7.526,28022.2,40.567,1.6835,560.4,184.9
2026-08-06T12:00:00,18.663,18.224,18.76,19.88,1.203,1.149,0.5958,0.5235,9.090,7.760,28040.4,40.592,1.6849,560.8,185.1
2026-08-06T13:00:00,20.190,19.942,19.04,19.95,1.200,1.148,0.6168,0.5203,10.123,7.687,28060.3,40.640,1.6868,561.2,185.2
2026-08-06T14:00:00,19.242,18.562,19.82,20.78,1.253,1.190,0.5992,0.5130,8.834,7.462,28078.9,40.666,1.6884,561.6,185.3
2026-08-06T15:00:00,18.673,18.233,19.92,20.44,1.243,1.184,0.5989,0.5512,8.562,7.242,28097.1,40.690,1.6893,561.9,185.4
2026-08-06T16:00:00,18.857,18.379,19.01,19.73,1.233,1.173,0.6897,0.5152,8.943,7.457,28115.5,40.717,1.6925,562.3,185.6
2026-08-06T17:00:00,18.864,18.471,19.59,20.51,1.210,1.155,0.6228,0.5239,8.456,7.475,28134.0,40.735,1.6943,562.7,185.7
2026-08-06T18:00:00,19.762,19.263,19.32,20.00,1.207,1.149,0.6684,0.5327,8.604,6.977,28153.2,40.767,1.6969,563.1,185.8
2026-08-06T19:00:00,19.099,18.591,18.96,19.69,1.207,1.138,0.5764,0.5118,9.727,7.712,28171.8,40.804,1.6981,563.4,185.9
2026-08-06T20:00:00,17.937,17.300,18.17,18.76,1.192,1.138,0.6596,0.5305,8.947,7.308,28189.1,40.832,1.7003,563.8,186.0
2026-08-06T21:00:00,18.814,18.407,18.26,18.94,1.177,1.121,0.5828,0.5259,9.461,7.141,28207.5,40.875,1.7014,564.2,186.2
2026-08-06T22:00:00,16.687,16.172,17.94,18.89,1.170,1.119,0.6684,0.4999,9.320,7.301,28223.7,40.908,1.7041,564.5,186.3
2026-08-06T23:00:00,17.703,17.225,16.52,16.89,1.150,1.100,0.7042,0.5269,9.435,7.308,28240.9,40.944,1.7072,564.8,186.4
2026-08-07T00:00:00,18.172,17.747,16.12,16.87,1.162,1.105,0.5795,0.5127,9.618,7.217,28258.7,40.987,1.7083,565.2,186.5
2026-08-07T01:00:00,16.749,16.228,16.16,16.76,1.130,1.070,0.5686,0.5340,9.657,7.435,28274.9,41.023,1.7089,565.5,186.6
2026-08-07T02:00:00,16.388,15.887,15.76,16.57,1.130,1.065,0.6210,0.5233,9.521,7.553,28290.8,41.054,1.7105,565.8,186.7
2026-08-07T03:00:00,16.801,16.411,16.00,16.56,1.129,1.073,0.6093,0.5191,8.555,7.314,28307.2,41.075,1.7119,566.1,186.8
2026-08-07T04:00:00,16.093,15.599,14.43,15.30,1.141,1.088,0.5842,0.5017,9.462,7.307,28322.8,41.108,1.7132,566.5,186.9
2026-08-07T05:00:00,16.434,15.883,16.04,16.85,1.136,1.085,0.5969,0.4978,9.754,7.549,28338.7,41.143,1.7148,566.8,187.0
2026-08-07T06:00:00,17.150,16.734,16.40,17.60,1.142,1.085,0.5917,0.4941,9.071,7.321,28355.4,41.173,1.7164,567.1,187.1
2026-08-07T07:00:00,17.821,17.454,17.36,18.19,1.172,1.115,0.6140,0.5203,9.345,7.652,28372.9,41.202,1.7181,567.5,187.3
2026-08-07T08:00:00,18.358,17.765,17.44,18.75,1.175,1.118,0.6336,0.5275,9.901,7.283,28390.6,41.249,1.7200,567.8,187.4
2026-08-07T09:00:00,18.843,18.592,16.90,17.70,1.204,1.152,0.6470,0.5254,8.902,7.526,28409.2,41.274,1.7222,568.2,187.5
2026-08-07T10:00:00,18.132,17.726,17.88,18.54,1.196,1.140,0.5634,0.5224,10.092,7.601,28427.0,41.318,1.7229,568.5,187.6
2026-08-07T11:00:00,18.716,18.239,18.12,18.55,1.205,1.147,0.6965,0.5069,9.763,7.561,28445.2,41.359,1.7264,568.9,187.7
2026-08-07T12:00:00,19.324,18.680,19.72,20.28,1.200,1.145,0.5929,0.5450,9.114,7.401,28463.9,41.391,1.7273,569.3,187.9
2026-08-07T13:00:00,19.769,19.087,18.77,19.74,1.206,1.154,0.5814,0.5345,9.647,7.071,28483.0,41.440,1.7282,569.7,188.0
2026-08-07T14:00:00,20.009,19.567,19.60,20.74,1.225,1.171,0.6396,0.5132,10.178,7.045,28502.5,41.501,1.7307,570.1,188.1
2026-08-07T15:00:00,18.903,18.201,19.14,19.78,1.229,1.175,0.6450,0.5058,9.031,7.711,28520.7,41.525,1.7332,570.4,188.2
2026-08-07T16:00:00,19.477,18.917,20.04,21.15,1.220,1.167,0.6454,0.5339,8.680,7.629,28539.7,41.545,1.7353,570.8,188.4
2026-08-07T17:00:00,19.231,18.480,19.69,21.00,1.245,1.191,0.6742,0.5258,9.677,7.459,28558.1,41.586,1.7380,571.2,188.5
2026-08-07T18:00:00,18.900,18.338,19.08,19.79,1.212,1.154,0.6371,0.5183,9.667,7.171,28576.5,41.632,1.7402,571.5,188.6
2026-08-07T19:00:00,17.843,17.596,18.85,19.78,1.213,1.153,0.6466,0.5347,8.911,7.410,28594.1,41.658,1.7422,571.9,188.7
2026-08-07T20:00:00,17.420,16.894,18.59,19.33,1.184,1.118,0.6510,0.5185,9.203,7.410,28611.0,41.688,1.7444,572.2,188.8
2026-08-07T21:00:00,16.784,16.264,17.41,18.04,1.191,1.128,0.5816,0.5435,9.975,7.566,28627.2,41.728,1.7450,572.5,188.9
2026-08-07T22:00:00,18.007,17.457,16.54,17.29,1.182,1.115,0.6778,0.5205,9.818,7.180,28644.7,41.774,1.7478,572.9,189.1
2026-08-07T23:00:00,17.414,17.030,15.96,16.91,1.130,1.079,0.6057,0.5247,9.396,7.226,28661.7,41.811,1.7492,573.2,189.2
2026-08-08T00:00:00,16.593,15.871,15.16,15.72,1.154,1.101,0.6166,0.5207,9.241,7.247,28677.6,41.842,1.7507,573.6,189.3
2026-08-08T01:00:00,17.407,17.117,15.80,16.98,1.143,1.077,0.5626,0.5202,9.109,7.409,28694.7,41.871,1.7514,573.9,189.4
2026-08-08T02:00:00,17.502,17.159,14.90,16.31,1.146,1.094,0.5462,0.5419,9.439,7.374,28711.9,41.907,1.7515,574.2,189.5
2026-08-08T03:00:00,16.430,16.191,14.86,15.34,1.150,1.097,0.6203,0.5230,9.455,7.411,28728.1,41.940,1.7531,574.6,189.6
2026-08-08T04:00:00,16.618,16.175,15.32,16.07,1.162,1.107,0.5768,0.5076,8.834,7.529,28744.2,41.961,1.7542,574.9,189.7
2026-08-08T05:00:00,16.600,16.239,15.63,16.37,1.161,1.108,0.5982,0.5087,9.111,6.795,28760.5,41.999,1.7556,575.2,189.8
2026-08-08T06:00:00,17.421,16.919,16.11,16.87,1.155,1.096,0.6149,0.5331,9.591,7.455,28777.4,42.035,1.7570,575.5,189.9
2026-08-08T07:00:00,17.095,16.597,16.74,17.52,1.156,1.096,0.6649,0.5216,9.659,7.288,28794.0,42.074,1.7594,575.9,190.0
2026-08-08T08:00:00,17.583,17.380,17.69,18.75,1.165,1.105,0.5930,0.5229,8.988,7.167,28811.4,42.106,1.7606,576.2,190.2
2026-08-08T09:00:00,17.981,17.561,17.56,18.41,1.187,1.126,0.5969,0.5252,8.961,7.376,28828.9,42.134,1.7619,576.6,190.3
2026-08-08T10:00:00,18.627,18.174,17.25,18.17,1.175,1.120,0.6223,0.5510,9.279,7.317,28847.1,42.169,1.7632,576.9,190.4
2026-08-08T11:00:00,18.799,18.277,18.55,18.95,1.193,1.140,0.6414,0.5240,8.894,7.299,28865.4,42.198,1.7653,577.3,190.5
2026-08-08T12:00:00,18.756,18.264,18.64,19.79,1.222,1.169,0.6438,0.5234,9.385,7.431,28883.6,42.234,1.7675,577.7,190.6
2026-08-08T13:00:00,19.740,19.167,18.52,19.17,1.199,1.142,0.6940,0.5238,9.576,7.353,28902.8,42.277,1.7708,578.1,190.8
2026-08-08T14:00:00,18.778,18.427,19.20,20.13,1.199,1.148,0.6158,0.4995,8.423,7.222,28921.2,42.299,1.7729,578.4,190.9
2026-08-08T15:00:00,20.631,20.173,19.51,20.27,1.228,1.174,0.5963,0.5187,9.901,7.140,28941.4,42.355,1.7745,578.8,191.0
2026-08-08T16:00:00,18.425,17.936,19.95,20.79,1.227,1.172,0.6008,0.5387,9.640,7.035,28959.3,42.401,1.7756,579.2,191.1
2026-08-08T17:00:00,18.256,17.870,19.75,20.84,1.189,1.135,0.6336,0.5254,9.237,7.406,28977.2,42.434,1.7775,579.5,191.2
2026-08-08T18:00:00,19.639,19.221,18.51,19.25,1.215,1.156,0.6471,0.5192,8.449,7.426,28996.4,42.454,1.7800,579.9,191.4
2026-08-08T19:00:00,19.431,18.911,18.49,19.90,1.215,1.160,0.6354,0.5254,8.846,7.527,29015.3,42.479,1.7821,580.3,191.5
2026-08-08T20:00:00,18.387,17.964,17.73,18.37,1.196,1.145,0.6264,0.5242,8.906,7.351,29033.3,42.507,1.7839,580.7,191.6
2026-08-08T21:00:00,17.066,16.826,17.49,18.90,1.186,1.124,0.5788,0.5539,9.001,7.321,29050.1,42.535,1.7843,581.0,191.7
2026-08-08T22:00:00,18.721,18.181,16.69,17.18,1.181,1.119,0.6416,0.5473,8.573,7.113,29068.3,42.561,1.7861,581.4,191.9
2026-08-08T23:00:00,16.298,15.930,15.20,16.25,1.164,1.114,0.6141,0.5464,8.804,7.719,29084.2,42.579,1.7871,581.7,192.0
2026-08-09T00:00:00,17.702,17.146,16.34,16.99,1.177,1.114,0.5661,0.5331,9.340,7.320,29101.4,42.613,1.7877,582.0,192.1
2026-08-09T01:00:00,17.051,16.802,15.71,16.20,1.140,1.089,0.6467,0.5168,9.511,7.616,29118.2,42.645,1.7899,582.4,192.2
2026-08-09T02:00:00,17.646,17.037,16.16,16.65,1.149,1.082,0.5722,0.5191,9.658,6.985,29135.2,42.691,1.7908,582.7,192.3
2026-08-09T03:00:00,18.755,18.277,14.98,15.43,1.109,1.056,0.6130,0.5281,9.479,7.217,29153.5,42.732,1.7923,583.1,192.4
2026-08-09T04:00:00,16.716,16.405,14.97,15.53,1.134,1.069,0.6335,0.5243,9.500,7.050,29169.9,42.772,1.7941,583.4,192.5
2026-08-09T05:00:00,17.793,17.444,15.29,16.41,1.119,1.063,0.5727,0.5241,9.825,7.082,29187.4,42.820,1.7950,583.7,192.6
2026-08-09T06:00:00,16.702,16.263,16.12,16.82,1.162,1.107,0.5144,0.5093,8.712,7.363,29203.6,42.842,1.7951,584.1,192.7
2026-08-09T07:00:00,16.031,15.419,16.10,17.01,1.149,1.099,0.6048,0.5509,10.352,7.328,29219.0,42.889,1.7959,584.4,192.8
2026-08-09T08:00:00,17.155,16.482,16.70,17.54,1.166,1.101,0.6387,0.5218,8.704,7.465,29235.5,42.909,1.7978,584.7,193.0
2026-08-09T09:00:00,18.162,17.939,18.22,19.01,1.197,1.136,0.5431,0.5524,9.231,7.394,29253.5,42.942,1.7978,585.1,193.1
2026-08-09T10:00:00,17.546,16.983,17.60,18.41,1.164,1.105,0.6645,0.5298,8.869,7.055,29270.4,42.973,1.8001,585.4,193.2
2026-08-09T11:00:00,17.775,17.160,17.73,18.45,1.180,1.121,0.5977,0.5055,9.171,7.321,29287.6,43.005,1.8017,585.8,193.3
2026-08-09T12:00:00,19.054,18.736,19.00,19.68,1.206,1.156,0.5994,0.5171,9.249,7.518,29306.3,43.037,1.8032,586.1,193.4
2026-08-09T13:00:00,20.553,19.756,18.88,19.75,1.214,1.163,0.5588,0.5479,8.612,7.326,29326.1,43.062,1.8034,586.5,193.6
2026-08-09T14:00:00,18.257,17.577,19.88,20.46,1.216,1.160,0.6344,0.5374,8.824,7.464,29343.7,43.086,1.8051,586.9,193.7
2026-08-09T15:00:00,19.579,19.147,18.88,19.88,1.245,1.191,0.6589,0.5303,9.533,6.794,29362.8,43.139,1.8076,587.3,193.8
2026-08-09T16:00:00,19.583,19.170,19.85,20.60,1.208,1.148,0.6295,0.5235,8.961,7.067,29382.0,43.175,1.8096,587.6,193.9
2026-08-09T17:00:00,19.606,18.895,18.93,19.54,1.193,1.142,0.5837,0.5256,9.937,6.939,29400.9,43.232,1.8107,588.0,194.0
2026-08-09T18:00:00,18.544,17.832,19.07,20.01,1.224,1.171,0.5609,0.5093,9.725,7.341,29418.7,43.274,1.8117,588.4,194.2
2026-08-09T19:00:00,19.419,18.997,18.77,19.74,1.198,1.141,0.5616,0.5330,9.864,7.524,29437.7,43.319,1.8122,588.8,194.3
2026-08-09T20:00:00,17.225,16.876,18.34,19.58,1.162,1.105,0.6023,0.5225,8.972,7.064,29454.6,43.351,1.8135,589.1,194.4
2026-08-09T21:00:00,18.679,18.361,17.63,18.64,1.182,1.131,0.6728,0.5231,9.113,7.312,29472.9,43.384,1.8163,589.5,194.5
2026-08-09T22:00:00,16.903,16.462,17.07,18.20,1.167,1.116,0.5475,0.5442,9.401,7.111,29489.4,43.422,1.8164,589.8,194.6
2026-08-09T23:00:00,17.448,16.818,16.28,16.78,1.164,1.097,0.5970,0.5188,9.287,7.312,29506.2,43.455,1.8177,590.1,194.7
2026-08-10T00:00:00,16.536,15.961,16.41,17.42,1.142,1.089,0.6152,0.5052,8.627,7.442,29522.2,43.474,1.8194,590.4,194.8
2026-08-10T01:00:00,17.453,17.063,15.44,16.20,1.147,1.092,0.5910,0.5022,8.378,6.972,29539.3,43.498,1.8209,590.8,195.0
2026-08-10T02:00:00,16.243,15.885,15.57,16.26,1.143,1.086,0.6765,0.5075,9.736,7.417,29555.1,43.535,1.8236,591.1,195.1
2026-08-10T03:00:00,17.904,17.426,15.69,16.31,1.171,1.113,0.5846,0.5330,9.940,7.114,29572.6,43.584,1.8245,591.5,195.2
2026-08-10T04:00:00,17.187,16.885,15.64,16.30,1.142,1.081,0.5775,0.5266,9.742,7.059,29589.4,43.629,1.8254,591.8,195.3
2026-08-10T05:00:00,17.816,17.437,15.77,16.21,1.136,1.085,0.6832,0.5075,9.210,7.445,29606.9,43.660,1.8284,592.1,195.4
2026-08-10T06:00:00,16.791,16.375,15.80,16.41,1.156,1.095,0.6445,0.5210,9.067,7.606,29623.3,43.684,1.8305,592.5,195.5
2026-08-10T07:00:00,16.775,16.210,16.24,17.04,1.169,1.118,0.6321,0.5082,8.639,7.177,29639.5,43.708,1.8325,592.8,195.6
2026-08-10T08:00:00,17.442,17.302,17.26,18.38,1.167,1.106,0.5843,0.5351,8.969,7.454,29656.8,43.734,1.8333,593.1,195.7
2026-08-10T09:00:00,17.366,17.169,17.84,18.63,1.181,1.125,0.6269,0.5392,9.364,7.631,29673.9,43.763,1.8348,593.5,195.8
2026-08-10T10:00:00,19.409,18.702,17.81,18.58,1.202,1.146,0.6725,0.5237,8.567,7.388,29692.6,43.786,1.8376,593.9,196.0
2026-08-10T11:00:00,17.561,17.190,19.08,19.92,1.191,1.140,0.6426,0.5287,9.578,7.730,29709.8,43.817,1.8396,594.2,196.1
2026-08-10T12:00:00,18.803,18.219,18.44,19.52,1.235,1.180,0.5819,0.5483,9.366,7.489,29728.0,43.852,1.8402,594.6,196.2
2026-08-10T13:00:00,18.821,18.446,18.08,19.04,1.243,1.187,0.6013,0.5257,9.273,7.360,29746.5,43.887,1.8416,594.9,196.3
2026-08-10T14:00:00,19.685,19.056,19.58,20.41,1.222,1.164,0.5898,0.5384,8.868,7.350,29765.6,43.916,1.8426,595.3,196.5
2026-08-10T15:00:00,19.426,19.066,19.26,19.87,1.229,1.164,0.5709,0.5255,9.181,7.303,29784.6,43.952,1.8434,595.7,196.6
2026-08-10T16:00:00,18.171,17.799,19.24,19.67,1.215,1.162,0.6146,0.5162,9.142,6.978,29802.4,43.990,1.8452,596.0,196.7
2026-08-10T17:00:00,18.960,18.428,19.37,20.46,1.242,1.190,0.6035,0.5212,8.507,7.144,29820.8,44.015,1.8467,596.4,196.8
2026-08-10T18:00:00,19.221,18.665,18.65,19.97,1.252,1.190,0.6610,0.5471,9.827,7.390,29839.5,44.061,1.8488,596.8,196.9
2026-08-10T19:00:00,19.133,18.627,18.99,19.74,1.215,1.148,0.5480,0.5153,8.183,6.945,29858.1,44.084,1.8494,597.2,197.1
2026-08-10T20:00:00,18.936,18.341,17.99,18.88,1.199,1.145,0.6856,0.5164,9.098,7.097,29876.5,44.120,1.8525,597.5,197.2
2026-08-10T21:00:00,18.174,17.799,17.04,18.05,1.190,1.134,0.6220,0.5081,8.656,7.271,29894.3,44.145,1.8546,597.9,197.3
2026-08-10T22:00:00,17.890,17.128,17.01,17.71,1.159,1.103,0.6781,0.5412,8.534,7.495,29911.4,44.163,1.8569,598.2,197.4
2026-08-10T23:00:00,18.591,17.927,15.28,16.01,1.158,1.100,0.5608,0.5135,8.683,6.977,29929.3,44.193,1.8578,598.6,197.5
2026-08-11T00:00:00,17.144,16.746,15.66,16.58,1.128,1.074,0.5997,0.5129,9.352,7.505,29946.1,44.224,1.8592,598.9,197.6
2026-08-11T01:00:00,18.155,17.706,15.85,16.59,1.133,1.073,0.6200,0.5162,9.305,7.240,29963.8,44.261,1.8611,599.3,197.8
2026-08-11T02:00:00,16.143,15.655,14.82,15.63,1.127,1.072,0.6505,0.5218,8.466,7.122,29979.4,44.282,1.8631,599.6,197.9
2026-08-11T03:00:00,15.959,15.608,14.83,15.42,1.167,1.107,0.6168,0.5055,8.464,7.018,29995.0,44.305,1.8648,599.9,198.0
2026-08-11T04:00:00,17.193,16.613,15.96,16.62,1.140,1.080,0.5787,0.5190,8.481,7.404,30011.7,44.322,1.8658,600.2,198.1
2026-08-11T05:00:00,17.070,16.626,15.43,16.10,1.146,1.092,0.6096,0.5428,9.273,7.091,30028.3,44.359,1.8669,600.6,198.2
2026-08-11T06:00:00,16.155,15.638,16.26,17.16,1.164,1.110,0.6134,0.5322,8.403,7.152,30043.9,44.378,1.8682,600.9,198.3
2026-08-11T07:00:00,16.563,16.295,16.66,17.46,1.185,1.133,0.5983,0.5342,9.947,7.183,30060.2,44.423,1.8692,601.2,198.4
2026-08-11T08:00:00,19.077,18.704,16.95,17.94,1.196,1.139,0.5922,0.5303,10.023,7.409,30078.9,44.472,1.8704,601.6,198.5
2026-08-11T09:00:00,17.566,16.867,17.28,18.11,1.132,1.073,0.6265,0.5157,10.116,7.053,30095.8,44.524,1.8722,601.9,198.6
2026-08-11T10:00:00,18.643,18.256,17.50,18.56,1.176,1.115,0.5504,0.5343,9.456,7.319,30114.0,44.563,1.8725,602.3,198.8
2026-08-11T11:00:00,18.333,17.958,17.73,18.96,1.206,1.148,0.6497,0.5463,8.306,7.041,30132.0,44.586,1.8744,602.6,198.9
2026-08-11T12:00:00,20.056,19.652,18.80,19.48,1.200,1.138,0.5661,0.5275,9.157,7.626,30151.7,44.616,1.8752,603.0,199.0
2026-08-11T13:00:00,18.975,18.464,19.46,20.24,1.205,1.153,0.6047,0.5128,9.450,7.459,30170.1,44.652,1.8769,603.4,199.1
2026-08-11T14:00:00,18.500,18.371,19.01,20.27,1.221,1.163,0.6358,0.4982,9.376,7.368,30188.5,44.689,1.8794,603.8,199.2
2026-08-11T15:00:00,19.082,18.577,19.24,20.04,1.230,1.170,0.6336,0.5179,9.560,7.191,30207.1,44.733,1.8815,604.1,199.4
2026-08-11T16:00:00,19.250,18.958,19.28,20.11,1.193,1.139,0.6245,0.5103,9.744,7.087,30226.0,44.784,1.8837,604.5,199.5
2026-08-11T17:00:00,19.392,18.880,17.77,18.78,1.232,1.181,0.6556,0.5137,9.260,7.171,30244.9,44.823,1.8864,604.9,199.6
2026-08-11T18:00:00,19.483,18.841,18.34,18.90,1.205,1.145,0.6544,0.5192,9.209,7.322,30263.7,44.859,1.8889,605.3,199.7
2026-08-11T19:00:00,19.081,18.650,17.97,18.17,1.172,1.102,0.6652,0.5038,9.502,7.283,30282.4,44.900,1.8919,605.6,199.9
2026-08-11T20:00:00,18.565,18.103,17.98,18.94,1.185,1.130,0.6170,0.5178,9.785,6.818,30300.5,44.954,1.8937,606.0,200.0
2026-08-11T21:00:00,17.999,17.539,16.82,17.61,1.159,1.109,0.6391,0.5169,9.133,7.483,30318.0,44.983,1.8959,606.4,200.1
2026-08-11T22:00:00,17.068,16.585,17.59,18.18,1.178,1.122,0.6420,0.5032,9.403,6.997,30334.6,45.023,1.8982,606.7,200.2
2026-08-11T23:00:00,18.075,17.483,16.40,16.92,1.142,1.091,0.5743,0.5195,9.386,7.477,30352.1,45.056,1.8991,607.0,200.3
2026-08-12T00:00:00,17.071,16.773,16.06,17.59,1.147,1.097,0.6089,0.5225,9.805,7.026,30368.9,45.103,1.9006,607.4,200.4
2026-08-12T01:00:00,16.652,16.153,15.99,16.28,1.164,1.111,0.6370,0.5099,9.217,7.295,30385.0,45.134,1.9026,607.7,200.5
2026-08-12T02:00:00,16.984,16.461,15.16,16.25,1.140,1.084,0.5374,0.5147,9.481,7.410,30401.5,45.168,1.9030,608.0,200.6
2026-08-12T03:00:00,16.606,16.231,15.69,16.45,1.122,1.064,0.5468,0.5211,9.214,7.213,30417.7,45.200,1.9034,608.4,200.8
2026-08-12T04:00:00,15.859,15.457,15.42,16.00,1.122,1.067,0.6420,0.5070,9.506,7.509,30433.2,45.231,1.9055,608.7,200.9
2026-08-12T05:00:00,17.525,17.026,15.57,16.33,1.139,1.086,0.6615,0.5421,9.243,7.401,30450.2,45.263,1.9075,609.0,201.0
2026-08-12T06:00:00,17.038,16.822,15.72,16.75,1.151,1.097,0.6109,0.5090,9.485,7.228,30467.0,45.300,1.9093,609.3,201.1
2026-08-12T07:00:00,16.423,16.058,16.30,16.97,1.182,1.128,0.6089,0.5347,9.587,7.274,30483.1,45.338,1.9105,609.7,201.2
2026-08-12T08:00:00,16.334,15.710,17.28,17.73,1.126,1.076,0.5418,0.5123,8.866,7.260,30498.8,45.363,1.9109,610.0,201.3
2026-08-12T09:00:00,18.346,17.899,18.15,18.73,1.177,1.116,0.6147,0.4973,8.528,7.517,30516.7,45.381,1.9130,610.3,201.4
2026-08-12T10:00:00,18.729,18.084,17.98,18.63,1.156,1.097,0.6855,0.5361,9.537,7.202,30534.8,45.423,1.9157,610.7,201.5
2026-08-12T11:00:00,18.616,18.249,18.50,19.30,1.210,1.155,0.6592,0.5283,9.517,7.219,30553.0,45.465,1.9181,611.1,201.7
2026-08-12T12:00:00,19.006,18.675,18.07,19.14,1.197,1.135,0.6055,0.5003,8.774,7.322,30571.7,45.492,1.9201,611.4,201.8
2026-08-12T13:00:00,19.215,19.034,18.80,19.53,1.218,1.163,0.6118,0.5351,8.419,7.383,30590.7,45.512,1.9215,611.8,201.9
2026-08-12T14:00:00,19.232,18.965,18.79,19.64,1.217,1.163,0.5529,0.5131,9.171,7.216,30609.7,45.549,1.9223,612.2,202.0
2026-08-12T15:00:00,19.473,18.939,20.07,20.70,1.198,1.132,0.6229,0.5350,9.126,7.121,30628.6,45.587,1.9240,612.6,202.1
2026-08-12T16:00:00,18.691,18.266,18.93,19.77,1.193,1.138,0.6412,0.5190,9.040,7.230,30646.9,45.620,1.9262,612.9,202.3
2026-08-12T17:00:00,18.478,17.826,17.73,18.34,1.227,1.174,0.5486,0.5110,8.396,6.965,30664.7,45.646,1.9269,613.3,202.4
2026-08-12T18:00:00,18.714,18.327,18.69,19.52,1.199,1.147,0.6253,0.5001,8.899,7.257,30683.1,45.676,1.9292,613.7,202.5
2026-08-12T19:00:00,17.881,17.398,17.95,18.91,1.186,1.125,0.6259,0.5167,9.402,7.337,30700.5,45.712,1.9311,614.0,202.6
2026-08-12T20:00:00,18.175,17.595,17.96,18.90,1.202,1.142,0.5572,0.5256,9.771,7.263,30718.1,45.756,1.9316,614.4,202.7
2026-08-12T21:00:00,19.251,18.504,17.41,18.55,1.186,1.134,0.6065,0.5017,8.717,6.791,30736.6,45.791,1.9335,614.7,202.9
2026-08-12T22:00:00,18.421,17.862,17.42,18.00,1.156,1.092,0.6145,0.5179,9.634,7.227,30754.4,45.834,1.9353,615.1,203.0
2026-08-12T23:00:00,18.157,17.837,16.77,17.57,1.147,1.092,0.6412,0.5027,9.334,6.628,30772.3,45.883,1.9377,615.4,203.1
2026-08-13T00:00:00,17.785,17.525,15.95,16.61,1.140,1.090,0.6551,0.5374,8.476,7.040,30789.8,45.908,1.9398,615.8,203.2
2026-08-13T01:00:00,17.362,16.965,15.71,16.56,1.163,1.107,0.5693,0.5126,9.497,6.987,30806.8,45.950,1.9408,616.1,203.3
2026-08-13T02:00:00,17.724,17.248,15.52,16.25,1.147,1.094,0.5682,0.5091,8.655,6.972,30824.0,45.979,1.9418,616.5,203.4
2026-08-13T03:00:00,16.806,16.737,15.11,16.00,1.142,1.084,0.5705,0.5033,9.934,7.204,30840.7,46.025,1.9429,616.8,203.5
2026-08-13T04:00:00,16.987,16.699,15.56,16.22,1.132,1.080,0.5758,0.5189,8.854,6.988,30857.4,46.056,1.9439,617.1,203.7
2026-08-13T05:00:00,17.184,16.587,14.98,15.86,1.139,1.083,0.6613,0.5115,9.531,7.178,30874.0,46.095,1.9463,617.5,203.8
2026-08-13T06:00:00,17.328,16.955,15.71,17.05,1.138,1.072,0.5674,0.5382,9.120,7.163,30891.0,46.129,1.9468,617.8,203.9
2026-08-13T07:00:00,17.644,17.225,16.89,17.63,1.139,1.088,0.5657,0.5145,8.586,7.464,30908.2,46.148,1.9477,618.2,204.0
2026-08-13T08:00:00,16.907,16.487,16.45,17.10,1.152,1.098,0.6376,0.5054,9.324,7.251,30924.7,46.182,1.9499,618.5,204.1
2026-08-13T09:00:00,16.934,16.483,16.83,17.53,1.172,1.108,0.5943,0.5213,9.650,7.313,30941.2,46.221,1.9511,618.8,204.2
2026-08-13T10:00:00,17.794,17.517,17.85,18.55,1.195,1.140,0.5699,0.5066,9.625,7.433,30958.7,46.259,1.9522,619.2,204.3
2026-08-13T11:00:00,18.552,18.193,18.56,19.30,1.193,1.142,0.6099,0.5258,8.767,7.292,30976.9,46.286,1.9537,619.5,204.4
2026-08-13T12:00:00,19.170,18.619,18.43,19.07,1.196,1.146,0.6636,0.5152,9.373,6.932,30995.5,46.331,1.9565,619.9,204.6
2026-08-13T13:00:00,17.941,17.734,18.78,19.59,1.211,1.149,0.5669,0.5248,9.091,7.390,31013.2,46.361,1.9573,620.3,204.7
2026-08-13T14:00:00,19.302,18.690,18.86,19.39,1.229,1.174,0.6015,0.5263,9.435,7.245,31031.9,46.402,1.9587,620.6,204.8
2026-08-13T15:00:00,19.711,18.848,19.38,20.46,1.229,1.174,0.6482,0.5407,9.040,7.051,31050.8,46.440,1.9607,621.0,204.9
2026-08-13T16:00:00,20.230,19.604,19.14,19.72,1.236,1.180,0.5820,0.5289,9.039,7.125,31070.4,46.477,1.9617,621.4,205.1
2026-08-13T17:00:00,18.855,18.531,18.65,19.36,1.206,1.135,0.6033,0.5120,10.251,7.174,31088.9,46.534,1.9634,621.8,205.2
2026-08-13T18:00:00,18.467,18.047,18.67,19.94,1.240,1.180,0.6043,0.5160,8.996,7.174,31107.0,46.567,1.9650,622.1,205.3
2026-08-13T19:00:00,18.859,18.490,18.02,18.68,1.176,1.118,0.5794,0.5168,8.887,7.136,31125.4,46.600,1.9662,622.5,205.4
2026-08-13T20:00:00,17.719,17.105,17.78,18.74,1.185,1.129,0.6492,0.5104,8.622,7.161,31142.5,46.625,1.9685,622.9,205.5
2026-08-13T21:00:00,19.349,19.076,17.41,18.26,1.175,1.125,0.6164,0.5323,9.738,7.212,31161.6,46.673,1.9701,623.2,205.7
2026-08-13T22:00:00,17.451,17.074,17.00,17.69,1.174,1.117,0.6382,0.5167,8.346,7.343,31178.7,46.690,1.9722,623.6,205.8
2026-08-13T23:00:00,18.418,17.975,16.33,16.91,1.169,1.117,0.5999,0.5041,9.408,7.067,31196.7,46.732,1.9739,623.9,205.9
2026-08-14T00:00:00,16.741,16.633,15.37,16.12,1.148,1.089,0.6268,0.5205,9.363,7.439,31213.3,46.764,1.9757,624.3,206.0
2026-08-14T01:00:00,16.506,15.931,15.22,16.17,1.158,1.101,0.5815,0.5296,9.406,7.247,31229.2,46.798,1.9765,624.6,206.1
2026-08-14T02:00:00,16.900,16.448,14.83,15.57,1.120,1.067,0.5886,0.5131,8.868,6.986,31245.7,46.829,1.9778,624.9,206.2
2026-08-14T03:00:00,16.763,16.002,15.15,16.27,1.142,1.081,0.5580,0.5368,8.849,7.116,31261.7,46.857,1.9781,625.2,206.3
2026-08-14T04:00:00,15.947,15.539,15.39,16.25,1.127,1.075,0.6012,0.5131,9.234,7.097,31277.2,46.890,1.9795,625.5,206.4
2026-08-14T05:00:00,16.119,15.597,15.02,15.41,1.155,1.098,0.5730,0.5225,8.261,7.308,31292.8,46.905,1.9803,625.9,206.5
2026-08-14T06:00:00,16.140,15.650,15.75,16.53,1.162,1.111,0.5725,0.5245,8.813,6.844,31308.5,46.936,1.9810,626.2,206.6
2026-08-14T07:00:00,18.138,17.731,16.08,16.91,1.137,1.086,0.6245,0.5371,9.208,7.637,31326.2,46.964,1.9826,626.5,206.8
2026-08-14T08:00:00,18.260,17.849,16.40,17.43,1.171,1.114,0.6005,0.5098,10.102,7.150,31344.1,47.017,1.9842,626.9,206.9
2026-08-14T09:00:00,18.845,18.199,17.58,18.49,1.209,1.157,0.5917,0.4945,9.659,7.323,31362.3,47.059,1.9860,627.2,207.0
2026-08-14T10:00:00,17.736,17.534,17.58,18.86,1.197,1.137,0.6233,0.4907,10.447,7.142,31379.8,47.117,1.9883,627.6,207.1
2026-08-14T11:00:00,18.865,18.378,18.93,19.48,1.202,1.142,0.6553,0.5125,9.056,7.144,31398.2,47.152,1.9909,628.0,207.2
2026-08-14T12:00:00,18.650,18.210,18.81,20.05,1.204,1.143,0.6240,0.5201,9.097,7.081,31416.4,47.189,1.9928,628.3,207.3
2026-08-14T13:00:00,19.174,18.762,19.00,19.72,1.179,1.122,0.5626,0.5237,9.920,7.474,31435.1,47.235,1.9935,628.7,207.5
2026-08-14T14:00:00,19.892,19.280,19.50,20.50,1.192,1.139,0.6260,0.5035,8.601,6.952,31454.4,47.267,1.9959,629.1,207.6
2026-08-14T15:00:00,18.582,18.186,19.15,19.96,1.217,1.145,0.6468,0.5261,9.169,7.139,31472.6,47.303,1.9981,629.5,207.7
2026-08-14T16:00:00,18.764,18.197,18.91,19.60,1.225,1.172,0.6512,0.5138,8.518,6.981,31490.8,47.331,2.0006,629.8,207.8
2026-08-14T17:00:00,19.540,19.304,18.44,19.10,1.217,1.158,0.6476,0.5058,8.897,7.726,31510.1,47.354,2.0033,630.2,208.0
2026-08-14T18:00:00,18.299,17.753,19.03,20.16,1.218,1.166,0.6331,0.5302,8.655,7.345,31527.9,47.377,2.0052,630.6,208.1
2026-08-14T19:00:00,18.060,17.431,18.33,18.91,1.194,1.142,0.6079,0.5100,9.274,6.998,31545.3,47.417,2.0069,630.9,208.2
2026-08-14T20:00:00,17.805,17.278,18.05,18.94,1.224,1.172,0.6426,0.5337,8.795,7.438,31562.6,47.440,2.0087,631.3,208.3
2026-08-14T21:00:00,18.549,18.282,17.71,18.44,1.172,1.104,0.6346,0.5111,9.063,7.517,31580.8,47.469,2.0110,631.6,208.4
2026-08-14T22:00:00,18.777,18.399,16.47,17.11,1.149,1.089,0.6826,0.5185,8.255,6.999,31599.2,47.492,2.0140,632.0,208.6
2026-08-14T23:00:00,17.339,17.055,16.73,17.94,1.161,1.105,0.6523,0.5160,8.864,6.848,31616.3,47.526,2.0163,632.3,208.7
2026-08-15T00:00:00,18.374,17.755,15.85,16.41,1.149,1.076,0.5905,0.4949,9.104,7.115,31634.1,47.561,2.0180,632.7,208.8
2026-08-15T01:00:00,17.044,16.284,14.89,15.82,1.157,1.107,0.6238,0.5044,9.943,7.061,31650.3,47.608,2.0200,633.0,208.9
2026-08-15T02:00:00,16.963,16.651,14.72,15.68,1.126,1.070,0.6396,0.5166,9.293,7.232,31667.0,47.643,2.0220,633.3,209.0
2026-08-15T03:00:00,16.763,16.375,14.89,15.93,1.147,1.092,0.6189,0.5037,8.582,6.910,31683.4,47.670,2.0239,633.7,209.1
2026-08-15T04:00:00,17.541,16.969,15.19,16.03,1.135,1.072,0.5898,0.5312,8.442,7.141,31700.3,47.692,2.0249,634.0,209.2
2026-08-15T05:00:00,17.656,17.612,14.94,15.35,1.144,1.092,0.6476,0.5352,8.689,7.091,31717.9,47.720,2.0269,634.4,209.3
2026-08-15T06:00:00,16.170,15.706,15.50,16.23,1.156,1.092,0.6509,0.5238,9.523,7.053,31733.7,47.759,2.0289,634.7,209.4
2026-08-15T07:00:00,17.493,17.005,15.75,16.34,1.155,1.099,0.6538,0.5336,8.876,7.232,31750.7,47.787,2.0309,635.0,209.6
2026-08-15T08:00:00,17.158,16.518,15.51,16.65,1.140,1.090,0.6483,0.5239,8.489,7.430,31767.2,47.805,2.0330,635.3,209.7
2026-08-15T09:00:00,18.521,18.182,16.90,17.80,1.192,1.139,0.5769,0.5069,8.148,7.038,31785.4,47.825,2.0343,635.7,209.8
2026-08-15T10:00:00,18.243,17.827,17.32,18.23,1.187,1.123,0.5812,0.4863,9.765,6.820,31803.2,47.877,2.0360,636.1,209.9
2026-08-15T11:00:00,17.465,17.217,18.29,19.16,1.186,1.126,0.5445,0.5009,8.435,6.808,31820.4,47.905,2.0367,636.4,210.0
2026-08-15T12:00:00,19.454,18.893,17.79,18.76,1.206,1.151,0.6097,0.5411,9.492,7.152,31839.3,47.949,2.0380,636.8,210.1
2026-08-15T13:00:00,18.828,18.139,18.82,19.66,1.214,1.162,0.6287,0.5284,9.339,6.987,31857.4,47.992,2.0398,637.1,210.3
2026-08-15T14:00:00,18.301,18.180,19.05,19.54,1.215,1.161,0.5841,0.5198,8.762,6.935,31875.6,48.025,2.0410,637.5,210.4
2026-08-15T15:00:00,18.172,18.202,18.91,20.04,1.222,1.162,0.7287,0.5004,9.463,7.390,31893.8,48.063,2.0452,637.9,210.5
2026-08-15T16:00:00,17.405,17.207,19.83,20.91,1.210,1.156,0.6557,0.5198,9.298,7.044,31911.0,48.102,2.0475,638.2,210.6
2026-08-15T17:00:00,19.214,18.614,19.87,20.55,1.205,1.154,0.6660,0.5050,8.475,7.059,31929.6,48.128,2.0505,638.6,210.7
2026-08-15T18:00:00,18.724,18.406,18.60,18.92,1.208,1.153,0.6593,0.5094,9.987,7.201,31948.0,48.179,2.0532,639.0,210.9
2026-08-15T19:00:00,19.303,19.107,17.81,18.77,1.203,1.142,0.6119,0.5113,8.865,7.098,31967.2,48.213,2.0552,639.3,211.0
2026-08-15T20:00:00,19.157,18.800,17.12,17.47,1.187,1.132,0.6325,0.5312,8.977,6.793,31986.0,48.254,2.0571,639.7,211.1
2026-08-15T21:00:00,18.249,18.096,16.50,17.33,1.177,1.122,0.5644,0.5391,9.291,7.075,32004.0,48.294,2.0575,640.1,211.2
2026-08-15T22:00:00,17.399,17.057,16.76,17.79,1.205,1.148,0.5668,0.5218,9.318,6.910,32021.1,48.335,2.0583,640.4,211.3
2026-08-15T23:00:00,17.121,16.544,15.87,16.68,1.172,1.117,0.6465,0.4925,10.422,7.206,32037.6,48.389,2.0608,640.8,211.4
2026-08-16T00:00:00,17.232,17.077,15.30,16.27,1.148,1.083,0.6271,0.5020,8.763,7.100,32054.7,48.417,2.0630,641.1,211.6
2026-08-16T01:00:00,17.242,16.699,14.45,15.51,1.137,1.077,0.6364,0.5243,9.231,7.264,32071.4,48.450,2.0649,641.4,211.7
2026-08-16T02:00:00,17.226,16.946,14.52,15.36,1.149,1.090,0.6327,0.5073,9.738,7.080,32088.4,48.495,2.0670,641.8,211.8
2026-08-16T03:00:00,15.922,15.454,15.60,16.53,1.137,1.084,0.6612,0.5279,9.478,7.233,32103.8,48.530,2.0690,642.1,211.9
2026-08-16T04:00:00,16.512,16.016,14.80,15.74,1.144,1.093,0.6527,0.5087,9.393,7.133,32119.8,48.566,2.0713,642.4,212.0
2026-08-16T05:00:00,17.738,17.025,14.92,15.78,1.155,1.100,0.5846,0.5065,9.459,7.297,32136.9,48.603,2.0727,642.7,212.1
2026-08-16T06:00:00,17.370,17.004,15.69,16.53,1.175,1.117,0.6143,0.5127,9.121,7.298,32153.9,48.634,2.0744,643.1,212.2
2026-08-16T07:00:00,18.136,17.490,15.29,16.15,1.165,1.105,0.6376,0.5178,8.051,7.223,32171.4,48.648,2.0765,643.4,212.3
2026-08-16T08:00:00,17.745,17.412,16.08,16.60,1.168,1.118,0.6211,0.5017,9.999,7.608,32188.8,48.690,2.0786,643.8,212.4
2026-08-16T09:00:00,18.078,17.828,17.40,17.95,1.166,1.109,0.5967,0.5068,8.681,7.318,32206.6,48.714,2.0802,644.1,212.6
2026-08-16T10:00:00,18.285,17.641,17.64,18.49,1.163,1.110,0.5475,0.5333,8.542,7.469,32224.2,48.733,2.0804,644.5,212.7
2026-08-16T11:00:00,18.132,17.734,17.93,18.98,1.204,1.152,0.6222,0.5212,9.405,7.007,32242.0,48.776,2.0822,644.8,212.8
2026-08-16T12:00:00,18.388,17.701,17.96,18.52,1.211,1.161,0.5872,0.5392,8.596,7.291,32259.7,48.799,2.0831,645.2,212.9
2026-08-16T13:00:00,20.056,19.440,18.57,19.01,1.199,1.143,0.5903,0.5049,9.351,7.003,32279.1,48.844,2.0847,645.6,213.0
2026-08-16T14:00:00,19.437,19.030,19.24,20.09,1.235,1.174,0.6731,0.5118,8.756,7.192,32298.1,48.874,2.0878,646.0,213.2
2026-08-16T15:00:00,18.551,18.230,18.75,19.54,1.223,1.154,0.6469,0.5144,8.414,7.306,32316.4,48.894,2.0902,646.3,213.3
2026-08-16T16:00:00,19.158,18.763,18.96,19.74,1.244,1.193,0.6283,0.5218,9.077,6.876,32335.1,48.936,2.0922,646.7,213.4
2026-08-16T17:00:00,19.517,19.199,18.76,19.58,1.213,1.161,0.6129,0.5133,9.031,7.090,32354.3,48.973,2.0941,647.1,213.5
2026-08-16T18:00:00,19.889,19.451,17.93,18.39,1.201,1.151,0.6130,0.5040,9.021,7.104,32373.8,49.010,2.0962,647.5,213.7
2026-08-16T19:00:00,18.406,17.907,17.78,18.35,1.168,1.113,0.5827,0.5018,8.820,7.168,32391.7,49.040,2.0977,647.8,213.8
2026-08-16T20:00:00,17.559,17.070,16.60,17.29,1.165,1.108,0.6074,0.5030,8.175,7.232,32408.8,49.056,2.0995,648.2,213.9
2026-08-16T21:00:00,16.586,16.534,17.11,17.93,1.152,1.090,0.6335,0.5256,9.603,7.249,32425.3,49.095,2.1013,648.5,214.0
2026-08-16T22:00:00,18.464,18.265,15.93,16.90,1.152,1.100,0.6581,0.5344,9.666,7.094,32443.6,49.142,2.1035,648.9,214.1
2026-08-16T23:00:00,17.905,17.448,16.02,16.55,1.180,1.117,0.5200,0.5113,9.929,7.334,32461.0,49.187,2.1037,649.2,214.2
2026-08-17T00:00:00,17.342,17.063,15.45,15.97,1.129,1.060,0.6555,0.5186,8.634,7.178,32478.1,49.212,2.1060,649.6,214.4
2026-08-17T01:00:00,16.248,15.802,15.29,15.75,1.166,1.114,0.6511,0.5165,9.616,7.018,32493.9,49.253,2.1081,649.9,214.5
2026-08-17T02:00:00,16.610,16.166,15.21,16.10,1.152,1.087,0.6703,0.5267,8.345,6.990,32510.0,49.275,2.1105,650.2,214.6
2026-08-17T03:00:00,17.422,17.141,15.14,15.84,1.162,1.110,0.5800,0.5234,8.999,7.100,32527.2,49.307,2.1114,650.5,214.7
2026-08-17T04:00:00,17.550,16.955,15.82,16.65,1.116,1.056,0.5752,0.5375,9.185,7.020,32544.1,49.344,2.1121,650.9,214.8
2026-08-17T05:00:00,17.252,16.812,15.67,16.77,1.147,1.088,0.5654,0.5408,8.552,7.066,32561.0,49.369,2.1125,651.2,214.9
2026-08-17T06:00:00,16.598,16.529,15.08,16.04,1.158,1.098,0.6026,0.5120,9.206,7.203,32577.5,49.402,2.1140,651.5,215.0
2026-08-17T07:00:00,16.993,16.671,15.94,16.31,1.136,1.083,0.6507,0.5438,9.522,7.220,32594.2,49.440,2.1158,651.9,215.1
2026-08-17T08:00:00,18.836,18.434,15.89,16.72,1.145,1.095,0.5683,0.4909,8.879,6.895,32612.6,49.477,2.1172,652.3,215.2
2026-08-17T09:00:00,18.408,17.836,16.59,17.31,1.187,1.133,0.5268,0.5070,9.179,7.341,32630.4,49.510,2.1175,652.6,215.4
2026-08-17T10:00:00,18.417,17.916,17.51,18.35,1.175,1.114,0.6049,0.5073,9.239,7.238,32648.3,49.546,2.1193,653.0,215.5
2026-08-17T11:00:00,19.256,18.671,18.31,19.00,1.205,1.154,0.6180,0.4861,9.399,7.225,32667.0,49.586,2.1217,653.3,215.6
2026-08-17T12:00:00,19.178,18.778,18.92,19.69,1.228,1.162,0.6301,0.5181,8.796,7.349,32685.8,49.613,2.1239,653.7,215.7
2026-08-17T13:00:00,18.641,17.873,18.79,19.63,1.208,1.156,0.5851,0.5144,10.036,7.254,32703.7,49.663,2.1251,654.1,215.8
2026-08-17T14:00:00,18.647,18.232,18.63,18.98,1.215,1.163,0.6069,0.4998,9.375,7.116,32721.9,49.704,2.1271,654.4,216.0
2026-08-17T15:00:00,19.745,19.234,18.73,19.17,1.216,1.153,0.6188,0.5047,9.066,6.896,32741.1,49.746,2.1293,654.8,216.1
2026-08-17T16:00:00,18.913,18.394,18.97,19.87,1.239,1.177,0.6010,0.5221,9.148,7.129,32759.5,49.783,2.1307,655.2,216.2
2026-08-17T17:00:00,19.374,18.876,18.78,19.56,1.214,1.159,0.6427,0.5288,8.544,6.828,32778.4,49.816,2.1329,655.6,216.3
2026-08-17T18:00:00,18.186,17.930,18.03,18.86,1.205,1.145,0.5436,0.4977,8.872,7.333,32796.3,49.843,2.1337,655.9,216.5
2026-08-17T19:00:00,18.645,18.346,18.01,18.88,1.184,1.125,0.5958,0.4971,9.787,7.483,32814.7,49.885,2.1355,656.3,216.6
2026-08-17T20:00:00,18.491,17.928,18.03,18.82,1.178,1.125,0.6461,0.5107,9.146,6.969,32832.6,49.925,2.1379,656.7,216.7
2026-08-17T21:00:00,18.472,18.184,16.69,17.43,1.181,1.110,0.6096,0.5122,9.402,7.118,32850.8,49.966,2.1397,657.0,216.8
2026-08-17T22:00:00,17.868,17.494,16.61,17.44,1.141,1.083,0.5949,0.5127,9.096,7.148,32868.3,50.000,2.1411,657.4,216.9
2026-08-17T23:00:00,17.658,17.114,15.78,17.02,1.166,1.115,0.5631,0.5304,8.654,6.930,32885.4,50.030,2.1417,657.7,217.0
2026-08-18T00:00:00,16.641,16.232,15.56,16.51,1.158,1.104,0.6059,0.5277,9.108,6.952,32901.6,50.065,2.1430,658.0,217.2
2026-08-18T01:00:00,18.027,17.593,15.09,16.00,1.149,1.089,0.5394,0.5155,8.698,6.643,32919.2,50.101,2.1434,658.4,217.3
2026-08-18T02:00:00,17.377,16.881,14.87,15.44,1.134,1.072,0.5683,0.5289,10.017,7.360,32936.1,50.146,2.1441,658.7,217.4
2026-08-18T03:00:00,17.698,17.095,15.16,15.75,1.156,1.103,0.5607,0.5186,9.350,7.299,32953.2,50.181,2.1448,659.1,217.5
2026-08-18T04:00:00,16.105,15.618,15.34,16.61,1.180,1.127,0.6030,0.5344,9.432,7.241,32968.8,50.215,2.1458,659.4,217.6
2026-08-18T05:00:00,17.377,16.903,15.98,17.02,1.148,1.095,0.5981,0.5144,9.459,6.950,32985.7,50.257,2.1473,659.7,217.7
2026-08-18T06:00:00,16.759,16.251,15.73,16.46,1.159,1.101,0.6160,0.5162,9.071,7.035,33002.0,50.290,2.1489,660.0,217.8
2026-08-18T07:00:00,17.949,17.402,16.05,16.88,1.166,1.116,0.5957,0.4954,9.440,7.109,33019.4,50.331,2.1506,660.4,217.9
2026-08-18T08:00:00,17.441,17.116,16.47,17.52,1.183,1.129,0.6396,0.5325,9.512,7.367,33036.5,50.368,2.1525,660.7,218.0
2026-08-18T09:00:00,18.156,17.681,16.58,16.92,1.213,1.156,0.5194,0.5038,9.335,6.697,33054.2,50.414,2.1527,661.1,218.2
2026-08-18T10:00:00,18.488,18.002,16.41,17.38,1.173,1.112,0.6313,0.5202,10.561,7.093,33072.2,50.477,2.1547,661.4,218.3
2026-08-18T11:00:00,17.971,17.549,17.70,18.48,1.210,1.151,0.6011,0.5209,8.940,7.048,33089.7,50.510,2.1561,661.8,218.4
2026-08-18T12:00:00,18.859,18.757,18.80,19.25,1.220,1.162,0.5505,0.5235,8.638,7.048,33108.5,50.540,2.1566,662.2,218.5
2026-08-18T13:00:00,18.926,18.411,18.35,18.70,1.217,1.165,0.5997,0.4943,9.572,6.936,33126.9,50.588,2.1586,662.5,218.6
2026-08-18T14:00:00,19.253,18.950,18.66,19.13,1.188,1.123,0.6683,0.5329,9.131,6.791,33145.8,50.633,2.1612,662.9,218.8
2026-08-18T15:00:00,19.488,18.915,18.86,19.88,1.236,1.184,0.5811,0.5125,8.549,6.947,33164.7,50.663,2.1624,663.3,218.9
2026-08-18T16:00:00,19.148,18.443,19.04,19.26,1.205,1.144,0.6014,0.5198,9.295,6.655,33183.2,50.712,2.1640,663.7,219.0
2026-08-18T17:00:00,18.988,18.459,18.04,18.87,1.208,1.157,0.5920,0.5123,8.735,7.220,33201.6,50.740,2.1654,664.0,219.1
2026-08-18T18:00:00,18.041,17.763,18.74,20.15,1.217,1.149,0.6372,0.4942,8.904,7.192,33219.4,50.770,2.1680,664.4,219.2
2026-08-18T19:00:00,18.608,18.011,18.97,19.90,1.187,1.136,0.6183,0.5070,9.837,7.297,33237.4,50.816,2.1700,664.7,219.4
2026-08-18T20:00:00,18.675,18.279,17.49,18.25,1.189,1.139,0.6814,0.5085,8.374,7.214,33255.7,50.837,2.1731,665.1,219.5
2026-08-18T21:00:00,18.474,18.170,18.14,18.46,1.170,1.117,0.6315,0.5362,9.394,6.675,33273.9,50.886,2.1749,665.5,219.6
2026-08-18T22:00:00,18.546,18.225,16.32,17.19,1.173,1.115,0.5513,0.5042,8.583,6.792,33292.1,50.919,2.1757,665.8,219.7
2026-08-18T23:00:00,16.983,16.637,16.03,17.08,1.158,1.104,0.6084,0.5296,8.111,7.050,33308.7,50.937,2.1770,666.2,219.8
2026-08-19T00:00:00,15.815,15.768,16.06,16.60,1.173,1.121,0.5846,0.4978,9.272,7.042,33324.5,50.972,2.1784,666.5,219.9
2026-08-19T01:00:00,17.465,16.695,15.39,16.18,1.135,1.084,0.5138,0.5129,8.776,7.389,33341.2,50.995,2.1784,666.8,220.1
2026-08-19T02:00:00,15.913,15.537,15.47,16.25,1.137,1.083,0.6216,0.5169,8.209,7.114,33356.7,51.012,2.1800,667.1,220.2
2026-08-19T03:00:00,17.077,16.587,15.10,15.72,1.134,1.071,0.5562,0.5105,8.869,7.134,33373.3,51.041,2.1808,667.5,220.3
2026-08-19T04:00:00,16.235,15.965,14.51,15.38,1.155,1.090,0.6276,0.5329,8.849,7.291,33389.3,51.066,2.1823,667.8,220.4
2026-08-19T05:00:00,17.861,17.503,15.18,15.87,1.167,1.111,0.6311,0.4963,8.197,6.849,33406.8,51.089,2.1847,668.1,220.5
2026-08-19T06:00:00,17.439,17.186,14.82,15.44,1.165,1.104,0.6172,0.4879,10.047,7.102,33424.0,51.140,2.1869,668.5,220.6
2026-08-19T07:00:00,17.826,17.502,15.52,16.12,1.158,1.091,0.6214,0.5060,8.318,7.137,33441.5,51.160,2.1889,668.8,220.7
2026-08-19T08:00:00,18.091,17.589,16.07,17.01,1.169,1.119,0.6395,0.5145,8.494,7.052,33459.1,51.186,2.1911,669.2,220.8
2026-08-19T09:00:00,17.303,16.693,17.18,17.91,1.175,1.118,0.6373,0.5250,9.159,7.327,33475.8,51.216,2.1930,669.5,220.9
2026-08-19T10:00:00,17.955,17.572,17.19,17.79,1.175,1.124,0.6127,0.5080,8.939,7.195,33493.3,51.247,2.1948,669.9,221.1
2026-08-19T11:00:00,18.839,18.470,17.96,18.38,1.172,1.111,0.6174,0.5033,8.359,7.389,33511.8,51.265,2.1969,670.2,221.2
2026-08-19T12:00:00,18.864,18.435,19.30,20.36,1.222,1.154,0.5920,0.5132,9.834,6.914,33530.2,51.319,2.1984,670.6,221.3
2026-08-19T13:00:00,19.486,19.092,18.29,19.03,1.205,1.152,0.6383,0.5294,8.484,6.859,33549.3,51.350,2.2005,671.0,221.4
2026-08-19T14:00:00,19.702,19.091,18.12,18.86,1.219,1.168,0.6573,0.5217,9.468,6.720,33568.4,51.402,2.2031,671.4,221.6
2026-08-19T15:00:00,19.079,18.633,18.80,19.54,1.210,1.143,0.6444,0.5095,9.186,7.224,33587.0,51.439,2.2056,671.7,221.7
2026-08-19T16:00:00,20.040,19.256,18.81,19.98,1.209,1.147,0.5954,0.5148,9.602,6.701,33606.3,51.495,2.2071,672.1,221.8
2026-08-19T17:00:00,19.224,18.893,18.18,19.23,1.239,1.186,0.5849,0.5135,9.434,7.053,33625.2,51.540,2.2085,672.5,221.9
2026-08-19T18:00:00,18.743,18.221,18.64,19.02,1.193,1.130,0.6112,0.4973,8.785,7.242,33643.4,51.568,2.2105,672.9,222.0
2026-08-19T19:00:00,19.091,18.298,18.39,19.37,1.192,1.140,0.6445,0.5187,8.970,6.872,33661.7,51.606,2.2128,673.2,222.2
2026-08-19T20:00:00,18.634,18.298,16.96,17.64,1.184,1.134,0.5809,0.4959,8.959,7.233,33680.0,51.638,2.2144,673.6,222.3
2026-08-19T21:00:00,17.904,17.557,16.49,17.63,1.199,1.145,0.6718,0.5188,9.017,7.102,33697.6,51.671,2.2171,674.0,222.4
2026-08-19T22:00:00,16.242,16.015,16.07,16.96,1.186,1.136,0.5943,0.5003,8.014,7.093,33713.6,51.686,2.2186,674.3,222.5
2026-08-19T23:00:00,17.334,16.856,16.26,16.65,1.177,1.116,0.5976,0.5221,8.902,7.171,33730.4,51.715,2.2199,674.6,222.6
2026-08-20T00:00:00,17.508,17.058,15.90,16.51,1.144,1.089,0.6276,0.5280,8.364,6.763,33747.5,51.743,2.2216,675.0,222.7
2026-08-20T01:00:00,16.757,16.330,14.77,15.93,1.134,1.084,0.6354,0.5061,8.650,6.676,33763.8,51.775,2.2237,675.3,222.8
2026-08-20T02:00:00,16.320,16.009,15.60,16.36,1.160,1.105,0.6284,0.5209,7.810,7.211,33779.8,51.784,2.2254,675.6,222.9
2026-08-20T03:00:00,16.297,15.868,14.23,15.47,1.150,1.084,0.6119,0.5229,8.323,7.179,33795.7,51.803,2.2268,675.9,223.1
2026-08-20T04:00:00,16.409,16.026,13.74,14.76,1.128,1.077,0.6129,0.5236,9.922,6.989,33811.7,51.850,2.2282,676.2,223.2
2026-08-20T05:00:00,17.026,16.623,15.33,16.04,1.148,1.091,0.6420,0.5031,9.445,6.961,33828.4,51.891,2.2305,676.6,223.3
2026-08-20T06:00:00,17.107,16.987,15.26,16.34,1.162,1.112,0.6919,0.5282,7.921,6.725,33845.3,51.911,2.2333,676.9,223.4
2026-08-20T07:00:00,16.496,16.145,15.25,15.65,1.166,1.113,0.6184,0.4973,8.826,6.802,33861.5,51.944,2.2353,677.2,223.5
2026-08-20T08:00:00,16.743,16.372,16.44,17.11,1.172,1.112,0.5832,0.4982,8.993,6.593,33877.9,51.983,2.2367,677.6,223.6
2026-08-20T09:00:00,18.053,17.805,16.36,17.30,1.197,1.138,0.6096,0.5419,9.503,7.087,33895.7,52.026,2.2379,677.9,223.7
2026-08-20T10:00:00,18.519,18.070,17.10,18.00,1.192,1.137,0.5506,0.5040,8.400,7.001,33913.7,52.052,2.2387,678.3,223.8
2026-08-20T11:00:00,18.710,18.095,17.56,18.45,1.196,1.144,0.6435,0.5230,9.463,6.932,33931.8,52.097,2.2409,678.6,224.0
2026-08-20T12:00:00,18.927,18.138,18.30,19.11,1.195,1.133,0.6280,0.5259,7.930,6.924,33950.0,52.116,2.2428,679.0,224.1
2026-08-20T13:00:00,18.837,18.077,19.09,19.88,1.194,1.139,0.6340,0.5164,8.722,7.385,33968.0,52.140,2.2449,679.4,224.2
2026-08-20T14:00:00,19.459,19.189,18.50,19.22,1.219,1.161,0.6286,0.5212,9.635,6.860,33987.2,52.193,2.2469,679.7,224.3
2026-08-20T15:00:00,18.727,18.224,18.86,19.57,1.236,1.181,0.6618,0.5258,9.518,7.084,34005.5,52.237,2.2494,680.1,224.4
2026-08-20T16:00:00,18.249,17.420,18.86,19.46,1.213,1.145,0.6638,0.5265,9.243,6.889,34022.9,52.278,2.2518,680.5,224.6
2026-08-20T17:00:00,19.579,19.107,18.04,18.83,1.235,1.180,0.5943,0.5246,8.919,7.235,34042.0,52.311,2.2531,680.8,224.7
2026-08-20T18:00:00,17.795,17.345,18.20,19.07,1.211,1.154,0.6053,0.5022,8.777,6.901,34059.3,52.343,2.2549,681.2,224.8
2026-08-20T19:00:00,18.796,18.431,17.73,18.87,1.217,1.166,0.5992,0.4806,9.138,6.971,34077.8,52.383,2.2571,681.6,224.9
2026-08-20T20:00:00,18.134,17.848,17.18,18.03,1.207,1.155,0.5852,0.5295,9.629,7.152,34095.6,52.427,2.2581,681.9,225.0
2026-08-20T21:00:00,17.858,17.241,16.57,17.36,1.153,1.098,0.6124,0.5086,8.705,6.845,34112.9,52.459,2.2599,682.3,225.1
2026-08-20T22:00:00,18.831,18.353,16.11,17.05,1.159,1.102,0.5901,0.5217,9.350,6.759,34131.2,52.507,2.2612,682.6,225.3
2026-08-20T23:00:00,16.311,16.150,15.66,16.95,1.102,1.032,0.5658,0.5249,9.687,7.172,34147.4,52.547,2.2618,682.9,225.4
2026-08-21T00:00:00,16.611,16.075,15.26,16.07,1.140,1.082,0.6116,0.5200,9.148,6.958,34163.4,52.583,2.2633,683.3,225.5
2026-08-21T01:00:00,16.374,15.969,14.61,15.45,1.151,1.100,0.6592,0.5049,8.986,6.997,34179.4,52.614,2.2658,683.6,225.6
2026-08-21T02:00:00,17.721,17.163,14.27,14.74,1.168,1.105,0.5645,0.5048,9.070,7.275,34196.6,52.645,2.2668,683.9,225.7
2026-08-21T03:00:00,16.128,15.574,14.51,15.20,1.149,1.095,0.6231,0.5104,8.422,7.002,34212.1,52.667,2.2685,684.2,225.8
2026-08-21T04:00:00,17.082,16.797,15.21,15.63,1.148,1.086,0.6148,0.5173,9.408,7.067,34228.9,52.707,2.2702,684.6,225.9
2026-08-21T05:00:00,16.835,16.519,14.86,15.91,1.161,1.098,0.6472,0.5166,8.975,6.639,34245.4,52.745,2.2723,684.9,226.0
2026-08-21T06:00:00,16.967,16.709,15.85,16.72,1.153,1.096,0.6465,0.5019,7.955,6.811,34262.2,52.764,2.2747,685.2,226.1
2026-08-21T07:00:00,18.025,17.437,15.35,16.06,1.140,1.085,0.6498,0.5186,9.847,6.812,34279.6,52.817,2.2770,685.6,226.2
2026-08-21T08:00:00,18.166,17.513,16.84,18.06,1.166,1.113,0.5503,0.5216,9.074,6.917,34297.1,52.855,2.2775,685.9,226.4
2026-08-21T09:00:00,18.868,18.401,16.78,17.20,1.173,1.122,0.6219,0.5232,8.059,6.896,34315.5,52.876,2.2793,686.3,226.5
2026-08-21T10:00:00,18.333,17.789,16.99,17.75,1.179,1.126,0.6419,0.5220,8.922,7.301,34333.3,52.905,2.2815,686.7,226.6
2026-08-21T11:00:00,17.833,17.317,17.37,18.28,1.216,1.165,0.5767,0.4910,9.507,6.997,34350.6,52.949,2.2830,687.0,226.7
2026-08-21T12:00:00,19.399,19.104,17.96,19.02,1.220,1.169,0.7290,0.5110,8.731,6.921,34369.7,52.983,2.2871,687.4,226.8
2026-08-21T13:00:00,18.746,18.108,18.07,18.73,1.212,1.148,0.6477,0.5319,10.096,6.696,34387.8,53.045,2.2892,687.8,227.0
2026-08-21T14:00:00,19.092,18.527,18.24,19.34,1.210,1.149,0.5564,0.5187,9.673,6.914,34406.4,53.096,2.2899,688.1,227.1
2026-08-21T15:00:00,20.002,19.192,18.49,19.25,1.197,1.130,0.5698,0.5235,9.484,7.274,34425.5,53.138,2.2908,688.5,227.2
2026-08-21T16:00:00,19.375,18.879,19.20,19.77,1.219,1.164,0.6056,0.5006,8.491,6.942,34444.4,53.168,2.2928,688.9,227.3
2026-08-21T17:00:00,19.814,19.418,18.82,19.74,1.176,1.124,0.6525,0.5030,8.655,6.990,34463.8,53.200,2.2957,689.3,227.5
2026-08-21T18:00:00,18.779,18.512,18.18,19.27,1.222,1.163,0.6028,0.5195,8.948,7.091,34482.4,53.234,2.2972,689.6,227.6
2026-08-21T19:00:00,18.450,17.662,17.89,18.80,1.203,1.140,0.6265,0.5114,8.556,7.097,34500.0,53.260,2.2993,690.0,227.7
2026-08-21T20:00:00,17.750,17.365,16.30,17.01,1.181,1.125,0.6214,0.5010,8.335,7.152,34517.4,53.281,2.3014,690.3,227.8
2026-08-21T21:00:00,17.644,17.251,16.70,17.38,1.166,1.115,0.6455,0.5120,8.956,7.133,34534.6,53.312,2.3037,690.7,227.9
2026-08-21T22:00:00,18.710,18.113,16.30,16.45,1.156,1.095,0.5639,0.5156,8.389,6.960,34552.7,53.338,2.3045,691.1,228.0
2026-08-21T23:00:00,17.188,16.581,15.99,16.69,1.163,1.104,0.6172,0.5196,9.215,7.193,34569.3,53.372,2.3062,691.4,228.2
2026-08-22T00:00:00,17.350,17.045,14.88,16.06,1.152,1.099,0.6642,0.5117,8.934,7.146,34586.4,53.402,2.3088,691.7,228.3
2026-08-22T01:00:00,17.735,17.109,15.35,15.92,1.109,1.053,0.5318,0.5127,9.009,7.044,34603.5,53.436,2.3091,692.1,228.4
2026-08-22T02:00:00,16.525,16.040,13.23,13.98,1.134,1.068,0.6318,0.5144,8.957,6.714,34619.5,53.472,2.3110,692.4,228.5
2026-08-22T03:00:00,16.289,15.701,15.02,16.09,1.160,1.099,0.5884,0.5126,9.242,6.942,34635.2,53.508,2.3122,692.7,228.6
2026-08-22T04:00:00,16.670,16.431,14.29,14.92,1.145,1.092,0.5450,0.5264,9.461,7.144,34651.7,53.546,2.3125,693.0,228.7
2026-08-22T05:00:00,17.267,16.858,14.82,15.78,1.113,1.060,0.6584,0.5052,8.784,7.055,34668.5,53.575,2.3150,693.4,228.8
2026-08-22T06:00:00,17.613,16.980,15.60,15.93,1.155,1.097,0.5870,0.5116,9.406,7.091,34685.5,53.614,2.3163,693.7,228.9
2026-08-22T07:00:00,17.633,17.217,16.13,17.13,1.169,1.117,0.5710,0.5001,8.779,7.044,34702.7,53.644,2.3175,694.1,229.0
2026-08-22T08:00:00,18.138,17.674,16.30,16.94,1.161,1.102,0.5821,0.4951,8.886,6.997,34720.4,53.678,2.3191,694.4,229.2
2026-08-22T09:00:00,18.329,17.830,16.75,17.45,1.193,1.142,0.6051,0.5130,9.860,6.935,34738.2,53.730,2.3207,694.8,229.3
2026-08-22T10:00:00,19.627,19.018,17.09,18.11,1.203,1.151,0.6309,0.5111,8.624,7.178,34757.2,53.757,2.3230,695.1,229.4
2026-08-22T11:00:00,18.845,18.198,17.82,18.46,1.206,1.143,0.5304,0.4901,9.222,6.767,34775.4,53.802,2.3237,695.5,229.5
2026-08-22T12:00:00,18.739,18.559,17.50,18.50,1.230,1.178,0.6705,0.4999,9.442,6.908,34794.0,53.849,2.3269,695.9,229.6
2026-08-22T13:00:00,19.006,18.526,18.26,19.12,1.236,1.181,0.6205,0.5199,8.767,6.886,34812.5,53.884,2.3288,696.3,229.8
2026-08-22T14:00:00,19.654,19.225,18.47,19.05,1.218,1.162,0.5790,0.5356,8.553,6.951,34831.7,53.915,2.3296,696.6,229.9
2026-08-22T15:00:00,18.612,17.919,18.72,19.65,1.201,1.149,0.6361,0.5270,8.847,6.915,34849.7,53.949,2.3316,697.0,230.0
2026-08-22T16:00:00,18.783,18.108,18.31,19.52,1.225,1.166,0.5970,0.5164,9.357,7.023,34867.8,53.991,2.3330,697.4,230.1
2026-08-22T17:00:00,19.462,19.023,18.95,19.95,1.208,1.152,0.6870,0.5120,8.899,6.739,34886.8,54.033,2.3363,697.7,230.3
2026-08-22T18:00:00,18.872,18.471,18.57,19.56,1.198,1.139,0.6444,0.4813,8.851,6.846,34905.3,54.070,2.3394,698.1,230.4
2026-08-22T19:00:00,18.932,18.272,17.09,17.94,1.210,1.156,0.6164,0.5073,9.274,7.170,34923.5,54.108,2.3413,698.5,230.5
2026-08-22T20:00:00,17.182,16.691,17.90,18.78,1.194,1.135,0.5755,0.5072,9.972,7.171,34940.2,54.155,2.3425,698.8,230.6
2026-08-22T21:00:00,18.027,17.635,16.87,17.65,1.163,1.113,0.6274,0.5012,9.129,6.990,34957.9,54.192,2.3447,699.2,230.7
2026-08-22T22:00:00,18.114,17.521,16.38,17.20,1.176,1.116,0.6604,0.5088,8.839,7.349,34975.4,54.219,2.3474,699.5,230.8
2026-08-22T23:00:00,17.546,17.031,15.29,16.01,1.187,1.134,0.5824,0.4953,8.708,6.675,34992.4,54.253,2.3489,699.8,230.9
2026-08-23T00:00:00,17.325,16.945,15.86,16.69,1.139,1.084,0.6038,0.5166,9.148,6.918,35009.4,54.291,2.3503,700.2,231.1
2026-08-23T01:00:00,17.066,16.572,15.77,16.57,1.135,1.076,0.5850,0.5221,9.220,6.755,35025.9,54.332,2.3514,700.5,231.2
2026-08-23T02:00:00,16.745,16.390,14.52,15.39,1.138,1.084,0.6109,0.4952,9.481,7.145,35042.3,54.370,2.3533,700.8,231.3
2026-08-23T03:00:00,17.031,16.700,14.59,15.44,1.158,1.107,0.6213,0.5012,8.926,7.276,35059.0,54.398,2.3553,701.2,231.4
2026-08-23T04:00:00,17.077,16.839,14.99,15.32,1.144,1.087,0.6360,0.4905,8.486,6.919,35075.9,54.424,2.3577,701.5,231.5
2026-08-23T05:00:00,15.960,15.443,15.32,16.18,1.139,1.085,0.6297,0.5015,8.998,6.609,35091.3,54.461,2.3597,701.8,231.6
2026-08-23T06:00:00,17.871,17.611,15.01,15.72,1.137,1.082,0.6207,0.5029,9.908,6.854,35108.9,54.515,2.3618,702.2,231.7
2026-08-23T07:00:00,16.767,16.415,16.14,16.98,1.163,1.095,0.5746,0.5110,9.115,6.949,35125.3,54.550,2.3628,702.5,231.8
2026-08-23T08:00:00,17.301,16.828,16.47,17.13,1.168,1.112,0.6039,0.5296,8.863,7.440,35142.2,54.574,2.3641,702.8,231.9
2026-08-23T09:00:00,17.692,17.049,16.29,16.48,1.193,1.139,0.6200,0.5213,8.465,7.022,35159.2,54.599,2.3658,703.2,232.1
2026-08-23T10:00:00,18.321,17.936,16.61,17.21,1.161,1.102,0.6249,0.5180,8.447,7.005,35177.1,54.625,2.3677,703.5,232.2
2026-08-23T11:00:00,19.843,19.301,17.30,18.09,1.208,1.150,0.6267,0.5140,9.140,7.122,35196.4,54.664,2.3698,703.9,232.3
2026-08-23T12:00:00,19.127,18.784,17.57,18.13,1.239,1.173,0.5694,0.5313,9.133,6.979,35215.2,54.704,2.3706,704.3,232.4
2026-08-23T13:00:00,19.284,18.794,18.18,18.75,1.194,1.142,0.6267,0.4990,9.208,6.957,35234.0,54.746,2.3730,704.7,232.5
2026-08-23T14:00:00,19.258,18.755,18.29,19.41,1.230,1.179,0.5879,0.5053,8.674,7.140,35252.8,54.775,2.3745,705.1,232.7
2026-08-23T15:00:00,18.855,18.365,18.76,19.22,1.234,1.167,0.6241,0.4932,9.162,6.763,35271.1,54.819,2.3769,705.4,232.8
2026-08-23T16:00:00,18.516,18.288,18.59,19.28,1.237,1.174,0.6200,0.5177,8.389,6.742,35289.4,54.849,2.3788,705.8,232.9
2026-08-23T17:00:00,18.798,18.509,18.24,19.47,1.229,1.176,0.5490,0.5181,10.155,6.960,35307.9,54.909,2.3794,706.2,233.0
2026-08-23T18:00:00,19.561,18.858,18.27,19.26,1.211,1.157,0.6410,0.5340,8.991,7.194,35326.8,54.942,2.3814,706.5,233.2
2026-08-23T19:00:00,19.312,18.871,17.49,18.25,1.215,1.164,0.6000,0.4983,9.052,6.705,35345.7,54.987,2.3833,706.9,233.3
2026-08-23T20:00:00,17.861,17.504,17.43,18.72,1.182,1.128,0.5986,0.5239,7.798,6.865,35363.2,55.003,2.3846,707.3,233.4
2026-08-23T21:00:00,17.994,17.648,16.37,17.61,1.174,1.118,0.5764,0.5091,9.729,6.575,35380.8,55.059,2.3858,707.6,233.5
2026-08-23T22:00:00,17.542,17.167,15.95,16.63,1.169,1.112,0.6429,0.5263,8.441,7.048,35398.0,55.083,2.3878,708.0,233.6
2026-08-23T23:00:00,17.359,16.919,15.95,17.14,1.164,1.111,0.5867,0.5339,9.257,6.836,35414.9,55.124,2.3887,708.3,233.7
2026-08-24T00:00:00,17.474,17.062,14.85,15.84,1.142,1.079,0.6073,0.5155,8.782,6.837,35432.0,55.157,2.3903,708.6,233.9
2026-08-24T01:00:00,16.900,16.317,14.43,15.48,1.151,1.094,0.5940,0.5317,9.077,7.353,35448.3,55.185,2.3913,709.0,234.0
2026-08-24T02:00:00,16.915,16.561,14.95,15.53,1.164,1.101,0.6014,0.5046,9.067,6.701,35464.8,55.224,2.3929,709.3,234.1
2026-08-24T03:00:00,17.578,17.179,13.74,14.92,1.122,1.071,0.5224,0.4901,8.737,6.939,35482.0,55.255,2.3934,709.6,234.2
2026-08-24T04:00:00,16.311,15.686,14.44,15.36,1.143,1.091,0.6097,0.5012,8.306,6.996,35497.7,55.275,2.3951,710.0,234.3
2026-08-24T05:00:00,17.597,17.116,14.85,15.93,1.164,1.109,0.6035,0.5226,7.365,7.215,35514.8,55.278,2.3965,710.3,234.4
2026-08-24T06:00:00,18.075,17.797,15.34,16.34,1.177,1.112,0.6285,0.5284,8.559,6.638,35532.6,55.312,2.3983,710.7,234.5
2026-08-24T07:00:00,17.728,17.201,15.56,16.51,1.161,1.097,0.6431,0.5033,8.929,7.061,35549.8,55.344,2.4007,711.0,234.6
2026-08-24T08:00:00,17.414,16.809,16.41,17.15,1.153,1.098,0.6240,0.5191,9.385,6.870,35566.6,55.387,2.4025,711.3,234.7
2026-08-24T09:00:00,17.323,17.074,16.72,17.76,1.175,1.119,0.5036,0.5002,9.363,7.085,35583.7,55.426,2.4025,711.7,234.9
2026-08-24T10:00:00,18.452,18.040,18.31,19.26,1.161,1.107,0.6388,0.4927,9.160,6.867,35601.7,55.467,2.4052,712.0,235.0
2026-08-24T11:00:00,19.045,18.537,17.31,18.00,1.192,1.128,0.6624,0.5102,8.543,6.992,35620.3,55.496,2.4080,712.4,235.1
2026-08-24T12:00:00,18.851,18.405,17.94,18.50,1.217,1.165,0.5210,0.5317,9.197,6.965,35638.7,55.537,2.4080,712.8,235.2
2026-08-24T13:00:00,19.538,18.995,18.00,18.66,1.258,1.206,0.5843,0.5099,8.414,7.012,35657.7,55.563,2.4094,713.2,235.3
2026-08-24T14:00:00,20.402,19.577,18.79,19.67,1.209,1.156,0.5474,0.5005,8.631,6.791,35677.3,55.599,2.4103,713.5,235.5
2026-08-24T15:00:00,20.185,19.762,18.79,19.53,1.237,1.179,0.6189,0.5145,9.767,7.360,35697.0,55.647,2.4124,713.9,235.6
2026-08-24T16:00:00,18.871,18.755,18.79,19.87,1.209,1.145,0.6228,0.4934,8.496,7.049,35715.8,55.674,2.4148,714.3,235.7
2026-08-24T17:00:00,20.305,19.712,18.73,19.37,1.227,1.174,0.6256,0.5317,10.102,7.245,35735.5,55.730,2.4167,714.7,235.9
2026-08-24T18:00:00,18.433,18.222,17.84,18.84,1.196,1.146,0.7007,0.5071,8.335,6.835,35753.7,55.758,2.4202,715.1,236.0
2026-08-24T19:00:00,18.417,17.837,17.35,18.45,1.209,1.154,0.5679,0.4968,10.611,7.107,35771.5,55.820,2.4215,715.4,236.1
2026-08-24T20:00:00,18.602,18.230,17.39,18.44,1.171,1.108,0.6034,0.5130,9.037,6.937,35789.8,55.859,2.4231,715.8,236.2
2026-08-24T21:00:00,18.611,18.299,16.29,17.43,1.189,1.128,0.6038,0.4927,8.601,6.752,35808.1,55.892,2.4251,716.2,236.3
2026-08-24T22:00:00,18.018,17.546,16.21,16.84,1.180,1.125,0.5847,0.4918,9.232,6.898,35825.6,55.933,2.4268,716.5,236.4
2026-08-24T23:00:00,17.711,16.937,15.58,16.58,1.135,1.084,0.6437,0.5068,8.561,7.013,35842.6,55.960,2.4291,716.9,236.6
2026-08-25T00:00:00,16.216,15.747,15.39,15.97,1.173,1.108,0.6757,0.5181,9.788,7.272,35858.3,55.999,2.4316,717.2,236.7
2026-08-25T01:00:00,16.868,16.545,14.21,15.07,1.144,1.082,0.6107,0.5110,8.773,7.017,35874.8,56.028,2.4332,717.5,236.8
2026-08-25T02:00:00,17.818,17.495,13.53,14.99,1.150,1.097,0.6427,0.4932,8.032,6.738,35892.3,56.051,2.4358,717.8,236.9
2026-08-25T03:00:00,16.234,15.795,14.63,15.87,1.156,1.087,0.6166,0.5191,9.039,6.900,35908.1,56.085,2.4374,718.2,237.0
2026-08-25T04:00:00,17.207,16.864,14.22,14.81,1.155,1.088,0.5775,0.5069,8.179,7.057,35925.0,56.104,2.4386,718.5,237.1
2026-08-25T05:00:00,16.449,15.648,15.05,15.82,1.119,1.057,0.6123,0.5202,8.464,7.189,35940.6,56.124,2.4400,718.8,237.2
2026-08-25T06:00:00,18.376,17.833,15.13,15.99,1.149,1.090,0.6404,0.5070,8.820,6.854,35958.5,56.159,2.4424,719.2,237.3
2026-08-25T07:00:00,16.754,16.121,15.63,16.48,1.181,1.122,0.5153,0.5216,9.694,7.092,35974.6,56.201,2.4424,719.5,237.4
2026-08-25T08:00:00,17.271,16.841,16.38,17.30,1.180,1.120,0.6185,0.5077,9.777,6.947,35991.4,56.248,2.4442,719.8,237.5
2026-08-25T09:00:00,17.795,17.245,16.81,17.36,1.180,1.120,0.6014,0.5113,8.927,6.767,36008.7,56.285,2.4458,720.2,237.7
2026-08-25T10:00:00,17.922,17.191,16.97,17.75,1.181,1.116,0.6397,0.4925,8.606,7.160,36025.9,56.310,2.4483,720.5,237.8
2026-08-25T11:00:00,18.796,18.320,17.92,19.08,1.191,1.136,0.6383,0.5073,8.836,6.892,36044.2,56.346,2.4507,720.9,237.9
2026-08-25T12:00:00,18.131,17.737,17.60,18.46,1.217,1.159,0.6231,0.4899,9.111,6.917,36061.9,56.385,2.4531,721.2,238.0
2026-08-25T13:00:00,20.294,19.779,18.82,19.41,1.211,1.159,0.6642,0.5280,8.186,6.770,36081.7,56.413,2.4558,721.6,238.1
2026-08-25T14:00:00,19.165,18.657,17.82,18.82,1.211,1.159,0.6076,0.5052,9.266,6.823,36100.4,56.458,2.4577,722.0,238.3
2026-08-25T15:00:00,18.916,18.558,18.65,19.53,1.228,1.174,0.6227,0.5114,8.926,7.154,36118.9,56.491,2.4598,722.4,238.4
2026-08-25T16:00:00,18.953,18.413,18.14,18.76,1.216,1.162,0.6123,0.5055,8.222,6.836,36137.3,56.517,2.4617,722.7,238.5
2026-08-25T17:00:00,19.568,19.117,18.35,19.37,1.222,1.171,0.5992,0.5133,10.570,6.749,36156.5,56.590,2.4634,723.1,238.6
2026-08-25T18:00:00,18.804,18.258,18.08,19.01,1.213,1.156,0.6087,0.5122,9.463,6.830,36174.7,56.638,2.4651,723.5,238.8
2026-08-25T19:00:00,18.896,18.294,16.69,17.46,1.180,1.109,0.5965,0.4912,9.017,6.971,36193.0,56.675,2.4671,723.9,238.9
2026-08-25T20:00:00,17.823,17.319,17.19,17.39,1.201,1.133,0.6654,0.5094,9.300,7.040,36210.3,56.715,2.4698,724.2,239.0
2026-08-25T21:00:00,18.055,17.477,16.09,16.78,1.178,1.127,0.5902,0.4873,9.107,7.085,36227.8,56.750,2.4716,724.6,239.1
2026-08-25T22:00:00,18.347,18.144,15.44,16.29,1.143,1.092,0.6164,0.5125,9.351,6.854,36246.0,56.795,2.4734,724.9,239.2
2026-08-25T23:00:00,17.191,16.716,15.75,16.44,1.155,1.100,0.5759,0.4892,9.520,6.853,36262.7,56.840,2.4749,725.3,239.3
2026-08-26T00:00:00,17.005,16.596,14.71,15.46,1.144,1.085,0.6797,0.5018,9.884,6.507,36279.3,56.896,2.4778,725.6,239.4
2026-08-26T01:00:00,17.629,17.152,14.79,15.77,1.150,1.100,0.6544,0.4877,8.809,6.569,36296.4,56.934,2.4807,725.9,239.6
2026-08-26T02:00:00,16.468,16.109,14.51,15.45,1.141,1.084,0.6839,0.4904,8.300,6.448,36312.5,56.964,2.4838,726.3,239.7
2026-08-26T03:00:00,17.236,16.506,14.43,14.91,1.149,1.084,0.7063,0.5072,9.440,6.753,36329.0,57.008,2.4871,726.6,239.8
2026-08-26T04:00:00,16.228,15.848,14.12,15.17,1.110,1.056,0.5485,0.5160,9.072,6.732,36344.9,57.046,2.4876,726.9,239.9
2026-08-26T05:00:00,16.926,16.455,14.76,15.16,1.174,1.106,0.6772,0.5219,8.432,7.119,36361.3,57.067,2.4902,727.2,240.0
2026-08-26T06:00:00,16.926,16.451,14.95,16.09,1.153,1.097,0.6726,0.5401,8.780,6.845,36377.8,57.099,2.4924,727.6,240.1
2026-08-26T07:00:00,18.317,17.763,15.07,15.30,1.157,1.105,0.6064,0.5124,9.039,6.728,36395.5,57.140,2.4940,727.9,240.2
2026-08-26T08:00:00,17.830,17.283,15.39,16.35,1.155,1.098,0.6604,0.5245,9.614,7.183,36412.8,57.182,2.4964,728.3,240.3
2026-08-26T09:00:00,18.078,17.504,16.67,17.48,1.202,1.151,0.5762,0.5071,9.818,6.986,36430.3,57.232,2.4976,728.6,240.4
2026-08-26T10:00:00,18.475,18.109,17.08,17.87,1.196,1.137,0.5120,0.5028,8.604,6.917,36448.4,57.262,2.4978,729.0,240.6
2026-08-26T11:00:00,19.938,19.367,18.06,18.89,1.185,1.113,0.7066,0.5180,8.808,6.761,36467.8,57.302,2.5014,729.4,240.7
2026-08-26T12:00:00,19.106,18.720,17.08,17.74,1.222,1.171,0.6040,0.5271,8.966,6.938,36486.5,57.340,2.5028,729.7,240.8
2026-08-26T13:00:00,19.381,19.016,18.02,18.97,1.235,1.180,0.6667,0.5050,8.371,6.727,36505.5,57.371,2.5059,730.1,240.9
2026-08-26T14:00:00,19.733,19.118,17.80,18.64,1.196,1.146,0.6791,0.5183,8.439,6.859,36524.7,57.401,2.5090,730.5,241.1
2026-08-26T15:00:00,19.049,18.467,17.75,18.75,1.206,1.145,0.5860,0.5157,8.906,7.201,36543.1,57.433,2.5103,730.9,241.2
2026-08-26T16:00:00,18.372,18.138,18.56,19.31,1.234,1.179,0.5616,0.5251,9.304,6.883,36561.3,57.477,2.5110,731.2,241.3
2026-08-26T17:00:00,19.340,18.746,18.29,18.88,1.178,1.120,0.7329,0.5138,8.721,6.937,36580.0,57.510,2.5151,731.6,241.4
2026-08-26T18:00:00,18.607,18.133,17.72,18.46,1.224,1.173,0.6256,0.5042,9.076,6.768,36598.1,57.552,2.5173,732.0,241.5
2026-08-26T19:00:00,17.589,17.232,17.54,18.37,1.178,1.128,0.6414,0.5109,8.584,7.094,36615.4,57.578,2.5195,732.3,241.7
2026-08-26T20:00:00,18.067,17.593,17.16,18.24,1.198,1.147,0.5279,0.5149,9.060,7.014,36633.0,57.614,2.5197,732.7,241.8
2026-08-26T21:00:00,16.941,16.526,16.14,17.02,1.165,1.104,0.5756,0.5126,8.281,6.606,36649.5,57.641,2.5208,733.0,241.9
2026-08-26T22:00:00,18.349,17.755,16.18,16.90,1.192,1.124,0.6042,0.5100,8.696,6.504,36667.3,57.680,2.5225,733.3,242.0
2026-08-26T23:00:00,17.139,16.662,14.89,15.64,1.171,1.115,0.5902,0.4837,9.892,6.784,36683.9,57.732,2.5242,733.7,242.1
2026-08-27T00:00:00,16.393,15.989,14.95,16.03,1.156,1.090,0.6338,0.4902,8.978,7.151,36699.9,57.761,2.5265,734.0,242.2
2026-08-27T01:00:00,16.511,15.947,14.11,14.58,1.148,1.090,0.6094,0.5037,9.026,6.867,36715.9,57.796,2.5282,734.3,242.3
2026-08-27T02:00:00,16.611,15.960,13.68,14.56,1.145,1.088,0.6122,0.5270,9.135,6.664,36731.8,57.835,2.5296,734.6,242.4
2026-08-27T03:00:00,16.616,16.180,14.59,15.76,1.172,1.117,0.5991,0.5111,8.296,6.582,36748.0,57.863,2.5310,735.0,242.5
2026-08-27T04:00:00,17.086,16.600,14.72,15.31,1.146,1.091,0.6061,0.5012,7.883,6.488,36764.6,57.886,2.5327,735.3,242.6
2026-08-27T05:00:00,16.770,16.227,15.11,16.13,1.141,1.086,0.6451,0.4886,9.156,6.672,36780.8,57.926,2.5353,735.6,242.8
2026-08-27T06:00:00,17.263,16.946,15.04,15.63,1.121,1.068,0.5951,0.4891,8.455,6.448,36797.8,57.960,2.5371,736.0,242.9
2026-08-27T07:00:00,17.247,16.882,15.55,16.04,1.169,1.118,0.5782,0.5218,7.427,6.784,36814.6,57.971,2.5380,736.3,243.0
2026-08-27T08:00:00,17.879,17.281,16.50,17.63,1.183,1.132,0.6566,0.4926,8.442,6.608,36831.9,58.003,2.5409,736.6,243.1
2026-08-27T09:00:00,17.554,17.144,16.73,17.52,1.163,1.113,0.6491,0.5037,9.195,7.029,36849.1,58.040,2.5434,737.0,243.2
2026-08-27T10:00:00,19.223,18.680,17.11,17.57,1.189,1.135,0.6915,0.5104,8.809,6.904,36867.8,58.076,2.5467,737.4,243.3
2026-08-27T11:00:00,19.016,18.722,17.18,18.43,1.211,1.160,0.6308,0.5002,9.529,6.656,36886.5,58.129,2.5492,737.7,243.5
2026-08-27T12:00:00,17.380,17.179,17.86,18.24,1.192,1.126,0.6401,0.5057,8.817,6.752,36903.7,58.165,2.5515,738.1,243.6
2026-08-27T13:00:00,18.963,18.744,17.37,18.29,1.221,1.168,0.6113,0.4932,9.343,6.961,36922.4,58.209,2.5537,738.4,243.7
2026-08-27T14:00:00,19.168,18.569,17.63,18.68,1.231,1.171,0.6477,0.5012,9.218,7.026,36941.0,58.250,2.5564,738.8,243.8
2026-08-27T15:00:00,19.773,19.401,18.53,19.31,1.204,1.143,0.5553,0.4949,9.295,6.787,36960.4,58.299,2.5576,739.2,243.9
2026-08-27T16:00:00,19.157,18.572,18.09,18.94,1.203,1.153,0.6382,0.4983,8.694,6.513,36978.9,58.339,2.5602,739.6,244.1
2026-08-27T17:00:00,20.000,19.305,18.30,18.98,1.246,1.190,0.5237,0.5071,8.928,6.777,36998.2,58.381,2.5605,740.0,244.2
2026-08-27T18:00:00,18.904,18.532,18.15,18.93,1.197,1.142,0.5920,0.5172,8.334,6.507,37016.8,58.415,2.5619,740.3,244.3
2026-08-27T19:00:00,17.342,17.038,16.29,17.32,1.207,1.156,0.6316,0.5103,9.343,7.064,37033.8,58.454,2.5640,740.7,244.4
2026-08-27T20:00:00,18.030,17.607,17.28,18.29,1.167,1.106,0.6907,0.5086,9.331,6.822,37051.4,58.498,2.5672,741.0,244.5
2026-08-27T21:00:00,18.120,17.691,15.86,16.47,1.157,1.092,0.6150,0.5075,8.222,6.666,37069.1,58.525,2.5691,741.4,244.7
2026-08-27T22:00:00,16.998,16.494,16.65,16.99,1.150,1.089,0.6356,0.5106,9.256,6.705,37085.6,58.567,2.5711,741.7,244.8
2026-08-27T23:00:00,18.208,17.808,15.25,16.38,1.171,1.113,0.5930,0.4915,8.625,6.912,37103.4,58.598,2.5729,742.1,244.9
2026-08-28T00:00:00,16.059,15.579,14.65,15.84,1.155,1.099,0.5943,0.5050,9.112,6.925,37119.0,58.632,2.5743,742.4,245.0
2026-08-28T01:00:00,17.131,16.684,15.04,15.69,1.149,1.097,0.6314,0.5207,9.172,6.866,37135.7,58.670,2.5762,742.7,245.1
2026-08-28T02:00:00,16.811,16.366,14.20,14.85,1.129,1.079,0.6561,0.5248,9.271,7.193,37152.0,58.704,2.5783,743.0,245.2
2026-08-28T03:00:00,17.914,17.356,14.46,15.38,1.109,1.055,0.6330,0.4977,9.698,6.842,37169.4,58.754,2.5807,743.4,245.3
2026-08-28T04:00:00,16.532,16.091,14.17,14.99,1.159,1.108,0.5941,0.4836,9.466,6.829,37185.5,58.796,2.5825,743.7,245.4
2026-08-28T05:00:00,16.566,16.328,14.15,14.97,1.137,1.086,0.6721,0.5142,7.681,6.692,37201.8,58.813,2.5850,744.0,245.5
2026-08-28T06:00:00,17.599,17.029,14.88,15.60,1.140,1.074,0.6072,0.5154,8.998,6.917,37218.8,58.848,2.5866,744.4,245.6
2026-08-28T07:00:00,16.867,16.541,15.31,15.88,1.158,1.102,0.6330,0.5082,9.324,6.435,37235.4,58.896,2.5887,744.7,245.8
2026-08-28T08:00:00,17.799,17.558,15.63,16.69,1.174,1.120,0.6234,0.4903,8.772,6.764,37252.9,58.931,2.5910,745.1,245.9
2026-08-28T09:00:00,17.622,16.987,16.09,17.00,1.191,1.140,0.6019,0.5071,9.332,6.734,37269.9,58.975,2.5926,745.4,246.0
2026-08-28T10:00:00,17.985,17.682,16.18,16.93,1.172,1.118,0.6082,0.5043,8.612,6.673,37287.6,59.009,2.5945,745.8,246.1
2026-08-28T11:00:00,18.924,18.248,17.21,18.07,1.189,1.134,0.6311,0.4986,9.787,6.847,37305.9,59.063,2.5969,746.1,246.2
2026-08-28T12:00:00,20.405,19.670,16.57,17.52,1.186,1.132,0.5946,0.4943,8.575,6.901,37325.5,59.096,2.5988,746.5,246.3
2026-08-28T13:00:00,19.954,19.759,17.25,18.08,1.225,1.168,0.6362,0.5090,9.549,6.904,37345.3,59.148,2.6014,746.9,246.5
2026-08-28T14:00:00,18.444,18.017,18.12,18.85,1.215,1.162,0.5773,0.5263,8.730,6.696,37363.3,59.185,2.6023,747.3,246.6
2026-08-28T15:00:00,19.357,18.836,18.04,18.82,1.229,1.172,0.5529,0.5118,9.136,6.485,37382.1,59.235,2.6031,747.6,246.7
2026-08-28T16:00:00,18.783,18.386,17.59,18.08,1.234,1.177,0.7017,0.5119,9.437,6.736,37400.5,59.285,2.6065,748.0,246.8
2026-08-28T17:00:00,18.761,18.254,17.48,18.28,1.228,1.166,0.6435,0.4894,8.969,6.413,37418.8,59.331,2.6094,748.4,247.0
2026-08-28T18:00:00,19.254,18.924,17.90,18.65,1.225,1.164,0.6313,0.4769,9.567,6.746,37437.7,59.385,2.6123,748.8,247.1
2026-08-28T19:00:00,18.698,18.139,18.06,18.67,1.201,1.134,0.6045,0.5059,8.709,7.071,37455.9,59.414,2.6141,749.1,247.2
2026-08-28T20:00:00,18.553,18.006,17.08,18.14,1.172,1.108,0.6371,0.4986,9.225,6.583,37473.9,59.462,2.6166,749.5,247.3
2026-08-28T21:00:00,16.653,16.534,16.51,17.15,1.164,1.113,0.5707,0.4896,8.394,6.846,37490.4,59.487,2.6179,749.8,247.4
2026-08-28T22:00:00,17.069,16.750,16.52,17.49,1.198,1.128,0.6338,0.5219,8.805,6.879,37507.1,59.520,2.6198,750.1,247.5
2026-08-28T23:00:00,17.104,16.620,14.78,15.78,1.174,1.123,0.6831,0.4905,9.273,6.813,37523.8,59.561,2.6230,750.5,247.7
2026-08-29T00:00:00,16.623,16.215,14.89,15.67,1.142,1.087,0.5693,0.5078,8.810,7.233,37540.0,59.586,2.6240,750.8,247.8
2026-08-29T01:00:00,16.423,16.168,14.11,15.19,1.145,1.087,0.6120,0.4889,8.831,7.030,37556.1,59.615,2.6260,751.1,247.9
2026-08-29T02:00:00,16.914,16.408,14.00,14.68,1.135,1.082,0.6468,0.5023,8.920,6.717,37572.6,59.651,2.6283,751.5,248.0
2026-08-29T03:00:00,17.125,16.544,15.00,16.25,1.133,1.077,0.5891,0.5207,8.911,6.907,37589.1,59.685,2.6295,751.8,248.1
2026-08-29T04:00:00,16.557,16.131,13.59,14.27,1.123,1.062,0.5879,0.5035,8.344,6.613,37605.2,59.713,2.6308,752.1,248.2
2026-08-29T05:00:00,16.451,16.155,14.06,15.01,1.161,1.102,0.6044,0.5055,9.126,7.220,37621.4,59.743,2.6324,752.4,248.3
2026-08-29T06:00:00,17.424,16.948,15.28,16.04,1.163,1.106,0.5727,0.5258,8.556,6.877,37638.3,59.772,2.6332,752.8,248.4
2026-08-29T07:00:00,17.811,17.062,15.22,16.09,1.152,1.092,0.7057,0.5212,9.269,6.686,37655.4,59.816,2.6364,753.1,248.5
2026-08-29T08:00:00,16.994,16.398,15.30,15.90,1.181,1.128,0.6658,0.5035,10.293,6.875,37671.8,59.872,2.6390,753.4,248.6
2026-08-29T09:00:00,18.281,17.767,16.03,16.88,1.193,1.142,0.6324,0.5077,8.108,6.743,37689.6,59.896,2.6412,753.8,248.8
2026-08-29T10:00:00,19.502,18.874,16.67,17.68,1.173,1.109,0.5780,0.5026,8.677,6.790,37708.4,59.932,2.6427,754.2,248.9
2026-08-29T11:00:00,18.994,18.595,17.17,17.55,1.198,1.140,0.6181,0.5165,8.853,6.980,37727.0,59.967,2.6446,754.5,249.0
2026-08-29T12:00:00,18.931,18.450,18.00,18.70,1.212,1.154,0.6651,0.4979,9.092,6.858,37745.5,60.008,2.6476,754.9,249.1
2026-08-29T13:00:00,18.713,18.438,18.09,18.58,1.187,1.137,0.6702,0.5101,9.053,6.500,37763.9,60.055,2.6506,755.3,249.2
2026-08-29T14:00:00,19.174,18.416,18.44,19.07,1.197,1.143,0.6239,0.5054,8.769,6.873,37782.3,60.090,2.6528,755.6,249.4
2026-08-29T15:00:00,18.321,17.758,17.86,18.57,1.211,1.158,0.5853,0.4936,8.784,6.673,37800.1,60.127,2.6544,756.0,249.5
2026-08-29T16:00:00,18.988,18.865,17.88,18.63,1.222,1.164,0.6049,0.5101,8.500,6.431,37819.0,60.166,2.6562,756.4,249.6
2026-08-29T17:00:00,19.384,18.916,18.09,18.75,1.196,1.144,0.6311,0.5053,8.073,6.864,37837.9,60.189,2.6586,756.8,249.7
2026-08-29T18:00:00,20.003,19.940,17.72,18.50,1.237,1.184,0.5433,0.5014,9.511,6.812,37857.8,60.243,2.6594,757.2,249.9
2026-08-29T19:00:00,18.799,18.194,17.48,18.83,1.196,1.127,0.6060,0.5051,8.708,6.748,37876.0,60.279,2.6612,757.5,250.0
2026-08-29T20:00:00,17.806,17.224,16.69,17.17,1.199,1.141,0.6318,0.5008,8.676,6.853,37893.2,60.310,2.6635,757.9,250.1
2026-08-29T21:00:00,16.951,16.659,16.73,18.31,1.167,1.116,0.6128,0.5157,9.260,6.220,37909.9,60.361,2.6651,758.2,250.2
2026-08-29T22:00:00,18.242,17.608,15.43,16.20,1.175,1.119,0.5961,0.5070,8.332,6.885,37927.5,60.386,2.6667,758.5,250.3
2026-08-29T23:00:00,16.530,16.113,15.37,16.21,1.148,1.087,0.5727,0.5180,9.119,6.372,37943.6,60.430,2.6676,758.9,250.4
2026-08-30T00:00:00,16.029,15.654,14.90,15.65,1.157,1.105,0.6063,0.4979,8.626,6.480,37959.3,60.464,2.6693,759.2,250.5
2026-08-30T01:00:00,16.040,15.795,14.57,15.36,1.125,1.072,0.5493,0.5089,8.456,6.741,37975.1,60.491,2.6699,759.5,250.6
2026-08-30T02:00:00,15.882,15.503,14.61,15.51,1.136,1.085,0.6206,0.5012,9.255,6.800,37990.6,60.529,2.6718,759.8,250.7
2026-08-30T03:00:00,15.796,15.434,14.59,15.41,1.146,1.095,0.5467,0.5085,9.097,6.477,38006.0,60.570,2.6723,760.1,250.8
2026-08-30T04:00:00,16.751,16.343,13.99,14.59,1.152,1.096,0.5683,0.5215,9.404,6.741,38022.3,60.613,2.6731,760.4,250.9
2026-08-30T05:00:00,16.862,16.267,13.94,14.80,1.138,1.084,0.6026,0.5034,8.135,6.668,38038.6,60.637,2.6747,760.8,251.1
2026-08-30T06:00:00,16.916,16.230,14.40,15.17,1.138,1.077,0.6355,0.4953,9.616,6.897,38054.8,60.681,2.6770,761.1,251.2
2026-08-30T07:00:00,16.950,16.765,14.94,15.41,1.170,1.119,0.5357,0.4958,8.627,6.998,38071.6,60.708,2.6777,761.4,251.3
2026-08-30T08:00:00,17.131,16.432,15.78,16.60,1.157,1.101,0.5105,0.4955,8.730,6.513,38088.0,60.745,2.6779,761.8,251.4
2026-08-30T09:00:00,18.339,17.943,16.45,17.62,1.152,1.097,0.6611,0.4973,9.120,7.085,38106.0,60.781,2.6809,762.1,251.5
2026-08-30T10:00:00,17.914,17.419,16.88,18.03,1.211,1.152,0.6605,0.4873,9.256,6.879,38123.4,60.823,2.6839,762.5,251.6
2026-08-30T11:00:00,18.064,17.766,17.10,18.11,1.183,1.126,0.6395,0.5189,9.498,6.958,38141.2,60.868,2.6860,762.8,251.7
2026-08-30T12:00:00,20.317,19.698,17.73,18.70,1.210,1.155,0.6005,0.4879,8.599,6.657,38160.9,60.906,2.6882,763.2,251.9
2026-08-30T13:00:00,18.446,18.438,18.17,19.18,1.239,1.186,0.6648,0.4911,9.252,7.019,38179.3,60.947,2.6914,763.6,252.0
2026-08-30T14:00:00,18.728,18.270,17.76,18.73,1.217,1.159,0.6738,0.5279,9.298,6.693,38197.6,60.995,2.6941,764.0,252.1
2026-08-30T15:00:00,19.616,19.252,18.09,18.70,1.235,1.181,0.5635,0.4831,8.190,6.982,38216.8,61.018,2.6956,764.3,252.2
2026-08-30T16:00:00,19.220,18.613,18.05,18.61,1.210,1.157,0.5960,0.5035,9.929,6.678,38235.4,61.079,2.6974,764.7,252.4
2026-08-30T17:00:00,18.468,17.728,17.70,18.72,1.226,1.167,0.6142,0.5102,9.749,6.368,38253.2,61.139,2.6992,765.1,252.5
2026-08-30T18:00:00,19.034,18.385,18.34,19.17,1.218,1.160,0.5975,0.4802,8.764,6.750,38271.5,61.176,2.7014,765.4,252.6
2026-08-30T19:00:00,18.163,17.680,16.90,17.27,1.194,1.143,0.6181,0.5036,8.661,6.848,38289.2,61.208,2.7034,765.8,252.7
2026-08-30T20:00:00,18.133,17.520,16.46,16.90,1.174,1.110,0.5649,0.5151,8.309,6.637,38306.7,61.237,2.7043,766.1,252.8
2026-08-30T21:00:00,18.180,17.844,15.96,16.26,1.173,1.110,0.6095,0.4986,9.278,6.893,38324.6,61.280,2.7062,766.5,252.9
2026-08-30T22:00:00,17.908,17.533,15.71,16.22,1.188,1.134,0.6225,0.4845,8.833,6.896,38342.1,61.313,2.7087,766.8,253.1
2026-08-30T23:00:00,18.565,18.065,15.08,15.90,1.139,1.067,0.6119,0.4983,8.553,6.756,38360.2,61.346,2.7107,767.2,253.2
2026-08-31T00:00:00,16.894,16.420,15.14,16.40,1.134,1.080,0.6724,0.5080,9.156,6.514,38376.6,61.389,2.7134,767.5,253.3
2026-08-31T01:00:00,16.797,16.259,14.22,14.62,1.149,1.092,0.6020,0.4830,8.382,6.570,38392.9,61.419,2.7154,767.9,253.4
2026-08-31T02:00:00,17.657,16.849,14.41,15.22,1.136,1.076,0.6093,0.4914,8.979,6.772,38409.7,61.456,2.7173,768.2,253.5
2026-08-31T03:00:00,15.855,15.413,14.23,14.99,1.140,1.086,0.6264,0.5029,9.126,6.651,38425.1,61.494,2.7192,768.5,253.6
2026-08-31T04:00:00,16.791,16.263,14.11,15.13,1.170,1.118,0.5716,0.5153,9.218,6.864,38441.4,61.532,2.7202,768.8,253.7
2026-08-31T05:00:00,17.124,16.737,14.87,15.70,1.192,1.136,0.6047,0.4892,8.948,6.491,38458.1,61.574,2.7221,769.2,253.8
2026-08-31T06:00:00,16.832,16.434,14.91,15.70,1.157,1.098,0.6008,0.5047,8.589,6.914,38474.6,61.601,2.7237,769.5,253.9
2026-08-31T07:00:00,18.163,17.669,15.59,16.68,1.180,1.123,0.5907,0.5014,8.934,6.639,38492.2,61.642,2.7252,769.8,254.0
2026-08-31T08:00:00,17.700,17.496,15.39,16.32,1.193,1.143,0.6087,0.5014,8.928,6.785,38509.7,61.679,2.7271,770.2,254.2
2026-08-31T09:00:00,19.152,18.713,16.72,17.47,1.182,1.118,0.6213,0.5329,8.580,6.866,38528.4,61.711,2.7288,770.6,254.3
2026-08-31T10:00:00,18.612,18.301,17.03,17.61,1.185,1.122,0.5865,0.5048,8.673,6.721,38546.7,61.747,2.7303,770.9,254.4
2026-08-31T11:00:00,17.719,17.231,16.99,17.81,1.205,1.141,0.6001,0.4877,8.547,6.959,38564.0,61.774,2.7322,771.3,254.5
2026-08-31T12:00:00,19.765,19.296,16.89,18.06,1.206,1.154,0.6358,0.4970,8.998,6.919,38583.3,61.814,2.7349,771.7,254.6
2026-08-31T13:00:00,18.833,18.255,18.02,18.50,1.223,1.167,0.5847,0.5093,9.077,6.467,38601.5,61.862,2.7363,772.0,254.8
2026-08-31T14:00:00,20.094,19.846,18.21,18.56,1.238,1.183,0.5406,0.5058,9.343,6.679,38621.4,61.915,2.7370,772.4,254.9
2026-08-31T15:00:00,19.036,18.384,18.47,19.24,1.225,1.167,0.5895,0.4920,8.380,6.503,38639.7,61.949,2.7387,772.8,255.0
2026-08-31T16:00:00,19.808,19.689,18.17,18.72,1.215,1.161,0.5466,0.5063,9.529,6.903,38659.4,62.001,2.7395,773.2,255.2
2026-08-31T17:00:00,19.246,18.713,17.55,18.21,1.252,1.200,0.5912,0.5216,8.808,6.974,38678.1,62.035,2.7408,773.6,255.3
2026-08-31T18:00:00,19.589,18.846,18.67,19.70,1.228,1.170,0.6245,0.5007,8.746,6.926,38697.0,62.070,2.7432,773.9,255.4
2026-08-31T19:00:00,18.753,18.209,17.37,18.35,1.209,1.153,0.6276,0.5089,8.704,6.821,38715.2,62.104,2.7453,774.3,255.5
2026-08-31T20:00:00,18.710,18.266,15.99,16.87,1.173,1.111,0.5735,0.4818,9.156,6.609,38733.5,62.151,2.7470,774.7,255.6
2026-08-31T21:00:00,17.154,16.676,16.30,17.03,1.182,1.125,0.6162,0.4794,8.802,6.750,38750.1,62.185,2.7493,775.0,255.8
2026-08-31T22:00:00,17.604,17.068,15.60,16.02,1.157,1.104,0.5772,0.4998,9.442,6.567,38767.2,62.234,2.7506,775.3,255.9
2026-08-31T23:00:00,19.324,19.088,14.60,15.35,1.147,1.087,0.6052,0.5218,8.660,6.952,38786.3,62.266,2.7522,775.7,256.0
2026-09-01T00:00:00,16.022,15.620,14.98,16.15,1.152,1.101,0.5780,0.5030,8.392,6.202,38801.9,62.301,2.7534,776.0,256.1
2026-09-01T01:00:00,16.708,16.353,14.22,15.12,1.126,1.073,0.5821,0.4892,8.906,6.497,38818.3,62.340,2.7549,776.4,256.2
2026-09-01T02:00:00,17.610,17.197,14.22,15.28,1.138,1.087,0.5766,0.5001,8.231,6.574,38835.5,62.369,2.7562,776.7,256.3
2026-09-01T03:00:00,17.525,16.958,14.67,15.33,1.120,1.070,0.6572,0.5114,9.226,6.864,38852.4,62.409,2.7587,777.0,256.4
2026-09-01T04:00:00,16.836,16.419,14.03,14.39,1.157,1.091,0.6242,0.4793,9.750,7.012,38868.8,62.454,2.7611,777.4,256.5
2026-09-01T05:00:00,15.811,15.379,14.63,15.60,1.147,1.088,0.6404,0.4917,9.039,6.597,38884.2,62.491,2.7634,777.7,256.6
2026-09-01T06:00:00,18.177,17.693,14.79,15.52,1.166,1.108,0.6245,0.4816,9.238,6.831,38901.9,62.534,2.7659,778.0,256.8
2026-09-01T07:00:00,17.741,17.331,14.81,15.76,1.147,1.097,0.6284,0.5043,8.553,6.596,38919.3,62.568,2.7680,778.4,256.9
2026-09-01T08:00:00,18.234,18.023,15.57,16.70,1.159,1.103,0.6295,0.5037,8.761,6.786,38937.3,62.603,2.7703,778.7,257.0
2026-09-01T09:00:00,19.261,18.821,15.48,16.37,1.184,1.132,0.6031,0.4936,9.152,6.782,38956.1,62.648,2.7724,779.1,257.1
2026-09-01T10:00:00,18.709,18.323,16.66,18.03,1.201,1.133,0.6289,0.4924,8.416,6.699,38974.4,62.679,2.7749,779.5,257.2
2026-09-01T11:00:00,18.639,18.049,17.29,17.96,1.190,1.140,0.6256,0.5049,8.511,6.460,38992.5,62.716,2.7770,779.8,257.4
2026-09-01T12:00:00,19.128,18.615,16.85,17.72,1.218,1.162,0.6145,0.5080,8.647,6.759,39011.1,62.751,2.7790,780.2,257.5
2026-09-01T13:00:00,18.105,17.790,17.22,17.32,1.208,1.157,0.5827,0.4946,9.274,6.798,39028.9,62.796,2.7806,780.6,257.6
2026-09-01T14:00:00,19.374,18.819,18.30,19.39,1.188,1.126,0.5998,0.5015,9.194,6.612,39047.7,62.844,2.7824,781.0,257.7
2026-09-01T15:00:00,18.375,17.924,18.19,19.02,1.223,1.157,0.6627,0.5024,8.559,6.449,39065.6,62.882,2.7853,781.3,257.8
2026-09-01T16:00:00,20.164,19.964,18.00,18.59,1.237,1.185,0.5966,0.4971,8.305,6.714,39085.6,62.914,2.7873,781.7,258.0
2026-09-01T17:00:00,19.007,18.415,17.80,18.59,1.203,1.150,0.6071,0.5099,8.300,6.261,39104.0,62.951,2.7891,782.1,258.1
2026-09-01T18:00:00,18.131,17.566,17.59,18.39,1.182,1.118,0.5574,0.5003,9.179,7.009,39121.6,62.989,2.7901,782.4,258.2
2026-09-01T19:00:00,18.605,18.103,17.07,17.57,1.189,1.131,0.6092,0.5235,9.094,6.601,39139.7,63.034,2.7916,782.8,258.3
2026-09-01T20:00:00,17.491,17.080,17.46,18.58,1.195,1.143,0.6697,0.5009,8.578,6.325,39156.7,63.073,2.7945,783.1,258.4
2026-09-01T21:00:00,18.211,17.637,16.32,16.99,1.188,1.136,0.6071,0.4801,9.538,6.721,39174.4,63.123,2.7968,783.5,258.6
2026-09-01T22:00:00,18.635,18.330,15.22,15.99,1.173,1.122,0.6227,0.5374,8.341,6.693,39192.7,63.153,2.7983,783.9,258.7
2026-09-01T23:00:00,16.438,15.943,15.49,16.36,1.158,1.105,0.5356,0.5073,8.690,7.151,39208.7,63.177,2.7988,784.2,258.8
2026-09-02T00:00:00,16.664,16.111,14.53,15.90,1.137,1.087,0.6262,0.4990,8.729,6.928,39224.8,63.206,2.8008,784.5,258.9
2026-09-02T01:00:00,16.580,16.214,14.92,15.76,1.140,1.086,0.5924,0.5151,9.741,6.537,39241.0,63.258,2.8021,784.8,259.0
2026-09-02T02:00:00,16.020,15.614,14.22,14.91,1.141,1.079,0.6382,0.5186,9.373,6.907,39256.6,63.297,2.8039,785.1,259.1
2026-09-02T03:00:00,17.174,16.743,13.28,14.08,1.124,1.067,0.5930,0.4951,8.715,7.232,39273.3,63.322,2.8056,785.5,259.2
2026-09-02T04:00:00,16.860,16.151,14.08,15.17,1.144,1.086,0.6080,0.5024,9.271,6.679,39289.5,63.364,2.8073,785.8,259.3
2026-09-02T05:00:00,17.157,16.514,13.99,14.39,1.144,1.089,0.6246,0.4874,10.086,6.305,39306.0,63.426,2.8096,786.1,259.4
2026-09-02T06:00:00,18.052,17.755,15.29,15.79,1.136,1.084,0.5873,0.5043,9.459,6.552,39323.8,63.478,2.8110,786.5,259.5
2026-09-02T07:00:00,17.716,17.255,15.47,16.27,1.160,1.105,0.6166,0.4986,8.817,6.772,39341.0,63.513,2.8131,786.8,259.7
2026-09-02T08:00:00,17.158,16.729,15.16,15.86,1.179,1.127,0.6913,0.5192,9.152,7.281,39357.7,63.544,2.8159,787.2,259.8
2026-09-02T09:00:00,17.324,16.903,15.75,16.60,1.169,1.105,0.5713,0.4877,8.620,6.975,39374.6,63.572,2.8174,787.5,259.9
2026-09-02T10:00:00,18.781,18.088,16.76,17.78,1.214,1.155,0.6008,0.4906,8.880,6.757,39392.7,63.610,2.8193,787.9,260.0
2026-09-02T11:00:00,18.220,17.738,16.45,17.58,1.202,1.151,0.5966,0.5266,8.676,6.822,39410.5,63.643,2.8206,788.2,260.1
2026-09-02T12:00:00,18.826,18.434,17.35,18.49,1.208,1.150,0.6290,0.5070,8.695,6.473,39428.9,63.684,2.8228,788.6,260.2
2026-09-02T13:00:00,19.811,19.108,18.10,18.82,1.211,1.157,0.5905,0.4964,9.047,6.683,39448.0,63.729,2.8246,789.0,260.4
2026-09-02T14:00:00,18.828,17.916,18.21,19.14,1.214,1.164,0.6565,0.5095,8.970,6.597,39465.9,63.772,2.8273,789.3,260.5
2026-09-02T15:00:00,19.390,18.808,18.31,19.46,1.212,1.159,0.5730,0.5069,9.055,6.715,39484.7,63.816,2.8285,789.7,260.6
2026-09-02T16:00:00,18.903,18.461,18.11,18.94,1.213,1.161,0.5731,0.4967,8.830,6.840,39503.2,63.853,2.8299,790.1,260.7
2026-09-02T17:00:00,20.108,19.540,17.82,18.41,1.201,1.146,0.5766,0.5080,9.598,7.012,39522.7,63.903,2.8313,790.5,260.9
2026-09-02T18:00:00,19.723,19.286,17.73,18.42,1.210,1.158,0.5632,0.5222,8.738,6.703,39542.0,63.942,2.8321,790.8,261.0
2026-09-02T19:00:00,19.221,18.659,17.12,17.71,1.218,1.164,0.6586,0.5084,9.063,6.785,39560.7,63.985,2.8349,791.2,261.1
2026-09-02T20:00:00,17.254,16.848,16.74,18.09,1.219,1.167,0.5824,0.5184,9.579,6.736,39577.5,64.033,2.8359,791.6,261.2
2026-09-02T21:00:00,16.800,16.392,16.75,17.45,1.167,1.094,0.6068,0.5140,9.192,6.695,39593.9,64.074,2.8375,791.9,261.3
2026-09-02T22:00:00,18.204,17.897,15.77,16.57,1.175,1.121,0.6001,0.5102,9.196,6.063,39611.8,64.130,2.8391,792.2,261.4
2026-09-02T23:00:00,17.688,17.251,15.65,16.83,1.193,1.140,0.5692,0.5139,9.823,6.677,39629.1,64.184,2.8400,792.6,261.6
2026-09-03T00:00:00,16.687,15.951,14.55,15.64,1.158,1.103,0.5905,0.4990,9.204,6.407,39645.0,64.229,2.8415,792.9,261.7
2026-09-03T01:00:00,16.611,16.063,14.21,15.05,1.155,1.102,0.6475,0.5021,8.884,6.923,39661.1,64.260,2.8438,793.2,261.8
2026-09-03T02:00:00,16.954,16.417,13.94,14.81,1.136,1.072,0.6185,0.5067,10.173,6.767,39677.5,64.316,2.8457,793.5,261.9
2026-09-03T03:00:00,16.341,15.920,13.68,14.49,1.165,1.115,0.6101,0.4830,8.581,6.623,39693.4,64.347,2.8477,793.9,262.0
2026-09-03T04:00:00,16.626,16.109,15.13,16.67,1.143,1.087,0.6653,0.5145,8.953,6.704,39709.5,64.384,2.8501,794.2,262.1
2026-09-03T05:00:00,16.604,15.982,14.46,15.67,1.147,1.089,0.6398,0.5110,8.501,6.828,39725.5,64.410,2.8522,794.5,262.2
2026-09-03T06:00:00,17.101,16.842,14.42,14.85,1.152,1.091,0.5906,0.5164,7.927,7.152,39742.4,64.423,2.8534,794.8,262.3
2026-09-03T07:00:00,17.658,16.897,14.86,15.75,1.179,1.128,0.6944,0.4957,9.145,6.496,39759.2,64.468,2.8568,795.2,262.4
2026-09-03T08:00:00,18.571,17.861,15.43,16.48,1.189,1.137,0.5826,0.5204,8.538,6.657,39777.1,64.502,2.8579,795.5,262.5
2026-09-03T09:00:00,18.142,17.312,15.73,16.49,1.155,1.093,0.5759,0.5114,9.114,6.455,39794.4,64.548,2.8590,795.9,262.6
2026-09-03T10:00:00,18.104,17.690,17.01,17.82,1.156,1.086,0.5648,0.4803,8.762,6.762,39812.1,64.583,2.8605,796.2,262.8
2026-09-03T11:00:00,18.582,18.160,16.79,17.49,1.203,1.152,0.5707,0.5146,8.878,6.669,39830.3,64.623,2.8615,796.6,262.9
2026-09-03T12:00:00,17.702,17.279,17.86,18.42,1.189,1.133,0.6370,0.4940,8.386,6.935,39847.5,64.648,2.8640,797.0,263.0
2026-09-03T13:00:00,18.669,18.160,18.10,18.99,1.219,1.161,0.6135,0.4983,8.109,6.723,39865.7,64.673,2.8661,797.3,263.1
2026-09-03T14:00:00,18.859,18.334,18.18,18.60,1.232,1.176,0.6641,0.4849,8.867,6.941,39884.0,64.709,2.8694,797.7,263.2
2026-09-03T15:00:00,18.676,18.228,17.03,17.69,1.262,1.209,0.6313,0.4938,9.513,6.496,39902.3,64.764,2.8719,798.0,263.4
2026-09-03T16:00:00,18.003,17.384,17.73,18.26,1.225,1.171,0.5591,0.4951,8.252,6.683,39919.7,64.791,2.8730,798.4,263.5
2026-09-03T17:00:00,18.193,17.840,17.79,18.81,1.215,1.163,0.5892,0.4937,9.484,7.059,39937.5,64.834,2.8747,798.7,263.6
2026-09-03T18:00:00,18.317,17.854,17.55,18.46,1.222,1.148,0.5980,0.4960,8.890,6.569,39955.3,64.876,2.8765,799.1,263.7
2026-09-03T19:00:00,17.793,17.138,17.29,18.55,1.205,1.134,0.6882,0.4997,10.485,6.283,39972.5,64.948,2.8797,799.4,263.8
2026-09-03T20:00:00,17.585,16.984,16.25,16.81,1.189,1.126,0.5936,0.4846,9.113,6.413,39989.5,64.994,2.8816,799.8,263.9
2026-09-03T21:00:00,17.701,17.365,16.00,16.99,1.200,1.137,0.6258,0.5140,8.262,6.332,40006.8,65.027,2.8835,800.1,264.0
2026-09-03T22:00:00,17.662,17.216,16.05,16.90,1.166,1.115,0.6529,0.5149,8.312,6.540,40024.1,65.058,2.8859,800.5,264.2
2026-09-03T23:00:00,17.185,16.661,15.80,16.73,1.132,1.074,0.6582,0.4880,9.105,6.558,40040.7,65.100,2.8887,800.8,264.3
2026-09-04T00:00:00,17.876,17.582,14.42,15.17,1.131,1.078,0.5807,0.4910,9.566,6.734,40058.3,65.150,2.8903,801.2,264.4
2026-09-04T01:00:00,17.548,17.267,14.08,14.95,1.139,1.079,0.6214,0.4892,8.396,6.613,40075.6,65.181,2.8926,801.5,264.5
2026-09-04T02:00:00,17.189,16.856,14.85,15.49,1.126,1.067,0.6279,0.4852,7.859,6.701,40092.4,65.200,2.8950,801.8,264.6
2026-09-04T03:00:00,16.496,16.182,14.33,15.16,1.144,1.089,0.5373,0.4975,8.652,6.644,40108.6,65.233,2.8956,802.2,264.7
2026-09-04T04:00:00,16.080,15.708,14.07,14.77,1.124,1.073,0.5742,0.4985,8.911,6.903,40124.3,65.264,2.8968,802.5,264.8
2026-09-04T05:00:00,17.430,16.871,13.78,14.78,1.151,1.088,0.6166,0.4936,8.463,6.437,40141.2,65.298,2.8989,802.8,264.9
2026-09-04T06:00:00,16.920,16.712,14.49,15.73,1.144,1.086,0.6109,0.4868,10.021,6.589,40157.9,65.356,2.9010,803.2,265.0
2026-09-04T07:00:00,17.057,16.673,15.13,16.20,1.178,1.124,0.6208,0.4917,9.501,6.493,40174.6,65.406,2.9031,803.5,265.2
2026-09-04T08:00:00,17.635,17.158,14.93,15.80,1.195,1.140,0.5981,0.5003,9.506,6.459,40191.7,65.458,2.9048,803.8,265.3
2026-09-04T09:00:00,18.501,17.774,16.40,17.54,1.189,1.134,0.5885,0.5160,8.875,6.307,40209.5,65.504,2.9061,804.2,265.4
2026-09-04T10:00:00,18.420,18.317,16.47,17.12,1.199,1.140,0.5263,0.4922,8.594,6.450,40227.8,65.543,2.9067,804.6,265.5
2026-09-04T11:00:00,18.433,17.982,16.84,17.59,1.234,1.165,0.6208,0.5105,8.516,6.746,40245.8,65.575,2.9087,804.9,265.6
2026-09-04T12:00:00,18.815,18.430,17.38,18.41,1.210,1.159,0.6431,0.4929,9.286,6.713,40264.2,65.622,2.9115,805.3,265.7
2026-09-04T13:00:00,18.363,17.902,17.94,19.08,1.195,1.142,0.5890,0.5041,8.650,6.777,40282.1,65.656,2.9130,805.6,265.9
2026-09-04T14:00:00,18.550,18.028,18.58,19.58,1.214,1.156,0.5644,0.4825,8.873,6.611,40300.2,65.697,2.9145,806.0,266.0
2026-09-04T15:00:00,19.367,19.033,18.24,19.10,1.210,1.139,0.5894,0.4998,9.639,6.593,40319.2,65.755,2.9162,806.4,266.1
2026-09-04T16:00:00,19.664,19.187,18.09,18.35,1.203,1.145,0.6572,0.4996,9.111,6.815,40338.4,65.799,2.9192,806.8,266.2
2026-09-04T17:00:00,19.556,18.725,17.55,18.55,1.235,1.184,0.5768,0.4814,9.842,6.900,40357.1,65.854,2.9210,807.1,266.4
2026-09-04T18:00:00,18.357,18.092,17.64,18.50,1.193,1.140,0.5937,0.5029,9.823,6.498,40375.2,65.914,2.9226,807.5,266.5
2026-09-04T19:00:00,18.490,17.940,17.45,18.31,1.214,1.162,0.5325,0.5214,9.038,6.715,40393.1,65.956,2.9228,807.9,266.6
2026-09-04T20:00:00,18.843,18.417,16.19,16.72,1.163,1.108,0.5764,0.5024,8.653,6.632,40411.5,65.993,2.9242,808.2,266.7
2026-09-04T21:00:00,18.296,17.896,15.94,16.90,1.173,1.116,0.6081,0.4869,8.682,6.795,40429.4,66.027,2.9264,808.6,266.8
2026-09-04T22:00:00,17.619,17.260,15.95,16.89,1.170,1.112,0.6397,0.5062,8.767,6.829,40446.7,66.060,2.9287,808.9,266.9
2026-09-04T23:00:00,17.092,16.705,14.44,15.54,1.165,1.111,0.5884,0.4886,8.466,6.255,40463.4,66.097,2.9303,809.3,267.1
2026-09-05T00:00:00,17.324,16.933,14.35,15.44,1.185,1.124,0.6267,0.5065,8.992,6.231,40480.3,66.144,2.9324,809.6,267.2
