timestamp,flow_in_m3h,flow_out_m3h,temp_in_c,temp_out_c,pressure_in_bar,pressure_out_bar,p_in_mgL,p_out_mgL,n_in_mgL,n_out_mgL,water_treated_m3_cum,n_removed_kg_cum,p_removed_kg_cum,electricity_kwh_cum,co2_kg_cum
2026-06-01T00:00:00,8.179,7.814,20.34,21.05,1.132,1.079,0.4035,0.3986,6.924,5.854,7.8,0.008,0.0000,0.2,0.1
2026-06-01T01:00:00,8.543,8.292,21.18,22.22,1.153,1.095,0.4553,0.3877,6.513,6.121,16.1,0.012,0.0006,0.3,0.1
2026-06-01T02:00:00,7.944,7.814,19.89,20.43,1.135,1.079,0.3900,0.3936,7.106,6.027,23.9,0.020,0.0006,0.5,0.2
2026-06-01T03:00:00,8.167,7.951,20.42,21.08,1.157,1.104,0.4278,0.4006,6.131,5.766,31.9,0.023,0.0008,0.6,0.2
2026-06-01T04:00:00,8.232,8.079,20.03,21.05,1.144,1.084,0.4485,0.3848,6.839,6.052,39.9,0.029,0.0013,0.8,0.3
2026-06-01T05:00:00,8.096,7.847,20.03,20.99,1.138,1.079,0.3901,0.3886,7.354,6.047,47.8,0.040,0.0013,1.0,0.3
2026-06-01T06:00:00,8.942,8.686,19.77,20.75,1.155,1.104,0.4345,0.4022,7.107,6.124,56.5,0.048,0.0016,1.1,0.4
2026-06-01T07:00:00,8.639,8.430,21.60,22.53,1.165,1.108,0.3987,0.4076,6.663,6.167,64.9,0.052,0.0016,1.3,0.4
2026-06-01T08:00:00,8.952,8.760,21.37,21.82,1.156,1.104,0.4299,0.3983,6.977,6.176,73.7,0.059,0.0019,1.5,0.5
2026-06-01T09:00:00,8.747,8.440,21.07,21.78,1.176,1.111,0.4408,0.3821,6.195,6.162,82.1,0.060,0.0024,1.6,0.5
2026-06-01T10:00:00,9.490,9.387,22.38,22.52,1.187,1.123,0.4421,0.3972,7.001,6.092,91.5,0.068,0.0028,1.8,0.6
2026-06-01T11:00:00,9.662,9.516,22.80,23.83,1.204,1.135,0.3783,0.3906,6.844,6.065,101.0,0.076,0.0028,2.0,0.7
2026-06-01T12:00:00,9.852,9.564,23.75,24.52,1.213,1.145,0.4524,0.3960,6.578,6.035,110.6,0.081,0.0034,2.2,0.7
2026-06-01T13:00:00,9.924,9.545,23.51,24.11,1.226,1.169,0.4114,0.4120,7.225,5.971,120.1,0.093,0.0034,2.4,0.8
2026-06-01T14:00:00,9.427,9.264,23.47,24.07,1.216,1.166,0.4401,0.3780,6.342,6.027,129.4,0.096,0.0039,2.6,0.9
2026-06-01T15:00:00,9.515,9.376,23.98,24.80,1.246,1.192,0.4418,0.4171,6.375,6.194,138.8,0.097,0.0042,2.8,0.9
2026-06-01T16:00:00,9.466,9.276,23.25,23.84,1.234,1.182,0.4019,0.4011,7.346,6.026,148.0,0.110,0.0042,3.0,1.0
2026-06-01T17:00:00,9.380,9.134,24.18,25.00,1.203,1.148,0.4384,0.3954,6.932,6.086,157.2,0.117,0.0046,3.1,1.0
2026-06-01T18:00:00,9.375,9.114,22.88,23.39,1.208,1.154,0.4444,0.3944,6.988,6.012,166.3,0.126,0.0050,3.3,1.1
2026-06-01T19:00:00,9.157,8.891,22.94,23.12,1.210,1.148,0.4389,0.3923,7.239,5.860,175.2,0.138,0.0054,3.5,1.2
2026-06-01T20:00:00,9.339,9.145,22.74,23.28,1.180,1.126,0.4399,0.3894,7.314,6.255,184.3,0.148,0.0059,3.7,1.2
2026-06-01T21:00:00,9.382,9.192,21.63,22.32,1.131,1.071,0.4431,0.3931,6.831,5.928,193.5,0.156,0.0064,3.9,1.3
2026-06-01T22:00:00,8.652,8.538,21.58,22.06,1.152,1.094,0.4751,0.4076,6.684,5.927,202.1,0.163,0.0069,4.0,1.3
2026-06-01T23:00:00,8.387,8.106,21.10,21.78,1.145,1.095,0.4648,0.4023,6.916,6.252,210.2,0.168,0.0074,4.2,1.4
2026-06-02T00:00:00,8.772,8.546,20.69,21.18,1.143,1.085,0.3916,0.3925,6.336,6.204,218.7,0.169,0.0074,4.4,1.4
2026-06-02T01:00:00,8.333,8.053,20.34,20.82,1.151,1.084,0.4390,0.3904,6.573,6.032,226.8,0.174,0.0078,4.5,1.5
2026-06-02T02:00:00,8.486,8.223,19.57,20.07,1.154,1.102,0.4375,0.3965,6.917,6.173,235.0,0.180,0.0082,4.7,1.6
2026-06-02T03:00:00,8.078,7.965,19.93,20.29,1.136,1.086,0.4250,0.4026,7.119,5.897,242.9,0.190,0.0083,4.9,1.6
2026-06-02T04:00:00,8.478,8.345,18.83,19.64,1.146,1.095,0.4178,0.3998,6.795,6.088,251.3,0.195,0.0085,5.0,1.7
2026-06-02T05:00:00,8.312,8.057,20.09,21.00,1.125,1.068,0.4284,0.3993,6.215,5.904,259.4,0.198,0.0087,5.2,1.7
2026-06-02T06:00:00,8.925,8.762,20.14,21.28,1.156,1.096,0.4114,0.4052,7.200,6.125,268.1,0.207,0.0088,5.4,1.8
2026-06-02T07:00:00,8.327,8.117,20.96,21.80,1.149,1.087,0.4064,0.4010,6.715,6.122,276.2,0.212,0.0088,5.5,1.8
2026-06-02T08:00:00,8.419,8.146,21.23,21.93,1.149,1.094,0.4502,0.3906,6.892,5.974,284.4,0.220,0.0093,5.7,1.9
2026-06-02T09:00:00,8.837,8.624,22.01,23.04,1.184,1.134,0.4297,0.3955,6.603,6.297,293.0,0.222,0.0096,5.9,1.9
2026-06-02T10:00:00,8.917,8.599,22.11,23.04,1.220,1.167,0.3991,0.4095,7.275,5.938,301.6,0.234,0.0096,6.0,2.0
2026-06-02T11:00:00,9.278,8.995,23.26,23.59,1.213,1.161,0.4246,0.4110,7.050,6.184,310.6,0.242,0.0097,6.2,2.0
2026-06-02T12:00:00,9.408,9.124,23.61,24.79,1.215,1.162,0.3893,0.4033,6.513,5.934,319.7,0.247,0.0097,6.4,2.1
2026-06-02T13:00:00,9.220,9.015,23.78,24.29,1.236,1.182,0.4503,0.4039,6.476,6.072,328.7,0.251,0.0101,6.6,2.2
2026-06-02T14:00:00,9.456,9.347,24.32,25.25,1.197,1.131,0.3733,0.3976,6.521,6.010,338.1,0.255,0.0101,6.8,2.2
2026-06-02T15:00:00,8.839,8.722,23.47,24.46,1.199,1.136,0.4425,0.4016,6.953,6.049,346.8,0.263,0.0105,6.9,2.3
2026-06-02T16:00:00,9.562,9.299,24.11,24.70,1.234,1.183,0.4440,0.3901,7.253,6.150,356.1,0.273,0.0110,7.1,2.4
2026-06-02T17:00:00,9.182,8.906,23.03,23.68,1.215,1.163,0.3955,0.3984,6.577,6.202,365.0,0.277,0.0110,7.3,2.4
2026-06-02T18:00:00,9.497,9.269,23.36,24.13,1.209,1.155,0.4400,0.4089,6.903,6.110,374.3,0.284,0.0113,7.5,2.5
2026-06-02T19:00:00,9.171,9.004,22.44,23.57,1.238,1.186,0.4068,0.3937,6.744,6.019,383.3,0.291,0.0114,7.7,2.5
2026-06-02T20:00:00,8.854,8.572,21.94,22.29,1.188,1.132,0.4202,0.4048,6.197,6.299,391.9,0.291,0.0115,7.8,2.6
2026-06-02T21:00:00,9.197,8.976,21.66,22.17,1.154,1.091,0.4546,0.4017,6.611,6.188,400.8,0.294,0.0120,8.0,2.6
2026-06-02T22:00:00,8.421,8.254,20.91,21.91,1.168,1.118,0.3833,0.3966,7.381,5.835,409.1,0.307,0.0120,8.2,2.7
2026-06-02T23:00:00,8.250,8.073,20.23,20.95,1.155,1.102,0.3787,0.4038,6.830,5.834,417.2,0.315,0.0120,8.3,2.8
2026-06-03T00:00:00,8.406,8.332,19.35,20.25,1.166,1.111,0.3589,0.3944,6.365,6.149,425.5,0.317,0.0120,8.5,2.8
2026-06-03T01:00:00,8.494,8.228,20.08,20.99,1.154,1.099,0.4372,0.3907,6.693,6.267,433.7,0.321,0.0124,8.7,2.9
2026-06-03T02:00:00,7.919,7.723,20.21,20.96,1.134,1.076,0.4580,0.3994,6.683,6.139,441.4,0.325,0.0129,8.8,2.9
2026-06-03T03:00:00,8.254,8.038,19.97,20.52,1.129,1.069,0.4274,0.3889,6.496,6.164,449.5,0.327,0.0132,9.0,3.0
2026-06-03T04:00:00,8.280,8.132,19.60,20.16,1.138,1.084,0.4028,0.3832,7.074,6.017,457.6,0.336,0.0133,9.2,3.0
2026-06-03T05:00:00,8.710,8.457,20.34,21.55,1.151,1.097,0.4242,0.3865,6.487,6.129,466.1,0.339,0.0136,9.3,3.1
2026-06-03T06:00:00,8.967,8.847,20.01,20.70,1.142,1.086,0.4712,0.3913,6.775,6.078,474.9,0.345,0.0144,9.5,3.1
2026-06-03T07:00:00,8.674,8.422,20.57,21.20,1.169,1.113,0.4732,0.4069,7.304,6.050,483.3,0.356,0.0149,9.7,3.2
2026-06-03T08:00:00,8.787,8.555,21.43,21.86,1.154,1.103,0.4081,0.3943,6.998,5.915,491.9,0.365,0.0150,9.8,3.2
2026-06-03T09:00:00,9.310,9.113,21.70,22.66,1.175,1.122,0.3712,0.3960,6.891,6.012,501.0,0.373,0.0150,10.0,3.3
2026-06-03T10:00:00,9.090,8.937,22.59,23.32,1.195,1.137,0.4084,0.3912,6.801,6.094,509.9,0.379,0.0152,10.2,3.4
2026-06-03T11:00:00,9.037,8.912,23.47,24.37,1.193,1.139,0.4134,0.3839,7.507,5.915,518.8,0.394,0.0154,10.4,3.4
2026-06-03T12:00:00,9.804,9.589,22.74,23.54,1.213,1.157,0.3890,0.3952,7.458,6.178,528.4,0.406,0.0154,10.6,3.5
2026-06-03T13:00:00,9.363,9.179,23.07,23.86,1.206,1.150,0.4208,0.3896,6.467,6.043,537.6,0.410,0.0157,10.8,3.5
2026-06-03T14:00:00,9.739,9.557,24.02,24.46,1.216,1.166,0.4209,0.4017,6.078,5.977,547.2,0.411,0.0159,10.9,3.6
2026-06-03T15:00:00,9.543,9.419,23.17,24.09,1.191,1.134,0.4390,0.4024,6.844,6.143,556.6,0.417,0.0163,11.1,3.7
2026-06-03T16:00:00,9.405,9.180,23.09,23.90,1.205,1.148,0.4145,0.4012,7.372,6.113,565.8,0.429,0.0164,11.3,3.7
2026-06-03T17:00:00,8.995,8.720,24.12,24.63,1.228,1.175,0.4150,0.3957,6.810,5.964,574.5,0.436,0.0166,11.5,3.8
2026-06-03T18:00:00,9.450,9.187,22.84,23.45,1.225,1.174,0.4394,0.4040,7.273,5.852,583.7,0.449,0.0169,11.7,3.9
2026-06-03T19:00:00,9.661,9.364,22.90,23.97,1.213,1.157,0.4542,0.4065,7.595,5.843,593.0,0.466,0.0173,11.9,3.9
2026-06-03T20:00:00,9.328,9.064,21.99,22.79,1.201,1.150,0.4061,0.3896,6.657,5.883,602.1,0.473,0.0175,12.0,4.0
2026-06-03T21:00:00,9.586,9.276,20.96,21.41,1.185,1.131,0.3973,0.3998,7.360,6.144,611.4,0.484,0.0175,12.2,4.0
2026-06-03T22:00:00,9.169,9.053,21.08,22.21,1.183,1.129,0.4205,0.3992,6.383,6.045,620.4,0.487,0.0177,12.4,4.1
2026-06-03T23:00:00,8.937,8.722,19.58,20.34,1.154,1.094,0.3986,0.3908,6.716,6.121,629.2,0.492,0.0177,12.6,4.2
2026-06-04T00:00:00,8.272,8.027,20.09,20.70,1.150,1.095,0.4276,0.4057,6.794,6.177,637.2,0.497,0.0179,12.7,4.2
2026-06-04T01:00:00,8.550,8.436,19.97,20.89,1.163,1.088,0.4030,0.3939,6.516,5.954,645.6,0.502,0.0180,12.9,4.3
2026-06-04T02:00:00,8.178,8.113,20.54,21.40,1.127,1.074,0.4298,0.4065,7.186,6.086,653.7,0.511,0.0182,13.1,4.3
2026-06-04T03:00:00,8.650,8.480,20.18,20.76,1.158,1.103,0.3830,0.4013,6.664,5.819,662.2,0.518,0.0182,13.2,4.4
2026-06-04T04:00:00,8.752,8.510,19.61,20.45,1.160,1.102,0.4505,0.4007,6.847,5.942,670.7,0.526,0.0186,13.4,4.4
2026-06-04T05:00:00,8.492,8.274,20.27,21.20,1.147,1.094,0.3999,0.4139,6.612,6.002,679.0,0.531,0.0186,13.6,4.5
2026-06-04T06:00:00,8.557,8.353,21.59,22.76,1.163,1.107,0.3807,0.3951,6.462,6.124,687.4,0.534,0.0186,13.7,4.5
2026-06-04T07:00:00,8.801,8.524,21.15,21.76,1.160,1.108,0.4235,0.3804,6.545,6.034,695.9,0.538,0.0190,13.9,4.6
2026-06-04T08:00:00,8.429,8.251,20.86,21.98,1.180,1.123,0.4374,0.4166,6.162,5.978,704.1,0.539,0.0191,14.1,4.6
2026-06-04T09:00:00,9.083,8.868,21.50,22.47,1.169,1.105,0.4489,0.4010,6.361,6.120,713.0,0.542,0.0196,14.3,4.7
2026-06-04T10:00:00,9.055,8.795,21.79,22.75,1.179,1.123,0.4261,0.3808,6.962,5.863,721.8,0.551,0.0200,14.4,4.8
2026-06-04T11:00:00,9.365,9.132,22.68,23.49,1.204,1.146,0.4148,0.3988,6.644,5.975,730.9,0.557,0.0201,14.6,4.8
2026-06-04T12:00:00,9.960,9.770,23.35,24.22,1.224,1.160,0.4242,0.4140,7.259,5.871,740.7,0.571,0.0202,14.8,4.9
2026-06-04T13:00:00,9.622,9.396,23.45,24.30,1.225,1.169,0.3952,0.3891,6.459,6.136,750.1,0.574,0.0203,15.0,5.0
2026-06-04T14:00:00,9.809,9.503,24.11,24.39,1.215,1.161,0.4331,0.3893,7.105,5.971,759.6,0.585,0.0207,15.2,5.0
2026-06-04T15:00:00,9.780,9.538,23.54,24.35,1.195,1.137,0.4083,0.3899,6.996,5.858,769.1,0.596,0.0209,15.4,5.1
2026-06-04T16:00:00,9.342,9.141,23.81,24.68,1.224,1.172,0.4666,0.4143,6.606,5.960,778.3,0.602,0.0213,15.6,5.1
2026-06-04T17:00:00,8.434,8.255,23.16,24.39,1.196,1.143,0.4365,0.3896,6.794,6.017,786.5,0.608,0.0217,15.7,5.2
2026-06-04T18:00:00,9.987,9.569,22.94,23.70,1.190,1.130,0.3797,0.3926,7.133,6.087,796.1,0.618,0.0217,15.9,5.3
2026-06-04T19:00:00,8.922,8.702,22.31,23.23,1.204,1.154,0.3916,0.3960,6.345,5.981,804.8,0.621,0.0217,16.1,5.3
2026-06-04T20:00:00,8.955,8.837,21.72,22.71,1.185,1.134,0.4370,0.3839,7.266,5.892,813.6,0.633,0.0222,16.3,5.4
2026-06-04T21:00:00,9.250,9.075,22.34,23.20,1.184,1.125,0.4331,0.4007,6.802,5.813,822.7,0.642,0.0225,16.5,5.4
2026-06-04T22:00:00,8.140,7.977,21.46,22.16,1.159,1.109,0.4331,0.3932,6.266,6.111,830.7,0.643,0.0228,16.6,5.5
2026-06-04T23:00:00,8.890,8.639,20.07,21.05,1.158,1.097,0.4493,0.3855,6.580,6.119,839.3,0.647,0.0234,16.8,5.5
2026-06-05T00:00:00,7.852,7.606,20.20,20.92,1.137,1.085,0.4027,0.3988,6.738,6.419,846.9,0.650,0.0234,16.9,5.6
2026-06-05T01:00:00,8.929,8.956,19.14,20.29,1.131,1.078,0.4287,0.4090,7.055,6.304,855.9,0.657,0.0236,17.1,5.6
2026-06-05T02:00:00,8.327,8.152,19.56,20.76,1.152,1.095,0.4629,0.3883,7.049,6.039,864.0,0.665,0.0242,17.3,5.7
2026-06-05T03:00:00,8.675,8.443,19.27,19.89,1.165,1.102,0.4774,0.3953,6.489,6.142,872.5,0.668,0.0249,17.4,5.8
2026-06-05T04:00:00,8.507,8.392,20.21,21.20,1.141,1.082,0.4385,0.3983,6.591,5.980,880.9,0.673,0.0252,17.6,5.8
2026-06-05T05:00:00,8.614,8.394,20.76,21.49,1.156,1.105,0.3952,0.3992,6.511,6.107,889.3,0.676,0.0252,17.8,5.9
2026-06-05T06:00:00,8.604,8.506,20.02,20.83,1.169,1.108,0.4005,0.3864,6.819,6.198,897.8,0.682,0.0253,18.0,5.9
2026-06-05T07:00:00,8.746,8.515,20.84,21.63,1.145,1.091,0.4100,0.4036,6.644,5.955,906.3,0.687,0.0254,18.1,6.0
2026-06-05T08:00:00,8.891,8.518,21.94,22.69,1.152,1.098,0.4464,0.3949,6.403,5.933,914.8,0.691,0.0258,18.3,6.0
2026-06-05T09:00:00,8.958,8.848,21.84,23.04,1.179,1.117,0.4564,0.4033,6.407,5.929,923.7,0.696,0.0263,18.5,6.1
2026-06-05T10:00:00,9.214,8.992,22.62,23.26,1.211,1.150,0.3953,0.4008,6.636,6.005,932.6,0.701,0.0263,18.7,6.2
2026-06-05T11:00:00,9.335,9.141,22.87,24.06,1.172,1.118,0.3945,0.3993,6.232,6.147,941.8,0.702,0.0263,18.8,6.2
2026-06-05T12:00:00,9.390,9.168,22.73,23.78,1.241,1.190,0.4111,0.3922,7.470,6.145,951.0,0.714,0.0265,19.0,6.3
2026-06-05T13:00:00,9.497,9.351,23.19,24.01,1.214,1.161,0.4415,0.4128,6.494,5.891,960.3,0.720,0.0267,19.2,6.3
2026-06-05T14:00:00,9.250,9.114,23.49,24.30,1.207,1.154,0.3656,0.3867,7.044,6.132,969.4,0.728,0.0267,19.4,6.4
2026-06-05T15:00:00,9.984,9.872,24.00,24.58,1.216,1.165,0.4348,0.3922,6.954,5.900,979.3,0.739,0.0271,19.6,6.5
2026-06-05T16:00:00,9.623,9.364,24.32,25.09,1.200,1.145,0.4101,0.3970,6.717,6.115,988.7,0.744,0.0273,19.8,6.5
2026-06-05T17:00:00,9.568,9.419,22.99,24.12,1.206,1.154,0.4397,0.3820,6.815,6.062,998.1,0.751,0.0278,20.0,6.6
2026-06-05T18:00:00,9.882,9.494,22.99,23.70,1.210,1.156,0.4248,0.3942,6.538,6.157,1007.6,0.755,0.0281,20.2,6.6
2026-06-05T19:00:00,9.361,9.180,23.22,24.08,1.194,1.139,0.3799,0.3888,7.079,6.058,1016.7,0.764,0.0281,20.3,6.7
2026-06-05T20:00:00,8.655,8.508,22.61,23.60,1.187,1.134,0.3913,0.3915,7.210,5.922,1025.3,0.775,0.0281,20.5,6.8
2026-06-05T21:00:00,9.203,9.086,21.90,22.60,1.152,1.099,0.4690,0.3966,6.905,6.183,1034.3,0.782,0.0288,20.7,6.8
2026-06-05T22:00:00,8.932,8.732,21.05,21.49,1.196,1.142,0.4164,0.4067,6.378,5.919,1043.1,0.786,0.0288,20.9,6.9
2026-06-05T23:00:00,8.344,8.101,20.56,21.53,1.122,1.062,0.4571,0.3925,6.773,6.247,1051.2,0.790,0.0294,21.0,6.9
2026-06-06T00:00:00,8.436,8.327,19.71,20.85,1.137,1.083,0.4941,0.4029,6.904,6.071,1059.5,0.797,0.0301,21.2,7.0
2026-06-06T01:00:00,8.666,8.519,19.79,20.93,1.137,1.082,0.4182,0.4024,6.929,6.085,1068.0,0.804,0.0303,21.4,7.0
2026-06-06T02:00:00,8.139,7.925,19.93,20.42,1.153,1.098,0.4031,0.3903,6.252,5.866,1075.9,0.807,0.0304,21.5,7.1
2026-06-06T03:00:00,8.222,7.945,18.54,19.40,1.137,1.086,0.4478,0.4055,6.579,5.871,1083.9,0.813,0.0307,21.7,7.2
2026-06-06T04:00:00,8.439,8.108,19.58,20.18,1.148,1.096,0.3908,0.4000,6.680,6.135,1092.0,0.817,0.0307,21.8,7.2
2026-06-06T05:00:00,8.304,8.127,19.49,19.83,1.127,1.065,0.4099,0.4095,7.026,6.116,1100.1,0.825,0.0307,22.0,7.3
2026-06-06T06:00:00,8.383,8.136,20.37,20.98,1.147,1.092,0.4142,0.4155,6.518,5.878,1108.3,0.830,0.0307,22.2,7.3
2026-06-06T07:00:00,8.816,8.577,20.66,21.63,1.182,1.132,0.4330,0.4104,6.869,5.983,1116.8,0.838,0.0309,22.3,7.4
2026-06-06T08:00:00,8.940,8.681,20.70,21.13,1.177,1.126,0.4295,0.3981,6.966,6.202,1125.5,0.844,0.0312,22.5,7.4
2026-06-06T09:00:00,8.925,8.767,21.10,22.00,1.172,1.111,0.3996,0.3924,7.048,6.100,1134.3,0.853,0.0312,22.7,7.5
2026-06-06T10:00:00,8.780,8.548,21.81,22.12,1.162,1.112,0.4127,0.4039,6.747,5.793,1142.8,0.861,0.0313,22.9,7.5
2026-06-06T11:00:00,9.422,9.209,22.60,23.47,1.183,1.130,0.4403,0.3909,7.099,5.921,1152.0,0.872,0.0318,23.0,7.6
2026-06-06T12:00:00,9.652,9.421,23.26,23.82,1.211,1.154,0.4060,0.3850,7.279,5.935,1161.5,0.884,0.0320,23.2,7.7
2026-06-06T13:00:00,9.667,9.487,23.34,23.97,1.212,1.147,0.4152,0.4007,6.652,5.898,1171.0,0.891,0.0321,23.4,7.7
2026-06-06T14:00:00,9.790,9.576,23.84,24.84,1.233,1.179,0.4299,0.4000,6.375,5.783,1180.5,0.897,0.0324,23.6,7.8
2026-06-06T15:00:00,9.641,9.416,23.49,24.79,1.212,1.162,0.4152,0.3933,5.834,6.060,1189.9,0.897,0.0326,23.8,7.9
2026-06-06T16:00:00,9.670,9.354,23.01,23.84,1.239,1.183,0.4182,0.3993,6.947,5.854,1199.3,0.907,0.0328,24.0,7.9
2026-06-06T17:00:00,9.804,9.562,23.22,23.80,1.227,1.176,0.4129,0.4031,7.141,5.970,1208.9,0.918,0.0329,24.2,8.0
2026-06-06T18:00:00,9.726,9.471,22.58,23.55,1.189,1.131,0.4092,0.3989,6.859,5.888,1218.3,0.928,0.0330,24.4,8.0
2026-06-06T19:00:00,8.983,8.760,22.85,23.58,1.212,1.157,0.4426,0.3929,7.343,5.912,1227.1,0.940,0.0334,24.5,8.1
2026-06-06T20:00:00,9.301,9.058,22.43,22.88,1.185,1.130,0.4885,0.3722,6.907,5.901,1236.1,0.949,0.0344,24.7,8.2
2026-06-06T21:00:00,9.125,8.972,21.71,22.61,1.155,1.099,0.4270,0.3959,6.621,5.909,1245.1,0.956,0.0347,24.9,8.2
2026-06-06T22:00:00,8.380,8.085,21.38,22.46,1.167,1.117,0.4043,0.3854,7.043,5.779,1253.2,0.966,0.0349,25.1,8.3
2026-06-06T23:00:00,8.684,8.455,19.60,20.49,1.148,1.097,0.4251,0.4115,6.407,5.950,1261.7,0.970,0.0350,25.2,8.3
2026-06-07T00:00:00,8.795,8.585,20.10,20.77,1.165,1.114,0.4046,0.3917,6.194,5.994,1270.2,0.971,0.0351,25.4,8.4
2026-06-07T01:00:00,8.974,8.676,20.17,20.90,1.145,1.084,0.4231,0.3937,6.392,5.754,1278.9,0.977,0.0354,25.6,8.4
2026-06-07T02:00:00,8.595,8.392,20.10,21.19,1.149,1.088,0.4417,0.3971,6.740,5.692,1287.3,0.986,0.0357,25.7,8.5
2026-06-07T03:00:00,8.907,8.616,18.79,19.79,1.144,1.089,0.4002,0.3964,7.034,6.095,1295.9,0.994,0.0358,25.9,8.6
2026-06-07T04:00:00,8.864,8.708,19.38,19.88,1.148,1.097,0.4272,0.3937,6.789,6.084,1304.6,1.000,0.0361,26.1,8.6
2026-06-07T05:00:00,8.472,8.330,20.47,21.00,1.123,1.059,0.4202,0.3912,6.200,5.884,1313.0,1.003,0.0363,26.3,8.7
2026-06-07T06:00:00,9.181,8.952,20.66,21.18,1.148,1.087,0.4439,0.3985,7.064,6.032,1321.9,1.012,0.0367,26.4,8.7
2026-06-07T07:00:00,8.807,8.679,20.05,20.72,1.169,1.119,0.4415,0.4129,6.812,5.816,1330.6,1.021,0.0370,26.6,8.8
2026-06-07T08:00:00,9.242,9.051,21.20,22.32,1.153,1.093,0.4077,0.4051,6.585,5.968,1339.7,1.026,0.0370,26.8,8.8
2026-06-07T09:00:00,8.849,8.568,21.07,21.94,1.162,1.107,0.4245,0.3784,7.116,6.008,1348.2,1.036,0.0374,27.0,8.9
2026-06-07T10:00:00,9.481,9.322,21.73,22.89,1.208,1.147,0.4400,0.3757,6.469,6.049,1357.5,1.040,0.0380,27.2,9.0
2026-06-07T11:00:00,9.096,8.943,22.13,23.15,1.204,1.150,0.4344,0.4000,6.580,5.817,1366.5,1.046,0.0383,27.3,9.0
2026-06-07T12:00:00,9.488,9.152,23.33,23.88,1.214,1.161,0.4009,0.3960,6.621,6.064,1375.6,1.051,0.0383,27.5,9.1
2026-06-07T13:00:00,9.282,9.052,22.57,23.19,1.207,1.155,0.4334,0.3995,6.882,5.819,1384.7,1.061,0.0386,27.7,9.1
2026-06-07T14:00:00,9.379,9.186,23.48,24.51,1.238,1.186,0.4310,0.3755,7.024,5.987,1393.9,1.071,0.0391,27.9,9.2
2026-06-07T15:00:00,9.410,9.236,23.15,24.10,1.192,1.141,0.4112,0.3922,7.017,6.094,1403.1,1.079,0.0393,28.1,9.3
2026-06-07T16:00:00,9.528,9.311,23.53,23.89,1.213,1.160,0.4197,0.4057,7.273,5.954,1412.4,1.091,0.0394,28.2,9.3
2026-06-07T17:00:00,9.003,8.695,22.78,23.49,1.232,1.175,0.4135,0.3891,6.849,6.000,1421.1,1.099,0.0397,28.4,9.4
2026-06-07T18:00:00,8.954,8.755,23.01,24.04,1.188,1.125,0.4395,0.4067,6.536,5.887,1429.9,1.104,0.0399,28.6,9.4
2026-06-07T19:00:00,9.302,9.087,22.17,22.49,1.212,1.162,0.3993,0.4039,6.182,5.961,1439.0,1.106,0.0399,28.8,9.5
2026-06-07T20:00:00,9.081,8.941,22.28,23.38,1.194,1.138,0.4580,0.3865,7.176,6.014,1447.9,1.117,0.0406,29.0,9.6
2026-06-07T21:00:00,8.671,8.578,21.30,22.36,1.168,1.117,0.3900,0.4053,6.104,5.889,1456.5,1.119,0.0406,29.1,9.6
2026-06-07T22:00:00,9.228,9.008,20.19,21.15,1.174,1.121,0.4265,0.4130,6.685,6.023,1465.5,1.125,0.0407,29.3,9.7
2026-06-07T23:00:00,8.874,8.604,21.03,21.60,1.158,1.103,0.4420,0.3963,7.153,5.974,1474.1,1.135,0.0411,29.5,9.7
2026-06-08T00:00:00,8.726,8.575,20.50,21.27,1.154,1.102,0.4066,0.3909,6.757,5.891,1482.7,1.142,0.0412,29.7,9.8
2026-06-08T01:00:00,8.627,8.408,20.07,21.00,1.161,1.103,0.4119,0.3789,7.160,6.090,1491.1,1.151,0.0415,29.8,9.8
2026-06-08T02:00:00,8.112,7.874,19.44,20.83,1.106,1.056,0.4424,0.3924,6.503,5.940,1498.9,1.156,0.0419,30.0,9.9
2026-06-08T03:00:00,8.266,8.122,19.41,20.32,1.133,1.077,0.4395,0.3890,6.514,5.903,1507.1,1.161,0.0423,30.1,9.9
2026-06-08T04:00:00,8.665,8.371,19.73,20.77,1.143,1.083,0.4648,0.4046,5.808,6.008,1515.4,1.161,0.0428,30.3,10.0
2026-06-08T05:00:00,8.491,8.161,19.55,20.11,1.141,1.090,0.4233,0.3928,6.887,6.049,1523.6,1.167,0.0431,30.5,10.1
2026-06-08T06:00:00,8.165,7.864,19.93,20.87,1.176,1.121,0.3961,0.4056,6.504,5.983,1531.5,1.172,0.0431,30.6,10.1
2026-06-08T07:00:00,8.913,8.797,20.87,21.98,1.163,1.113,0.4241,0.3809,7.602,6.077,1540.3,1.185,0.0434,30.8,10.2
2026-06-08T08:00:00,8.762,8.535,20.43,21.10,1.180,1.126,0.4273,0.3991,6.777,6.045,1548.8,1.191,0.0437,31.0,10.2
2026-06-08T09:00:00,8.742,8.549,21.56,22.33,1.179,1.127,0.4481,0.3892,6.523,6.007,1557.3,1.196,0.0442,31.1,10.3
2026-06-08T10:00:00,9.423,9.199,22.10,22.86,1.173,1.117,0.4134,0.4078,6.791,6.053,1566.5,1.202,0.0442,31.3,10.3
2026-06-08T11:00:00,9.555,9.321,22.33,23.39,1.223,1.168,0.4016,0.3955,7.210,6.062,1575.9,1.213,0.0443,31.5,10.4
2026-06-08T12:00:00,9.334,9.100,23.52,24.12,1.216,1.163,0.4667,0.3952,6.622,5.771,1585.0,1.221,0.0449,31.7,10.5
2026-06-08T13:00:00,9.457,9.269,22.45,23.09,1.211,1.154,0.4105,0.3943,7.316,6.128,1594.2,1.232,0.0451,31.9,10.5
2026-06-08T14:00:00,10.043,9.814,23.17,24.34,1.227,1.173,0.4251,0.3986,6.971,6.007,1604.0,1.241,0.0454,32.1,10.6
2026-06-08T15:00:00,9.506,9.292,23.57,24.47,1.228,1.172,0.4382,0.3902,6.511,5.985,1613.3,1.246,0.0458,32.3,10.6
2026-06-08T16:00:00,9.818,9.537,23.41,24.03,1.218,1.159,0.4162,0.3932,6.973,5.796,1622.9,1.257,0.0460,32.5,10.7
2026-06-08T17:00:00,9.367,9.203,22.18,23.17,1.226,1.167,0.4246,0.3932,6.657,5.638,1632.1,1.267,0.0463,32.6,10.8
2026-06-08T18:00:00,9.325,9.138,23.46,24.63,1.241,1.184,0.4489,0.3882,6.813,6.038,1641.2,1.274,0.0469,32.8,10.8
2026-06-08T19:00:00,9.099,8.803,22.65,23.40,1.181,1.122,0.3729,0.3962,6.541,5.806,1650.0,1.280,0.0469,33.0,10.9
2026-06-08T20:00:00,9.285,9.088,22.07,23.11,1.205,1.153,0.3774,0.4198,7.259,5.912,1659.1,1.293,0.0469,33.2,11.0
2026-06-08T21:00:00,9.061,8.863,21.63,22.37,1.188,1.133,0.4017,0.3890,6.734,6.011,1668.0,1.299,0.0470,33.4,11.0
2026-06-08T22:00:00,8.833,8.587,21.05,22.10,1.143,1.082,0.4417,0.3930,6.397,5.795,1676.6,1.304,0.0474,33.5,11.1
2026-06-08T23:00:00,8.301,8.011,20.41,20.97,1.145,1.088,0.4084,0.3971,6.485,5.764,1684.6,1.310,0.0475,33.7,11.1
2026-06-09T00:00:00,8.092,7.953,20.29,21.41,1.148,1.091,0.4089,0.3979,6.194,5.854,1692.5,1.313,0.0476,33.9,11.2
2026-06-09T01:00:00,8.755,8.524,19.38,20.40,1.164,1.096,0.4296,0.4066,6.650,5.891,1701.0,1.319,0.0478,34.0,11.2
2026-06-09T02:00:00,8.204,7.870,20.01,20.87,1.117,1.058,0.3892,0.3851,6.922,6.046,1708.9,1.326,0.0478,34.2,11.3
2026-06-09T03:00:00,8.368,8.105,19.34,20.02,1.138,1.084,0.4395,0.3931,6.292,5.849,1717.0,1.330,0.0482,34.3,11.3
2026-06-09T04:00:00,8.061,7.878,19.53,20.27,1.157,1.100,0.4290,0.3929,6.642,6.115,1724.9,1.334,0.0485,34.5,11.4
2026-06-09T05:00:00,8.478,8.214,19.27,19.94,1.120,1.068,0.4409,0.3940,6.961,5.958,1733.1,1.342,0.0488,34.7,11.4
2026-06-09T06:00:00,8.365,8.159,19.93,20.46,1.165,1.101,0.3851,0.3924,7.171,5.932,1741.3,1.352,0.0488,34.8,11.5
2026-06-09T07:00:00,8.966,8.756,20.44,21.08,1.184,1.127,0.3729,0.3835,7.065,6.092,1750.0,1.361,0.0488,35.0,11.6
2026-06-09T08:00:00,9.244,9.115,20.16,20.74,1.146,1.095,0.3847,0.3977,6.909,5.987,1759.1,1.369,0.0488,35.2,11.6
2026-06-09T09:00:00,8.894,8.761,21.12,22.09,1.189,1.139,0.4013,0.3838,6.600,5.854,1767.9,1.376,0.0490,35.4,11.7
2026-06-09T10:00:00,9.515,9.137,22.36,22.90,1.190,1.140,0.4124,0.3964,6.373,5.801,1777.0,1.381,0.0491,35.5,11.7
2026-06-09T11:00:00,9.223,9.045,22.35,23.40,1.208,1.151,0.4401,0.3872,7.148,5.960,1786.1,1.392,0.0496,35.7,11.8
2026-06-09T12:00:00,9.919,9.779,22.70,23.72,1.210,1.159,0.4114,0.4002,6.855,5.834,1795.9,1.402,0.0497,35.9,11.9
2026-06-09T13:00:00,9.649,9.457,22.90,23.65,1.204,1.144,0.4108,0.4011,7.219,5.847,1805.3,1.415,0.0498,36.1,11.9
2026-06-09T14:00:00,9.097,8.837,23.25,24.02,1.254,1.203,0.3652,0.3904,6.806,5.614,1814.2,1.425,0.0498,36.3,12.0
2026-06-09T15:00:00,9.880,9.634,23.36,24.10,1.186,1.128,0.4076,0.4013,6.645,6.154,1823.8,1.430,0.0499,36.5,12.0
2026-06-09T16:00:00,9.398,9.102,23.67,24.46,1.235,1.168,0.4143,0.3999,7.575,5.988,1832.9,1.444,0.0500,36.7,12.1
2026-06-09T17:00:00,9.508,9.331,23.20,23.86,1.202,1.130,0.4533,0.3955,6.898,5.755,1842.2,1.455,0.0506,36.8,12.2
2026-06-09T18:00:00,9.143,8.988,22.30,22.96,1.202,1.152,0.4524,0.4077,6.868,5.836,1851.2,1.464,0.0510,37.0,12.2
2026-06-09T19:00:00,9.213,8.916,21.91,22.84,1.190,1.134,0.4508,0.3910,6.960,6.011,1860.1,1.473,0.0515,37.2,12.3
2026-06-09T20:00:00,8.794,8.520,21.87,22.83,1.162,1.109,0.3850,0.4020,6.782,5.909,1868.6,1.480,0.0515,37.4,12.3
2026-06-09T21:00:00,8.709,8.493,21.26,22.54,1.187,1.134,0.4382,0.4002,6.864,5.898,1877.1,1.488,0.0518,37.5,12.4
2026-06-09T22:00:00,8.636,8.368,20.68,21.14,1.181,1.119,0.4042,0.4003,7.073,5.945,1885.5,1.498,0.0518,37.7,12.4
2026-06-09T23:00:00,8.098,7.893,20.12,20.55,1.177,1.106,0.4114,0.3929,6.940,5.603,1893.4,1.508,0.0520,37.9,12.5
2026-06-10T00:00:00,8.595,8.395,19.57,19.97,1.129,1.079,0.4180,0.4018,6.857,5.836,1901.8,1.517,0.0521,38.0,12.6
2026-06-10T01:00:00,8.644,8.509,19.64,20.64,1.144,1.090,0.3819,0.3923,6.194,5.975,1910.3,1.519,0.0521,38.2,12.6
2026-06-10T02:00:00,8.187,8.074,19.53,20.23,1.149,1.087,0.4308,0.3881,7.081,6.133,1918.4,1.526,0.0525,38.4,12.7
2026-06-10T03:00:00,8.332,8.137,19.24,19.82,1.141,1.083,0.4199,0.3996,6.785,5.958,1926.5,1.533,0.0526,38.5,12.7
2026-06-10T04:00:00,8.886,8.671,19.24,20.36,1.131,1.078,0.4473,0.4024,7.095,5.894,1935.2,1.544,0.0530,38.7,12.8
2026-06-10T05:00:00,8.269,8.168,19.43,20.41,1.173,1.121,0.4286,0.3993,6.770,5.769,1943.4,1.552,0.0533,38.9,12.8
2026-06-10T06:00:00,8.525,8.420,20.46,21.42,1.165,1.112,0.4084,0.4149,6.915,6.146,1951.8,1.558,0.0533,39.0,12.9
2026-06-10T07:00:00,8.257,7.988,20.42,21.00,1.161,1.110,0.4119,0.3893,7.178,6.178,1959.8,1.566,0.0534,39.2,12.9
2026-06-10T08:00:00,8.672,8.406,20.78,21.01,1.175,1.120,0.4663,0.4004,6.807,5.622,1968.2,1.576,0.0540,39.4,13.0
2026-06-10T09:00:00,9.102,8.905,21.02,22.25,1.194,1.139,0.3991,0.3843,6.919,6.031,1977.1,1.584,0.0541,39.5,13.0
2026-06-10T10:00:00,8.849,8.752,20.85,21.49,1.211,1.157,0.4171,0.3926,6.845,5.954,1985.8,1.592,0.0544,39.7,13.1
2026-06-10T11:00:00,9.362,9.118,22.41,22.94,1.206,1.148,0.4088,0.3818,6.918,5.829,1994.9,1.602,0.0546,39.9,13.2
2026-06-10T12:00:00,9.509,9.261,22.65,23.05,1.200,1.143,0.3566,0.3922,7.049,5.685,2004.2,1.614,0.0546,40.1,13.2
2026-06-10T13:00:00,9.695,9.327,23.43,24.02,1.230,1.176,0.4149,0.4193,6.716,5.919,2013.5,1.622,0.0546,40.3,13.3
2026-06-10T14:00:00,9.605,9.433,23.35,24.27,1.212,1.160,0.4204,0.3936,6.656,5.926,2023.0,1.629,0.0548,40.5,13.4
2026-06-10T15:00:00,9.537,9.266,23.68,24.06,1.219,1.160,0.3979,0.4041,6.957,5.650,2032.2,1.641,0.0548,40.6,13.4
2026-06-10T16:00:00,10.001,9.693,23.05,23.81,1.227,1.171,0.3923,0.4000,6.774,6.046,2041.9,1.648,0.0548,40.8,13.5
2026-06-10T17:00:00,9.493,9.253,22.68,23.44,1.210,1.146,0.4251,0.3898,6.935,5.949,2051.2,1.657,0.0552,41.0,13.5
2026-06-10T18:00:00,10.085,9.794,22.18,22.72,1.199,1.139,0.4298,0.3931,6.290,5.894,2061.0,1.661,0.0555,41.2,13.6
2026-06-10T19:00:00,9.748,9.556,22.20,23.03,1.224,1.164,0.4106,0.3996,6.819,5.674,2070.5,1.672,0.0556,41.4,13.7
2026-06-10T20:00:00,9.277,8.946,22.12,23.03,1.193,1.137,0.4390,0.3887,6.956,6.227,2079.5,1.678,0.0561,41.6,13.7
2026-06-10T21:00:00,9.216,8.973,20.91,21.82,1.173,1.114,0.4463,0.4063,6.433,5.760,2088.4,1.684,0.0565,41.8,13.8
2026-06-10T22:00:00,8.967,8.783,20.96,21.69,1.156,1.103,0.4331,0.4053,6.434,5.811,2097.2,1.690,0.0567,41.9,13.8
2026-06-10T23:00:00,8.330,8.059,20.72,21.58,1.152,1.099,0.4322,0.4018,7.670,5.616,2105.3,1.706,0.0569,42.1,13.9
2026-06-11T00:00:00,8.991,8.737,20.18,20.84,1.156,1.106,0.4345,0.3791,6.612,6.182,2114.0,1.710,0.0574,42.3,14.0
2026-06-11T01:00:00,8.305,8.085,19.40,19.77,1.138,1.078,0.4054,0.3899,6.707,5.999,2122.1,1.716,0.0575,42.4,14.0
2026-06-11T02:00:00,8.429,8.216,19.24,20.08,1.138,1.080,0.4384,0.3948,6.711,5.924,2130.3,1.722,0.0579,42.6,14.1
2026-06-11T03:00:00,7.880,7.767,19.84,20.24,1.110,1.060,0.4778,0.3949,6.933,5.935,2138.1,1.730,0.0586,42.8,14.1
2026-06-11T04:00:00,8.417,8.221,19.63,20.82,1.123,1.066,0.3917,0.4012,7.503,5.984,2146.3,1.743,0.0586,42.9,14.2
2026-06-11T05:00:00,8.832,8.646,19.75,20.63,1.160,1.094,0.4317,0.3983,5.883,5.868,2155.0,1.743,0.0588,43.1,14.2
2026-06-11T06:00:00,8.790,8.603,19.79,20.70,1.162,1.110,0.4630,0.3825,6.839,5.698,2163.6,1.753,0.0595,43.3,14.3
2026-06-11T07:00:00,8.408,8.179,20.10,21.39,1.154,1.101,0.4373,0.3905,6.871,5.996,2171.7,1.760,0.0599,43.4,14.3
2026-06-11T08:00:00,8.843,8.601,20.69,21.22,1.148,1.086,0.4429,0.4065,5.735,5.849,2180.3,1.760,0.0602,43.6,14.4
2026-06-11T09:00:00,8.528,8.307,20.98,21.71,1.190,1.134,0.4455,0.4070,6.805,5.952,2188.7,1.767,0.0605,43.8,14.4
2026-06-11T10:00:00,10.041,9.813,21.43,21.84,1.205,1.150,0.4613,0.3976,5.954,5.760,2198.5,1.769,0.0612,44.0,14.5
2026-06-11T11:00:00,9.188,8.955,23.00,23.64,1.214,1.154,0.4593,0.3787,6.906,5.874,2207.4,1.778,0.0619,44.1,14.6
2026-06-11T12:00:00,9.378,9.102,22.32,23.14,1.210,1.158,0.4090,0.4038,6.629,5.977,2216.5,1.784,0.0619,44.3,14.6
2026-06-11T13:00:00,9.461,8.995,22.63,23.48,1.219,1.153,0.3880,0.3949,6.343,5.996,2225.5,1.787,0.0619,44.5,14.7
2026-06-11T14:00:00,9.953,9.725,23.15,23.70,1.240,1.187,0.4651,0.3838,6.491,6.099,2235.2,1.791,0.0627,44.7,14.8
2026-06-11T15:00:00,9.247,8.951,22.70,23.58,1.188,1.134,0.4443,0.3837,7.108,5.980,2244.2,1.801,0.0633,44.9,14.8
2026-06-11T16:00:00,9.617,9.303,22.80,23.39,1.208,1.151,0.4385,0.3934,6.518,5.811,2253.5,1.807,0.0637,45.1,14.9
2026-06-11T17:00:00,9.220,9.107,22.95,23.77,1.220,1.163,0.4396,0.3979,7.007,5.812,2262.6,1.818,0.0641,45.3,14.9
2026-06-11T18:00:00,9.334,9.091,22.37,23.03,1.233,1.178,0.4309,0.3893,6.155,6.034,2271.7,1.819,0.0645,45.4,15.0
2026-06-11T19:00:00,9.234,8.982,22.73,22.76,1.213,1.152,0.4014,0.3935,6.192,5.957,2280.7,1.822,0.0645,45.6,15.1
2026-06-11T20:00:00,8.801,8.455,21.68,22.64,1.202,1.145,0.4618,0.3919,6.821,6.089,2289.1,1.828,0.0651,45.8,15.1
2026-06-11T21:00:00,8.822,8.628,21.59,22.41,1.184,1.132,0.4443,0.3977,6.830,6.115,2297.8,1.834,0.0655,46.0,15.2
2026-06-11T22:00:00,8.890,8.671,21.35,21.95,1.161,1.104,0.4185,0.3772,6.748,6.051,2306.4,1.840,0.0659,46.1,15.2
2026-06-11T23:00:00,8.508,8.340,20.79,21.61,1.160,1.094,0.4741,0.3872,6.597,5.777,2314.8,1.847,0.0666,46.3,15.3
2026-06-12T00:00:00,8.721,8.384,19.80,20.51,1.148,1.078,0.4151,0.3897,7.152,5.874,2323.2,1.858,0.0668,46.5,15.3
2026-06-12T01:00:00,8.762,8.532,19.54,20.38,1.121,1.066,0.4249,0.4003,6.736,5.721,2331.7,1.866,0.0670,46.6,15.4
2026-06-12T02:00:00,8.861,8.619,19.15,19.74,1.129,1.078,0.4978,0.3944,6.462,5.781,2340.3,1.872,0.0679,46.8,15.4
2026-06-12T03:00:00,8.283,8.105,19.99,20.62,1.157,1.104,0.4047,0.3854,6.930,5.859,2348.4,1.881,0.0681,47.0,15.5
2026-06-12T04:00:00,8.165,7.960,19.16,20.11,1.145,1.091,0.4610,0.4066,6.875,5.707,2356.4,1.890,0.0685,47.1,15.6
2026-06-12T05:00:00,8.314,8.134,19.64,20.29,1.170,1.119,0.4181,0.3978,6.671,6.021,2364.5,1.895,0.0687,47.3,15.6
2026-06-12T06:00:00,8.321,8.121,19.89,20.68,1.156,1.105,0.4281,0.3931,7.041,6.061,2372.6,1.903,0.0690,47.5,15.7
2026-06-12T07:00:00,8.582,8.308,20.30,21.44,1.155,1.096,0.3811,0.3882,5.944,5.950,2380.9,1.903,0.0690,47.6,15.7
2026-06-12T08:00:00,9.613,9.525,19.98,20.59,1.188,1.130,0.4352,0.3902,6.902,5.446,2390.5,1.917,0.0694,47.8,15.8
2026-06-12T09:00:00,8.769,8.700,20.99,21.62,1.191,1.134,0.4568,0.3942,6.442,5.865,2399.2,1.922,0.0699,48.0,15.8
2026-06-12T10:00:00,10.014,9.818,21.38,22.08,1.175,1.111,0.3833,0.3790,6.704,5.992,2409.0,1.929,0.0700,48.2,15.9
2026-06-12T11:00:00,9.368,9.117,22.25,22.88,1.196,1.145,0.4189,0.3882,7.050,5.775,2418.1,1.941,0.0702,48.4,16.0
2026-06-12T12:00:00,10.241,9.907,23.05,24.09,1.191,1.133,0.4121,0.3927,6.285,5.721,2428.0,1.946,0.0704,48.6,16.0
2026-06-12T13:00:00,9.400,9.247,23.10,23.70,1.205,1.153,0.3953,0.3891,7.022,5.827,2437.2,1.957,0.0705,48.7,16.1
2026-06-12T14:00:00,9.481,9.291,23.83,24.85,1.229,1.178,0.4477,0.3994,6.875,5.650,2446.5,1.969,0.0709,48.9,16.1
2026-06-12T15:00:00,9.292,9.012,23.43,24.58,1.203,1.146,0.4026,0.3808,6.794,5.826,2455.6,1.977,0.0711,49.1,16.2
2026-06-12T16:00:00,9.552,9.316,23.05,24.15,1.218,1.167,0.3923,0.3992,6.781,5.856,2464.9,1.986,0.0711,49.3,16.3
2026-06-12T17:00:00,9.289,9.117,23.41,24.73,1.219,1.166,0.4503,0.3893,6.829,5.958,2474.0,1.994,0.0717,49.5,16.3
2026-06-12T18:00:00,9.528,9.184,22.71,22.94,1.229,1.171,0.4173,0.3912,6.259,5.855,2483.2,1.998,0.0719,49.7,16.4
2026-06-12T19:00:00,9.501,9.114,22.59,23.11,1.185,1.129,0.4176,0.3964,6.903,5.869,2492.3,2.007,0.0721,49.8,16.4
2026-06-12T20:00:00,9.417,9.166,21.77,22.04,1.208,1.157,0.4425,0.3761,6.701,5.933,2501.4,2.014,0.0727,50.0,16.5
2026-06-12T21:00:00,8.186,8.013,21.73,22.34,1.190,1.139,0.4059,0.4081,6.308,5.959,2509.5,2.017,0.0727,50.2,16.6
2026-06-12T22:00:00,8.464,8.201,20.80,21.33,1.189,1.138,0.4349,0.3966,7.218,5.964,2517.7,2.027,0.0731,50.4,16.6
2026-06-12T23:00:00,8.725,8.477,19.91,20.55,1.167,1.114,0.3821,0.3998,7.015,5.905,2526.1,2.037,0.0731,50.5,16.7
2026-06-13T00:00:00,8.025,7.744,19.44,20.29,1.169,1.118,0.4124,0.3942,6.698,5.951,2533.9,2.042,0.0732,50.7,16.7
2026-06-13T01:00:00,8.309,8.154,19.63,20.58,1.165,1.107,0.3779,0.4027,6.602,6.099,2542.0,2.047,0.0732,50.8,16.8
2026-06-13T02:00:00,8.377,8.074,18.61,19.12,1.140,1.078,0.3955,0.3878,6.789,5.823,2550.1,2.054,0.0733,51.0,16.8
2026-06-13T03:00:00,8.488,8.269,19.37,20.30,1.124,1.067,0.3932,0.3761,6.364,5.719,2558.4,2.060,0.0734,51.2,16.9
2026-06-13T04:00:00,8.102,7.966,19.13,19.87,1.154,1.103,0.4456,0.3954,6.831,5.810,2566.3,2.068,0.0738,51.3,16.9
2026-06-13T05:00:00,8.771,8.532,19.51,20.66,1.137,1.072,0.4278,0.3931,6.559,5.711,2574.9,2.075,0.0741,51.5,17.0
2026-06-13T06:00:00,8.724,8.488,19.57,20.37,1.166,1.112,0.4296,0.4020,7.007,5.764,2583.4,2.086,0.0743,51.7,17.1
2026-06-13T07:00:00,8.522,8.381,19.97,21.21,1.164,1.105,0.4129,0.3849,6.463,5.789,2591.7,2.091,0.0746,51.8,17.1
2026-06-13T08:00:00,8.921,8.725,20.99,21.59,1.156,1.098,0.4076,0.3835,7.425,5.931,2600.5,2.104,0.0748,52.0,17.2
2026-06-13T09:00:00,9.261,9.052,21.87,22.45,1.191,1.140,0.3786,0.3991,7.145,5.941,2609.5,2.115,0.0748,52.2,17.2
2026-06-13T10:00:00,8.459,8.251,21.12,21.96,1.174,1.123,0.3816,0.3916,7.033,6.079,2617.8,2.123,0.0748,52.4,17.3
2026-06-13T11:00:00,9.084,8.841,21.37,21.78,1.228,1.177,0.3889,0.3895,6.973,6.091,2626.6,2.131,0.0748,52.5,17.3
2026-06-13T12:00:00,9.300,9.092,22.48,23.44,1.190,1.135,0.4283,0.3913,6.669,5.836,2635.7,2.138,0.0751,52.7,17.4
2026-06-13T13:00:00,9.236,9.036,22.84,24.06,1.224,1.173,0.3821,0.3917,6.195,6.083,2644.7,2.139,0.0751,52.9,17.5
2026-06-13T14:00:00,9.857,9.525,22.92,23.51,1.227,1.164,0.4010,0.4231,7.021,5.878,2654.3,2.150,0.0751,53.1,17.5
2026-06-13T15:00:00,9.791,9.433,23.06,23.89,1.197,1.139,0.4254,0.3911,6.973,5.862,2663.7,2.161,0.0754,53.3,17.6
2026-06-13T16:00:00,10.133,9.806,23.14,23.88,1.208,1.158,0.4634,0.3858,6.876,5.708,2673.5,2.172,0.0762,53.5,17.6
2026-06-13T17:00:00,9.371,9.133,22.89,23.41,1.213,1.142,0.4472,0.3983,6.517,5.831,2682.6,2.179,0.0766,53.7,17.7
2026-06-13T18:00:00,9.876,9.708,22.83,23.32,1.208,1.157,0.4278,0.3784,6.609,5.776,2692.3,2.187,0.0771,53.8,17.8
2026-06-13T19:00:00,9.394,9.120,22.22,22.69,1.221,1.170,0.4734,0.3996,6.510,6.109,2701.5,2.190,0.0778,54.0,17.8
2026-06-13T20:00:00,9.360,8.987,21.85,22.62,1.192,1.138,0.4213,0.3900,6.538,5.557,2710.5,2.199,0.0781,54.2,17.9
2026-06-13T21:00:00,8.899,8.686,21.63,22.73,1.199,1.142,0.4415,0.3912,7.114,5.890,2719.1,2.210,0.0785,54.4,17.9
2026-06-13T22:00:00,8.851,8.709,20.98,21.29,1.143,1.080,0.4097,0.3806,6.254,5.789,2727.9,2.214,0.0788,54.6,18.0
2026-06-13T23:00:00,8.773,8.584,20.10,20.86,1.173,1.121,0.4185,0.3875,6.598,5.801,2736.4,2.221,0.0790,54.7,18.1
2026-06-14T00:00:00,8.940,8.822,19.48,20.75,1.139,1.074,0.4376,0.3868,6.437,5.825,2745.3,2.226,0.0795,54.9,18.1
2026-06-14T01:00:00,8.615,8.341,19.24,20.39,1.186,1.126,0.4453,0.4072,6.488,5.768,2753.6,2.232,0.0798,55.1,18.2
2026-06-14T02:00:00,8.519,8.326,19.74,20.53,1.120,1.066,0.4562,0.3666,6.763,5.570,2761.9,2.242,0.0805,55.2,18.2
2026-06-14T03:00:00,8.424,8.181,19.43,20.16,1.145,1.075,0.4246,0.3903,6.293,5.741,2770.1,2.247,0.0808,55.4,18.3
2026-06-14T04:00:00,7.961,7.608,19.26,19.90,1.143,1.093,0.3834,0.3868,6.601,5.993,2777.7,2.251,0.0808,55.6,18.3
2026-06-14T05:00:00,8.718,8.536,19.88,20.31,1.128,1.061,0.4401,0.3934,6.475,5.959,2786.2,2.256,0.0812,55.7,18.4
2026-06-14T06:00:00,8.415,8.169,20.10,20.79,1.167,1.107,0.3960,0.3901,6.312,5.729,2794.4,2.260,0.0813,55.9,18.4
2026-06-14T07:00:00,9.125,8.799,19.90,20.96,1.172,1.121,0.4258,0.3797,6.525,5.838,2803.2,2.266,0.0817,56.1,18.5
2026-06-14T08:00:00,8.552,8.408,20.96,21.46,1.192,1.140,0.4100,0.4007,6.764,5.828,2811.6,2.274,0.0818,56.2,18.6
2026-06-14T09:00:00,8.965,8.809,21.21,21.94,1.200,1.140,0.4203,0.4003,6.461,5.803,2820.4,2.280,0.0819,56.4,18.6
2026-06-14T10:00:00,8.611,8.353,21.76,22.66,1.185,1.129,0.4193,0.3805,6.573,5.852,2828.8,2.286,0.0823,56.6,18.7
2026-06-14T11:00:00,9.711,9.551,21.76,22.71,1.179,1.128,0.4455,0.3843,6.826,5.687,2838.3,2.297,0.0828,56.8,18.7
2026-06-14T12:00:00,9.608,9.430,22.83,23.24,1.220,1.166,0.4471,0.3912,6.688,5.921,2847.8,2.304,0.0834,57.0,18.8
2026-06-14T13:00:00,9.543,9.088,22.83,23.43,1.216,1.163,0.4448,0.3871,7.059,5.648,2856.9,2.317,0.0839,57.1,18.9
2026-06-14T14:00:00,9.314,9.068,22.89,23.85,1.229,1.172,0.4204,0.3903,6.571,5.776,2865.9,2.324,0.0842,57.3,18.9
2026-06-14T15:00:00,8.720,8.587,23.80,24.45,1.228,1.172,0.4306,0.3691,6.761,5.756,2874.5,2.333,0.0847,57.5,19.0
2026-06-14T16:00:00,9.269,9.112,22.87,23.47,1.238,1.176,0.4122,0.3972,6.452,6.085,2883.6,2.336,0.0848,57.7,19.0
2026-06-14T17:00:00,9.266,9.140,23.21,24.48,1.221,1.165,0.4419,0.3830,6.700,5.612,2892.8,2.346,0.0854,57.9,19.1
2026-06-14T18:00:00,8.782,8.669,22.83,23.47,1.195,1.133,0.4212,0.3912,6.385,5.725,2901.4,2.352,0.0856,58.0,19.1
2026-06-14T19:00:00,9.039,8.767,22.11,23.02,1.194,1.133,0.4347,0.3975,6.293,5.824,2910.2,2.356,0.0860,58.2,19.2
2026-06-14T20:00:00,8.945,8.750,22.13,23.03,1.195,1.140,0.4528,0.4007,6.686,5.771,2919.0,2.364,0.0864,58.4,19.3
2026-06-14T21:00:00,9.472,9.176,21.53,22.29,1.204,1.150,0.4253,0.3782,6.810,5.976,2928.1,2.372,0.0868,58.6,19.3
2026-06-14T22:00:00,8.891,8.753,20.72,21.72,1.181,1.111,0.3800,0.3902,6.688,5.763,2936.9,2.380,0.0868,58.7,19.4
2026-06-14T23:00:00,9.108,8.895,19.72,20.71,1.162,1.112,0.4192,0.4040,6.981,5.671,2945.8,2.391,0.0870,58.9,19.4
2026-06-15T00:00:00,8.266,8.160,19.91,20.85,1.168,1.116,0.4380,0.4105,6.154,5.965,2953.9,2.393,0.0872,59.1,19.5
2026-06-15T01:00:00,8.782,8.699,18.85,19.56,1.146,1.095,0.4486,0.3864,6.660,5.819,2962.6,2.400,0.0877,59.3,19.6
2026-06-15T02:00:00,8.521,8.373,19.93,21.12,1.143,1.086,0.4606,0.3993,6.986,5.868,2971.0,2.410,0.0883,59.4,19.6
2026-06-15T03:00:00,8.288,8.098,19.24,19.57,1.139,1.089,0.3375,0.3942,6.152,5.610,2979.1,2.414,0.0883,59.6,19.7
2026-06-15T04:00:00,7.973,7.810,19.27,19.78,1.130,1.078,0.4438,0.3978,6.018,5.737,2986.9,2.416,0.0886,59.7,19.7
2026-06-15T05:00:00,8.942,8.874,19.11,19.34,1.124,1.068,0.4626,0.3840,6.699,5.655,2995.8,2.425,0.0893,59.9,19.8
2026-06-15T06:00:00,8.883,8.647,19.39,20.17,1.168,1.115,0.3999,0.3900,6.419,5.648,3004.4,2.432,0.0894,60.1,19.8
2026-06-15T07:00:00,8.454,8.174,20.57,21.50,1.154,1.101,0.4250,0.3952,6.276,5.753,3012.6,2.436,0.0896,60.3,19.9
2026-06-15T08:00:00,8.767,8.592,21.09,21.75,1.189,1.134,0.4493,0.3864,6.405,5.865,3021.2,2.441,0.0902,60.4,19.9
2026-06-15T09:00:00,8.819,8.546,20.40,21.05,1.178,1.119,0.4167,0.3930,6.603,5.798,3029.7,2.448,0.0904,60.6,20.0
2026-06-15T10:00:00,9.200,8.902,21.57,22.49,1.193,1.143,0.4198,0.3831,6.668,6.018,3038.6,2.454,0.0907,60.8,20.1
2026-06-15T11:00:00,9.702,9.564,22.20,23.16,1.221,1.160,0.4288,0.3902,6.387,5.896,3048.2,2.458,0.0911,61.0,20.1
2026-06-15T12:00:00,9.113,8.908,23.07,23.65,1.194,1.137,0.4041,0.3778,6.510,5.900,3057.1,2.464,0.0913,61.1,20.2
2026-06-15T13:00:00,9.570,9.267,23.41,24.43,1.192,1.141,0.3907,0.3964,6.369,5.874,3066.4,2.468,0.0913,61.3,20.2
2026-06-15T14:00:00,9.625,9.501,23.52,24.31,1.204,1.153,0.4232,0.4053,6.080,5.761,3075.9,2.471,0.0915,61.5,20.3
2026-06-15T15:00:00,9.945,9.737,22.88,23.67,1.211,1.159,0.3998,0.3962,7.096,5.983,3085.6,2.482,0.0915,61.7,20.4
2026-06-15T16:00:00,9.522,9.311,22.68,23.49,1.202,1.146,0.3726,0.3831,6.284,5.822,3094.9,2.487,0.0915,61.9,20.4
2026-06-15T17:00:00,9.933,9.723,22.12,22.98,1.218,1.167,0.4643,0.3973,7.008,5.971,3104.7,2.497,0.0922,62.1,20.5
2026-06-15T18:00:00,9.135,8.891,22.48,23.40,1.216,1.163,0.4009,0.4004,7.276,5.912,3113.6,2.509,0.0922,62.3,20.5
2026-06-15T19:00:00,9.577,9.338,22.74,23.66,1.200,1.142,0.4351,0.3952,7.163,5.774,3122.9,2.522,0.0925,62.5,20.6
2026-06-15T20:00:00,8.454,8.222,21.87,22.57,1.192,1.141,0.4309,0.3879,6.597,5.591,3131.1,2.530,0.0929,62.6,20.7
2026-06-15T21:00:00,9.425,9.210,20.60,21.13,1.197,1.124,0.4263,0.3888,6.358,5.921,3140.3,2.534,0.0932,62.8,20.7
2026-06-15T22:00:00,8.768,8.478,20.42,21.17,1.171,1.111,0.4185,0.3985,6.827,5.776,3148.8,2.543,0.0934,63.0,20.8
2026-06-15T23:00:00,8.945,8.724,20.47,20.89,1.182,1.129,0.4275,0.3962,6.618,5.748,3157.5,2.551,0.0937,63.2,20.8
2026-06-16T00:00:00,8.469,8.290,19.57,20.55,1.142,1.082,0.4118,0.3864,6.964,5.804,3165.8,2.560,0.0939,63.3,20.9
2026-06-16T01:00:00,8.717,8.333,19.90,20.38,1.160,1.108,0.4825,0.3875,6.715,5.445,3174.1,2.571,0.0947,63.5,20.9
2026-06-16T02:00:00,8.507,8.345,19.07,19.67,1.142,1.091,0.4250,0.3865,6.382,5.915,3182.5,2.575,0.0950,63.6,21.0
2026-06-16T03:00:00,8.418,8.115,18.75,19.42,1.154,1.094,0.4255,0.3860,6.965,5.745,3190.6,2.585,0.0953,63.8,21.1
2026-06-16T04:00:00,9.121,8.958,18.49,19.39,1.148,1.098,0.4183,0.3800,6.462,5.887,3199.6,2.590,0.0957,64.0,21.1
2026-06-16T05:00:00,8.622,8.438,19.02,20.01,1.158,1.106,0.4191,0.3918,6.706,5.780,3208.0,2.598,0.0959,64.2,21.2
2026-06-16T06:00:00,8.183,7.934,19.09,20.00,1.152,1.097,0.3920,0.3870,6.171,5.677,3215.9,2.601,0.0959,64.3,21.2
2026-06-16T07:00:00,8.522,8.413,20.12,20.66,1.153,1.098,0.4257,0.3892,7.028,5.606,3224.4,2.613,0.0963,64.5,21.3
2026-06-16T08:00:00,8.777,8.555,20.34,21.09,1.193,1.127,0.4063,0.3927,6.603,6.083,3232.9,2.618,0.0964,64.7,21.3
2026-06-16T09:00:00,8.350,8.141,20.73,21.55,1.194,1.138,0.4303,0.3960,6.293,5.899,3241.0,2.621,0.0966,64.8,21.4
2026-06-16T10:00:00,8.883,8.663,21.61,22.31,1.183,1.123,0.4636,0.3981,6.635,5.869,3249.7,2.628,0.0972,65.0,21.4
2026-06-16T11:00:00,8.940,8.648,21.21,22.12,1.193,1.142,0.4186,0.3784,6.804,6.004,3258.4,2.635,0.0976,65.2,21.5
2026-06-16T12:00:00,9.673,9.473,22.75,23.59,1.219,1.167,0.4046,0.3948,6.509,6.120,3267.8,2.638,0.0977,65.4,21.6
2026-06-16T13:00:00,9.227,9.033,22.95,24.04,1.217,1.160,0.4188,0.3918,5.912,5.858,3276.9,2.639,0.0979,65.5,21.6
2026-06-16T14:00:00,10.541,10.331,23.29,24.63,1.227,1.157,0.4250,0.3989,5.868,5.881,3287.2,2.639,0.0982,65.7,21.7
2026-06-16T15:00:00,9.842,9.641,22.25,23.29,1.218,1.164,0.4370,0.3936,6.877,5.628,3296.8,2.651,0.0986,65.9,21.8
2026-06-16T16:00:00,9.735,9.533,22.54,23.22,1.224,1.156,0.3946,0.3845,7.310,5.934,3306.4,2.664,0.0987,66.1,21.8
2026-06-16T17:00:00,9.952,9.668,22.05,22.85,1.245,1.184,0.3873,0.3808,7.161,5.794,3316.0,2.677,0.0987,66.3,21.9
2026-06-16T18:00:00,9.088,8.807,22.73,23.33,1.201,1.147,0.4645,0.4013,6.902,5.887,3324.8,2.686,0.0993,66.5,21.9
2026-06-16T19:00:00,9.195,8.914,20.46,21.26,1.198,1.145,0.4169,0.3867,7.265,5.667,3333.8,2.700,0.0996,66.7,22.0
2026-06-16T20:00:00,9.036,8.919,21.35,21.71,1.196,1.136,0.4023,0.4095,7.107,5.667,3342.7,2.713,0.0996,66.9,22.1
2026-06-16T21:00:00,8.992,8.756,21.05,21.52,1.155,1.102,0.4474,0.3879,6.673,5.727,3351.4,2.721,0.1001,67.0,22.1
2026-06-16T22:00:00,8.722,8.485,20.27,21.35,1.134,1.081,0.4834,0.3982,6.284,5.914,3359.9,2.725,0.1008,67.2,22.2
2026-06-16T23:00:00,8.412,8.168,19.54,20.21,1.156,1.099,0.4536,0.4075,6.879,5.689,3368.1,2.734,0.1012,67.4,22.2
2026-06-17T00:00:00,8.097,7.887,19.37,19.95,1.186,1.127,0.4121,0.3893,7.020,5.862,3376.0,2.743,0.1014,67.5,22.3
2026-06-17T01:00:00,8.791,8.556,18.58,19.20,1.150,1.091,0.4270,0.3964,6.561,5.654,3384.5,2.751,0.1016,67.7,22.3
2026-06-17T02:00:00,8.160,8.055,19.65,20.30,1.137,1.085,0.4286,0.3827,7.258,5.780,3392.6,2.763,0.1020,67.9,22.4
2026-06-17T03:00:00,8.357,8.240,19.16,20.34,1.120,1.061,0.3878,0.4083,6.931,5.744,3400.8,2.773,0.1020,68.0,22.4
2026-06-17T04:00:00,8.115,7.991,18.76,19.26,1.121,1.065,0.4485,0.3992,5.930,5.808,3408.8,2.774,0.1024,68.2,22.5
2026-06-17T05:00:00,8.610,8.464,19.12,19.90,1.157,1.102,0.3935,0.4045,6.989,5.604,3417.3,2.786,0.1024,68.3,22.6
2026-06-17T06:00:00,8.556,8.379,19.93,20.44,1.145,1.089,0.4175,0.4003,7.038,5.753,3425.7,2.796,0.1025,68.5,22.6
2026-06-17T07:00:00,8.750,8.553,20.25,20.78,1.179,1.129,0.3978,0.3819,6.329,6.055,3434.2,2.799,0.1027,68.7,22.7
2026-06-17T08:00:00,9.287,9.005,20.60,21.79,1.161,1.108,0.4045,0.3750,6.579,5.781,3443.2,2.806,0.1029,68.9,22.7
2026-06-17T09:00:00,8.858,8.631,21.50,22.54,1.178,1.127,0.4065,0.3885,6.764,5.775,3451.8,2.814,0.1031,69.0,22.8
2026-06-17T10:00:00,8.960,8.745,21.10,22.11,1.171,1.115,0.3830,0.3925,6.672,5.985,3460.6,2.820,0.1031,69.2,22.8
2026-06-17T11:00:00,9.382,9.249,22.00,22.67,1.189,1.135,0.3930,0.3837,6.460,5.600,3469.8,2.828,0.1032,69.4,22.9
2026-06-17T12:00:00,9.707,9.453,23.04,23.93,1.212,1.152,0.3978,0.3838,6.739,5.746,3479.3,2.838,0.1033,69.6,23.0
2026-06-17T13:00:00,8.901,8.726,22.85,23.79,1.208,1.152,0.4649,0.3891,6.454,5.860,3488.0,2.843,0.1040,69.8,23.0
2026-06-17T14:00:00,9.738,9.520,22.65,23.40,1.252,1.196,0.4105,0.3832,7.184,5.972,3497.5,2.855,0.1042,70.0,23.1
2026-06-17T15:00:00,9.599,9.430,23.14,24.02,1.218,1.167,0.4267,0.3920,6.479,5.644,3507.0,2.862,0.1046,70.1,23.1
2026-06-17T16:00:00,9.678,9.352,22.68,23.62,1.220,1.151,0.4053,0.3941,7.097,5.709,3516.3,2.875,0.1047,70.3,23.2
2026-06-17T17:00:00,9.511,9.212,22.88,24.29,1.214,1.156,0.4148,0.3673,6.984,5.621,3525.5,2.888,0.1051,70.5,23.3
2026-06-17T18:00:00,9.339,8.895,22.01,22.76,1.220,1.162,0.4457,0.3936,6.735,5.741,3534.4,2.897,0.1056,70.7,23.3
2026-06-17T19:00:00,9.432,9.242,22.83,23.43,1.202,1.143,0.4228,0.3879,6.811,5.865,3543.7,2.905,0.1059,70.9,23.4
2026-06-17T20:00:00,9.156,8.902,21.70,22.25,1.180,1.123,0.4276,0.3921,6.438,5.785,3552.6,2.911,0.1062,71.1,23.4
2026-06-17T21:00:00,9.085,8.837,21.03,21.54,1.185,1.129,0.3842,0.3840,7.197,5.896,3561.4,2.923,0.1062,71.2,23.5
2026-06-17T22:00:00,8.742,8.513,20.11,20.64,1.164,1.112,0.4165,0.3829,7.413,5.773,3569.9,2.937,0.1065,71.4,23.6
2026-06-17T23:00:00,8.646,8.397,20.17,21.21,1.176,1.116,0.3843,0.3933,6.432,5.788,3578.3,2.942,0.1065,71.6,23.6
2026-06-18T00:00:00,8.501,8.254,20.05,20.47,1.144,1.089,0.3565,0.3942,7.096,5.613,3586.6,2.954,0.1065,71.7,23.7
2026-06-18T01:00:00,8.344,8.257,18.91,19.77,1.113,1.056,0.4277,0.4018,6.392,5.945,3594.8,2.958,0.1067,71.9,23.7
2026-06-18T02:00:00,8.682,8.452,18.52,19.15,1.127,1.069,0.4421,0.3934,6.184,5.602,3603.3,2.963,0.1071,72.1,23.8
2026-06-18T03:00:00,8.304,8.125,18.69,19.34,1.155,1.100,0.4114,0.3860,6.616,6.011,3611.4,2.968,0.1073,72.2,23.8
2026-06-18T04:00:00,8.559,8.431,19.06,19.66,1.167,1.109,0.4260,0.3831,6.986,5.622,3619.8,2.979,0.1077,72.4,23.9
2026-06-18T05:00:00,8.374,8.188,19.77,20.62,1.186,1.124,0.4049,0.3827,6.700,5.671,3628.0,2.988,0.1079,72.6,23.9
2026-06-18T06:00:00,8.849,8.527,19.82,20.79,1.157,1.093,0.4443,0.3863,7.186,5.782,3636.6,3.000,0.1084,72.7,24.0
2026-06-18T07:00:00,8.921,8.636,19.98,20.97,1.133,1.078,0.4346,0.3980,6.834,5.603,3645.2,3.010,0.1087,72.9,24.1
2026-06-18T08:00:00,8.644,8.363,20.19,21.02,1.178,1.126,0.4352,0.3894,6.839,5.897,3653.6,3.018,0.1091,73.1,24.1
2026-06-18T09:00:00,9.164,8.934,20.53,21.57,1.167,1.113,0.3841,0.3803,6.359,5.787,3662.5,3.023,0.1091,73.2,24.2
2026-06-18T10:00:00,9.285,9.027,21.43,22.03,1.208,1.151,0.4350,0.3984,6.220,5.803,3671.5,3.027,0.1094,73.4,24.2
2026-06-18T11:00:00,8.903,8.736,22.17,22.92,1.200,1.138,0.4103,0.3972,6.888,5.958,3680.3,3.035,0.1095,73.6,24.3
2026-06-18T12:00:00,8.982,8.712,22.22,23.14,1.233,1.179,0.4208,0.3899,6.325,6.044,3689.0,3.038,0.1098,73.8,24.3
2026-06-18T13:00:00,9.875,9.628,22.84,23.84,1.226,1.171,0.4428,0.3793,6.866,5.646,3698.6,3.050,0.1104,74.0,24.4
2026-06-18T14:00:00,9.433,9.249,23.11,24.03,1.227,1.160,0.4537,0.3905,6.419,5.866,3707.8,3.055,0.1110,74.2,24.5
2026-06-18T15:00:00,9.464,9.383,23.42,23.96,1.224,1.164,0.4510,0.3948,5.955,5.783,3717.2,3.056,0.1115,74.3,24.5
2026-06-18T16:00:00,9.377,9.133,22.22,22.56,1.207,1.143,0.4283,0.3691,6.992,5.792,3726.4,3.067,0.1121,74.5,24.6
2026-06-18T17:00:00,9.590,9.317,22.48,23.70,1.225,1.172,0.3987,0.3923,6.909,5.608,3735.7,3.079,0.1121,74.7,24.7
2026-06-18T18:00:00,9.205,8.956,21.95,22.55,1.212,1.149,0.3906,0.3851,6.202,5.692,3744.6,3.084,0.1122,74.9,24.7
2026-06-18T19:00:00,9.032,8.872,22.32,23.00,1.203,1.144,0.4123,0.3961,6.689,5.921,3753.5,3.091,0.1123,75.1,24.8
2026-06-18T20:00:00,8.992,8.727,21.94,22.98,1.166,1.110,0.4125,0.3814,6.413,5.699,3762.2,3.097,0.1126,75.2,24.8
2026-06-18T21:00:00,8.447,8.346,20.74,22.18,1.161,1.110,0.4253,0.3853,6.409,5.668,3770.6,3.103,0.1129,75.4,24.9
2026-06-18T22:00:00,8.825,8.644,19.83,20.86,1.169,1.104,0.4417,0.3659,6.392,5.761,3779.2,3.109,0.1136,75.6,24.9
2026-06-18T23:00:00,8.469,8.254,19.48,20.10,1.176,1.123,0.4107,0.3914,7.067,5.948,3787.5,3.118,0.1138,75.7,25.0
2026-06-19T00:00:00,8.522,8.291,19.43,19.87,1.146,1.092,0.4018,0.3813,6.867,5.921,3795.8,3.126,0.1139,75.9,25.1
2026-06-19T01:00:00,8.625,8.308,18.88,19.57,1.158,1.107,0.4026,0.3847,6.850,5.963,3804.1,3.133,0.1141,76.1,25.1
2026-06-19T02:00:00,8.259,8.076,19.09,19.94,1.149,1.081,0.4024,0.3881,6.493,5.849,3812.2,3.138,0.1142,76.2,25.2
2026-06-19T03:00:00,8.216,8.077,18.71,19.83,1.121,1.057,0.4505,0.3821,6.125,5.743,3820.2,3.141,0.1147,76.4,25.2
2026-06-19T04:00:00,8.208,8.125,18.67,19.89,1.148,1.085,0.4323,0.3830,7.315,5.815,3828.4,3.154,0.1151,76.6,25.3
2026-06-19T05:00:00,8.606,8.394,19.18,19.57,1.154,1.100,0.4411,0.3938,6.976,5.521,3836.7,3.166,0.1155,76.7,25.3
2026-06-19T06:00:00,8.710,8.549,18.94,19.60,1.179,1.118,0.4481,0.3974,6.700,6.081,3845.3,3.171,0.1160,76.9,25.4
2026-06-19T07:00:00,8.838,8.617,20.19,20.72,1.168,1.114,0.4146,0.4024,6.448,5.447,3853.9,3.180,0.1161,77.1,25.4
2026-06-19T08:00:00,8.304,8.021,19.75,20.08,1.164,1.112,0.3925,0.3934,7.187,5.920,3861.9,3.190,0.1161,77.2,25.5
2026-06-19T09:00:00,8.839,8.635,20.83,21.30,1.177,1.120,0.4257,0.3755,7.148,5.437,3870.6,3.205,0.1165,77.4,25.5
2026-06-19T10:00:00,9.106,8.989,21.82,23.13,1.186,1.125,0.4435,0.3938,6.597,5.837,3879.6,3.211,0.1170,77.6,25.6
2026-06-19T11:00:00,9.450,9.246,21.69,22.57,1.191,1.123,0.4375,0.4008,7.180,5.592,3888.8,3.226,0.1173,77.8,25.7
2026-06-19T12:00:00,9.586,9.300,22.07,22.74,1.202,1.145,0.3710,0.3998,6.456,5.673,3898.1,3.233,0.1173,78.0,25.7
2026-06-19T13:00:00,9.805,9.490,22.47,23.13,1.196,1.137,0.3753,0.3848,7.148,5.854,3907.6,3.246,0.1173,78.2,25.8
2026-06-19T14:00:00,9.704,9.470,23.71,24.52,1.230,1.174,0.4311,0.3846,7.432,5.784,3917.1,3.261,0.1177,78.3,25.9
2026-06-19T15:00:00,9.695,9.385,22.82,23.79,1.214,1.158,0.4499,0.3767,5.906,5.703,3926.4,3.263,0.1184,78.5,25.9
2026-06-19T16:00:00,9.357,9.122,23.35,24.24,1.246,1.190,0.4405,0.3917,6.691,5.857,3935.6,3.271,0.1189,78.7,26.0
2026-06-19T17:00:00,9.476,9.208,22.27,22.66,1.236,1.184,0.4093,0.3877,6.823,5.643,3944.8,3.282,0.1191,78.9,26.0
2026-06-19T18:00:00,9.290,8.952,21.76,22.56,1.202,1.144,0.3593,0.3965,7.029,5.592,3953.7,3.295,0.1191,79.1,26.1
2026-06-19T19:00:00,8.673,8.416,22.47,23.16,1.214,1.161,0.4331,0.3908,6.443,6.036,3962.1,3.298,0.1194,79.2,26.2
2026-06-19T20:00:00,8.868,8.646,21.31,22.07,1.180,1.130,0.4651,0.3834,6.626,5.973,3970.8,3.304,0.1201,79.4,26.2
2026-06-19T21:00:00,9.420,9.192,21.23,22.32,1.192,1.127,0.4175,0.3794,6.403,5.700,3980.0,3.310,0.1205,79.6,26.3
2026-06-19T22:00:00,9.044,8.720,19.83,20.34,1.175,1.124,0.3714,0.4006,6.150,5.895,3988.7,3.312,0.1205,79.8,26.3
2026-06-19T23:00:00,8.401,8.279,19.69,20.61,1.152,1.100,0.4288,0.3816,6.872,5.681,3997.0,3.322,0.1209,79.9,26.4
2026-06-20T00:00:00,8.510,8.299,19.47,20.19,1.159,1.100,0.4386,0.3997,6.250,5.646,4005.3,3.327,0.1212,80.1,26.4
2026-06-20T01:00:00,8.336,8.054,19.35,20.43,1.124,1.068,0.4337,0.3927,6.937,5.697,4013.3,3.337,0.1215,80.3,26.5
2026-06-20T02:00:00,8.241,7.919,18.51,19.06,1.145,1.085,0.4003,0.3867,6.884,5.742,4021.3,3.346,0.1216,80.4,26.5
2026-06-20T03:00:00,8.333,8.061,18.53,19.40,1.147,1.083,0.4151,0.3931,6.842,5.656,4029.3,3.356,0.1218,80.6,26.6
2026-06-20T04:00:00,8.101,7.883,18.71,20.04,1.129,1.077,0.4228,0.3734,6.331,5.863,4037.2,3.359,0.1222,80.7,26.6
2026-06-20T05:00:00,8.041,7.745,18.52,19.50,1.138,1.080,0.4137,0.3904,6.964,5.713,4044.9,3.369,0.1224,80.9,26.7
2026-06-20T06:00:00,8.578,8.316,19.66,20.14,1.129,1.059,0.4479,0.3948,6.489,5.965,4053.3,3.373,0.1228,81.1,26.8
2026-06-20T07:00:00,8.858,8.535,19.33,20.08,1.181,1.129,0.4340,0.3878,6.958,5.557,4061.8,3.385,0.1232,81.2,26.8
2026-06-20T08:00:00,9.431,9.133,20.59,21.04,1.181,1.129,0.4444,0.3996,7.058,5.827,4070.9,3.397,0.1236,81.4,26.9
2026-06-20T09:00:00,8.951,8.691,20.72,21.69,1.167,1.115,0.4546,0.3771,6.432,5.743,4079.6,3.403,0.1243,81.6,26.9
2026-06-20T10:00:00,9.336,9.053,21.02,22.28,1.192,1.132,0.4250,0.3636,6.550,5.806,4088.7,3.409,0.1249,81.8,27.0
2026-06-20T11:00:00,9.185,9.047,22.14,22.82,1.201,1.146,0.4183,0.3927,6.945,5.740,4097.7,3.420,0.1251,82.0,27.0
2026-06-20T12:00:00,9.333,9.162,22.61,23.72,1.208,1.153,0.4537,0.4055,6.400,5.669,4106.9,3.427,0.1255,82.1,27.1
2026-06-20T13:00:00,8.842,8.705,22.20,23.31,1.198,1.148,0.4897,0.3972,7.338,5.767,4115.6,3.441,0.1263,82.3,27.2
2026-06-20T14:00:00,9.143,8.912,22.86,23.94,1.191,1.137,0.3851,0.3924,6.886,5.662,4124.5,3.452,0.1263,82.5,27.2
2026-06-20T15:00:00,9.779,9.500,23.24,23.87,1.245,1.187,0.3970,0.3831,6.552,5.714,4134.0,3.460,0.1265,82.7,27.3
2026-06-20T16:00:00,9.176,9.110,22.73,23.23,1.222,1.159,0.4287,0.3785,6.381,5.734,4143.1,3.465,0.1269,82.9,27.3
2026-06-20T17:00:00,9.800,9.523,22.74,23.34,1.206,1.154,0.4093,0.3944,7.587,5.646,4152.6,3.484,0.1271,83.1,27.4
2026-06-20T18:00:00,9.174,9.048,22.17,22.91,1.187,1.134,0.4933,0.3841,6.529,5.675,4161.7,3.492,0.1281,83.2,27.5
2026-06-20T19:00:00,9.533,9.242,22.40,23.07,1.190,1.129,0.4490,0.3845,7.097,5.786,4170.9,3.504,0.1286,83.4,27.5
2026-06-20T20:00:00,9.354,9.130,20.88,21.91,1.183,1.127,0.4175,0.3846,6.767,5.697,4180.1,3.514,0.1289,83.6,27.6
2026-06-20T21:00:00,8.762,8.499,20.66,21.75,1.184,1.132,0.4139,0.3987,6.827,5.982,4188.6,3.521,0.1291,83.8,27.6
2026-06-20T22:00:00,8.924,8.729,20.48,21.07,1.179,1.122,0.4544,0.3900,7.503,5.747,4197.3,3.536,0.1296,83.9,27.7
2026-06-20T23:00:00,8.675,8.635,19.60,20.43,1.158,1.095,0.4413,0.3775,6.756,5.531,4205.9,3.547,0.1302,84.1,27.8
2026-06-21T00:00:00,8.375,8.113,18.95,19.89,1.136,1.073,0.4304,0.3908,5.884,5.542,4214.0,3.549,0.1305,84.3,27.8
2026-06-21T01:00:00,8.573,8.314,18.68,19.02,1.126,1.074,0.4049,0.3908,6.413,5.342,4222.3,3.558,0.1306,84.4,27.9
2026-06-21T02:00:00,9.126,8.859,18.08,18.79,1.142,1.089,0.3723,0.3920,7.224,5.670,4231.2,3.572,0.1306,84.6,27.9
2026-06-21T03:00:00,8.412,8.237,19.03,19.51,1.134,1.078,0.4161,0.3893,6.724,5.598,4239.4,3.581,0.1308,84.8,28.0
2026-06-21T04:00:00,8.779,8.540,18.37,18.97,1.162,1.107,0.4320,0.3867,6.861,5.437,4248.0,3.594,0.1312,85.0,28.0
2026-06-21T05:00:00,8.857,8.619,18.93,20.28,1.161,1.094,0.4055,0.3935,6.533,5.810,4256.6,3.600,0.1313,85.1,28.1
2026-06-21T06:00:00,8.303,8.120,19.89,20.87,1.150,1.085,0.4241,0.3889,6.824,5.666,4264.7,3.609,0.1316,85.3,28.1
2026-06-21T07:00:00,8.950,8.801,19.11,19.66,1.162,1.102,0.4234,0.3845,6.964,5.723,4273.5,3.620,0.1320,85.5,28.2
2026-06-21T08:00:00,9.074,8.836,20.17,21.36,1.177,1.119,0.4498,0.3790,6.280,5.628,4282.4,3.626,0.1326,85.6,28.3
2026-06-21T09:00:00,9.381,9.185,20.43,21.43,1.191,1.134,0.3968,0.3784,6.417,5.808,4291.5,3.631,0.1328,85.8,28.3
2026-06-21T10:00:00,9.281,9.001,21.11,22.37,1.218,1.167,0.4524,0.3872,6.343,5.789,4300.5,3.636,0.1333,86.0,28.4
2026-06-21T11:00:00,9.396,9.203,21.56,22.32,1.192,1.132,0.4493,0.3996,7.083,5.767,4309.7,3.649,0.1338,86.2,28.4
2026-06-21T12:00:00,9.446,9.212,21.75,22.84,1.203,1.151,0.4229,0.3938,6.699,5.652,4319.0,3.658,0.1341,86.4,28.5
2026-06-21T13:00:00,9.238,9.139,22.55,23.57,1.186,1.133,0.4215,0.3821,6.900,5.718,4328.1,3.669,0.1344,86.6,28.6
2026-06-21T14:00:00,9.697,9.345,22.88,23.63,1.221,1.165,0.4173,0.3930,6.892,5.652,4337.4,3.681,0.1347,86.7,28.6
2026-06-21T15:00:00,8.933,8.612,22.94,23.90,1.220,1.168,0.4168,0.3959,6.594,5.669,4346.0,3.689,0.1348,86.9,28.7
2026-06-21T16:00:00,10.004,9.727,23.16,23.67,1.238,1.181,0.4584,0.3848,6.856,5.730,4355.8,3.699,0.1356,87.1,28.7
2026-06-21T17:00:00,9.724,9.255,22.71,23.79,1.205,1.144,0.4334,0.3787,6.193,5.667,4365.0,3.704,0.1361,87.3,28.8
2026-06-21T18:00:00,9.561,9.314,22.60,23.75,1.200,1.146,0.4167,0.3944,6.987,5.817,4374.3,3.715,0.1363,87.5,28.9
2026-06-21T19:00:00,9.209,8.938,22.12,22.84,1.203,1.146,0.4179,0.3941,6.762,5.845,4383.3,3.723,0.1365,87.7,28.9
2026-06-21T20:00:00,9.567,9.303,21.46,22.23,1.197,1.144,0.4412,0.3802,6.551,5.823,4392.6,3.730,0.1371,87.9,29.0
2026-06-21T21:00:00,8.619,8.358,21.18,21.86,1.194,1.143,0.3804,0.3775,6.613,5.733,4400.9,3.738,0.1371,88.0,29.0
2026-06-21T22:00:00,8.615,8.317,20.04,20.90,1.197,1.131,0.4287,0.3973,6.181,5.548,4409.3,3.743,0.1373,88.2,29.1
2026-06-21T23:00:00,8.164,7.939,19.44,20.08,1.160,1.108,0.4414,0.3792,6.711,5.749,4417.2,3.750,0.1378,88.3,29.2
2026-06-22T00:00:00,9.162,8.995,18.53,19.25,1.158,1.105,0.3914,0.3956,6.379,5.683,4426.2,3.757,0.1378,88.5,29.2
2026-06-22T01:00:00,8.578,8.371,18.64,19.39,1.150,1.095,0.4393,0.3838,6.225,5.475,4434.6,3.763,0.1383,88.7,29.3
2026-06-22T02:00:00,8.429,8.191,19.24,19.71,1.116,1.060,0.3736,0.3810,7.041,5.622,4442.8,3.775,0.1383,88.9,29.3
2026-06-22T03:00:00,8.243,8.012,18.71,19.40,1.141,1.088,0.3851,0.3879,6.986,5.737,4450.8,3.785,0.1383,89.0,29.4
2026-06-22T04:00:00,8.598,8.400,18.56,19.44,1.117,1.064,0.4296,0.3870,7.140,5.750,4459.2,3.796,0.1387,89.2,29.4
2026-06-22T05:00:00,8.262,8.061,17.94,18.89,1.143,1.083,0.4170,0.3676,6.515,5.963,4467.2,3.801,0.1391,89.3,29.5
2026-06-22T06:00:00,8.183,8.037,19.64,20.37,1.151,1.098,0.4238,0.3865,6.676,5.670,4475.3,3.809,0.1394,89.5,29.5
2026-06-22T07:00:00,8.529,8.172,19.45,20.48,1.180,1.120,0.4412,0.3811,6.324,5.661,4483.4,3.814,0.1398,89.7,29.6
2026-06-22T08:00:00,9.385,9.191,20.32,21.40,1.129,1.075,0.3733,0.3874,6.537,5.839,4492.6,3.821,0.1398,89.9,29.7
2026-06-22T09:00:00,9.139,9.006,21.54,22.60,1.197,1.144,0.4370,0.3798,6.932,5.843,4501.6,3.831,0.1404,90.0,29.7
2026-06-22T10:00:00,9.138,8.850,21.13,22.24,1.174,1.115,0.4452,0.3826,6.883,5.671,4510.5,3.841,0.1409,90.2,29.8
2026-06-22T11:00:00,9.401,9.185,21.67,22.48,1.183,1.130,0.4001,0.3911,6.671,5.667,4519.7,3.850,0.1410,90.4,29.8
2026-06-22T12:00:00,8.885,8.547,22.02,23.16,1.215,1.160,0.4313,0.3770,6.710,5.692,4528.2,3.859,0.1415,90.6,29.9
2026-06-22T13:00:00,9.343,9.173,21.96,22.98,1.208,1.157,0.4211,0.3871,6.115,5.719,4537.4,3.863,0.1418,90.7,29.9
2026-06-22T14:00:00,9.687,9.353,21.91,22.82,1.224,1.169,0.4492,0.3779,6.370,5.863,4546.7,3.868,0.1424,90.9,30.0
2026-06-22T15:00:00,9.841,9.672,22.06,22.71,1.211,1.157,0.4227,0.3862,6.993,5.563,4556.4,3.881,0.1428,91.1,30.1
2026-06-22T16:00:00,9.846,9.521,22.67,23.29,1.207,1.153,0.3723,0.3856,6.257,5.888,4565.9,3.885,0.1428,91.3,30.1
2026-06-22T17:00:00,9.762,9.502,22.76,23.53,1.212,1.149,0.4105,0.3886,6.855,5.600,4575.4,3.897,0.1430,91.5,30.2
2026-06-22T18:00:00,8.877,8.686,22.14,22.93,1.227,1.167,0.4020,0.3794,6.905,5.665,4584.1,3.908,0.1432,91.7,30.3
2026-06-22T19:00:00,9.279,9.019,21.22,22.02,1.214,1.164,0.4873,0.3882,6.648,5.568,4593.1,3.917,0.1441,91.9,30.3
2026-06-22T20:00:00,9.265,8.994,21.44,22.56,1.183,1.126,0.3875,0.3877,6.730,5.843,4602.1,3.925,0.1441,92.0,30.4
2026-06-22T21:00:00,8.711,8.684,20.70,21.59,1.183,1.126,0.4244,0.3719,6.563,5.673,4610.8,3.933,0.1445,92.2,30.4
2026-06-22T22:00:00,8.954,8.772,20.18,21.10,1.155,1.088,0.3991,0.3987,6.885,5.776,4619.6,3.943,0.1446,92.4,30.5
2026-06-22T23:00:00,8.594,8.375,19.72,20.15,1.161,1.111,0.3770,0.3838,6.659,5.743,4628.0,3.950,0.1446,92.6,30.5
2026-06-23T00:00:00,8.805,8.698,18.80,19.76,1.122,1.069,0.3838,0.3867,6.942,5.762,4636.7,3.961,0.1446,92.7,30.6
2026-06-23T01:00:00,8.012,7.793,19.01,19.87,1.116,1.065,0.4204,0.3765,6.895,5.569,4644.5,3.971,0.1449,92.9,30.7
2026-06-23T02:00:00,8.234,8.091,18.64,19.64,1.162,1.107,0.4469,0.3904,6.862,5.666,4652.6,3.981,0.1453,93.1,30.7
2026-06-23T03:00:00,8.656,8.456,18.83,19.08,1.194,1.140,0.3983,0.3938,6.623,5.615,4661.0,3.989,0.1454,93.2,30.8
2026-06-23T04:00:00,8.273,8.119,18.70,19.24,1.127,1.055,0.4304,0.3857,6.667,5.724,4669.1,3.997,0.1458,93.4,30.8
2026-06-23T05:00:00,8.532,8.399,19.28,20.35,1.126,1.068,0.3775,0.3817,6.431,5.594,4677.5,4.004,0.1458,93.6,30.9
2026-06-23T06:00:00,8.146,7.921,18.88,20.06,1.160,1.098,0.4076,0.3942,5.949,5.744,4685.4,4.006,0.1459,93.7,30.9
2026-06-23T07:00:00,8.734,8.417,19.30,20.33,1.171,1.105,0.4124,0.3826,6.652,5.706,4693.9,4.013,0.1461,93.9,31.0
2026-06-23T08:00:00,8.738,8.533,20.03,20.84,1.171,1.106,0.4248,0.3858,6.735,5.713,4702.4,4.022,0.1464,94.0,31.0
2026-06-23T09:00:00,9.091,8.894,20.32,20.82,1.174,1.117,0.4331,0.3828,6.662,5.659,4711.3,4.031,0.1469,94.2,31.1
2026-06-23T10:00:00,9.370,9.170,20.77,21.75,1.189,1.127,0.4328,0.3821,7.044,5.799,4720.5,4.043,0.1474,94.4,31.2
2026-06-23T11:00:00,9.693,9.481,21.56,22.76,1.183,1.128,0.4023,0.3966,6.875,5.600,4729.9,4.055,0.1474,94.6,31.2
2026-06-23T12:00:00,9.410,9.091,22.32,23.54,1.201,1.140,0.3928,0.3873,6.515,5.585,4739.0,4.063,0.1475,94.8,31.3
2026-06-23T13:00:00,9.608,9.338,21.95,22.37,1.205,1.149,0.4196,0.3804,6.688,5.692,4748.4,4.072,0.1478,95.0,31.3
2026-06-23T14:00:00,8.776,8.584,22.89,23.51,1.229,1.173,0.4619,0.3845,6.070,5.591,4757.0,4.076,0.1485,95.1,31.4
2026-06-23T15:00:00,9.719,9.540,22.86,23.88,1.213,1.155,0.3985,0.3903,6.334,5.814,4766.5,4.081,0.1486,95.3,31.5
2026-06-23T16:00:00,9.474,9.261,22.15,22.84,1.211,1.159,0.4264,0.3737,6.539,5.964,4775.8,4.087,0.1491,95.5,31.5
2026-06-23T17:00:00,10.140,9.885,22.66,23.52,1.223,1.170,0.3600,0.3877,6.444,5.462,4785.6,4.096,0.1491,95.7,31.6
2026-06-23T18:00:00,9.462,9.190,22.19,22.84,1.221,1.162,0.4486,0.3864,6.888,5.800,4794.8,4.106,0.1496,95.9,31.6
2026-06-23T19:00:00,9.680,9.479,22.20,22.82,1.183,1.123,0.4133,0.3860,6.452,5.699,4804.3,4.114,0.1499,96.1,31.7
2026-06-23T20:00:00,9.091,8.771,21.64,22.59,1.181,1.124,0.3976,0.3922,6.525,5.785,4813.1,4.120,0.1499,96.3,31.8
2026-06-23T21:00:00,8.873,8.706,20.19,21.12,1.163,1.106,0.4316,0.3789,6.426,5.426,4821.8,4.129,0.1504,96.4,31.8
2026-06-23T22:00:00,8.541,8.388,19.30,20.56,1.190,1.137,0.3820,0.3768,6.725,5.752,4830.2,4.137,0.1504,96.6,31.9
2026-06-23T23:00:00,8.494,8.305,19.50,20.53,1.163,1.113,0.4434,0.3967,6.815,5.808,4838.5,4.145,0.1508,96.8,31.9
2026-06-24T00:00:00,8.797,8.631,19.14,19.88,1.144,1.090,0.4078,0.3908,6.351,5.963,4847.1,4.149,0.1510,96.9,32.0
2026-06-24T01:00:00,8.523,8.367,18.56,19.50,1.111,1.047,0.4551,0.3716,6.403,5.615,4855.5,4.155,0.1517,97.1,32.0
2026-06-24T02:00:00,8.393,8.177,18.63,19.53,1.142,1.091,0.4410,0.3940,6.421,5.739,4863.7,4.161,0.1521,97.3,32.1
2026-06-24T03:00:00,8.159,7.861,18.69,19.59,1.135,1.080,0.4177,0.3716,5.803,5.818,4871.5,4.161,0.1524,97.4,32.2
2026-06-24T04:00:00,8.604,8.315,18.77,19.78,1.130,1.075,0.3957,0.3864,7.057,5.618,4879.8,4.173,0.1525,97.6,32.2
2026-06-24T05:00:00,8.188,8.110,18.49,18.98,1.143,1.089,0.4195,0.3868,6.913,5.793,4887.9,4.182,0.1528,97.8,32.3
2026-06-24T06:00:00,8.324,8.074,18.92,19.57,1.165,1.109,0.4172,0.3897,6.503,5.659,4896.0,4.189,0.1530,97.9,32.3
2026-06-24T07:00:00,8.791,8.599,19.03,19.53,1.165,1.093,0.4458,0.3936,6.430,5.794,4904.6,4.194,0.1534,98.1,32.4
2026-06-24T08:00:00,8.618,8.382,19.93,20.64,1.178,1.119,0.4330,0.3754,6.704,5.869,4913.0,4.201,0.1539,98.3,32.4
2026-06-24T09:00:00,8.513,8.303,20.51,21.14,1.187,1.136,0.4409,0.3830,6.266,5.582,4921.3,4.207,0.1544,98.4,32.5
2026-06-24T10:00:00,9.015,8.769,20.79,21.26,1.199,1.134,0.4705,0.3893,6.693,5.727,4930.1,4.215,0.1551,98.6,32.5
2026-06-24T11:00:00,9.049,8.890,21.52,21.95,1.202,1.145,0.3918,0.3870,6.584,5.484,4939.0,4.225,0.1551,98.8,32.6
2026-06-24T12:00:00,9.686,9.374,21.88,22.57,1.233,1.173,0.4211,0.3984,7.087,5.634,4948.3,4.239,0.1554,99.0,32.7
2026-06-24T13:00:00,9.451,9.092,21.95,22.87,1.212,1.158,0.4476,0.3899,6.457,5.444,4957.4,4.248,0.1559,99.1,32.7
2026-06-24T14:00:00,9.437,9.282,22.48,22.93,1.237,1.168,0.4154,0.3874,7.209,5.634,4966.7,4.263,0.1561,99.3,32.8
2026-06-24T15:00:00,10.246,10.113,22.11,22.86,1.225,1.172,0.3803,0.3779,6.996,5.526,4976.8,4.277,0.1562,99.5,32.8
2026-06-24T16:00:00,9.531,9.317,22.09,22.94,1.221,1.166,0.3744,0.3868,6.370,5.598,4986.1,4.285,0.1562,99.7,32.9
2026-06-24T17:00:00,9.656,9.424,22.46,23.23,1.180,1.123,0.4407,0.3883,6.342,5.539,4995.6,4.292,0.1567,99.9,33.0
2026-06-24T18:00:00,9.677,9.465,22.03,22.56,1.220,1.168,0.4217,0.3868,7.041,5.955,5005.0,4.302,0.1570,100.1,33.0
2026-06-24T19:00:00,9.125,8.882,21.85,22.69,1.207,1.148,0.3902,0.3990,6.748,5.678,5013.9,4.312,0.1570,100.3,33.1
2026-06-24T20:00:00,9.004,8.741,21.12,21.63,1.201,1.146,0.3761,0.3842,6.158,5.723,5022.6,4.316,0.1570,100.5,33.1
2026-06-24T21:00:00,9.245,9.013,20.74,21.33,1.178,1.123,0.4420,0.3786,6.735,5.570,5031.7,4.326,0.1576,100.6,33.2
2026-06-24T22:00:00,8.770,8.620,19.95,20.54,1.166,1.111,0.4716,0.3851,6.598,5.528,5040.3,4.335,0.1583,100.8,33.3
2026-06-24T23:00:00,8.480,8.270,20.63,21.30,1.159,1.092,0.4093,0.3712,6.444,5.827,5048.5,4.341,0.1586,101.0,33.3
2026-06-25T00:00:00,8.607,8.316,19.29,20.25,1.141,1.073,0.4437,0.3813,7.098,5.748,5056.9,4.352,0.1591,101.1,33.4
2026-06-25T01:00:00,8.357,8.152,18.96,19.70,1.152,1.099,0.4107,0.3826,6.480,5.690,5065.0,4.358,0.1594,101.3,33.4
2026-06-25T02:00:00,8.273,8.043,18.36,19.07,1.149,1.096,0.4229,0.3930,6.649,5.557,5073.1,4.367,0.1596,101.5,33.5
2026-06-25T03:00:00,8.549,8.308,18.25,19.25,1.145,1.080,0.4115,0.3737,6.625,5.630,5081.4,4.375,0.1599,101.6,33.5
2026-06-25T04:00:00,8.158,7.923,18.11,18.81,1.133,1.080,0.4421,0.3893,6.879,5.670,5089.3,4.385,0.1603,101.8,33.6
2026-06-25T05:00:00,8.305,8.083,18.61,19.19,1.137,1.081,0.4290,0.3977,6.780,5.421,5097.4,4.396,0.1606,101.9,33.6
2026-06-25T06:00:00,8.751,8.460,19.25,20.11,1.153,1.102,0.4175,0.3852,6.646,5.701,5105.8,4.404,0.1609,102.1,33.7
2026-06-25T07:00:00,8.791,8.661,19.54,20.76,1.179,1.128,0.4236,0.3881,7.092,5.682,5114.5,4.416,0.1612,102.3,33.8
2026-06-25T08:00:00,9.124,8.814,20.22,21.32,1.164,1.113,0.3926,0.4007,6.741,5.579,5123.3,4.426,0.1612,102.5,33.8
2026-06-25T09:00:00,9.013,8.819,20.22,20.89,1.173,1.117,0.3996,0.3878,6.633,5.668,5132.1,4.435,0.1613,102.6,33.9
2026-06-25T10:00:00,9.700,9.503,20.73,21.26,1.191,1.136,0.4182,0.3800,6.437,5.920,5141.6,4.440,0.1616,102.8,33.9
2026-06-25T11:00:00,9.528,9.307,21.09,21.98,1.190,1.128,0.4184,0.3839,6.682,5.657,5150.9,4.449,0.1620,103.0,34.0
2026-06-25T12:00:00,9.696,9.432,22.94,24.02,1.222,1.170,0.3954,0.3796,6.668,5.794,5160.4,4.458,0.1621,103.2,34.1
2026-06-25T13:00:00,8.962,8.749,22.65,23.30,1.221,1.158,0.4011,0.4051,6.831,5.692,5169.1,4.467,0.1621,103.4,34.1
2026-06-25T14:00:00,9.509,9.292,22.09,23.07,1.212,1.160,0.4468,0.3900,6.602,5.787,5178.4,4.475,0.1626,103.6,34.2
2026-06-25T15:00:00,9.772,9.488,22.18,23.10,1.221,1.167,0.4628,0.3905,7.023,5.785,5187.9,4.487,0.1633,103.8,34.2
2026-06-25T16:00:00,9.259,9.081,22.79,23.73,1.212,1.161,0.4062,0.3760,6.302,5.682,5197.0,4.492,0.1636,103.9,34.3
2026-06-25T17:00:00,9.353,8.928,21.50,22.26,1.223,1.167,0.4014,0.3898,6.500,5.784,5205.9,4.499,0.1637,104.1,34.4
2026-06-25T18:00:00,9.361,9.306,21.92,22.54,1.205,1.153,0.4147,0.3862,6.440,5.615,5215.2,4.507,0.1640,104.3,34.4
2026-06-25T19:00:00,9.435,9.218,21.34,22.34,1.197,1.146,0.3610,0.3774,6.442,5.597,5224.4,4.514,0.1640,104.5,34.5
2026-06-25T20:00:00,9.200,9.089,21.21,21.85,1.223,1.171,0.4195,0.3899,6.588,5.552,5233.5,4.524,0.1642,104.7,34.5
2026-06-25T21:00:00,8.819,8.674,20.73,21.70,1.186,1.127,0.4184,0.3911,5.935,5.671,5242.2,4.526,0.1645,104.8,34.6
2026-06-25T22:00:00,8.662,8.434,19.80,20.50,1.165,1.114,0.3997,0.3837,6.522,5.665,5250.6,4.533,0.1646,105.0,34.7
2026-06-25T23:00:00,9.041,8.855,19.82,20.79,1.153,1.099,0.4269,0.3820,6.800,5.543,5259.5,4.544,0.1650,105.2,34.7
2026-06-26T00:00:00,8.037,7.786,19.54,20.39,1.180,1.118,0.4021,0.3834,6.536,5.513,5267.3,4.552,0.1652,105.3,34.8
2026-06-26T01:00:00,8.300,8.153,19.58,20.06,1.143,1.088,0.4409,0.3904,7.179,5.644,5275.4,4.565,0.1656,105.5,34.8
2026-06-26T02:00:00,8.141,7.868,18.41,19.38,1.137,1.086,0.4029,0.3743,7.002,5.667,5283.3,4.575,0.1658,105.7,34.9
2026-06-26T03:00:00,8.663,8.553,18.45,19.35,1.119,1.067,0.3855,0.3832,6.614,5.686,5291.8,4.583,0.1658,105.8,34.9
2026-06-26T04:00:00,8.977,8.750,18.79,19.04,1.131,1.079,0.4219,0.3957,6.621,5.537,5300.6,4.593,0.1660,106.0,35.0
2026-06-26T05:00:00,8.636,8.255,18.52,19.56,1.127,1.075,0.4204,0.3765,6.861,5.502,5308.8,4.604,0.1664,106.2,35.0
2026-06-26T06:00:00,8.587,8.375,19.52,20.11,1.159,1.096,0.4594,0.3791,6.313,5.510,5317.2,4.611,0.1671,106.3,35.1
2026-06-26T07:00:00,8.878,8.579,18.80,19.81,1.155,1.104,0.4134,0.3659,6.731,5.571,5325.8,4.621,0.1675,106.5,35.2
2026-06-26T08:00:00,9.041,8.852,18.87,19.58,1.163,1.108,0.4303,0.3884,6.057,5.673,5334.7,4.624,0.1679,106.7,35.2
2026-06-26T09:00:00,8.799,8.412,20.34,21.21,1.182,1.130,0.4615,0.3759,6.521,5.507,5343.1,4.633,0.1686,106.9,35.3
2026-06-26T10:00:00,9.367,9.080,20.58,21.47,1.188,1.129,0.4249,0.3774,6.991,5.718,5352.1,4.644,0.1690,107.0,35.3
2026-06-26T11:00:00,9.533,9.289,21.22,22.22,1.190,1.137,0.4385,0.3841,6.434,5.674,5361.4,4.651,0.1695,107.2,35.4
2026-06-26T12:00:00,9.402,9.189,22.27,22.69,1.198,1.144,0.3870,0.3985,6.694,5.715,5370.6,4.660,0.1695,107.4,35.4
2026-06-26T13:00:00,9.576,9.323,22.04,23.27,1.219,1.168,0.4056,0.3895,6.216,5.639,5379.9,4.666,0.1697,107.6,35.5
2026-06-26T14:00:00,9.195,8.923,21.84,23.08,1.243,1.190,0.4097,0.3786,6.720,5.661,5388.9,4.675,0.1699,107.8,35.6
2026-06-26T15:00:00,9.589,9.403,21.91,22.73,1.231,1.178,0.4748,0.3743,7.093,5.596,5398.3,4.689,0.1709,108.0,35.6
2026-06-26T16:00:00,9.620,9.362,22.21,23.34,1.212,1.158,0.4505,0.3786,6.420,5.578,5407.6,4.697,0.1716,108.2,35.7
2026-06-26T17:00:00,9.379,9.218,22.34,22.60,1.206,1.143,0.4563,0.3898,6.906,5.673,5416.9,4.708,0.1722,108.3,35.8
2026-06-26T18:00:00,9.860,9.613,21.86,22.75,1.209,1.154,0.4186,0.3686,6.366,5.513,5426.5,4.717,0.1727,108.5,35.8
2026-06-26T19:00:00,9.331,9.090,21.10,21.91,1.205,1.153,0.4155,0.4044,6.249,5.634,5435.6,4.722,0.1728,108.7,35.9
2026-06-26T20:00:00,9.320,9.147,21.08,21.85,1.183,1.127,0.4436,0.3915,6.295,5.696,5444.7,4.728,0.1732,108.9,35.9
2026-06-26T21:00:00,9.387,9.219,20.36,20.83,1.162,1.104,0.4119,0.3838,6.645,5.704,5453.9,4.736,0.1735,109.1,36.0
2026-06-26T22:00:00,8.800,8.567,19.78,20.65,1.181,1.131,0.4026,0.3880,6.087,5.696,5462.5,4.740,0.1736,109.2,36.1
2026-06-26T23:00:00,8.884,8.529,19.50,20.30,1.149,1.087,0.3401,0.3858,6.507,5.723,5471.0,4.746,0.1736,109.4,36.1
2026-06-27T00:00:00,8.799,8.609,19.03,19.43,1.167,1.113,0.4308,0.3953,6.295,5.716,5479.6,4.751,0.1739,109.6,36.2
2026-06-27T01:00:00,7.996,7.718,18.72,19.45,1.130,1.071,0.3715,0.3781,6.563,5.654,5487.3,4.758,0.1739,109.7,36.2
2026-06-27T02:00:00,8.934,8.660,18.35,18.77,1.162,1.107,0.4362,0.3910,6.623,5.682,5496.0,4.766,0.1743,109.9,36.3
2026-06-27T03:00:00,8.192,7.991,18.13,19.07,1.136,1.079,0.4130,0.3973,6.812,5.780,5504.0,4.775,0.1744,110.1,36.3
2026-06-27T04:00:00,8.652,8.434,17.84,18.52,1.171,1.118,0.4518,0.3706,6.780,5.582,5512.4,4.785,0.1751,110.2,36.4
2026-06-27T05:00:00,8.372,8.253,19.24,20.58,1.157,1.093,0.3904,0.3744,6.019,5.489,5520.7,4.789,0.1753,110.4,36.4
2026-06-27T06:00:00,8.380,8.219,19.21,19.69,1.159,1.106,0.4379,0.3697,6.557,5.636,5528.9,4.797,0.1758,110.6,36.5
2026-06-27T07:00:00,8.804,8.656,19.59,20.64,1.163,1.111,0.4082,0.3718,6.410,5.627,5537.6,4.804,0.1761,110.8,36.5
2026-06-27T08:00:00,8.445,8.250,19.79,20.56,1.169,1.118,0.4145,0.3857,6.421,5.530,5545.8,4.811,0.1764,110.9,36.6
2026-06-27T09:00:00,9.512,9.239,20.39,21.23,1.182,1.119,0.4172,0.3862,6.328,5.758,5555.0,4.816,0.1767,111.1,36.7
2026-06-27T10:00:00,9.291,9.202,21.19,21.97,1.207,1.153,0.3883,0.3879,6.806,5.604,5564.2,4.827,0.1767,111.3,36.7
2026-06-27T11:00:00,9.023,8.766,21.50,22.27,1.210,1.158,0.3992,0.3878,6.828,5.536,5573.0,4.839,0.1768,111.5,36.8
2026-06-27T12:00:00,9.421,9.268,21.23,22.19,1.209,1.157,0.3963,0.3736,6.708,5.663,5582.3,4.848,0.1770,111.6,36.8
2026-06-27T13:00:00,9.659,9.470,22.51,23.63,1.199,1.140,0.4095,0.3888,7.352,6.009,5591.8,4.861,0.1772,111.8,36.9
2026-06-27T14:00:00,9.624,9.491,21.93,22.57,1.208,1.155,0.4222,0.3951,6.372,5.644,5601.2,4.868,0.1774,112.0,37.0
2026-06-27T15:00:00,9.954,9.598,21.95,22.79,1.217,1.165,0.3908,0.3940,6.433,5.759,5610.8,4.874,0.1774,112.2,37.0
2026-06-27T16:00:00,9.364,9.215,21.99,22.76,1.226,1.174,0.4183,0.3892,6.514,5.693,5620.1,4.882,0.1777,112.4,37.1
2026-06-27T17:00:00,9.372,9.186,22.73,23.43,1.224,1.169,0.4304,0.3805,5.846,5.634,5629.2,4.884,0.1781,112.6,37.2
2026-06-27T18:00:00,9.287,9.024,21.96,22.81,1.205,1.144,0.3986,0.3773,6.338,5.558,5638.3,4.891,0.1783,112.8,37.2
2026-06-27T19:00:00,8.885,8.563,21.08,21.92,1.211,1.160,0.3890,0.3801,6.677,5.555,5646.8,4.901,0.1784,112.9,37.3
2026-06-27T20:00:00,8.936,8.634,21.33,21.91,1.192,1.136,0.3597,0.3892,6.550,5.360,5655.5,4.911,0.1784,113.1,37.3
2026-06-27T21:00:00,9.156,8.985,20.45,20.75,1.190,1.128,0.4150,0.3711,5.668,5.625,5664.4,4.911,0.1788,113.3,37.4
2026-06-27T22:00:00,8.600,8.509,19.24,20.42,1.175,1.115,0.4318,0.3936,6.331,5.649,5673.0,4.917,0.1791,113.5,37.4
2026-06-27T23:00:00,9.280,9.058,19.28,20.39,1.192,1.132,0.3988,0.4058,6.127,5.825,5682.0,4.920,0.1791,113.6,37.5
2026-06-28T00:00:00,8.862,8.592,19.12,19.89,1.182,1.130,0.4029,0.3899,6.262,5.470,5690.6,4.927,0.1792,113.8,37.6
2026-06-28T01:00:00,8.364,8.156,18.56,19.47,1.127,1.068,0.4428,0.3887,6.630,5.537,5698.8,4.935,0.1797,114.0,37.6
2026-06-28T02:00:00,8.206,7.934,17.85,18.64,1.161,1.093,0.4142,0.3916,6.464,5.611,5706.7,4.942,0.1799,114.1,37.7
2026-06-28T03:00:00,8.800,8.544,18.33,19.34,1.106,1.055,0.4745,0.3802,6.547,5.698,5715.2,4.949,0.1807,114.3,37.7
2026-06-28T04:00:00,7.922,7.668,18.40,19.20,1.151,1.097,0.4450,0.3794,6.889,5.924,5722.9,4.957,0.1812,114.5,37.8
2026-06-28T05:00:00,8.571,8.430,18.77,19.65,1.136,1.086,0.4265,0.3720,6.699,5.515,5731.3,4.967,0.1816,114.6,37.8
2026-06-28T06:00:00,8.264,8.193,18.75,19.72,1.130,1.067,0.3815,0.3746,6.541,5.585,5739.5,4.975,0.1817,114.8,37.9
2026-06-28T07:00:00,8.653,8.392,19.49,20.31,1.171,1.115,0.4431,0.3838,5.978,5.730,5747.9,4.977,0.1822,115.0,37.9
2026-06-28T08:00:00,8.477,8.343,19.81,20.79,1.164,1.102,0.3841,0.3948,6.689,5.580,5756.3,4.986,0.1822,115.1,38.0
2026-06-28T09:00:00,8.825,8.528,19.75,20.75,1.165,1.101,0.4365,0.3789,6.617,5.753,5764.8,4.993,0.1827,115.3,38.0
2026-06-28T10:00:00,9.243,8.986,21.02,21.92,1.185,1.111,0.4193,0.3813,6.355,5.691,5773.8,4.999,0.1830,115.5,38.1
2026-06-28T11:00:00,9.226,9.110,21.10,21.86,1.213,1.157,0.4220,0.3889,7.087,5.522,5782.9,5.014,0.1833,115.7,38.2
2026-06-28T12:00:00,9.167,8.847,21.62,22.22,1.210,1.159,0.4046,0.3924,6.959,5.488,5791.7,5.027,0.1834,115.8,38.2
2026-06-28T13:00:00,9.695,9.554,22.64,23.48,1.204,1.152,0.3907,0.3902,6.587,5.487,5801.3,5.037,0.1834,116.0,38.3
2026-06-28T14:00:00,9.660,9.294,22.82,23.72,1.224,1.174,0.4472,0.3764,6.573,5.791,5810.6,5.044,0.1841,116.2,38.3
2026-06-28T15:00:00,9.712,9.504,22.41,23.07,1.225,1.155,0.3952,0.3742,6.105,5.801,5820.1,5.047,0.1843,116.4,38.4
2026-06-28T16:00:00,9.513,9.302,23.25,24.58,1.214,1.161,0.4025,0.3764,6.088,5.627,5829.4,5.052,0.1845,116.6,38.5
2026-06-28T17:00:00,9.072,8.800,21.34,22.32,1.203,1.144,0.4104,0.3802,6.429,5.546,5838.2,5.059,0.1848,116.8,38.5
2026-06-28T18:00:00,9.301,9.186,21.81,22.47,1.201,1.138,0.4068,0.3877,7.185,5.691,5847.4,5.073,0.1850,116.9,38.6
2026-06-28T19:00:00,9.030,8.844,21.92,22.49,1.202,1.139,0.4562,0.3951,6.926,5.753,5856.2,5.083,0.1855,117.1,38.7
2026-06-28T20:00:00,9.078,8.840,20.11,20.99,1.198,1.145,0.4049,0.3704,6.056,5.673,5865.1,5.087,0.1858,117.3,38.7
2026-06-28T21:00:00,8.718,8.512,20.04,20.40,1.197,1.143,0.3665,0.3874,6.405,5.597,5873.6,5.094,0.1858,117.5,38.8
2026-06-28T22:00:00,8.688,8.427,19.86,20.92,1.162,1.112,0.4105,0.3763,6.574,5.804,5882.0,5.100,0.1861,117.6,38.8
2026-06-28T23:00:00,8.715,8.537,18.82,19.51,1.184,1.134,0.3770,0.3834,6.016,5.674,5890.5,5.103,0.1861,117.8,38.9
2026-06-29T00:00:00,8.521,8.263,18.49,19.00,1.155,1.104,0.4214,0.3912,6.878,5.528,5898.8,5.114,0.1864,118.0,38.9
2026-06-29T01:00:00,8.189,7.838,18.59,19.39,1.149,1.090,0.3898,0.3704,6.094,5.451,5906.6,5.119,0.1865,118.1,39.0
2026-06-29T02:00:00,8.541,8.340,18.19,18.47,1.141,1.089,0.4939,0.3924,7.068,5.695,5915.0,5.131,0.1874,118.3,39.0
2026-06-29T03:00:00,8.685,8.400,18.77,19.61,1.126,1.075,0.3865,0.3897,6.818,5.797,5923.4,5.139,0.1874,118.5,39.1
2026-06-29T04:00:00,8.514,8.253,18.08,18.64,1.108,1.050,0.3877,0.3770,6.451,5.698,5931.6,5.146,0.1874,118.6,39.1
2026-06-29T05:00:00,8.328,8.046,18.85,19.15,1.150,1.090,0.4349,0.3837,5.801,5.536,5939.7,5.148,0.1879,118.8,39.2
2026-06-29T06:00:00,8.627,8.438,19.05,20.13,1.167,1.111,0.4019,0.3632,6.791,5.546,5948.1,5.158,0.1882,119.0,39.3
2026-06-29T07:00:00,8.545,8.251,18.90,19.86,1.178,1.126,0.4092,0.3732,6.656,5.772,5956.4,5.165,0.1885,119.1,39.3
2026-06-29T08:00:00,8.862,8.525,20.01,20.47,1.167,1.099,0.3985,0.3811,5.994,5.732,5964.9,5.168,0.1886,119.3,39.4
2026-06-29T09:00:00,8.739,8.680,20.20,20.84,1.199,1.146,0.4192,0.3760,6.468,5.500,5973.6,5.176,0.1890,119.5,39.4
2026-06-29T10:00:00,9.395,9.192,21.38,22.34,1.200,1.143,0.4687,0.3822,6.918,5.391,5982.8,5.190,0.1898,119.7,39.5
2026-06-29T11:00:00,9.017,8.874,21.37,21.89,1.194,1.139,0.4127,0.3850,6.650,5.942,5991.6,5.196,0.1900,119.8,39.5
2026-06-29T12:00:00,10.034,9.768,22.04,22.90,1.192,1.136,0.4310,0.3936,6.335,5.540,6001.4,5.204,0.1904,120.0,39.6
2026-06-29T13:00:00,10.048,9.663,21.95,22.92,1.219,1.168,0.4207,0.3719,7.160,5.563,6011.1,5.220,0.1909,120.2,39.7
2026-06-29T14:00:00,9.470,9.324,21.62,22.88,1.219,1.169,0.4488,0.3934,6.394,5.870,6020.4,5.225,0.1914,120.4,39.7
2026-06-29T15:00:00,9.327,9.021,22.00,22.55,1.225,1.172,0.3922,0.3860,6.098,5.500,6029.4,5.230,0.1915,120.6,39.8
2026-06-29T16:00:00,9.278,9.033,21.66,22.18,1.216,1.165,0.4356,0.3960,6.186,5.663,6038.4,5.235,0.1918,120.8,39.9
2026-06-29T17:00:00,9.696,9.300,21.72,22.32,1.215,1.147,0.4000,0.3937,6.454,5.666,6047.7,5.242,0.1919,121.0,39.9
2026-06-29T18:00:00,9.407,9.164,21.24,22.16,1.198,1.147,0.3988,0.3992,6.746,5.717,6056.9,5.251,0.1919,121.1,40.0
2026-06-29T19:00:00,9.316,9.045,20.49,21.51,1.170,1.119,0.4300,0.3907,6.474,5.459,6066.0,5.261,0.1922,121.3,40.0
2026-06-29T20:00:00,9.356,9.166,21.55,22.35,1.202,1.146,0.4790,0.3850,6.937,5.683,6075.1,5.272,0.1931,121.5,40.1
2026-06-29T21:00:00,9.208,8.945,20.02,20.67,1.188,1.134,0.3890,0.3837,6.786,5.359,6084.1,5.285,0.1931,121.7,40.2
2026-06-29T22:00:00,9.063,8.902,19.67,20.39,1.180,1.129,0.4152,0.3879,6.253,5.482,6093.0,5.292,0.1934,121.9,40.2
2026-06-29T23:00:00,7.952,7.698,18.69,19.34,1.150,1.092,0.3999,0.3933,6.484,5.620,6100.7,5.298,0.1934,122.0,40.3
2026-06-30T00:00:00,8.545,8.336,18.80,19.73,1.159,1.106,0.4809,0.3925,6.596,5.439,6109.0,5.308,0.1942,122.2,40.3
2026-06-30T01:00:00,8.264,8.008,18.29,19.13,1.148,1.089,0.4072,0.3829,6.921,5.314,6117.0,5.321,0.1944,122.3,40.4
2026-06-30T02:00:00,8.410,8.166,18.16,18.94,1.122,1.069,0.4090,0.3666,7.381,5.787,6125.2,5.334,0.1947,122.5,40.4
2026-06-30T03:00:00,8.722,8.450,17.94,18.84,1.111,1.059,0.4448,0.3780,6.399,5.633,6133.6,5.340,0.1953,122.7,40.5
2026-06-30T04:00:00,8.554,8.445,18.51,19.43,1.155,1.104,0.4206,0.3905,6.508,5.508,6142.1,5.349,0.1955,122.8,40.5
2026-06-30T05:00:00,8.717,8.583,18.43,19.27,1.151,1.095,0.4125,0.3794,6.434,5.652,6150.7,5.355,0.1958,123.0,40.6
2026-06-30T06:00:00,8.317,8.115,18.64,19.72,1.158,1.105,0.4078,0.3931,6.683,5.613,6158.8,5.364,0.1959,123.2,40.6
2026-06-30T07:00:00,8.263,8.021,19.51,20.79,1.171,1.102,0.4037,0.3652,6.424,5.525,6166.8,5.371,0.1962,123.3,40.7
2026-06-30T08:00:00,8.815,8.630,19.50,20.24,1.182,1.128,0.3998,0.3848,6.488,5.517,6175.4,5.380,0.1964,123.5,40.8
2026-06-30T09:00:00,8.637,8.317,19.70,20.46,1.181,1.122,0.4260,0.3691,6.207,5.527,6183.7,5.385,0.1968,123.7,40.8
2026-06-30T10:00:00,9.574,9.403,21.46,22.23,1.165,1.102,0.4579,0.3788,6.709,5.365,6193.1,5.398,0.1976,123.9,40.9
2026-06-30T11:00:00,9.007,8.843,21.56,22.37,1.201,1.145,0.4476,0.3719,6.284,5.619,6202.0,5.404,0.1983,124.0,40.9
2026-06-30T12:00:00,9.350,9.098,21.97,22.99,1.209,1.151,0.4347,0.3927,6.440,5.459,6211.1,5.413,0.1986,124.2,41.0
2026-06-30T13:00:00,9.693,9.564,22.11,22.88,1.220,1.159,0.3892,0.3754,7.287,5.350,6220.6,5.431,0.1988,124.4,41.1
2026-06-30T14:00:00,8.946,8.791,21.83,22.41,1.217,1.163,0.4293,0.3839,6.760,5.492,6229.4,5.443,0.1992,124.6,41.1
2026-06-30T15:00:00,9.826,9.457,22.17,23.05,1.244,1.191,0.4217,0.3865,6.970,5.598,6238.9,5.456,0.1995,124.8,41.2
2026-06-30T16:00:00,9.102,8.780,22.21,22.91,1.207,1.157,0.4012,0.3803,6.529,5.517,6247.7,5.464,0.1997,125.0,41.2
2026-06-30T17:00:00,9.647,9.307,21.95,22.80,1.232,1.172,0.4010,0.3771,6.477,5.557,6257.0,5.473,0.1999,125.1,41.3
2026-06-30T18:00:00,9.510,9.288,21.16,22.31,1.213,1.160,0.4905,0.3864,6.750,5.611,6266.3,5.484,0.2009,125.3,41.4
2026-06-30T19:00:00,9.383,9.183,21.11,22.04,1.187,1.133,0.4512,0.3892,7.376,5.661,6275.5,5.499,0.2014,125.5,41.4
2026-06-30T20:00:00,9.427,9.304,20.65,21.17,1.206,1.156,0.4009,0.3852,5.920,5.464,6284.8,5.504,0.2016,125.7,41.5
2026-06-30T21:00:00,9.017,8.763,19.83,20.56,1.197,1.135,0.4509,0.3910,6.946,5.556,6293.5,5.516,0.2021,125.9,41.5
2026-06-30T22:00:00,8.804,8.516,19.17,20.23,1.170,1.113,0.4296,0.3821,6.174,5.604,6302.0,5.521,0.2025,126.0,41.6
2026-06-30T23:00:00,8.988,8.780,18.90,19.70,1.157,1.102,0.4149,0.3857,6.538,5.556,6310.8,5.529,0.2028,126.2,41.7
2026-07-01T00:00:00,8.647,8.378,18.33,18.89,1.154,1.098,0.4008,0.3729,6.978,5.496,6319.2,5.542,0.2030,126.4,41.7
2026-07-01T01:00:00,8.651,8.453,18.14,18.98,1.144,1.092,0.4136,0.3881,6.874,5.523,6327.6,5.553,0.2032,126.6,41.8
2026-07-01T02:00:00,8.871,8.562,18.02,18.80,1.133,1.079,0.4554,0.3844,6.236,5.631,6336.2,5.558,0.2038,126.7,41.8
2026-07-01T03:00:00,8.444,8.211,18.01,18.79,1.151,1.101,0.4613,0.3767,6.465,5.684,6344.4,5.565,0.2045,126.9,41.9
2026-07-01T04:00:00,8.757,8.565,18.67,19.30,1.127,1.069,0.4737,0.3681,6.530,5.418,6353.0,5.574,0.2054,127.1,41.9
2026-07-01T05:00:00,8.669,8.441,18.17,19.14,1.169,1.115,0.4265,0.3885,6.866,5.596,6361.4,5.585,0.2057,127.2,42.0
2026-07-01T06:00:00,9.090,8.859,18.48,19.24,1.135,1.081,0.4639,0.3892,6.234,5.424,6370.3,5.592,0.2064,127.4,42.0
2026-07-01T07:00:00,8.118,7.873,19.10,19.77,1.142,1.091,0.4052,0.3839,6.377,5.625,6378.2,5.598,0.2066,127.6,42.1
2026-07-01T08:00:00,9.127,8.820,19.66,20.41,1.180,1.122,0.4266,0.3759,6.523,5.523,6387.0,5.607,0.2070,127.7,42.2
2026-07-01T09:00:00,8.629,8.469,19.57,20.58,1.190,1.135,0.4294,0.3802,6.249,5.771,6395.4,5.611,0.2074,127.9,42.2
2026-07-01T10:00:00,9.253,9.055,21.78,22.68,1.215,1.164,0.3990,0.3779,6.577,5.604,6404.5,5.620,0.2076,128.1,42.3
2026-07-01T11:00:00,9.270,9.046,20.93,22.02,1.221,1.169,0.4385,0.3839,6.406,5.510,6413.6,5.628,0.2081,128.3,42.3
2026-07-01T12:00:00,9.460,9.153,21.17,21.61,1.219,1.168,0.4637,0.3732,6.624,5.654,6422.7,5.637,0.2090,128.5,42.4
2026-07-01T13:00:00,9.537,9.311,21.63,22.46,1.210,1.158,0.4209,0.3771,6.478,5.535,6432.0,5.645,0.2094,128.6,42.5
2026-07-01T14:00:00,9.575,9.367,22.36,23.32,1.173,1.121,0.4243,0.3865,6.392,5.540,6441.4,5.653,0.2097,128.8,42.5
2026-07-01T15:00:00,9.203,9.071,22.59,23.26,1.186,1.124,0.3745,0.3695,6.414,5.722,6450.5,5.660,0.2098,129.0,42.6
2026-07-01T16:00:00,9.702,9.544,22.01,22.59,1.206,1.151,0.4135,0.3662,6.451,5.381,6460.0,5.670,0.2102,129.2,42.6
2026-07-01T17:00:00,9.825,9.607,21.59,22.35,1.244,1.177,0.4247,0.3910,6.444,5.380,6469.6,5.680,0.2105,129.4,42.7
2026-07-01T18:00:00,9.625,9.235,20.88,21.61,1.205,1.144,0.4144,0.3665,6.842,5.527,6478.8,5.692,0.2110,129.6,42.8
2026-07-01T19:00:00,9.006,8.869,21.22,22.22,1.186,1.132,0.4090,0.3729,6.179,5.750,6487.7,5.696,0.2113,129.8,42.8
2026-07-01T20:00:00,8.988,8.733,20.59,21.70,1.204,1.152,0.3948,0.3816,6.894,5.749,6496.4,5.706,0.2114,129.9,42.9
2026-07-01T21:00:00,8.901,8.812,20.17,21.03,1.199,1.137,0.3875,0.3701,7.168,5.572,6505.3,5.720,0.2116,130.1,42.9
2026-07-01T22:00:00,8.625,8.382,20.20,20.91,1.170,1.120,0.3894,0.3668,6.339,5.507,6513.6,5.727,0.2118,130.3,43.0
2026-07-01T23:00:00,8.824,8.631,18.77,19.58,1.162,1.104,0.4761,0.3776,6.003,5.715,6522.3,5.730,0.2126,130.4,43.0
2026-07-02T00:00:00,8.277,8.159,18.32,19.19,1.161,1.106,0.3842,0.3606,5.945,5.452,6530.4,5.734,0.2128,130.6,43.1
2026-07-02T01:00:00,8.803,8.617,18.37,19.16,1.158,1.103,0.4368,0.3733,6.464,5.568,6539.0,5.741,0.2133,130.8,43.2
2026-07-02T02:00:00,8.442,8.293,18.14,19.01,1.157,1.100,0.4090,0.3737,6.971,5.851,6547.3,5.751,0.2136,130.9,43.2
2026-07-02T03:00:00,8.796,8.640,18.59,19.55,1.160,1.102,0.4043,0.3960,6.531,5.522,6556.0,5.759,0.2137,131.1,43.3
2026-07-02T04:00:00,8.497,8.226,18.13,18.75,1.155,1.102,0.3557,0.3769,6.814,5.414,6564.2,5.771,0.2137,131.3,43.3
2026-07-02T05:00:00,8.553,8.355,17.75,18.48,1.163,1.112,0.4469,0.3914,6.654,5.484,6572.6,5.781,0.2142,131.5,43.4
2026-07-02T06:00:00,8.229,8.175,18.62,19.31,1.151,1.097,0.4260,0.3868,6.621,5.607,6580.7,5.789,0.2145,131.6,43.4
2026-07-02T07:00:00,8.856,8.609,18.99,19.53,1.130,1.079,0.4487,0.3835,6.815,5.522,6589.3,5.800,0.2151,131.8,43.5
2026-07-02T08:00:00,8.368,8.109,19.21,20.13,1.156,1.099,0.4436,0.3773,6.341,5.652,6597.4,5.806,0.2156,131.9,43.5
2026-07-02T09:00:00,8.603,8.362,20.67,21.70,1.172,1.108,0.4352,0.3848,6.265,5.049,6605.8,5.816,0.2160,132.1,43.6
2026-07-02T10:00:00,8.857,8.685,20.40,21.32,1.175,1.118,0.4026,0.3790,7.051,5.454,6614.5,5.830,0.2162,132.3,43.7
2026-07-02T11:00:00,9.058,8.745,20.78,21.96,1.174,1.124,0.4654,0.3653,6.695,5.573,6623.2,5.839,0.2171,132.5,43.7
2026-07-02T12:00:00,9.714,9.375,21.72,22.31,1.209,1.157,0.4028,0.3717,6.664,5.540,6632.6,5.850,0.2174,132.7,43.8
2026-07-02T13:00:00,9.258,8.927,21.62,22.30,1.192,1.140,0.4084,0.3930,6.271,5.409,6641.5,5.858,0.2175,132.8,43.8
2026-07-02T14:00:00,9.628,9.342,21.63,22.22,1.197,1.143,0.4327,0.3795,5.966,5.314,6650.9,5.864,0.2180,133.0,43.9
2026-07-02T15:00:00,9.506,9.319,21.47,21.20,1.236,1.182,0.4141,0.3984,6.072,5.473,6660.2,5.869,0.2182,133.2,44.0
2026-07-02T16:00:00,9.902,9.535,21.99,22.71,1.225,1.175,0.4022,0.3814,6.522,5.652,6669.7,5.878,0.2184,133.4,44.0
2026-07-02T17:00:00,9.574,9.423,21.69,22.51,1.181,1.129,0.4422,0.3915,6.214,5.410,6679.2,5.885,0.2188,133.6,44.1
2026-07-02T18:00:00,9.366,9.074,20.76,22.04,1.194,1.140,0.4133,0.3683,6.623,5.748,6688.2,5.893,0.2193,133.8,44.1
2026-07-02T19:00:00,9.436,9.123,21.65,22.76,1.199,1.135,0.4490,0.3870,5.962,5.383,6697.4,5.898,0.2198,133.9,44.2
2026-07-02T20:00:00,9.115,8.827,21.61,22.24,1.178,1.115,0.4300,0.3877,6.281,5.384,6706.2,5.906,0.2202,134.1,44.3
2026-07-02T21:00:00,9.198,8.939,19.63,20.95,1.184,1.131,0.3967,0.3791,6.623,5.697,6715.1,5.915,0.2204,134.3,44.3
2026-07-02T22:00:00,8.929,8.565,19.75,20.25,1.173,1.117,0.4318,0.3751,6.430,5.684,6723.7,5.921,0.2208,134.5,44.4
2026-07-02T23:00:00,8.602,8.374,18.63,19.16,1.142,1.089,0.4048,0.3751,6.180,5.596,6732.1,5.926,0.2211,134.6,44.4
2026-07-03T00:00:00,8.294,8.100,17.85,18.53,1.131,1.079,0.4566,0.3763,6.773,5.581,6740.2,5.936,0.2217,134.8,44.5
2026-07-03T01:00:00,8.741,8.387,18.50,18.90,1.141,1.073,0.3977,0.3773,6.376,5.705,6748.5,5.941,0.2219,135.0,44.5
2026-07-03T02:00:00,8.638,8.481,18.38,19.29,1.139,1.085,0.4133,0.3878,6.450,5.513,6757.0,5.949,0.2221,135.1,44.6
2026-07-03T03:00:00,8.296,8.045,17.22,17.90,1.137,1.087,0.4313,0.3897,6.848,5.488,6765.1,5.960,0.2225,135.3,44.6
2026-07-03T04:00:00,8.288,8.152,17.34,18.11,1.154,1.098,0.4246,0.3814,6.522,5.415,6773.2,5.969,0.2228,135.5,44.7
2026-07-03T05:00:00,8.890,8.729,18.45,19.25,1.149,1.095,0.4401,0.3760,6.544,5.445,6782.0,5.979,0.2234,135.6,44.8
2026-07-03T06:00:00,8.401,8.299,19.14,19.39,1.134,1.069,0.3856,0.3802,6.288,5.602,6790.3,5.984,0.2234,135.8,44.8
2026-07-03T07:00:00,8.525,8.284,18.54,18.70,1.158,1.095,0.4396,0.3713,6.075,5.511,6798.5,5.989,0.2240,136.0,44.9
2026-07-03T08:00:00,8.810,8.536,19.26,19.76,1.155,1.103,0.3976,0.3955,6.142,5.605,6807.1,5.994,0.2240,136.1,44.9
2026-07-03T09:00:00,8.766,8.488,20.15,20.61,1.175,1.121,0.4133,0.3690,6.256,5.684,6815.6,5.999,0.2244,136.3,45.0
2026-07-03T10:00:00,9.337,9.075,20.12,20.41,1.187,1.136,0.4109,0.3922,6.419,5.208,6824.6,6.010,0.2245,136.5,45.0
2026-07-03T11:00:00,8.850,8.696,21.11,21.88,1.181,1.122,0.4209,0.3694,6.181,5.620,6833.3,6.014,0.2250,136.7,45.1
2026-07-03T12:00:00,9.362,8.974,21.10,21.99,1.199,1.143,0.4087,0.3757,6.073,5.469,6842.3,6.020,0.2253,136.8,45.2
2026-07-03T13:00:00,9.114,8.864,22.28,23.29,1.197,1.144,0.3944,0.3871,6.446,5.409,6851.2,6.029,0.2254,137.0,45.2
2026-07-03T14:00:00,10.219,10.041,22.22,23.51,1.226,1.171,0.4117,0.3805,6.417,5.605,6861.2,6.037,0.2257,137.2,45.3
2026-07-03T15:00:00,9.458,9.220,21.83,22.50,1.237,1.170,0.4229,0.3807,6.912,5.683,6870.4,6.049,0.2261,137.4,45.3
2026-07-03T16:00:00,9.909,9.588,21.58,22.50,1.229,1.177,0.4169,0.3922,6.408,5.460,6880.0,6.058,0.2263,137.6,45.4
2026-07-03T17:00:00,9.018,8.858,21.49,22.63,1.212,1.142,0.3848,0.3910,6.638,5.553,6888.9,6.067,0.2263,137.8,45.5
2026-07-03T18:00:00,10.229,9.910,20.92,21.65,1.201,1.148,0.4251,0.3792,6.747,5.596,6898.8,6.079,0.2267,138.0,45.5
2026-07-03T19:00:00,9.246,9.032,20.86,21.91,1.218,1.160,0.4784,0.3794,6.345,5.458,6907.8,6.087,0.2276,138.2,45.6
2026-07-03T20:00:00,9.150,8.851,20.04,20.55,1.202,1.137,0.4085,0.3832,6.454,5.401,6916.7,6.096,0.2279,138.3,45.7
2026-07-03T21:00:00,8.520,8.390,19.83,20.78,1.166,1.104,0.4873,0.3841,6.576,5.395,6925.1,6.106,0.2287,138.5,45.7
2026-07-03T22:00:00,8.950,8.776,19.49,20.22,1.204,1.149,0.4376,0.3890,6.484,5.246,6933.8,6.117,0.2292,138.7,45.8
2026-07-03T23:00:00,8.727,8.416,19.33,20.10,1.159,1.107,0.4142,0.3752,6.454,5.161,6942.3,6.128,0.2295,138.8,45.8
2026-07-04T00:00:00,8.138,7.758,17.72,18.99,1.163,1.095,0.3788,0.3696,7.021,5.492,6950.0,6.139,0.2296,139.0,45.9
2026-07-04T01:00:00,8.524,8.304,17.84,18.61,1.167,1.107,0.4527,0.3821,6.556,5.321,6958.3,6.150,0.2301,139.2,45.9
2026-07-04T02:00:00,8.964,8.738,18.61,19.10,1.129,1.077,0.4287,0.3791,6.364,5.342,6967.1,6.159,0.2306,139.3,46.0
2026-07-04T03:00:00,8.547,8.419,18.14,19.26,1.152,1.098,0.4307,0.3877,6.856,5.495,6975.5,6.170,0.2309,139.5,46.0
2026-07-04T04:00:00,7.954,7.666,17.60,18.87,1.144,1.086,0.3973,0.3913,6.414,5.316,6983.1,6.179,0.2310,139.7,46.1
2026-07-04T05:00:00,8.445,8.188,17.86,18.76,1.147,1.093,0.4396,0.3841,6.660,5.506,6991.3,6.188,0.2314,139.8,46.1
2026-07-04T06:00:00,8.842,8.690,18.73,19.56,1.170,1.118,0.4225,0.3674,6.901,5.577,7000.0,6.200,0.2319,140.0,46.2
2026-07-04T07:00:00,8.647,8.356,18.18,18.91,1.182,1.131,0.4114,0.3736,6.683,5.585,7008.4,6.209,0.2322,140.2,46.3
2026-07-04T08:00:00,8.846,8.589,19.85,20.53,1.153,1.096,0.4261,0.3902,5.957,5.494,7017.0,6.213,0.2325,140.3,46.3
2026-07-04T09:00:00,8.527,8.277,20.31,21.06,1.192,1.124,0.4352,0.3795,6.813,5.409,7025.2,6.224,0.2330,140.5,46.4
2026-07-04T10:00:00,9.570,9.357,20.03,20.86,1.198,1.145,0.4508,0.3792,6.725,5.758,7034.6,6.233,0.2337,140.7,46.4
2026-07-04T11:00:00,9.368,9.221,20.56,21.33,1.235,1.182,0.3897,0.3871,6.066,5.561,7043.8,6.238,0.2337,140.9,46.5
2026-07-04T12:00:00,9.566,9.392,21.68,22.29,1.194,1.141,0.4361,0.3864,6.631,5.531,7053.2,6.248,0.2342,141.1,46.6
2026-07-04T13:00:00,9.481,9.214,21.63,22.59,1.237,1.181,0.3951,0.3730,6.097,5.467,7062.4,6.254,0.2344,141.2,46.6
2026-07-04T14:00:00,9.668,9.335,22.58,23.18,1.212,1.151,0.3907,0.3672,6.752,5.321,7071.8,6.267,0.2346,141.4,46.7
2026-07-04T15:00:00,9.823,9.534,22.24,23.05,1.245,1.192,0.3806,0.3782,6.185,5.517,7081.3,6.274,0.2346,141.6,46.7
2026-07-04T16:00:00,9.689,9.514,20.88,21.63,1.206,1.151,0.4185,0.3621,6.593,5.636,7090.8,6.283,0.2352,141.8,46.8
2026-07-04T17:00:00,9.616,9.350,21.92,22.46,1.221,1.167,0.4308,0.3750,6.703,5.319,7100.2,6.296,0.2357,142.0,46.9
2026-07-04T18:00:00,9.655,9.416,21.21,22.02,1.198,1.135,0.4449,0.3811,6.422,5.583,7109.6,6.304,0.2363,142.2,46.9
2026-07-04T19:00:00,8.993,8.759,20.43,20.98,1.180,1.124,0.4229,0.3740,6.311,5.768,7118.3,6.309,0.2367,142.4,47.0
2026-07-04T20:00:00,9.021,8.790,20.18,21.44,1.165,1.111,0.4015,0.3839,6.221,5.612,7127.1,6.314,0.2369,142.5,47.0
2026-07-04T21:00:00,8.944,8.595,19.80,20.78,1.192,1.133,0.4203,0.3868,5.934,5.483,7135.7,6.318,0.2371,142.7,47.1
2026-07-04T22:00:00,8.603,8.374,18.66,19.58,1.161,1.106,0.3955,0.3707,6.317,5.404,7144.1,6.325,0.2374,142.9,47.2
2026-07-04T23:00:00,8.772,8.614,18.72,19.16,1.137,1.082,0.4238,0.3804,6.199,5.418,7152.7,6.332,0.2377,143.1,47.2
2026-07-05T00:00:00,8.545,8.314,18.82,19.71,1.133,1.082,0.4199,0.3842,6.516,5.573,7161.0,6.340,0.2380,143.2,47.3
2026-07-05T01:00:00,8.411,8.253,17.81,18.44,1.167,1.104,0.4078,0.3745,6.297,5.442,7169.3,6.347,0.2383,143.4,47.3
2026-07-05T02:00:00,7.954,7.715,18.29,18.69,1.144,1.093,0.4397,0.3668,6.404,5.700,7177.0,6.352,0.2389,143.5,47.4
2026-07-05T03:00:00,8.812,8.550,17.48,18.29,1.150,1.089,0.4572,0.3756,6.098,5.442,7185.5,6.358,0.2396,143.7,47.4
2026-07-05T04:00:00,8.689,8.539,17.57,18.47,1.105,1.050,0.4705,0.3777,6.338,5.473,7194.1,6.365,0.2403,143.9,47.5
2026-07-05T05:00:00,8.544,8.390,17.44,18.47,1.170,1.113,0.4095,0.3882,5.987,5.499,7202.5,6.370,0.2405,144.0,47.5
2026-07-05T06:00:00,8.631,8.299,18.44,19.29,1.159,1.101,0.4338,0.3995,6.635,5.709,7210.8,6.377,0.2408,144.2,47.6
2026-07-05T07:00:00,8.380,8.206,18.72,19.47,1.204,1.145,0.4478,0.3877,6.535,5.615,7219.0,6.385,0.2413,144.4,47.6
2026-07-05T08:00:00,8.692,8.408,19.47,19.89,1.182,1.121,0.4153,0.3809,6.918,5.634,7227.4,6.396,0.2416,144.5,47.7
2026-07-05T09:00:00,9.706,9.464,19.53,20.35,1.186,1.125,0.4034,0.3738,5.836,5.402,7236.8,6.400,0.2419,144.7,47.8
2026-07-05T10:00:00,8.987,8.782,20.90,21.59,1.175,1.119,0.4462,0.3790,6.602,5.599,7245.6,6.409,0.2425,144.9,47.8
2026-07-05T11:00:00,9.040,8.848,21.62,22.68,1.179,1.110,0.3800,0.3742,7.034,5.559,7254.5,6.422,0.2425,145.1,47.9
2026-07-05T12:00:00,8.860,8.608,20.56,21.69,1.205,1.140,0.4309,0.3832,6.969,5.789,7263.1,6.432,0.2429,145.3,47.9
2026-07-05T13:00:00,9.969,9.772,21.02,21.42,1.237,1.187,0.4235,0.3844,6.168,5.475,7272.9,6.438,0.2433,145.5,48.0
2026-07-05T14:00:00,9.456,9.228,21.62,22.71,1.217,1.159,0.4556,0.3871,6.981,5.581,7282.1,6.451,0.2439,145.6,48.1
2026-07-05T15:00:00,10.064,9.801,21.36,22.23,1.218,1.167,0.4137,0.3639,6.407,5.486,7291.9,6.460,0.2444,145.8,48.1
2026-07-05T16:00:00,9.770,9.609,21.57,22.50,1.207,1.152,0.3915,0.3828,6.805,5.807,7301.5,6.470,0.2445,146.0,48.2
2026-07-05T17:00:00,9.307,9.037,21.45,22.21,1.213,1.161,0.3709,0.3835,6.344,5.540,7310.5,6.477,0.2445,146.2,48.2
2026-07-05T18:00:00,9.402,9.089,20.77,21.05,1.232,1.170,0.3921,0.3926,6.745,5.458,7319.6,6.489,0.2445,146.4,48.3
2026-07-05T19:00:00,9.151,8.931,20.62,21.36,1.176,1.114,0.3615,0.3695,6.096,5.622,7328.5,6.493,0.2445,146.6,48.4
2026-07-05T20:00:00,9.054,8.694,20.41,21.07,1.160,1.108,0.4163,0.3778,6.170,5.458,7337.2,6.499,0.2448,146.7,48.4
2026-07-05T21:00:00,9.412,9.221,19.71,20.37,1.182,1.127,0.4254,0.3805,6.611,5.545,7346.5,6.509,0.2453,146.9,48.5
2026-07-05T22:00:00,8.686,8.512,19.06,19.80,1.158,1.107,0.3892,0.3718,6.794,5.490,7355.0,6.520,0.2454,147.1,48.5
2026-07-05T23:00:00,9.095,8.855,19.32,20.07,1.170,1.117,0.4157,0.3745,6.651,5.513,7363.8,6.530,0.2458,147.3,48.6
2026-07-06T00:00:00,8.738,8.449,17.91,19.01,1.172,1.117,0.4273,0.3713,6.374,5.650,7372.3,6.537,0.2462,147.4,48.7
2026-07-06T01:00:00,8.604,8.434,17.66,18.30,1.122,1.069,0.4211,0.3917,6.429,5.541,7380.7,6.544,0.2465,147.6,48.7
2026-07-06T02:00:00,8.392,8.257,17.63,18.41,1.144,1.092,0.4167,0.3699,6.191,5.612,7389.0,6.549,0.2469,147.8,48.8
2026-07-06T03:00:00,8.797,8.528,17.99,18.19,1.167,1.112,0.3842,0.3685,7.148,5.695,7397.5,6.561,0.2470,147.9,48.8
2026-07-06T04:00:00,7.894,7.608,17.23,17.96,1.136,1.083,0.3798,0.3822,6.186,5.564,7405.1,6.566,0.2470,148.1,48.9
2026-07-06T05:00:00,8.390,8.120,18.44,19.22,1.173,1.113,0.4407,0.3843,6.502,5.460,7413.2,6.574,0.2475,148.3,48.9
2026-07-06T06:00:00,8.424,8.149,18.59,19.48,1.195,1.133,0.4706,0.3773,6.155,5.385,7421.4,6.581,0.2482,148.4,49.0
2026-07-06T07:00:00,8.290,7.938,18.48,19.28,1.161,1.106,0.4158,0.3695,6.606,5.701,7429.3,6.588,0.2486,148.6,49.0
2026-07-06T08:00:00,8.733,8.546,18.83,19.49,1.176,1.121,0.4218,0.3938,6.104,5.667,7437.9,6.592,0.2488,148.8,49.1
2026-07-06T09:00:00,9.296,9.160,19.33,20.27,1.192,1.132,0.3891,0.3807,7.003,5.395,7447.0,6.606,0.2489,148.9,49.2
2026-07-06T10:00:00,9.755,9.544,19.77,20.30,1.180,1.124,0.4047,0.3841,5.902,5.617,7456.6,6.609,0.2491,149.1,49.2
2026-07-06T11:00:00,8.731,8.501,19.98,21.06,1.182,1.123,0.3941,0.3751,7.098,5.478,7465.1,6.623,0.2493,149.3,49.3
2026-07-06T12:00:00,9.987,9.610,21.64,22.51,1.176,1.119,0.4367,0.3724,6.674,5.679,7474.7,6.632,0.2499,149.5,49.3
2026-07-06T13:00:00,9.170,9.097,20.98,21.93,1.209,1.158,0.4394,0.3768,5.827,5.338,7483.8,6.637,0.2505,149.7,49.4
2026-07-06T14:00:00,9.639,9.460,21.54,22.13,1.213,1.154,0.4142,0.3695,7.036,5.212,7493.2,6.654,0.2509,149.9,49.5
2026-07-06T15:00:00,9.398,9.169,21.43,22.43,1.225,1.171,0.4545,0.3703,6.440,5.445,7502.4,6.663,0.2517,150.0,49.5
2026-07-06T16:00:00,10.055,9.864,21.31,21.65,1.216,1.164,0.4102,0.3737,6.141,5.344,7512.3,6.671,0.2520,150.2,49.6
2026-07-06T17:00:00,9.624,9.435,21.12,22.20,1.238,1.183,0.4522,0.3821,6.482,5.347,7521.7,6.682,0.2527,150.4,49.6
2026-07-06T18:00:00,9.626,9.334,20.36,20.89,1.224,1.161,0.4226,0.3825,6.192,5.470,7531.0,6.689,0.2531,150.6,49.7
2026-07-06T19:00:00,9.232,9.018,20.86,21.60,1.204,1.148,0.4161,0.3750,6.315,5.416,7540.1,6.697,0.2534,150.8,49.8
2026-07-06T20:00:00,8.865,8.616,20.13,21.08,1.178,1.114,0.4793,0.3784,6.715,5.638,7548.7,6.706,0.2543,151.0,49.8
2026-07-06T21:00:00,8.868,8.588,19.29,20.29,1.191,1.141,0.4039,0.3683,6.526,5.393,7557.3,6.716,0.2546,151.1,49.9
2026-07-06T22:00:00,8.872,8.651,18.97,19.72,1.182,1.121,0.4125,0.3714,6.291,5.232,7565.9,6.725,0.2550,151.3,49.9
2026-07-06T23:00:00,8.694,8.456,19.33,19.75,1.139,1.084,0.4310,0.3818,6.775,5.429,7574.4,6.736,0.2554,151.5,50.0
2026-07-07T00:00:00,8.368,8.083,17.54,18.55,1.127,1.076,0.4344,0.3717,6.270,5.649,7582.4,6.741,0.2559,151.6,50.0
2026-07-07T01:00:00,8.404,8.288,17.62,18.39,1.114,1.059,0.4285,0.3790,6.476,5.356,7590.7,6.750,0.2563,151.8,50.1
2026-07-07T02:00:00,8.425,8.270,18.42,19.00,1.163,1.109,0.5018,0.3826,7.177,5.524,7599.0,6.764,0.2573,152.0,50.2
2026-07-07T03:00:00,8.277,8.059,17.13,17.91,1.134,1.081,0.4230,0.3713,6.103,5.734,7607.1,6.767,0.2577,152.1,50.2
2026-07-07T04:00:00,8.617,8.297,17.46,18.12,1.142,1.092,0.4457,0.3942,6.909,5.770,7615.4,6.777,0.2581,152.3,50.3
2026-07-07T05:00:00,8.772,8.551,17.63,18.16,1.157,1.105,0.4394,0.3835,6.324,5.680,7623.9,6.782,0.2586,152.5,50.3
2026-07-07T06:00:00,8.477,8.135,18.14,19.18,1.159,1.106,0.4076,0.3651,6.261,5.307,7632.0,6.790,0.2589,152.6,50.4
2026-07-07T07:00:00,8.244,8.077,19.06,19.93,1.140,1.081,0.3837,0.3812,5.950,5.544,7640.1,6.793,0.2590,152.8,50.4
2026-07-07T08:00:00,8.313,8.042,19.55,20.84,1.179,1.126,0.3471,0.3889,6.558,5.321,7648.2,6.803,0.2590,153.0,50.5
2026-07-07T09:00:00,8.725,8.491,19.29,20.11,1.195,1.132,0.4269,0.3852,6.101,5.578,7656.7,6.807,0.2593,153.1,50.5
2026-07-07T10:00:00,9.340,9.145,19.71,20.52,1.174,1.116,0.4756,0.3844,6.065,5.235,7665.8,6.815,0.2602,153.3,50.6
2026-07-07T11:00:00,9.166,8.940,20.50,21.07,1.225,1.173,0.4006,0.3774,6.944,5.477,7674.7,6.828,0.2604,153.5,50.7
2026-07-07T12:00:00,8.857,8.508,20.65,21.70,1.185,1.132,0.4681,0.3809,6.625,5.522,7683.2,6.838,0.2611,153.7,50.7
2026-07-07T13:00:00,9.426,9.291,21.53,21.88,1.203,1.148,0.4357,0.3703,6.209,5.652,7692.5,6.843,0.2617,153.9,50.8
2026-07-07T14:00:00,9.077,8.844,21.68,22.40,1.221,1.162,0.4661,0.3763,6.378,5.373,7701.4,6.852,0.2625,154.0,50.8
2026-07-07T15:00:00,9.481,9.307,22.01,22.78,1.216,1.164,0.4016,0.3776,6.553,5.345,7710.7,6.863,0.2627,154.2,50.9
2026-07-07T16:00:00,9.911,9.540,21.66,22.68,1.202,1.148,0.4305,0.3652,6.357,5.506,7720.2,6.871,0.2633,154.4,51.0
2026-07-07T17:00:00,8.809,8.549,21.08,21.67,1.223,1.165,0.4211,0.3909,6.587,5.375,7728.8,6.881,0.2636,154.6,51.0
2026-07-07T18:00:00,9.610,9.360,21.48,22.39,1.204,1.150,0.4116,0.3792,6.484,5.318,7738.1,6.892,0.2639,154.8,51.1
2026-07-07T19:00:00,9.549,9.379,20.66,21.16,1.203,1.148,0.4344,0.3691,6.342,5.239,7747.5,6.903,0.2645,155.0,51.1
2026-07-07T20:00:00,8.679,8.476,19.62,20.47,1.201,1.150,0.3579,0.3795,6.997,5.422,7756.0,6.916,0.2645,155.1,51.2
2026-07-07T21:00:00,8.858,8.670,20.02,20.37,1.174,1.117,0.4278,0.3819,6.424,5.181,7764.7,6.927,0.2649,155.3,51.2
2026-07-07T22:00:00,8.701,8.395,19.99,20.66,1.180,1.126,0.4151,0.3749,6.489,5.490,7773.1,6.935,0.2653,155.5,51.3
2026-07-07T23:00:00,8.151,7.944,18.76,19.70,1.191,1.130,0.3863,0.3870,6.250,5.316,7781.0,6.943,0.2653,155.6,51.4
2026-07-08T00:00:00,8.258,8.001,18.54,19.35,1.162,1.109,0.4039,0.3729,6.638,5.618,7789.0,6.951,0.2655,155.8,51.4
2026-07-08T01:00:00,8.151,7.880,18.52,19.23,1.134,1.079,0.4281,0.3758,6.705,5.380,7796.9,6.961,0.2659,155.9,51.5
2026-07-08T02:00:00,8.124,7.862,17.46,18.43,1.126,1.068,0.4101,0.3647,6.447,5.319,7804.7,6.970,0.2663,156.1,51.5
2026-07-08T03:00:00,7.742,7.483,16.99,17.71,1.177,1.125,0.4436,0.3817,6.439,5.634,7812.2,6.976,0.2667,156.2,51.6
2026-07-08T04:00:00,8.454,8.282,18.19,19.27,1.151,1.093,0.4034,0.3646,6.056,5.325,7820.5,6.982,0.2671,156.4,51.6
2026-07-08T05:00:00,9.048,8.754,17.25,17.63,1.149,1.090,0.4301,0.3752,6.495,5.532,7829.3,6.991,0.2675,156.6,51.7
2026-07-08T06:00:00,8.383,8.256,18.34,18.91,1.143,1.092,0.4465,0.3759,6.854,5.499,7837.5,7.002,0.2681,156.8,51.7
2026-07-08T07:00:00,8.926,8.681,17.88,18.44,1.151,1.097,0.4459,0.3854,6.664,5.556,7846.2,7.011,0.2686,156.9,51.8
2026-07-08T08:00:00,8.678,8.478,18.83,19.74,1.132,1.067,0.4397,0.3735,6.592,5.679,7854.7,7.019,0.2692,157.1,51.8
2026-07-08T09:00:00,9.245,8.964,19.99,20.58,1.143,1.086,0.4644,0.3724,5.893,5.487,7863.6,7.023,0.2700,157.3,51.9
2026-07-08T10:00:00,9.113,8.866,20.16,20.88,1.196,1.142,0.3869,0.3741,6.635,5.270,7872.5,7.035,0.2701,157.5,52.0
2026-07-08T11:00:00,9.176,8.839,20.38,20.92,1.207,1.152,0.4096,0.3835,6.727,5.297,7881.3,7.047,0.2704,157.6,52.0
2026-07-08T12:00:00,9.610,9.550,21.30,22.03,1.203,1.150,0.4294,0.3788,6.116,5.545,7890.9,7.053,0.2709,157.8,52.1
2026-07-08T13:00:00,9.150,8.854,21.34,22.27,1.227,1.177,0.4291,0.3849,6.476,5.496,7899.8,7.062,0.2713,158.0,52.1
2026-07-08T14:00:00,9.458,9.299,21.48,22.14,1.241,1.183,0.3759,0.3636,6.815,5.358,7909.1,7.075,0.2714,158.2,52.2
2026-07-08T15:00:00,10.101,10.014,21.32,22.27,1.240,1.188,0.3974,0.3811,6.391,5.393,7919.1,7.085,0.2715,158.4,52.3
2026-07-08T16:00:00,9.417,9.200,22.41,22.92,1.216,1.158,0.4217,0.3868,6.601,5.500,7928.3,7.095,0.2719,158.6,52.3
2026-07-08T17:00:00,9.774,9.405,21.64,22.45,1.201,1.147,0.4237,0.3830,6.502,5.425,7937.7,7.105,0.2722,158.8,52.4
2026-07-08T18:00:00,9.495,9.223,20.59,21.22,1.222,1.165,0.4825,0.3937,6.672,5.374,7946.9,7.117,0.2731,158.9,52.4
2026-07-08T19:00:00,8.842,8.693,20.88,21.92,1.195,1.141,0.4285,0.3982,6.265,5.464,7955.6,7.124,0.2733,159.1,52.5
2026-07-08T20:00:00,9.219,9.065,19.40,20.36,1.193,1.135,0.4289,0.3735,6.510,5.311,7964.7,7.135,0.2738,159.3,52.6
2026-07-08T21:00:00,8.960,8.746,19.81,20.32,1.182,1.129,0.4116,0.3655,5.946,5.421,7973.4,7.140,0.2742,159.5,52.6
2026-07-08T22:00:00,9.080,8.895,18.45,19.42,1.166,1.115,0.4330,0.3725,6.168,5.508,7982.3,7.146,0.2748,159.6,52.7
2026-07-08T23:00:00,9.201,8.955,18.83,19.92,1.162,1.105,0.3626,0.3728,6.747,5.467,7991.2,7.157,0.2748,159.8,52.7
2026-07-09T00:00:00,8.637,8.434,18.01,18.77,1.166,1.110,0.4253,0.3918,6.924,5.270,7999.7,7.171,0.2750,160.0,52.8
2026-07-09T01:00:00,8.673,8.502,18.07,19.20,1.118,1.067,0.4004,0.3738,6.836,5.368,8008.2,7.184,0.2753,160.2,52.9
2026-07-09T02:00:00,8.562,8.295,17.94,19.02,1.130,1.070,0.4346,0.3770,6.871,5.682,8016.5,7.193,0.2757,160.3,52.9
2026-07-09T03:00:00,8.364,8.237,17.43,18.65,1.164,1.109,0.4066,0.3651,6.418,5.449,8024.7,7.201,0.2761,160.5,53.0
2026-07-09T04:00:00,7.925,7.654,17.28,17.97,1.137,1.082,0.4094,0.3831,6.286,5.226,8032.4,7.210,0.2763,160.6,53.0
2026-07-09T05:00:00,8.672,8.442,17.87,18.63,1.154,1.100,0.4337,0.3793,5.997,5.474,8040.8,7.214,0.2768,160.8,53.1
2026-07-09T06:00:00,8.966,8.743,17.24,18.09,1.151,1.096,0.4166,0.3776,6.506,5.418,8049.6,7.223,0.2771,161.0,53.1
2026-07-09T07:00:00,8.765,8.630,18.42,19.47,1.184,1.134,0.4672,0.3705,6.410,5.408,8058.2,7.232,0.2779,161.2,53.2
2026-07-09T08:00:00,8.811,8.760,18.49,19.10,1.162,1.104,0.3472,0.3783,6.800,5.196,8066.9,7.246,0.2779,161.3,53.2
2026-07-09T09:00:00,8.677,8.405,20.25,20.90,1.139,1.083,0.4005,0.3638,6.605,5.300,8075.4,7.257,0.2782,161.5,53.3
2026-07-09T10:00:00,9.296,9.024,21.46,22.45,1.175,1.122,0.4053,0.3707,6.139,5.542,8084.4,7.263,0.2785,161.7,53.4
2026-07-09T11:00:00,8.936,8.729,20.46,21.20,1.207,1.150,0.3937,0.3839,6.381,5.307,8093.1,7.272,0.2786,161.9,53.4
2026-07-09T12:00:00,9.310,9.109,20.49,21.53,1.186,1.131,0.4345,0.3704,6.308,5.220,8102.2,7.282,0.2792,162.0,53.5
2026-07-09T13:00:00,8.951,8.694,20.88,21.56,1.222,1.168,0.4586,0.3706,6.176,5.430,8110.9,7.288,0.2800,162.2,53.5
2026-07-09T14:00:00,9.574,9.363,21.85,22.86,1.223,1.172,0.4109,0.3887,5.990,5.407,8120.3,7.294,0.2802,162.4,53.6
2026-07-09T15:00:00,9.273,9.047,21.67,22.29,1.210,1.154,0.4535,0.4006,6.647,5.450,8129.3,7.305,0.2807,162.6,53.7
2026-07-09T16:00:00,9.118,8.915,21.24,22.24,1.217,1.157,0.4055,0.3806,6.032,5.398,8138.2,7.310,0.2809,162.8,53.7
2026-07-09T17:00:00,9.215,8.951,21.62,22.60,1.211,1.150,0.4113,0.3789,6.228,5.325,8147.2,7.318,0.2812,162.9,53.8
2026-07-09T18:00:00,9.163,8.975,20.96,22.06,1.204,1.137,0.4373,0.3621,6.160,5.553,8156.2,7.324,0.2819,163.1,53.8
2026-07-09T19:00:00,9.335,9.152,19.95,20.24,1.204,1.146,0.4325,0.3737,6.212,5.476,8165.3,7.331,0.2824,163.3,53.9
2026-07-09T20:00:00,9.392,9.053,19.69,20.45,1.188,1.130,0.4332,0.3724,6.323,5.341,8174.4,7.339,0.2829,163.5,54.0
2026-07-09T21:00:00,9.676,9.394,19.49,20.37,1.189,1.126,0.4020,0.3764,6.260,5.478,8183.8,7.347,0.2832,163.7,54.0
2026-07-09T22:00:00,9.424,9.282,19.18,20.02,1.165,1.112,0.4253,0.3846,6.901,5.420,8193.0,7.360,0.2836,163.9,54.1
2026-07-09T23:00:00,8.619,8.441,18.82,19.88,1.146,1.088,0.4053,0.3725,6.114,5.389,8201.5,7.367,0.2838,164.0,54.1
2026-07-10T00:00:00,8.158,7.913,18.33,18.95,1.135,1.078,0.3993,0.3776,6.210,5.368,8209.4,7.373,0.2840,164.2,54.2
2026-07-10T01:00:00,8.244,8.029,17.30,18.17,1.166,1.110,0.4389,0.3837,6.280,5.567,8217.4,7.379,0.2845,164.3,54.2
2026-07-10T02:00:00,8.203,7.971,17.20,18.22,1.127,1.065,0.4502,0.3774,6.290,5.253,8225.4,7.387,0.2850,164.5,54.3
2026-07-10T03:00:00,8.728,8.484,17.73,18.60,1.142,1.076,0.4200,0.3888,7.168,5.231,8233.9,7.404,0.2853,164.7,54.3
2026-07-10T04:00:00,8.890,8.694,17.13,18.04,1.146,1.088,0.4663,0.3624,6.285,5.584,8242.6,7.410,0.2862,164.9,54.4
2026-07-10T05:00:00,8.567,8.448,18.24,19.06,1.139,1.079,0.4493,0.3901,5.716,5.408,8251.0,7.412,0.2867,165.0,54.5
2026-07-10T06:00:00,9.361,9.078,17.65,18.44,1.163,1.103,0.4616,0.3727,6.457,5.320,8260.1,7.423,0.2875,165.2,54.5
2026-07-10T07:00:00,8.841,8.533,18.62,19.15,1.159,1.093,0.4398,0.3875,5.854,5.311,8268.6,7.427,0.2880,165.4,54.6
2026-07-10T08:00:00,8.728,8.504,19.11,19.74,1.164,1.102,0.4070,0.3852,5.887,5.402,8277.1,7.431,0.2881,165.5,54.6
2026-07-10T09:00:00,8.938,8.741,19.03,19.52,1.176,1.122,0.4112,0.3726,6.040,5.572,8285.9,7.436,0.2885,165.7,54.7
2026-07-10T10:00:00,8.944,8.705,19.67,20.42,1.198,1.147,0.3782,0.3634,6.640,5.426,8294.6,7.446,0.2886,165.9,54.7
2026-07-10T11:00:00,9.282,9.102,20.54,21.43,1.172,1.116,0.4119,0.3697,6.422,5.623,8303.7,7.453,0.2890,166.1,54.8
2026-07-10T12:00:00,9.230,8.958,21.55,22.12,1.206,1.153,0.4542,0.3655,6.804,5.531,8312.6,7.465,0.2898,166.3,54.9
2026-07-10T13:00:00,9.390,9.238,20.49,20.47,1.188,1.136,0.4230,0.3860,6.106,5.208,8321.9,7.473,0.2901,166.4,54.9
2026-07-10T14:00:00,9.609,9.323,20.95,21.88,1.234,1.178,0.4042,0.3809,5.832,5.684,8331.2,7.474,0.2903,166.6,55.0
2026-07-10T15:00:00,9.569,9.217,22.17,23.05,1.201,1.143,0.4007,0.3870,6.381,5.253,8340.4,7.485,0.2905,166.8,55.0
2026-07-10T16:00:00,10.086,9.714,21.56,22.21,1.221,1.167,0.4287,0.3744,6.333,5.228,8350.1,7.496,0.2910,167.0,55.1
2026-07-10T17:00:00,9.587,9.373,20.98,21.82,1.220,1.166,0.3963,0.3862,6.172,5.502,8359.5,7.502,0.2911,167.2,55.2
2026-07-10T18:00:00,9.984,9.803,21.13,21.59,1.204,1.153,0.4222,0.3787,6.233,5.260,8369.3,7.511,0.2915,167.4,55.2
2026-07-10T19:00:00,9.714,9.564,20.16,20.85,1.176,1.123,0.4019,0.3683,6.673,5.668,8378.9,7.521,0.2918,167.6,55.3
2026-07-10T20:00:00,8.732,8.495,19.40,20.06,1.186,1.121,0.3878,0.3758,6.545,5.352,8387.4,7.531,0.2919,167.7,55.4
2026-07-10T21:00:00,9.420,9.110,19.74,20.99,1.199,1.148,0.3927,0.3826,6.457,5.515,8396.5,7.540,0.2920,167.9,55.4
2026-07-10T22:00:00,8.882,8.527,19.07,19.57,1.181,1.129,0.4186,0.3681,6.372,5.423,8405.0,7.548,0.2925,168.1,55.5
2026-07-10T23:00:00,8.627,8.426,18.06,18.94,1.167,1.116,0.4289,0.3770,6.204,5.307,8413.4,7.555,0.2929,168.3,55.5
2026-07-11T00:00:00,8.849,8.702,18.11,18.83,1.166,1.115,0.5002,0.3677,6.518,5.360,8422.1,7.565,0.2941,168.4,55.6
2026-07-11T01:00:00,8.430,8.323,17.74,18.35,1.166,1.109,0.4582,0.3605,6.304,5.270,8430.5,7.574,0.2949,168.6,55.6
2026-07-11T02:00:00,8.416,8.071,16.63,17.78,1.129,1.061,0.3842,0.3842,6.610,5.377,8438.5,7.584,0.2949,168.8,55.7
2026-07-11T03:00:00,8.759,8.546,17.22,18.01,1.130,1.068,0.4403,0.3717,6.514,5.325,8447.1,7.594,0.2955,168.9,55.8
2026-07-11T04:00:00,8.599,8.426,17.62,18.39,1.151,1.090,0.4534,0.3785,6.168,5.375,8455.5,7.601,0.2961,169.1,55.8
2026-07-11T05:00:00,7.988,7.878,17.37,18.12,1.137,1.080,0.4297,0.3864,6.526,5.453,8463.4,7.609,0.2964,169.3,55.9
2026-07-11T06:00:00,8.203,8.007,18.05,18.43,1.165,1.107,0.3934,0.3823,5.806,5.474,8471.4,7.612,0.2965,169.4,55.9
2026-07-11T07:00:00,8.576,8.466,18.50,19.70,1.178,1.120,0.4189,0.3898,6.633,5.339,8479.8,7.623,0.2968,169.6,56.0
2026-07-11T08:00:00,9.113,8.901,19.15,19.68,1.169,1.117,0.4461,0.3756,6.343,5.485,8488.8,7.631,0.2974,169.8,56.0
2026-07-11T09:00:00,8.697,8.478,19.86,21.28,1.203,1.151,0.3905,0.3837,5.437,5.391,8497.2,7.631,0.2974,169.9,56.1
2026-07-11T10:00:00,8.926,8.715,20.04,20.53,1.215,1.158,0.4185,0.3613,6.264,5.705,8505.9,7.636,0.2979,170.1,56.1
2026-07-11T11:00:00,9.067,8.797,20.82,21.83,1.187,1.132,0.3831,0.3857,5.920,5.460,8514.7,7.640,0.2979,170.3,56.2
2026-07-11T12:00:00,9.076,8.899,21.44,22.39,1.205,1.150,0.4240,0.3832,6.681,5.246,8523.6,7.653,0.2983,170.5,56.3
2026-07-11T13:00:00,9.875,9.628,21.14,22.32,1.230,1.174,0.3953,0.3747,6.436,5.461,8533.3,7.662,0.2985,170.7,56.3
2026-07-11T14:00:00,9.490,9.137,21.14,22.13,1.208,1.146,0.4131,0.3879,5.907,5.495,8542.4,7.666,0.2987,170.8,56.4
2026-07-11T15:00:00,9.265,8.992,21.95,22.68,1.232,1.175,0.3877,0.3800,6.543,5.183,8551.4,7.678,0.2988,171.0,56.4
2026-07-11T16:00:00,9.836,9.589,21.82,22.58,1.219,1.164,0.3431,0.3804,6.285,5.498,8561.0,7.686,0.2988,171.2,56.5
2026-07-11T17:00:00,9.756,9.483,20.88,21.75,1.210,1.154,0.4083,0.3617,7.007,5.394,8570.5,7.701,0.2992,171.4,56.6
2026-07-11T18:00:00,9.399,9.275,21.15,22.45,1.202,1.152,0.4036,0.3812,6.277,5.422,8579.7,7.709,0.2995,171.6,56.6
2026-07-11T19:00:00,9.275,8.951,20.88,21.81,1.180,1.127,0.4652,0.3924,6.689,5.354,8588.7,7.721,0.3001,171.8,56.7
2026-07-11T20:00:00,9.208,9.078,19.71,20.74,1.182,1.125,0.4353,0.4116,6.987,5.309,8597.8,7.736,0.3003,172.0,56.7
2026-07-11T21:00:00,9.178,8.848,19.46,20.05,1.178,1.122,0.4567,0.3817,6.490,5.429,8606.6,7.745,0.3010,172.1,56.8
2026-07-11T22:00:00,9.053,8.813,19.04,19.54,1.166,1.108,0.3971,0.3639,6.241,5.505,8615.4,7.752,0.3013,172.3,56.9
2026-07-11T23:00:00,8.615,8.537,18.67,19.45,1.174,1.119,0.4208,0.3817,6.505,5.405,8624.0,7.761,0.3016,172.5,56.9
2026-07-12T00:00:00,9.070,8.923,18.00,18.99,1.132,1.070,0.4044,0.3774,6.161,5.223,8632.9,7.770,0.3019,172.7,57.0
2026-07-12T01:00:00,8.399,8.195,17.52,18.37,1.125,1.071,0.4398,0.3811,6.702,5.554,8641.1,7.779,0.3023,172.8,57.0
2026-07-12T02:00:00,8.667,8.542,18.02,18.73,1.116,1.055,0.3951,0.3709,6.348,5.556,8649.6,7.786,0.3025,173.0,57.1
2026-07-12T03:00:00,8.347,8.202,17.04,18.19,1.138,1.081,0.4262,0.3663,6.734,5.358,8657.8,7.797,0.3030,173.2,57.1
2026-07-12T04:00:00,8.167,7.875,17.45,18.75,1.166,1.105,0.4216,0.3614,6.522,5.441,8665.7,7.806,0.3035,173.3,57.2
2026-07-12T05:00:00,8.581,8.352,17.82,18.64,1.145,1.092,0.3981,0.3747,6.562,5.320,8674.1,7.816,0.3037,173.5,57.2
2026-07-12T06:00:00,8.355,8.104,18.41,18.85,1.143,1.072,0.4262,0.3629,6.682,5.357,8682.2,7.827,0.3042,173.6,57.3
2026-07-12T07:00:00,8.742,8.644,18.80,19.65,1.174,1.123,0.4441,0.3770,6.623,5.426,8690.8,7.837,0.3048,173.8,57.4
2026-07-12T08:00:00,9.276,9.119,18.91,19.22,1.147,1.089,0.3462,0.3816,6.335,5.321,8699.9,7.846,0.3048,174.0,57.4
2026-07-12T09:00:00,8.633,8.421,20.09,20.83,1.200,1.147,0.3985,0.3723,6.054,5.104,8708.3,7.854,0.3050,174.2,57.5
2026-07-12T10:00:00,9.370,9.099,20.25,21.42,1.210,1.159,0.3938,0.3794,6.423,5.551,8717.4,7.862,0.3051,174.3,57.5
2026-07-12T11:00:00,9.145,8.778,20.84,21.75,1.209,1.159,0.4337,0.3710,6.503,5.484,8726.2,7.871,0.3057,174.5,57.6
2026-07-12T12:00:00,9.386,9.281,20.49,21.22,1.183,1.122,0.4620,0.3866,6.336,5.372,8735.5,7.880,0.3064,174.7,57.7
2026-07-12T13:00:00,9.231,9.030,21.61,22.51,1.236,1.185,0.4496,0.3783,6.832,5.252,8744.5,7.894,0.3070,174.9,57.7
2026-07-12T14:00:00,9.982,9.659,21.59,22.48,1.210,1.148,0.4098,0.3707,5.747,5.304,8754.2,7.899,0.3074,175.1,57.8
2026-07-12T15:00:00,9.846,9.665,20.91,21.69,1.228,1.168,0.3987,0.3792,6.163,5.507,8763.9,7.905,0.3076,175.3,57.8
2026-07-12T16:00:00,8.915,8.777,20.41,20.72,1.212,1.143,0.4233,0.3728,6.414,5.390,8772.6,7.914,0.3081,175.5,57.9
2026-07-12T17:00:00,9.567,9.368,21.08,22.17,1.218,1.168,0.4366,0.3816,6.155,5.436,8782.0,7.921,0.3086,175.6,58.0
2026-07-12T18:00:00,9.046,8.882,20.68,21.53,1.207,1.157,0.4496,0.3820,6.116,5.389,8790.9,7.927,0.3092,175.8,58.0
2026-07-12T19:00:00,9.047,8.867,20.45,21.68,1.195,1.145,0.4028,0.3767,6.605,5.351,8799.8,7.938,0.3094,176.0,58.1
2026-07-12T20:00:00,9.209,8.982,20.32,21.28,1.187,1.134,0.4431,0.3797,6.578,5.329,8808.7,7.950,0.3100,176.2,58.1
2026-07-12T21:00:00,9.330,9.123,19.69,20.31,1.217,1.151,0.4021,0.3786,6.629,5.165,8817.9,7.963,0.3102,176.4,58.2
2026-07-12T22:00:00,8.820,8.599,18.71,19.58,1.160,1.110,0.4422,0.3745,6.268,5.344,8826.5,7.971,0.3108,176.5,58.3
2026-07-12T23:00:00,8.411,8.150,18.77,19.77,1.144,1.081,0.4323,0.3712,6.315,5.317,8834.6,7.979,0.3113,176.7,58.3
2026-07-13T00:00:00,8.515,8.305,17.40,17.87,1.137,1.085,0.4452,0.3675,6.185,5.045,8842.9,7.988,0.3119,176.9,58.4
2026-07-13T01:00:00,8.431,8.260,17.33,18.15,1.123,1.073,0.4451,0.3780,6.819,4.962,8851.2,8.004,0.3125,177.0,58.4
2026-07-13T02:00:00,8.155,7.959,16.99,17.45,1.161,1.094,0.4156,0.3859,6.518,5.441,8859.1,8.012,0.3127,177.2,58.5
2026-07-13T03:00:00,8.751,8.543,17.33,18.10,1.125,1.065,0.4139,0.3823,6.538,5.339,8867.7,8.023,0.3130,177.4,58.5
2026-07-13T04:00:00,8.713,8.538,17.67,18.22,1.135,1.081,0.3942,0.3721,5.978,5.369,8876.2,8.028,0.3132,177.5,58.6
2026-07-13T05:00:00,8.485,8.246,17.65,18.68,1.148,1.076,0.4466,0.3765,7.278,5.368,8884.5,8.044,0.3137,177.7,58.6
2026-07-13T06:00:00,8.464,8.222,17.90,18.36,1.170,1.116,0.4182,0.3660,6.651,5.263,8892.7,8.055,0.3142,177.9,58.7
2026-07-13T07:00:00,8.482,8.176,17.95,19.12,1.166,1.104,0.4126,0.3653,6.379,5.514,8900.9,8.062,0.3146,178.0,58.7
2026-07-13T08:00:00,9.331,9.087,18.41,19.49,1.185,1.130,0.4357,0.3819,5.576,5.424,8909.9,8.063,0.3150,178.2,58.8
2026-07-13T09:00:00,9.070,8.826,19.25,19.78,1.182,1.123,0.4232,0.3722,6.291,5.223,8918.8,8.073,0.3155,178.4,58.9
2026-07-13T10:00:00,9.075,8.649,20.08,20.83,1.196,1.143,0.3735,0.3705,6.313,5.134,8927.4,8.083,0.3155,178.5,58.9
2026-07-13T11:00:00,9.252,8.955,20.20,20.90,1.214,1.161,0.4029,0.3822,6.563,5.307,8936.4,8.094,0.3157,178.7,59.0
2026-07-13T12:00:00,9.814,9.624,21.44,22.67,1.195,1.135,0.4741,0.3729,6.177,5.317,8946.0,8.103,0.3167,178.9,59.0
2026-07-13T13:00:00,9.630,9.295,20.48,21.59,1.231,1.176,0.4181,0.3616,6.297,5.361,8955.3,8.111,0.3172,179.1,59.1
2026-07-13T14:00:00,9.588,9.376,21.96,23.22,1.210,1.155,0.4442,0.3738,6.361,5.156,8964.7,8.123,0.3179,179.3,59.2
2026-07-13T15:00:00,10.074,9.853,21.93,22.94,1.222,1.166,0.3903,0.3688,5.891,5.201,8974.5,8.129,0.3181,179.5,59.2
2026-07-13T16:00:00,9.244,9.024,21.47,22.56,1.219,1.165,0.4383,0.3821,6.323,5.364,8983.5,8.138,0.3186,179.7,59.3
2026-07-13T17:00:00,9.596,9.296,21.20,21.77,1.209,1.154,0.4309,0.3631,5.701,5.090,8992.8,8.144,0.3192,179.9,59.4
2026-07-13T18:00:00,9.149,9.006,20.80,21.86,1.219,1.167,0.4318,0.3672,6.049,5.235,9001.8,8.151,0.3198,180.0,59.4
2026-07-13T19:00:00,9.632,9.356,19.60,20.56,1.181,1.128,0.4264,0.3688,6.476,5.310,9011.2,8.162,0.3203,180.2,59.5
2026-07-13T20:00:00,9.150,8.978,19.59,20.72,1.188,1.132,0.4531,0.3907,6.627,5.407,9020.2,8.173,0.3209,180.4,59.5
2026-07-13T21:00:00,9.480,9.267,19.29,20.13,1.169,1.105,0.3982,0.3874,6.427,5.296,9029.4,8.183,0.3210,180.6,59.6
2026-07-13T22:00:00,8.835,8.665,18.74,19.58,1.201,1.149,0.4488,0.3751,6.272,5.253,9038.1,8.192,0.3216,180.8,59.7
2026-07-13T23:00:00,8.064,7.780,17.84,18.95,1.160,1.107,0.4057,0.3844,6.143,5.314,9045.9,8.199,0.3218,180.9,59.7
2026-07-14T00:00:00,8.642,8.473,18.21,18.82,1.137,1.085,0.4194,0.3822,6.673,5.336,9054.4,8.210,0.3221,181.1,59.8
2026-07-14T01:00:00,8.506,8.255,17.26,18.24,1.154,1.092,0.4236,0.3681,6.411,5.154,9062.6,8.220,0.3226,181.3,59.8
2026-07-14T02:00:00,8.443,8.397,17.05,17.41,1.141,1.089,0.4714,0.3757,6.191,5.445,9071.0,8.227,0.3234,181.4,59.9
2026-07-14T03:00:00,8.449,8.132,16.95,18.02,1.103,1.051,0.3866,0.3751,5.523,5.299,9079.1,8.228,0.3235,181.6,59.9
2026-07-14T04:00:00,7.847,7.612,17.48,17.99,1.171,1.120,0.3891,0.3812,6.259,5.505,9086.8,8.234,0.3235,181.7,60.0
2026-07-14T05:00:00,8.565,8.356,17.73,18.62,1.158,1.106,0.4553,0.3838,6.308,5.346,9095.1,8.242,0.3241,181.9,60.0
2026-07-14T06:00:00,8.811,8.682,18.15,18.98,1.184,1.127,0.4216,0.3793,6.161,5.504,9103.8,8.248,0.3245,182.1,60.1
2026-07-14T07:00:00,8.835,8.648,17.91,18.74,1.154,1.104,0.4367,0.3754,5.911,5.466,9112.4,8.252,0.3250,182.2,60.1
2026-07-14T08:00:00,8.630,8.278,18.46,19.20,1.189,1.138,0.4168,0.3697,6.011,5.406,9120.7,8.257,0.3254,182.4,60.2
2026-07-14T09:00:00,8.635,8.484,19.06,20.46,1.163,1.110,0.4199,0.3731,6.686,5.319,9129.2,8.268,0.3258,182.6,60.3
2026-07-14T10:00:00,8.689,8.398,19.17,20.01,1.192,1.137,0.4524,0.3640,6.468,5.392,9137.6,8.277,0.3265,182.8,60.3
2026-07-14T11:00:00,9.173,8.898,20.30,21.02,1.199,1.147,0.4124,0.3657,6.258,5.279,9146.5,8.286,0.3270,182.9,60.4
2026-07-14T12:00:00,9.353,9.165,20.64,21.55,1.211,1.158,0.3931,0.3803,6.349,5.527,9155.7,8.294,0.3271,183.1,60.4
2026-07-14T13:00:00,9.583,9.300,21.18,21.87,1.206,1.139,0.3972,0.3731,6.323,5.329,9165.0,8.303,0.3273,183.3,60.5
2026-07-14T14:00:00,9.315,9.049,21.13,22.20,1.236,1.186,0.4470,0.3742,6.457,5.385,9174.0,8.313,0.3280,183.5,60.5
2026-07-14T15:00:00,9.286,9.092,20.87,21.37,1.222,1.170,0.4328,0.3817,6.569,5.339,9183.1,8.324,0.3284,183.7,60.6
2026-07-14T16:00:00,9.508,9.347,21.15,22.08,1.213,1.158,0.4387,0.3627,5.613,5.230,9192.5,8.327,0.3291,183.8,60.7
2026-07-14T17:00:00,9.279,9.054,21.09,21.99,1.201,1.150,0.4416,0.3785,6.234,5.158,9201.5,8.337,0.3297,184.0,60.7
2026-07-14T18:00:00,9.173,8.945,20.26,21.15,1.217,1.167,0.4455,0.3616,6.429,5.162,9210.5,8.348,0.3305,184.2,60.8
2026-07-14T19:00:00,9.200,9.016,20.53,20.92,1.183,1.126,0.4118,0.3700,6.835,5.346,9219.5,8.362,0.3308,184.4,60.8
2026-07-14T20:00:00,9.328,9.183,19.32,19.99,1.185,1.130,0.4030,0.3790,6.478,5.273,9228.7,8.373,0.3311,184.6,60.9
2026-07-14T21:00:00,8.805,8.639,19.51,20.07,1.202,1.147,0.4071,0.3705,5.804,5.292,9237.3,8.377,0.3314,184.7,61.0
2026-07-14T22:00:00,9.157,8.967,18.72,19.22,1.164,1.113,0.4375,0.3673,6.166,5.381,9246.3,8.384,0.3320,184.9,61.0
2026-07-14T23:00:00,8.466,8.276,17.84,18.93,1.177,1.125,0.3970,0.3716,6.529,5.416,9254.5,8.394,0.3322,185.1,61.1
2026-07-15T00:00:00,7.974,7.840,17.57,18.55,1.144,1.083,0.4119,0.3689,6.288,5.529,9262.4,8.400,0.3326,185.2,61.1
2026-07-15T01:00:00,8.335,8.233,17.62,18.58,1.136,1.069,0.4400,0.3838,6.343,5.231,9270.6,8.409,0.3330,185.4,61.2
2026-07-15T02:00:00,7.936,7.743,16.96,17.58,1.116,1.063,0.3907,0.3739,6.423,5.171,9278.4,8.418,0.3331,185.6,61.2
2026-07-15T03:00:00,8.346,8.144,16.86,17.43,1.141,1.089,0.4305,0.3769,6.110,5.233,9286.5,8.426,0.3336,185.7,61.3
2026-07-15T04:00:00,8.690,8.498,18.15,19.01,1.164,1.113,0.4638,0.3687,6.875,5.476,9295.0,8.437,0.3344,185.9,61.3
2026-07-15T05:00:00,8.942,8.738,17.49,18.17,1.131,1.078,0.4437,0.3826,6.248,5.294,9303.7,8.446,0.3349,186.1,61.4
2026-07-15T06:00:00,8.233,8.071,18.53,19.48,1.157,1.093,0.3847,0.3781,6.047,5.477,9311.8,8.450,0.3350,186.2,61.5
2026-07-15T07:00:00,8.416,8.176,18.22,18.98,1.163,1.102,0.4311,0.3707,6.670,5.490,9320.0,8.460,0.3355,186.4,61.5
2026-07-15T08:00:00,8.712,8.445,19.57,20.41,1.164,1.109,0.4247,0.3880,5.930,5.266,9328.4,8.466,0.3358,186.6,61.6
2026-07-15T09:00:00,9.191,8.879,19.02,19.40,1.161,1.096,0.4201,0.3680,6.430,5.407,9337.3,8.475,0.3362,186.7,61.6
2026-07-15T10:00:00,9.868,9.499,19.86,20.51,1.193,1.138,0.4047,0.3715,5.908,5.347,9346.8,8.480,0.3366,186.9,61.7
2026-07-15T11:00:00,9.504,9.334,20.00,21.05,1.204,1.147,0.4241,0.3658,6.090,5.394,9356.1,8.487,0.3371,187.1,61.8
2026-07-15T12:00:00,9.099,8.905,20.78,21.59,1.221,1.166,0.4044,0.3803,6.227,5.273,9365.0,8.495,0.3373,187.3,61.8
2026-07-15T13:00:00,9.492,9.302,20.61,21.47,1.232,1.167,0.4097,0.3702,5.800,5.278,9374.3,8.500,0.3377,187.5,61.9
2026-07-15T14:00:00,9.569,9.287,21.17,21.76,1.205,1.150,0.3817,0.3710,5.997,5.287,9383.6,8.506,0.3378,187.7,61.9
2026-07-15T15:00:00,9.624,9.358,20.93,21.66,1.223,1.166,0.4167,0.3679,6.587,5.195,9393.0,8.519,0.3382,187.9,62.0
2026-07-15T16:00:00,9.736,9.610,20.89,21.81,1.214,1.160,0.4157,0.3748,7.112,5.108,9402.6,8.539,0.3386,188.1,62.1
2026-07-15T17:00:00,9.609,9.416,19.92,21.07,1.223,1.162,0.3859,0.3718,6.018,5.281,9412.0,8.546,0.3388,188.2,62.1
2026-07-15T18:00:00,9.644,9.477,20.66,21.36,1.200,1.138,0.4079,0.3924,6.403,5.314,9421.5,8.556,0.3389,188.4,62.2
2026-07-15T19:00:00,8.976,8.711,19.95,20.61,1.172,1.114,0.4351,0.3806,6.196,5.263,9430.2,8.564,0.3394,188.6,62.2
2026-07-15T20:00:00,8.896,8.517,19.69,20.56,1.193,1.141,0.4001,0.3911,6.291,5.361,9438.7,8.572,0.3395,188.8,62.3
2026-07-15T21:00:00,9.138,8.953,19.18,19.92,1.165,1.102,0.4775,0.3824,6.494,5.430,9447.7,8.582,0.3403,189.0,62.4
2026-07-15T22:00:00,9.281,8.950,18.61,19.07,1.163,1.106,0.4203,0.3850,6.651,5.417,9456.6,8.593,0.3406,189.1,62.4
2026-07-15T23:00:00,8.395,8.237,18.03,18.74,1.131,1.077,0.4356,0.3904,6.661,5.407,9464.9,8.603,0.3410,189.3,62.5
2026-07-16T00:00:00,8.153,7.941,17.74,18.14,1.161,1.109,0.4055,0.3711,6.079,5.384,9472.8,8.608,0.3413,189.5,62.5
2026-07-16T01:00:00,8.174,8.053,16.55,17.14,1.146,1.096,0.4081,0.3734,6.294,5.319,9480.9,8.616,0.3416,189.6,62.6
2026-07-16T02:00:00,7.975,7.756,16.88,17.76,1.176,1.119,0.4653,0.3912,6.465,5.362,9488.6,8.625,0.3421,189.8,62.6
2026-07-16T03:00:00,8.536,8.334,16.68,17.12,1.111,1.055,0.4245,0.3812,6.874,5.303,9496.9,8.638,0.3425,189.9,62.7
2026-07-16T04:00:00,8.607,8.436,16.84,17.88,1.148,1.098,0.4370,0.3801,6.567,5.067,9505.4,8.651,0.3430,190.1,62.7
2026-07-16T05:00:00,8.324,8.046,17.37,18.14,1.110,1.057,0.4338,0.3832,5.875,5.386,9513.4,8.655,0.3434,190.3,62.8
2026-07-16T06:00:00,8.774,8.616,17.38,17.44,1.145,1.088,0.4071,0.3778,6.376,5.472,9522.0,8.662,0.3436,190.4,62.8
2026-07-16T07:00:00,8.767,8.551,17.99,18.86,1.147,1.096,0.3988,0.3552,6.747,5.072,9530.6,8.677,0.3440,190.6,62.9
2026-07-16T08:00:00,8.754,8.521,18.48,19.72,1.177,1.121,0.4212,0.3630,6.571,5.385,9539.1,8.687,0.3445,190.8,63.0
2026-07-16T09:00:00,8.746,8.418,18.32,19.19,1.180,1.129,0.4391,0.3823,6.190,5.207,9547.5,8.695,0.3450,191.0,63.0
2026-07-16T10:00:00,9.178,8.979,19.80,20.88,1.176,1.124,0.3896,0.3581,6.476,5.399,9556.5,8.705,0.3453,191.1,63.1
2026-07-16T11:00:00,9.482,9.207,20.50,20.85,1.197,1.141,0.3825,0.3717,6.150,5.257,9565.7,8.713,0.3454,191.3,63.1
2026-07-16T12:00:00,9.421,9.202,20.85,21.99,1.195,1.130,0.4187,0.3752,6.435,5.231,9574.9,8.724,0.3458,191.5,63.2
2026-07-16T13:00:00,9.182,8.966,21.05,21.72,1.246,1.190,0.3952,0.3681,6.072,5.294,9583.9,8.731,0.3460,191.7,63.3
2026-07-16T14:00:00,10.229,9.983,20.28,21.11,1.222,1.165,0.4339,0.3689,6.834,5.393,9593.9,8.745,0.3467,191.9,63.3
2026-07-16T15:00:00,9.533,9.277,21.40,22.24,1.223,1.171,0.4236,0.3867,6.069,5.424,9603.1,8.751,0.3470,192.1,63.4
2026-07-16T16:00:00,9.446,9.387,20.50,21.21,1.203,1.145,0.4137,0.3633,6.203,5.333,9612.5,8.760,0.3475,192.3,63.4
2026-07-16T17:00:00,9.511,9.218,21.55,22.09,1.225,1.169,0.4128,0.3716,5.428,5.046,9621.8,8.763,0.3478,192.4,63.5
2026-07-16T18:00:00,9.789,9.596,20.45,21.09,1.234,1.182,0.3748,0.3716,5.755,5.427,9631.3,8.766,0.3479,192.6,63.6
2026-07-16T19:00:00,9.324,9.145,19.40,20.22,1.225,1.160,0.4302,0.3708,6.636,5.284,9640.5,8.779,0.3484,192.8,63.6
2026-07-16T20:00:00,9.762,9.517,19.55,20.53,1.182,1.125,0.4292,0.3810,6.673,5.324,9650.0,8.791,0.3489,193.0,63.7
2026-07-16T21:00:00,9.009,8.870,18.68,19.61,1.208,1.156,0.4383,0.3829,5.957,5.161,9658.9,8.798,0.3494,193.2,63.7
2026-07-16T22:00:00,8.693,8.536,18.36,19.45,1.187,1.125,0.4430,0.3739,5.910,5.190,9667.4,8.805,0.3500,193.3,63.8
2026-07-16T23:00:00,8.710,8.542,18.22,18.81,1.165,1.104,0.4150,0.3624,6.329,5.292,9676.0,8.813,0.3504,193.5,63.9
2026-07-17T00:00:00,7.944,7.726,17.41,18.52,1.161,1.088,0.4277,0.3751,6.437,5.323,9683.7,8.822,0.3508,193.7,63.9
2026-07-17T01:00:00,8.653,8.311,17.43,18.05,1.141,1.089,0.4028,0.3760,6.418,5.425,9692.0,8.830,0.3510,193.8,64.0
2026-07-17T02:00:00,8.154,8.029,17.95,19.06,1.134,1.056,0.3988,0.3677,6.613,5.349,9700.0,8.840,0.3513,194.0,64.0
2026-07-17T03:00:00,8.176,8.004,17.18,17.48,1.166,1.114,0.4483,0.3784,5.822,5.436,9708.0,8.844,0.3519,194.2,64.1
2026-07-17T04:00:00,8.207,8.044,16.58,17.32,1.147,1.096,0.4576,0.3764,6.076,5.436,9716.1,8.849,0.3525,194.3,64.1
2026-07-17T05:00:00,8.369,8.200,17.30,18.02,1.112,1.062,0.4041,0.3699,6.215,5.487,9724.3,8.855,0.3528,194.5,64.2
2026-07-17T06:00:00,8.525,8.285,17.76,18.88,1.150,1.091,0.4318,0.3786,6.671,5.087,9732.6,8.868,0.3532,194.7,64.2
2026-07-17T07:00:00,8.045,7.803,17.55,18.54,1.176,1.126,0.3886,0.3724,6.222,5.389,9740.4,8.874,0.3534,194.8,64.3
2026-07-17T08:00:00,8.435,8.178,18.40,19.01,1.188,1.135,0.4246,0.3612,6.364,5.153,9748.5,8.884,0.3539,195.0,64.3
2026-07-17T09:00:00,9.481,9.327,19.01,19.82,1.136,1.075,0.3996,0.3753,6.259,5.188,9757.9,8.894,0.3541,195.2,64.4
2026-07-17T10:00:00,9.713,9.445,18.87,20.05,1.185,1.129,0.4111,0.3655,6.699,5.458,9767.3,8.906,0.3545,195.3,64.5
2026-07-17T11:00:00,9.461,9.232,20.03,20.80,1.202,1.148,0.4161,0.3778,5.895,5.324,9776.5,8.911,0.3549,195.5,64.5
2026-07-17T12:00:00,9.666,9.495,20.55,21.58,1.182,1.126,0.3984,0.3801,6.275,5.393,9786.0,8.920,0.3551,195.7,64.6
2026-07-17T13:00:00,9.479,9.255,20.63,21.09,1.219,1.167,0.3954,0.3637,5.871,5.371,9795.3,8.924,0.3553,195.9,64.6
2026-07-17T14:00:00,9.734,9.541,20.69,21.00,1.224,1.159,0.3922,0.3719,7.097,5.492,9804.8,8.940,0.3555,196.1,64.7
2026-07-17T15:00:00,9.760,9.538,21.34,22.30,1.221,1.167,0.4176,0.3739,6.479,5.321,9814.4,8.951,0.3560,196.3,64.8
2026-07-17T16:00:00,9.521,9.360,20.32,21.35,1.223,1.168,0.4431,0.3651,6.092,5.488,9823.7,8.956,0.3567,196.5,64.8
2026-07-17T17:00:00,9.966,9.767,21.09,22.18,1.219,1.165,0.4291,0.3751,5.838,5.198,9833.5,8.962,0.3572,196.7,64.9
2026-07-17T18:00:00,9.535,9.213,20.52,21.38,1.195,1.142,0.4081,0.3776,6.799,5.320,9842.7,8.976,0.3575,196.9,65.0
2026-07-17T19:00:00,8.961,8.588,20.07,20.77,1.192,1.128,0.4276,0.3645,6.370,5.150,9851.3,8.987,0.3580,197.0,65.0
2026-07-17T20:00:00,9.189,8.890,19.19,20.36,1.206,1.148,0.4441,0.3832,6.152,5.345,9860.2,8.994,0.3586,197.2,65.1
2026-07-17T21:00:00,9.115,8.831,18.92,19.90,1.186,1.131,0.4230,0.3777,6.361,5.320,9869.0,9.003,0.3590,197.4,65.1
2026-07-17T22:00:00,8.779,8.629,17.86,18.37,1.192,1.136,0.4218,0.3806,6.159,5.125,9877.7,9.012,0.3593,197.6,65.2
2026-07-17T23:00:00,9.201,8.927,18.29,19.24,1.144,1.079,0.4252,0.3762,6.380,5.335,9886.6,9.021,0.3598,197.7,65.3
2026-07-18T00:00:00,8.240,8.007,17.60,18.27,1.176,1.125,0.4116,0.3797,6.613,5.205,9894.6,9.032,0.3600,197.9,65.3
2026-07-18T01:00:00,8.490,8.184,17.02,17.88,1.152,1.099,0.4252,0.3648,6.442,5.252,9902.8,9.042,0.3605,198.1,65.4
2026-07-18T02:00:00,8.474,8.353,16.87,17.69,1.136,1.083,0.3773,0.3782,6.240,5.131,9911.1,9.051,0.3605,198.2,65.4
2026-07-18T03:00:00,8.414,8.116,17.73,18.93,1.110,1.058,0.4329,0.3675,6.291,5.563,9919.2,9.057,0.3611,198.4,65.5
2026-07-18T04:00:00,8.321,8.074,17.18,17.95,1.136,1.075,0.3848,0.3653,6.714,5.197,9927.3,9.070,0.3612,198.5,65.5
2026-07-18T05:00:00,8.378,8.220,17.52,18.73,1.130,1.062,0.4487,0.3768,5.864,5.271,9935.5,9.074,0.3618,198.7,65.6
2026-07-18T06:00:00,8.951,8.920,17.12,17.81,1.167,1.115,0.4045,0.3602,6.677,5.191,9944.5,9.088,0.3622,198.9,65.6
2026-07-18T07:00:00,8.438,8.294,18.11,19.09,1.187,1.134,0.4673,0.3658,6.202,5.274,9952.7,9.095,0.3630,199.1,65.7
2026-07-18T08:00:00,8.840,8.517,18.50,19.66,1.170,1.103,0.4512,0.3656,6.533,5.226,9961.3,9.107,0.3638,199.2,65.7
2026-07-18T09:00:00,9.290,9.035,18.73,19.02,1.179,1.112,0.3663,0.3614,6.588,5.334,9970.3,9.118,0.3638,199.4,65.8
2026-07-18T10:00:00,8.863,8.590,19.62,20.23,1.195,1.134,0.4507,0.3711,6.084,5.094,9978.9,9.126,0.3645,199.6,65.9
2026-07-18T11:00:00,9.332,8.968,20.08,20.91,1.202,1.148,0.4203,0.3728,5.996,5.066,9987.9,9.135,0.3649,199.8,65.9
2026-07-18T12:00:00,9.964,9.744,20.88,21.28,1.184,1.115,0.3807,0.3693,6.223,5.290,9997.6,9.144,0.3650,200.0,66.0
2026-07-18T13:00:00,10.098,9.805,20.95,21.68,1.233,1.180,0.4581,0.3801,5.884,5.243,10007.4,9.150,0.3658,200.1,66.0
2026-07-18T14:00:00,9.908,9.599,21.37,22.38,1.219,1.164,0.4050,0.3682,6.792,5.131,10017.0,9.166,0.3662,200.3,66.1
2026-07-18T15:00:00,9.552,9.235,21.39,22.36,1.248,1.195,0.4005,0.3811,6.504,5.391,10026.2,9.176,0.3663,200.5,66.2
2026-07-18T16:00:00,10.400,10.138,20.67,21.76,1.234,1.179,0.4100,0.3652,6.679,5.175,10036.4,9.192,0.3668,200.7,66.2
2026-07-18T17:00:00,9.625,9.266,20.30,20.89,1.226,1.171,0.3886,0.3853,6.418,5.041,10045.6,9.204,0.3668,200.9,66.3
2026-07-18T18:00:00,9.243,9.097,20.54,20.96,1.196,1.137,0.4476,0.3643,5.801,5.105,10054.7,9.211,0.3676,201.1,66.4
2026-07-18T19:00:00,10.078,9.742,19.82,20.87,1.205,1.147,0.4084,0.3662,6.686,5.355,10064.5,9.224,0.3680,201.3,66.4
2026-07-18T20:00:00,9.240,9.058,19.14,20.18,1.212,1.157,0.4405,0.3841,5.667,5.177,10073.5,9.228,0.3685,201.5,66.5
2026-07-18T21:00:00,9.117,8.773,18.63,19.61,1.193,1.143,0.4281,0.3564,6.448,5.064,10082.3,9.240,0.3691,201.6,66.5
2026-07-18T22:00:00,8.916,8.705,18.38,19.13,1.167,1.117,0.4300,0.3771,5.557,5.126,10091.0,9.244,0.3696,201.8,66.6
2026-07-18T23:00:00,8.211,8.037,18.11,18.75,1.155,1.104,0.4433,0.3761,6.446,5.367,10099.1,9.253,0.3701,202.0,66.7
2026-07-19T00:00:00,8.791,8.554,17.22,17.43,1.161,1.099,0.4437,0.3870,6.235,5.172,10107.6,9.262,0.3706,202.2,66.7
2026-07-19T01:00:00,8.509,8.314,17.28,18.58,1.140,1.089,0.4048,0.3597,6.434,5.239,10115.9,9.272,0.3710,202.3,66.8
2026-07-19T02:00:00,8.410,8.160,16.94,17.72,1.132,1.074,0.4475,0.3581,6.856,4.936,10124.1,9.287,0.3717,202.5,66.8
2026-07-19T03:00:00,8.243,8.023,15.94,16.79,1.150,1.095,0.4082,0.3787,6.985,5.360,10132.1,9.300,0.3720,202.6,66.9
2026-07-19T04:00:00,8.691,8.424,16.59,17.18,1.117,1.063,0.4080,0.3685,6.834,5.107,10140.5,9.315,0.3723,202.8,66.9
2026-07-19T05:00:00,8.967,8.775,16.59,17.22,1.168,1.107,0.4295,0.3762,5.519,5.283,10149.3,9.317,0.3728,203.0,67.0
2026-07-19T06:00:00,9.013,8.842,17.54,18.52,1.145,1.090,0.4214,0.3660,6.205,5.269,10158.2,9.325,0.3732,203.2,67.0
2026-07-19T07:00:00,9.111,8.881,17.69,18.11,1.169,1.116,0.3754,0.3880,6.476,5.214,10167.0,9.336,0.3732,203.3,67.1
2026-07-19T08:00:00,9.082,8.811,18.29,19.06,1.169,1.104,0.3487,0.3618,6.734,5.263,10175.8,9.349,0.3732,203.5,67.2
2026-07-19T09:00:00,8.582,8.398,17.66,18.62,1.154,1.093,0.3726,0.3635,6.118,5.255,10184.2,9.357,0.3733,203.7,67.2
2026-07-19T10:00:00,9.612,9.402,18.57,19.47,1.203,1.148,0.4294,0.3711,5.995,5.268,10193.6,9.364,0.3739,203.9,67.3
2026-07-19T11:00:00,9.576,9.426,19.86,20.94,1.213,1.156,0.4550,0.3837,6.220,5.160,10203.1,9.374,0.3745,204.1,67.3
2026-07-19T12:00:00,9.484,9.243,20.31,21.12,1.225,1.174,0.4255,0.3777,6.394,5.228,10212.3,9.384,0.3750,204.2,67.4
2026-07-19T13:00:00,9.519,9.275,20.73,21.61,1.242,1.180,0.4387,0.3748,6.496,5.357,10221.6,9.395,0.3756,204.4,67.5
2026-07-19T14:00:00,9.221,8.908,21.09,21.66,1.246,1.196,0.3939,0.3731,6.583,5.336,10230.5,9.406,0.3758,204.6,67.5
2026-07-19T15:00:00,9.608,9.259,20.86,22.07,1.201,1.151,0.4072,0.3713,6.360,5.506,10239.8,9.414,0.3761,204.8,67.6
2026-07-19T16:00:00,9.837,9.460,20.56,21.49,1.221,1.157,0.4624,0.3784,6.007,5.188,10249.2,9.422,0.3769,205.0,67.6
2026-07-19T17:00:00,10.083,9.697,20.49,21.53,1.211,1.159,0.4348,0.3796,6.267,5.333,10258.9,9.431,0.3774,205.2,67.7
2026-07-19T18:00:00,9.699,9.435,20.82,21.76,1.203,1.153,0.4227,0.3672,5.829,5.203,10268.3,9.437,0.3779,205.4,67.8
2026-07-19T19:00:00,9.526,9.279,19.95,20.71,1.210,1.157,0.4123,0.3709,6.615,5.124,10277.6,9.450,0.3783,205.6,67.8
2026-07-19T20:00:00,9.504,9.216,19.68,20.61,1.200,1.140,0.4108,0.3645,6.202,5.201,10286.8,9.460,0.3788,205.7,67.9
2026-07-19T21:00:00,8.661,8.540,18.80,19.67,1.162,1.103,0.4246,0.3691,6.470,5.122,10295.4,9.471,0.3792,205.9,67.9
2026-07-19T22:00:00,9.155,8.794,17.80,18.76,1.160,1.102,0.4006,0.3718,6.053,5.116,10304.2,9.479,0.3795,206.1,68.0
2026-07-19T23:00:00,7.886,7.577,17.93,18.71,1.165,1.114,0.4302,0.3727,6.450,5.190,10311.8,9.489,0.3799,206.2,68.1
2026-07-20T00:00:00,8.749,8.543,16.93,17.36,1.160,1.108,0.3980,0.3678,6.141,5.242,10320.3,9.497,0.3802,206.4,68.1
2026-07-20T01:00:00,8.553,8.438,17.44,18.20,1.189,1.129,0.4013,0.3760,5.887,5.277,10328.7,9.502,0.3804,206.6,68.2
2026-07-20T02:00:00,8.299,8.041,17.24,17.68,1.142,1.091,0.3800,0.3504,5.836,5.260,10336.8,9.506,0.3806,206.7,68.2
2026-07-20T03:00:00,8.702,8.405,16.57,17.38,1.144,1.086,0.4115,0.3844,6.379,5.138,10345.2,9.517,0.3809,206.9,68.3
2026-07-20T04:00:00,8.499,8.233,16.78,17.48,1.160,1.110,0.4273,0.3701,5.622,5.310,10353.4,9.519,0.3813,207.1,68.3
2026-07-20T05:00:00,8.219,7.991,17.31,18.00,1.162,1.109,0.4382,0.3778,6.558,5.521,10361.4,9.528,0.3818,207.2,68.4
2026-07-20T06:00:00,8.456,8.216,17.64,18.80,1.171,1.120,0.4312,0.3857,5.788,4.938,10369.6,9.535,0.3822,207.4,68.4
2026-07-20T07:00:00,8.428,8.124,18.44,19.12,1.157,1.095,0.4176,0.3635,6.232,5.100,10377.7,9.544,0.3826,207.6,68.5
2026-07-20T08:00:00,8.816,8.696,18.37,19.31,1.163,1.113,0.4153,0.3717,6.366,5.122,10386.4,9.555,0.3830,207.7,68.6
2026-07-20T09:00:00,9.260,9.084,18.45,19.19,1.190,1.132,0.3999,0.3800,6.185,5.160,10395.5,9.564,0.3832,207.9,68.6
2026-07-20T10:00:00,9.279,9.069,19.07,19.42,1.200,1.140,0.3977,0.3765,6.131,5.226,10404.6,9.572,0.3834,208.1,68.7
2026-07-20T11:00:00,9.683,9.432,19.74,20.71,1.213,1.158,0.4387,0.3803,6.545,5.393,10414.0,9.583,0.3839,208.3,68.7
2026-07-20T12:00:00,9.772,9.530,19.62,20.57,1.228,1.175,0.4296,0.3767,6.395,5.306,10423.6,9.593,0.3844,208.5,68.8
2026-07-20T13:00:00,9.368,9.027,21.04,22.09,1.219,1.165,0.4222,0.3805,6.535,5.303,10432.6,9.605,0.3848,208.7,68.9
2026-07-20T14:00:00,10.250,10.016,20.71,21.16,1.219,1.159,0.4624,0.3705,6.512,5.304,10442.6,9.617,0.3857,208.9,68.9
2026-07-20T15:00:00,9.795,9.538,20.27,21.03,1.214,1.157,0.4264,0.3765,5.903,5.336,10452.1,9.622,0.3862,209.0,69.0
2026-07-20T16:00:00,9.161,8.883,20.17,21.18,1.229,1.174,0.4206,0.3654,6.829,5.062,10461.0,9.638,0.3867,209.2,69.0
2026-07-20T17:00:00,10.201,9.813,20.41,20.84,1.178,1.126,0.4336,0.3631,6.234,5.300,10470.8,9.647,0.3874,209.4,69.1
2026-07-20T18:00:00,9.460,9.288,20.74,22.01,1.228,1.175,0.4023,0.3652,5.900,5.213,10480.1,9.653,0.3877,209.6,69.2
2026-07-20T19:00:00,9.805,9.472,19.05,19.95,1.180,1.124,0.4239,0.3526,6.655,5.052,10489.6,9.669,0.3884,209.8,69.2
2026-07-20T20:00:00,8.882,8.805,19.72,20.04,1.169,1.114,0.4205,0.3760,6.591,5.054,10498.4,9.682,0.3888,210.0,69.3
2026-07-20T21:00:00,8.598,8.359,18.64,19.38,1.175,1.120,0.4571,0.3714,6.621,5.427,10506.8,9.692,0.3895,210.1,69.3
2026-07-20T22:00:00,8.482,8.268,17.85,18.94,1.174,1.122,0.4426,0.3697,7.158,5.167,10515.0,9.708,0.3901,210.3,69.4
2026-07-20T23:00:00,9.018,8.951,17.95,18.87,1.169,1.111,0.4062,0.3708,6.156,5.231,10524.0,9.717,0.3904,210.5,69.5
2026-07-21T00:00:00,8.989,8.821,17.66,17.82,1.139,1.086,0.4437,0.3625,6.418,5.155,10532.8,9.728,0.3911,210.7,69.5
2026-07-21T01:00:00,8.490,8.319,16.37,16.66,1.131,1.074,0.4031,0.3840,6.215,5.197,10541.1,9.736,0.3913,210.8,69.6
2026-07-21T02:00:00,8.321,8.120,16.76,17.78,1.133,1.079,0.4505,0.3760,5.956,5.111,10549.2,9.743,0.3919,211.0,69.6
2026-07-21T03:00:00,8.579,8.364,16.88,17.61,1.140,1.088,0.3774,0.3597,6.241,5.237,10557.6,9.752,0.3921,211.2,69.7
2026-07-21T04:00:00,8.019,7.776,17.03,17.48,1.116,1.065,0.4520,0.3666,6.167,5.103,10565.4,9.760,0.3927,211.3,69.7
2026-07-21T05:00:00,8.772,8.429,16.97,17.53,1.146,1.082,0.4498,0.3634,5.909,5.079,10573.8,9.767,0.3935,211.5,69.8
2026-07-21T06:00:00,8.887,8.626,16.90,17.91,1.123,1.072,0.4100,0.3542,6.393,5.267,10582.4,9.777,0.3939,211.6,69.8
2026-07-21T07:00:00,8.701,8.582,17.95,18.84,1.190,1.131,0.4221,0.3579,6.069,5.021,10591.0,9.786,0.3945,211.8,69.9
2026-07-21T08:00:00,8.777,8.417,18.20,19.23,1.169,1.116,0.4332,0.3601,6.200,5.435,10599.4,9.792,0.3951,212.0,70.0
2026-07-21T09:00:00,9.404,9.159,19.44,20.46,1.168,1.114,0.4070,0.3597,6.451,5.198,10608.6,9.804,0.3955,212.2,70.0
2026-07-21T10:00:00,9.776,9.416,19.23,20.07,1.199,1.148,0.4331,0.3646,6.311,5.185,10618.0,9.814,0.3962,212.4,70.1
2026-07-21T11:00:00,9.388,9.133,19.58,20.11,1.196,1.126,0.4302,0.3623,6.404,4.949,10627.1,9.827,0.3968,212.5,70.1
2026-07-21T12:00:00,9.544,9.265,20.39,21.19,1.201,1.134,0.3680,0.3765,6.324,5.231,10636.4,9.838,0.3968,212.7,70.2
2026-07-21T13:00:00,9.737,9.569,21.24,22.21,1.218,1.168,0.4216,0.3711,6.495,5.261,10646.0,9.849,0.3973,212.9,70.3
2026-07-21T14:00:00,9.569,9.289,20.81,21.14,1.229,1.174,0.4207,0.3597,6.098,5.278,10655.3,9.857,0.3978,213.1,70.3
2026-07-21T15:00:00,9.295,8.987,21.25,21.30,1.200,1.146,0.4151,0.3812,6.209,5.056,10664.2,9.867,0.3982,213.3,70.4
2026-07-21T16:00:00,9.976,9.766,20.33,20.98,1.203,1.137,0.4176,0.3666,6.346,5.258,10674.0,9.878,0.3987,213.5,70.4
2026-07-21T17:00:00,9.375,9.141,19.74,20.04,1.216,1.158,0.4315,0.3590,6.309,5.454,10683.2,9.886,0.3993,213.7,70.5
2026-07-21T18:00:00,9.408,9.093,19.48,20.57,1.206,1.152,0.4171,0.3890,7.251,5.221,10692.2,9.904,0.3996,213.8,70.6
2026-07-21T19:00:00,9.341,9.175,19.37,20.32,1.214,1.162,0.4351,0.3780,6.393,5.388,10701.4,9.913,0.4001,214.0,70.6
2026-07-21T20:00:00,8.760,8.561,19.54,20.24,1.195,1.144,0.4481,0.3671,6.370,5.033,10710.0,9.925,0.4008,214.2,70.7
2026-07-21T21:00:00,8.623,8.339,18.01,18.60,1.172,1.117,0.4400,0.3774,6.265,5.198,10718.3,9.934,0.4013,214.4,70.7
2026-07-21T22:00:00,8.617,8.467,17.71,18.27,1.152,1.102,0.4371,0.3524,6.075,5.383,10726.8,9.940,0.4020,214.5,70.8
2026-07-21T23:00:00,8.604,8.381,17.72,18.45,1.135,1.074,0.4204,0.3722,5.918,5.062,10735.2,9.947,0.4024,214.7,70.9
2026-07-22T00:00:00,9.093,8.725,17.32,18.46,1.131,1.080,0.4557,0.3696,6.230,5.280,10743.9,9.955,0.4032,214.9,70.9
2026-07-22T01:00:00,9.208,8.990,16.87,17.69,1.138,1.084,0.4302,0.3809,6.276,5.189,10752.9,9.965,0.4036,215.1,71.0
2026-07-22T02:00:00,8.228,8.115,16.54,16.87,1.119,1.062,0.4286,0.3795,6.141,5.379,10761.0,9.971,0.4040,215.2,71.0
2026-07-22T03:00:00,8.595,8.422,16.91,17.70,1.161,1.102,0.4434,0.3699,6.405,5.221,10769.4,9.981,0.4046,215.4,71.1
2026-07-22T04:00:00,8.022,7.880,16.85,17.42,1.169,1.115,0.4278,0.3753,6.359,5.330,10777.3,9.989,0.4051,215.5,71.1
2026-07-22T05:00:00,8.027,7.804,16.86,17.74,1.111,1.046,0.4302,0.3664,5.849,5.245,10785.1,9.994,0.4056,215.7,71.2
2026-07-22T06:00:00,8.591,8.351,17.04,17.85,1.147,1.091,0.3796,0.3587,5.856,5.219,10793.5,9.999,0.4057,215.9,71.2
2026-07-22T07:00:00,8.334,8.191,17.65,18.57,1.165,1.106,0.4290,0.3570,6.135,5.157,10801.6,10.007,0.4063,216.0,71.3
2026-07-22T08:00:00,9.093,8.828,17.36,18.03,1.153,1.090,0.4335,0.3756,7.059,5.093,10810.5,10.025,0.4068,216.2,71.3
2026-07-22T09:00:00,9.519,9.301,18.93,19.75,1.186,1.135,0.3872,0.3671,6.307,5.375,10819.8,10.033,0.4070,216.4,71.4
2026-07-22T10:00:00,9.260,9.209,18.48,19.47,1.197,1.146,0.4348,0.3535,5.996,5.249,10829.0,10.040,0.4078,216.6,71.5
2026-07-22T11:00:00,8.939,8.639,19.49,20.01,1.168,1.116,0.4366,0.3779,6.237,5.000,10837.6,10.051,0.4083,216.8,71.5
2026-07-22T12:00:00,9.640,9.475,20.10,20.83,1.200,1.143,0.4189,0.3672,6.457,5.108,10847.1,10.064,0.4088,216.9,71.6
2026-07-22T13:00:00,9.220,8.943,20.60,21.38,1.207,1.152,0.4362,0.3614,7.003,5.017,10856.0,10.081,0.4094,217.1,71.6
2026-07-22T14:00:00,9.808,9.553,20.54,21.18,1.222,1.153,0.4415,0.3697,6.440,5.275,10865.6,10.092,0.4101,217.3,71.7
2026-07-22T15:00:00,9.733,9.544,20.97,22.00,1.205,1.141,0.4382,0.3596,5.949,5.237,10875.1,10.099,0.4109,217.5,71.8
2026-07-22T16:00:00,9.528,9.165,21.01,21.80,1.192,1.132,0.4343,0.3650,6.357,5.182,10884.3,10.110,0.4115,217.7,71.8
2026-07-22T17:00:00,9.052,8.707,20.28,21.28,1.231,1.177,0.4376,0.3694,6.529,5.329,10893.0,10.120,0.4121,217.9,71.9
2026-07-22T18:00:00,9.242,9.091,19.50,20.75,1.205,1.148,0.4467,0.3582,6.447,5.165,10902.1,10.132,0.4129,218.0,72.0
2026-07-22T19:00:00,9.627,9.450,19.58,20.05,1.187,1.133,0.4615,0.3608,6.378,5.187,10911.6,10.143,0.4139,218.2,72.0
2026-07-22T20:00:00,9.004,8.608,19.70,20.48,1.223,1.165,0.4170,0.3747,6.536,5.197,10920.2,10.155,0.4142,218.4,72.1
2026-07-22T21:00:00,9.031,8.831,18.76,19.22,1.169,1.116,0.4308,0.3691,6.461,5.041,10929.0,10.167,0.4148,218.6,72.1
2026-07-22T22:00:00,8.526,8.367,17.96,18.22,1.179,1.124,0.4529,0.3626,6.560,5.169,10937.4,10.179,0.4155,218.7,72.2
2026-07-22T23:00:00,8.892,8.699,17.87,18.78,1.164,1.102,0.4000,0.3639,6.080,5.135,10946.1,10.187,0.4158,218.9,72.2
2026-07-23T00:00:00,8.297,7.978,16.93,18.10,1.134,1.083,0.4811,0.3606,5.726,5.202,10954.0,10.191,0.4168,219.1,72.3
2026-07-23T01:00:00,8.084,7.831,17.31,17.93,1.125,1.075,0.4272,0.3725,6.693,5.187,10961.9,10.203,0.4172,219.2,72.3
2026-07-23T02:00:00,8.472,8.229,17.01,17.47,1.141,1.071,0.4458,0.3634,5.673,5.119,10970.1,10.208,0.4179,219.4,72.4
2026-07-23T03:00:00,8.532,8.350,16.27,16.64,1.145,1.086,0.3838,0.3632,6.364,5.176,10978.4,10.218,0.4181,219.6,72.5
2026-07-23T04:00:00,8.583,8.396,16.65,17.75,1.149,1.096,0.3989,0.3776,6.278,5.184,10986.8,10.227,0.4182,219.7,72.5
2026-07-23T05:00:00,8.095,7.898,16.88,17.93,1.169,1.108,0.4204,0.3656,5.627,5.218,10994.7,10.230,0.4187,219.9,72.6
2026-07-23T06:00:00,8.486,8.222,17.35,18.14,1.159,1.106,0.4174,0.3828,6.441,5.252,11003.0,10.240,0.4190,220.1,72.6
2026-07-23T07:00:00,9.124,8.860,17.78,18.45,1.143,1.091,0.4328,0.3670,6.124,5.305,11011.8,10.247,0.4195,220.2,72.7
2026-07-23T08:00:00,8.896,8.773,17.81,18.38,1.155,1.098,0.4867,0.3746,6.280,5.267,11020.6,10.256,0.4205,220.4,72.7
2026-07-23T09:00:00,8.601,8.427,18.18,19.00,1.210,1.159,0.4136,0.3698,6.545,5.331,11029.0,10.266,0.4209,220.6,72.8
2026-07-23T10:00:00,9.190,8.942,18.67,19.98,1.169,1.109,0.3957,0.3783,6.105,5.165,11038.0,10.275,0.4211,220.8,72.9
2026-07-23T11:00:00,9.705,9.429,19.68,20.72,1.195,1.142,0.4469,0.3649,6.435,5.217,11047.4,10.286,0.4218,220.9,72.9
2026-07-23T12:00:00,9.553,9.254,20.66,21.78,1.194,1.141,0.3854,0.3656,6.409,5.248,11056.6,10.297,0.4220,221.1,73.0
2026-07-23T13:00:00,9.961,9.640,20.78,21.32,1.203,1.149,0.4407,0.3694,6.789,5.421,11066.3,10.310,0.4227,221.3,73.0
2026-07-23T14:00:00,9.673,9.470,20.60,21.38,1.206,1.153,0.4496,0.3742,6.336,5.202,11075.8,10.321,0.4234,221.5,73.1
2026-07-23T15:00:00,9.802,9.568,21.07,22.37,1.204,1.142,0.3609,0.3713,6.292,5.034,11085.3,10.333,0.4234,221.7,73.2
2026-07-23T16:00:00,10.050,10.003,19.94,21.01,1.227,1.162,0.4066,0.3661,6.008,5.254,11095.3,10.340,0.4238,221.9,73.2
2026-07-23T17:00:00,9.568,9.294,20.69,21.59,1.215,1.158,0.4233,0.3628,6.297,5.325,11104.6,10.349,0.4244,222.1,73.3
2026-07-23T18:00:00,9.253,9.050,18.99,20.35,1.235,1.180,0.3960,0.3725,6.644,5.204,11113.7,10.363,0.4246,222.3,73.4
2026-07-23T19:00:00,9.385,9.053,19.47,20.41,1.189,1.137,0.4466,0.3676,6.094,4.958,11122.7,10.373,0.4253,222.5,73.4
2026-07-23T20:00:00,9.104,8.965,18.79,19.99,1.203,1.151,0.4311,0.3785,6.285,5.072,11131.7,10.384,0.4258,222.6,73.5
2026-07-23T21:00:00,8.390,8.175,18.61,19.41,1.160,1.105,0.3634,0.3746,6.296,4.743,11139.9,10.396,0.4258,222.8,73.5
2026-07-23T22:00:00,9.098,8.871,18.31,19.44,1.178,1.121,0.4074,0.3690,6.769,5.188,11148.7,10.410,0.4261,223.0,73.6
2026-07-23T23:00:00,8.881,8.658,17.27,17.91,1.157,1.101,0.4908,0.3744,6.393,5.179,11157.4,10.421,0.4271,223.1,73.6
2026-07-24T00:00:00,8.338,8.093,16.54,17.14,1.163,1.107,0.4221,0.3685,6.945,5.175,11165.5,10.435,0.4276,223.3,73.7
2026-07-24T01:00:00,8.623,8.532,16.73,17.25,1.168,1.117,0.4223,0.3626,6.192,5.050,11174.0,10.445,0.4281,223.5,73.7
2026-07-24T02:00:00,8.271,8.096,16.90,17.56,1.152,1.091,0.4189,0.3595,5.571,4.914,11182.1,10.450,0.4286,223.6,73.8
2026-07-24T03:00:00,8.604,8.372,16.24,17.02,1.165,1.101,0.4054,0.3757,6.526,5.289,11190.5,10.461,0.4288,223.8,73.9
2026-07-24T04:00:00,8.235,8.080,16.33,17.08,1.131,1.081,0.3884,0.3516,6.443,4.941,11198.6,10.473,0.4291,224.0,73.9
2026-07-24T05:00:00,8.225,8.009,17.53,18.08,1.129,1.076,0.4339,0.3781,6.468,5.314,11206.6,10.482,0.4295,224.1,74.0
2026-07-24T06:00:00,8.592,8.502,16.31,16.85,1.163,1.108,0.4357,0.3697,6.967,5.402,11215.1,10.495,0.4301,224.3,74.0
2026-07-24T07:00:00,8.624,8.443,16.88,17.86,1.145,1.095,0.4132,0.3632,5.641,5.199,11223.5,10.499,0.4305,224.5,74.1
2026-07-24T08:00:00,9.451,9.252,18.16,19.09,1.160,1.110,0.4023,0.3521,6.132,5.001,11232.8,10.510,0.4310,224.7,74.1
2026-07-24T09:00:00,8.714,8.432,18.58,19.04,1.191,1.141,0.4407,0.3495,6.640,5.396,11241.2,10.520,0.4318,224.8,74.2
2026-07-24T10:00:00,8.790,8.518,18.73,19.83,1.175,1.117,0.4570,0.3886,6.724,5.115,11249.7,10.534,0.4323,225.0,74.2
2026-07-24T11:00:00,9.327,9.072,19.02,19.57,1.217,1.165,0.4551,0.3777,5.894,5.223,11258.8,10.540,0.4330,225.2,74.3
2026-07-24T12:00:00,9.320,9.128,19.81,21.11,1.205,1.140,0.4328,0.3703,5.489,5.098,11267.9,10.543,0.4336,225.4,74.4
2026-07-24T13:00:00,9.366,8.982,20.51,21.55,1.232,1.170,0.4205,0.3613,6.406,5.230,11276.9,10.554,0.4341,225.5,74.4
2026-07-24T14:00:00,9.272,9.016,20.63,21.35,1.205,1.145,0.4509,0.3685,6.176,5.357,11285.9,10.561,0.4349,225.7,74.5
2026-07-24T15:00:00,9.421,9.365,20.50,21.42,1.222,1.171,0.4418,0.3686,6.135,5.180,11295.3,10.570,0.4356,225.9,74.5
2026-07-24T16:00:00,9.048,8.815,20.35,21.11,1.223,1.168,0.4247,0.3723,5.461,5.069,11304.1,10.574,0.4360,226.1,74.6
2026-07-24T17:00:00,9.531,9.264,20.41,21.53,1.254,1.202,0.3849,0.3564,6.745,4.913,11313.4,10.591,0.4363,226.3,74.7
2026-07-24T18:00:00,9.260,8.929,20.11,20.53,1.213,1.158,0.4153,0.3816,6.076,5.293,11322.3,10.598,0.4366,226.4,74.7
2026-07-24T19:00:00,8.948,8.686,20.10,21.35,1.173,1.112,0.3770,0.3686,6.052,5.196,11331.0,10.605,0.4367,226.6,74.8
2026-07-24T20:00:00,8.799,8.547,19.46,20.26,1.191,1.138,0.4690,0.3719,6.152,5.008,11339.5,10.615,0.4375,226.8,74.8
2026-07-24T21:00:00,9.419,9.223,18.64,19.21,1.194,1.136,0.4080,0.3812,5.819,5.244,11348.7,10.620,0.4378,227.0,74.9
2026-07-24T22:00:00,8.780,8.526,17.11,18.23,1.164,1.113,0.4060,0.3599,5.920,5.389,11357.3,10.625,0.4381,227.1,75.0
2026-07-24T23:00:00,7.795,7.590,16.76,17.76,1.154,1.092,0.4249,0.3756,6.693,5.067,11364.9,10.637,0.4385,227.3,75.0
2026-07-25T00:00:00,8.666,8.503,17.07,17.78,1.153,1.097,0.3934,0.3742,6.228,5.054,11373.4,10.647,0.4387,227.5,75.1
2026-07-25T01:00:00,8.693,8.410,17.60,18.28,1.161,1.107,0.4444,0.3655,5.985,5.370,11381.8,10.652,0.4393,227.6,75.1
2026-07-25T02:00:00,8.768,8.533,16.84,17.67,1.153,1.093,0.3965,0.3776,5.929,5.129,11390.3,10.659,0.4395,227.8,75.2
2026-07-25T03:00:00,8.624,8.359,15.95,16.76,1.138,1.084,0.4825,0.3654,7.191,5.095,11398.7,10.677,0.4405,228.0,75.2
2026-07-25T04:00:00,8.303,8.035,16.53,17.45,1.127,1.073,0.4427,0.3717,6.264,5.145,11406.7,10.686,0.4411,228.1,75.3
2026-07-25T05:00:00,8.499,8.435,16.86,17.48,1.165,1.107,0.4371,0.3765,6.557,5.192,11415.1,10.697,0.4416,228.3,75.3
2026-07-25T06:00:00,8.777,8.537,16.97,18.27,1.157,1.100,0.3940,0.3843,5.796,5.112,11423.7,10.703,0.4417,228.5,75.4
2026-07-25T07:00:00,9.116,8.941,17.61,17.91,1.171,1.117,0.4408,0.3643,6.617,5.276,11432.6,10.715,0.4423,228.7,75.5
2026-07-25T08:00:00,9.202,8.944,18.09,18.80,1.190,1.140,0.3995,0.3749,6.565,5.065,11441.6,10.728,0.4426,228.8,75.5
2026-07-25T09:00:00,9.007,8.779,18.29,19.29,1.168,1.102,0.4622,0.3697,6.531,5.050,11450.3,10.741,0.4434,229.0,75.6
2026-07-25T10:00:00,9.539,9.293,19.82,20.95,1.190,1.137,0.4330,0.3647,6.539,5.346,11459.6,10.752,0.4440,229.2,75.6
2026-07-25T11:00:00,9.377,9.154,18.74,18.82,1.231,1.180,0.4206,0.3744,6.052,5.085,11468.8,10.761,0.4444,229.4,75.7
2026-07-25T12:00:00,9.467,9.189,19.87,20.32,1.197,1.146,0.3765,0.3627,6.196,5.362,11478.0,10.769,0.4446,229.6,75.8
2026-07-25T13:00:00,9.625,9.365,20.48,21.15,1.218,1.146,0.3855,0.3669,6.318,5.249,11487.3,10.779,0.4447,229.7,75.8
2026-07-25T14:00:00,9.591,9.495,20.21,21.02,1.211,1.148,0.4086,0.3803,6.015,5.085,11496.8,10.788,0.4450,229.9,75.9
2026-07-25T15:00:00,9.514,9.319,20.49,20.90,1.226,1.171,0.4122,0.3889,6.433,4.950,11506.2,10.802,0.4452,230.1,75.9
2026-07-25T16:00:00,9.920,9.652,20.67,21.48,1.236,1.185,0.4034,0.3728,6.631,5.408,11515.8,10.813,0.4455,230.3,76.0
2026-07-25T17:00:00,9.500,9.262,20.23,21.05,1.240,1.184,0.4119,0.3658,6.571,5.204,11525.1,10.826,0.4459,230.5,76.1
2026-07-25T18:00:00,9.385,9.030,19.50,20.15,1.223,1.162,0.4785,0.3585,5.992,5.148,11534.1,10.834,0.4470,230.7,76.1
2026-07-25T19:00:00,9.186,9.005,19.38,20.24,1.197,1.142,0.4299,0.3665,6.215,5.053,11543.1,10.844,0.4476,230.9,76.2
2026-07-25T20:00:00,8.921,8.735,20.00,20.78,1.221,1.168,0.4015,0.3555,6.211,5.229,11551.8,10.853,0.4480,231.0,76.2
2026-07-25T21:00:00,9.615,9.382,18.91,19.88,1.163,1.111,0.4093,0.3504,6.448,5.213,11561.2,10.864,0.4485,231.2,76.3
2026-07-25T22:00:00,8.991,8.790,17.77,18.72,1.167,1.101,0.3648,0.3736,6.082,5.128,11570.0,10.873,0.4485,231.4,76.4
2026-07-25T23:00:00,9.084,8.810,17.45,18.15,1.159,1.108,0.4063,0.3670,6.602,5.148,11578.8,10.886,0.4489,231.6,76.4
2026-07-26T00:00:00,8.882,8.783,16.54,17.09,1.164,1.098,0.4436,0.3547,5.819,5.054,11587.6,10.892,0.4497,231.8,76.5
2026-07-26T01:00:00,8.362,8.125,16.06,16.89,1.159,1.100,0.4242,0.3799,6.259,4.968,11595.7,10.903,0.4500,231.9,76.5
2026-07-26T02:00:00,8.659,8.370,16.82,17.96,1.165,1.110,0.3935,0.3725,6.350,4.941,11604.1,10.915,0.4502,232.1,76.6
2026-07-26T03:00:00,8.240,8.076,16.36,17.29,1.145,1.084,0.3999,0.3812,6.055,5.216,11612.2,10.921,0.4504,232.2,76.6
2026-07-26T04:00:00,8.471,8.288,16.06,16.82,1.146,1.093,0.4166,0.3807,5.454,5.095,11620.5,10.924,0.4507,232.4,76.7
2026-07-26T05:00:00,8.647,8.452,16.56,17.73,1.154,1.098,0.3802,0.3671,6.599,5.061,11628.9,10.937,0.4508,232.6,76.8
2026-07-26T06:00:00,9.019,8.837,16.95,18.21,1.156,1.103,0.4589,0.3959,6.234,5.270,11637.8,10.946,0.4513,232.8,76.8
2026-07-26T07:00:00,8.937,8.731,16.72,17.23,1.155,1.095,0.4012,0.3614,5.803,5.054,11646.5,10.952,0.4517,232.9,76.9
2026-07-26T08:00:00,9.107,8.845,17.47,18.29,1.180,1.127,0.4343,0.3779,6.365,5.063,11655.3,10.964,0.4522,233.1,76.9
2026-07-26T09:00:00,9.161,9.024,17.89,18.55,1.173,1.120,0.4247,0.3665,6.395,5.091,11664.3,10.976,0.4527,233.3,77.0
2026-07-26T10:00:00,9.530,9.372,18.80,19.59,1.166,1.109,0.4326,0.3813,6.298,4.984,11673.7,10.988,0.4532,233.5,77.0
2026-07-26T11:00:00,9.384,9.171,18.42,19.01,1.182,1.126,0.4481,0.3618,6.121,5.129,11682.9,10.997,0.4540,233.7,77.1
2026-07-26T12:00:00,9.335,9.192,19.50,20.46,1.212,1.156,0.4112,0.3672,6.323,5.026,11692.1,11.009,0.4544,233.8,77.2
2026-07-26T13:00:00,9.928,9.747,20.21,21.24,1.205,1.148,0.4196,0.3645,6.024,5.304,11701.8,11.016,0.4549,234.0,77.2
2026-07-26T14:00:00,9.733,9.603,20.13,20.76,1.202,1.147,0.3997,0.3799,6.582,4.932,11711.4,11.032,0.4551,234.2,77.3
2026-07-26T15:00:00,8.975,8.855,20.52,21.35,1.239,1.175,0.4196,0.3618,6.056,5.283,11720.3,11.039,0.4556,234.4,77.4
2026-07-26T16:00:00,9.682,9.347,20.31,21.29,1.219,1.158,0.4071,0.3666,5.341,5.263,11729.6,11.039,0.4560,234.6,77.4
2026-07-26T17:00:00,9.484,9.247,20.71,21.39,1.215,1.151,0.4399,0.3536,6.229,5.253,11738.9,11.048,0.4568,234.8,77.5
2026-07-26T18:00:00,9.887,9.650,19.56,20.28,1.218,1.157,0.4252,0.3734,6.082,5.152,11748.5,11.057,0.4573,235.0,77.5
2026-07-26T19:00:00,9.368,9.155,18.54,19.38,1.187,1.116,0.4255,0.3686,6.352,5.149,11757.7,11.068,0.4578,235.2,77.6
2026-07-26T20:00:00,8.774,8.528,19.40,19.89,1.222,1.159,0.4304,0.3582,6.775,5.123,11766.2,11.083,0.4584,235.3,77.7
2026-07-26T21:00:00,8.836,8.665,18.30,19.27,1.178,1.120,0.3839,0.3654,6.178,5.152,11774.9,11.091,0.4586,235.5,77.7
2026-07-26T22:00:00,8.664,8.438,18.22,19.15,1.193,1.133,0.4006,0.3802,6.127,4.900,11783.3,11.102,0.4588,235.7,77.8
2026-07-26T23:00:00,8.600,8.329,17.03,18.13,1.163,1.109,0.4226,0.3576,5.948,4.988,11791.6,11.110,0.4593,235.8,77.8
2026-07-27T00:00:00,8.630,8.479,17.31,17.98,1.145,1.076,0.3655,0.3709,6.659,4.894,11800.1,11.125,0.4593,236.0,77.9
2026-07-27T01:00:00,8.492,8.336,16.71,17.27,1.180,1.130,0.4335,0.3667,5.581,4.968,11808.5,11.130,0.4599,236.2,77.9
2026-07-27T02:00:00,8.940,8.752,16.11,16.50,1.154,1.096,0.4113,0.3731,6.369,4.920,11817.2,11.143,0.4602,236.3,78.0
2026-07-27T03:00:00,8.679,8.473,16.59,17.72,1.129,1.076,0.4254,0.3841,6.466,5.075,11825.7,11.154,0.4605,236.5,78.0
2026-07-27T04:00:00,8.999,8.909,16.13,16.66,1.151,1.100,0.4278,0.3738,7.103,5.181,11834.6,11.171,0.4610,236.7,78.1
2026-07-27T05:00:00,8.791,8.506,16.48,17.53,1.149,1.094,0.4484,0.3518,6.441,5.061,11843.1,11.183,0.4618,236.9,78.2
2026-07-27T06:00:00,8.093,7.995,16.40,17.10,1.146,1.091,0.3929,0.3669,5.843,5.017,11851.1,11.190,0.4620,237.0,78.2
2026-07-27T07:00:00,8.644,8.426,17.56,18.57,1.182,1.128,0.4277,0.3805,6.313,5.123,11859.5,11.200,0.4624,237.2,78.3
2026-07-27T08:00:00,9.039,8.747,17.75,18.58,1.156,1.105,0.3976,0.3705,6.359,5.220,11868.3,11.210,0.4627,237.4,78.3
2026-07-27T09:00:00,9.092,8.886,18.67,19.23,1.177,1.125,0.4191,0.3636,6.660,5.044,11877.2,11.224,0.4632,237.5,78.4
2026-07-27T10:00:00,8.987,8.717,18.54,19.69,1.213,1.162,0.4588,0.3702,5.380,5.090,11885.9,11.227,0.4639,237.7,78.4
2026-07-27T11:00:00,9.549,9.229,19.37,20.28,1.202,1.148,0.4229,0.3819,6.095,4.838,11895.1,11.238,0.4643,237.9,78.5
2026-07-27T12:00:00,9.626,9.449,19.67,20.28,1.211,1.147,0.4057,0.3589,6.540,5.073,11904.6,11.252,0.4648,238.1,78.6
2026-07-27T13:00:00,9.870,9.524,20.14,21.23,1.192,1.141,0.4141,0.3746,5.997,4.825,11914.1,11.263,0.4651,238.3,78.6
2026-07-27T14:00:00,9.702,9.517,19.32,20.17,1.240,1.178,0.3709,0.3669,6.671,5.200,11923.6,11.277,0.4652,238.5,78.7
2026-07-27T15:00:00,9.957,9.686,19.79,20.29,1.207,1.148,0.4360,0.3645,5.990,4.990,11933.3,11.287,0.4659,238.7,78.8
2026-07-27T16:00:00,9.738,9.518,21.35,22.43,1.239,1.188,0.4332,0.3655,6.110,5.178,11942.8,11.296,0.4665,238.9,78.8
2026-07-27T17:00:00,10.000,9.759,19.09,19.60,1.213,1.155,0.4166,0.3565,6.290,4.967,11952.6,11.309,0.4671,239.1,78.9
2026-07-27T18:00:00,9.250,8.977,19.67,20.77,1.191,1.136,0.4154,0.3683,6.319,4.952,11961.5,11.321,0.4675,239.2,78.9
2026-07-27T19:00:00,8.962,8.784,18.85,19.57,1.207,1.157,0.4166,0.3705,6.902,5.066,11970.3,11.337,0.4679,239.4,79.0
2026-07-27T20:00:00,8.691,8.367,18.61,19.28,1.216,1.162,0.3883,0.3624,6.840,5.345,11978.7,11.350,0.4681,239.6,79.1
2026-07-27T21:00:00,8.454,8.336,18.90,19.67,1.170,1.117,0.3985,0.3655,5.923,4.903,11987.0,11.358,0.4684,239.7,79.1
2026-07-27T22:00:00,8.840,8.688,17.83,18.42,1.177,1.124,0.4395,0.3735,6.520,5.142,11995.7,11.370,0.4690,239.9,79.2
2026-07-27T23:00:00,8.786,8.512,17.23,17.88,1.145,1.093,0.4176,0.3664,6.342,4.976,12004.2,11.382,0.4694,240.1,79.2
2026-07-28T00:00:00,8.955,8.702,17.11,17.75,1.140,1.084,0.4388,0.3630,7.052,5.180,12012.9,11.398,0.4701,240.3,79.3
2026-07-28T01:00:00,8.501,8.328,16.23,16.94,1.162,1.103,0.4342,0.3549,6.154,5.053,12021.2,11.407,0.4708,240.4,79.3
2026-07-28T02:00:00,8.224,7.978,17.31,18.00,1.139,1.083,0.4559,0.3562,6.226,4.952,12029.2,11.417,0.4715,240.6,79.4
2026-07-28T03:00:00,8.758,8.479,15.30,16.45,1.126,1.064,0.4219,0.3782,6.097,5.044,12037.7,11.426,0.4719,240.8,79.4
2026-07-28T04:00:00,8.793,8.650,16.68,17.23,1.146,1.088,0.3953,0.3650,6.766,4.999,12046.4,11.442,0.4722,240.9,79.5
2026-07-28T05:00:00,8.151,8.057,16.78,17.51,1.148,1.087,0.3985,0.3613,6.302,5.021,12054.4,11.452,0.4725,241.1,79.6
2026-07-28T06:00:00,8.923,8.620,16.61,17.30,1.154,1.088,0.4210,0.3547,6.209,5.169,12063.0,11.461,0.4731,241.3,79.6
2026-07-28T07:00:00,8.797,8.547,17.23,18.36,1.134,1.077,0.4044,0.3602,6.541,5.124,12071.6,11.473,0.4734,241.4,79.7
2026-07-28T08:00:00,9.162,8.897,17.96,18.36,1.176,1.116,0.4280,0.3625,6.051,4.809,12080.5,11.484,0.4740,241.6,79.7
2026-07-28T09:00:00,9.153,8.717,17.89,18.58,1.182,1.123,0.4388,0.3742,5.952,5.246,12089.2,11.490,0.4746,241.8,79.8
2026-07-28T10:00:00,9.047,8.725,19.01,20.01,1.197,1.140,0.4630,0.3773,6.868,5.212,12097.9,11.505,0.4753,242.0,79.8
2026-07-28T11:00:00,8.797,8.648,19.29,20.52,1.208,1.157,0.4536,0.3679,6.004,5.025,12106.6,11.513,0.4761,242.1,79.9
2026-07-28T12:00:00,9.982,9.636,18.82,19.48,1.204,1.142,0.4223,0.3673,6.905,5.356,12116.2,11.528,0.4766,242.3,80.0
2026-07-28T13:00:00,9.955,9.783,19.98,21.06,1.221,1.169,0.4301,0.3617,6.509,4.938,12126.0,11.543,0.4773,242.5,80.0
2026-07-28T14:00:00,9.455,9.136,19.84,20.73,1.228,1.158,0.4069,0.3563,6.611,5.164,12135.1,11.557,0.4777,242.7,80.1
2026-07-28T15:00:00,9.923,9.615,20.18,20.98,1.240,1.190,0.4313,0.3787,5.922,5.239,12144.7,11.563,0.4782,242.9,80.2
2026-07-28T16:00:00,9.004,8.814,20.55,20.96,1.210,1.153,0.4269,0.3593,6.022,5.272,12153.5,11.570,0.4788,243.1,80.2
2026-07-28T17:00:00,9.682,9.464,19.66,20.48,1.222,1.168,0.4266,0.3793,5.856,4.851,12163.0,11.579,0.4793,243.3,80.3
2026-07-28T18:00:00,9.775,9.451,19.75,20.89,1.193,1.124,0.4311,0.3631,6.235,5.081,12172.5,11.590,0.4799,243.4,80.3
2026-07-28T19:00:00,8.696,8.485,19.05,19.80,1.200,1.143,0.4421,0.3722,6.044,5.339,12181.0,11.596,0.4805,243.6,80.4
2026-07-28T20:00:00,8.999,8.956,19.24,20.22,1.175,1.124,0.4326,0.3776,6.447,4.820,12189.9,11.611,0.4810,243.8,80.5
2026-07-28T21:00:00,8.805,8.570,17.73,18.78,1.190,1.132,0.4502,0.3656,6.593,5.132,12198.5,11.623,0.4817,244.0,80.5
2026-07-28T22:00:00,8.712,8.586,17.65,18.76,1.160,1.098,0.4432,0.3763,6.526,5.268,12207.1,11.634,0.4823,244.1,80.6
2026-07-28T23:00:00,9.154,8.848,17.47,18.37,1.144,1.089,0.4013,0.3525,6.345,4.982,12215.9,11.646,0.4827,244.3,80.6
2026-07-29T00:00:00,8.888,8.693,16.79,17.69,1.145,1.086,0.4203,0.3521,5.528,5.206,12224.6,11.649,0.4833,244.5,80.7
2026-07-29T01:00:00,8.659,8.416,17.19,17.99,1.154,1.098,0.4148,0.3624,6.301,5.175,12233.0,11.658,0.4838,244.7,80.7
2026-07-29T02:00:00,8.013,7.791,16.03,17.03,1.134,1.076,0.4195,0.3641,6.339,4.878,12240.8,11.670,0.4842,244.8,80.8
2026-07-29T03:00:00,8.697,8.523,16.63,17.45,1.113,1.055,0.3994,0.3603,6.165,5.219,12249.3,11.678,0.4845,245.0,80.8
2026-07-29T04:00:00,8.197,8.016,16.30,16.80,1.126,1.076,0.4399,0.3823,6.074,5.202,12257.3,11.685,0.4850,245.1,80.9
2026-07-29T05:00:00,8.696,8.506,15.89,16.72,1.169,1.117,0.4416,0.3645,6.042,5.168,12265.9,11.692,0.4857,245.3,81.0
2026-07-29T06:00:00,9.124,8.734,16.14,16.85,1.157,1.102,0.4597,0.3511,6.363,5.174,12274.6,11.703,0.4866,245.5,81.0
2026-07-29T07:00:00,8.989,8.787,16.23,16.91,1.147,1.090,0.4019,0.3524,5.951,5.078,12283.4,11.710,0.4870,245.7,81.1
2026-07-29T08:00:00,8.185,8.005,16.93,17.84,1.184,1.121,0.3807,0.3630,6.175,5.026,12291.4,11.720,0.4872,245.8,81.1
2026-07-29T09:00:00,9.072,8.775,18.09,18.99,1.175,1.123,0.4223,0.3613,6.135,5.087,12300.2,11.729,0.4877,246.0,81.2
2026-07-29T10:00:00,9.201,8.926,19.47,20.40,1.160,1.099,0.4196,0.3646,5.657,5.231,12309.1,11.733,0.4882,246.2,81.2
2026-07-29T11:00:00,8.916,8.613,19.09,19.88,1.198,1.142,0.3743,0.3695,5.662,5.241,12317.7,11.736,0.4882,246.4,81.3
2026-07-29T12:00:00,9.534,9.323,19.20,19.78,1.202,1.144,0.4353,0.3601,5.929,5.055,12327.0,11.744,0.4889,246.5,81.4
2026-07-29T13:00:00,9.559,9.246,19.83,20.64,1.222,1.170,0.4477,0.3595,5.860,4.992,12336.3,11.752,0.4898,246.7,81.4
2026-07-29T14:00:00,9.642,9.314,20.24,21.24,1.198,1.141,0.3956,0.3667,6.822,4.755,12345.6,11.772,0.4900,246.9,81.5
2026-07-29T15:00:00,9.410,9.250,19.75,20.16,1.214,1.161,0.4334,0.3620,6.600,4.932,12354.8,11.787,0.4907,247.1,81.5
2026-07-29T16:00:00,9.875,9.792,20.26,20.61,1.228,1.164,0.4196,0.3575,6.313,5.092,12364.6,11.799,0.4913,247.3,81.6
2026-07-29T17:00:00,9.469,9.340,19.68,20.38,1.212,1.155,0.4325,0.3736,6.034,4.953,12374.0,11.809,0.4918,247.5,81.7
2026-07-29T18:00:00,9.893,9.553,19.24,20.08,1.205,1.130,0.4273,0.3679,6.545,5.150,12383.5,11.822,0.4924,247.7,81.7
2026-07-29T19:00:00,9.325,9.017,20.01,20.81,1.179,1.126,0.4322,0.3731,5.836,4.884,12392.5,11.831,0.4929,247.9,81.8
2026-07-29T20:00:00,9.311,9.090,18.15,19.13,1.187,1.128,0.4298,0.3739,6.435,4.876,12401.6,11.845,0.4935,248.0,81.9
2026-07-29T21:00:00,8.857,8.617,17.87,18.53,1.191,1.140,0.4350,0.3665,6.461,4.900,12410.2,11.859,0.4940,248.2,81.9
2026-07-29T22:00:00,8.637,8.445,17.57,18.25,1.193,1.142,0.4434,0.3746,6.790,4.991,12418.7,11.874,0.4946,248.4,82.0
2026-07-29T23:00:00,8.611,8.391,16.66,17.50,1.156,1.099,0.3861,0.3626,6.569,4.981,12427.1,11.887,0.4948,248.5,82.0
2026-07-30T00:00:00,8.527,8.353,16.66,18.04,1.154,1.102,0.3987,0.3687,6.370,4.914,12435.4,11.899,0.4951,248.7,82.1
2026-07-30T01:00:00,8.810,8.643,17.05,18.06,1.129,1.075,0.3968,0.3736,6.144,5.062,12444.1,11.909,0.4953,248.9,82.1
2026-07-30T02:00:00,8.290,8.111,16.16,17.22,1.146,1.095,0.3540,0.3668,6.474,4.879,12452.2,11.922,0.4953,249.0,82.2
2026-07-30T03:00:00,8.669,8.520,15.64,16.55,1.138,1.087,0.4410,0.3666,6.920,5.307,12460.7,11.935,0.4959,249.2,82.2
2026-07-30T04:00:00,8.427,8.197,15.78,16.41,1.148,1.097,0.4296,0.3741,6.330,5.103,12468.9,11.945,0.4964,249.4,82.3
2026-07-30T05:00:00,8.184,8.067,16.55,17.12,1.112,1.060,0.4101,0.3528,6.429,5.088,12477.0,11.956,0.4968,249.5,82.3
2026-07-30T06:00:00,8.173,8.035,16.56,17.13,1.148,1.096,0.4016,0.3564,6.506,5.007,12485.0,11.968,0.4972,249.7,82.4
2026-07-30T07:00:00,8.347,8.176,17.28,17.94,1.165,1.105,0.4150,0.3662,6.027,5.168,12493.2,11.975,0.4976,249.9,82.5
2026-07-30T08:00:00,8.866,8.562,17.75,18.55,1.190,1.139,0.4285,0.3631,5.979,5.009,12501.7,11.984,0.4981,250.0,82.5
2026-07-30T09:00:00,9.350,9.147,18.07,18.76,1.183,1.131,0.4546,0.3715,6.520,5.334,12510.9,11.994,0.4989,250.2,82.6
2026-07-30T10:00:00,9.360,9.207,18.63,19.17,1.205,1.144,0.3794,0.3724,6.109,5.029,12520.1,12.004,0.4990,250.4,82.6
2026-07-30T11:00:00,9.378,9.196,19.06,20.01,1.198,1.140,0.4511,0.3616,6.761,5.099,12529.3,12.020,0.4998,250.6,82.7
2026-07-30T12:00:00,9.710,9.440,19.70,20.20,1.214,1.157,0.4235,0.3603,6.028,5.029,12538.7,12.029,0.5004,250.8,82.8
2026-07-30T13:00:00,9.136,8.971,20.06,21.00,1.196,1.137,0.4893,0.3569,6.424,5.084,12547.7,12.041,0.5016,251.0,82.8
2026-07-30T14:00:00,9.542,9.421,20.32,20.99,1.197,1.135,0.4171,0.3611,6.647,4.985,12557.1,12.057,0.5021,251.1,82.9
2026-07-30T15:00:00,10.160,9.850,19.85,20.12,1.200,1.146,0.4057,0.3710,5.115,4.939,12567.0,12.058,0.5025,251.3,82.9
2026-07-30T16:00:00,9.935,9.820,20.04,21.01,1.267,1.213,0.3920,0.3732,6.647,5.052,12576.8,12.074,0.5026,251.5,83.0
2026-07-30T17:00:00,9.847,9.605,19.69,20.54,1.199,1.146,0.3896,0.3549,6.307,5.143,12586.4,12.085,0.5030,251.7,83.1
2026-07-30T18:00:00,9.387,9.219,19.80,20.56,1.208,1.157,0.4535,0.3617,6.479,5.022,12595.6,12.099,0.5038,251.9,83.1
2026-07-30T19:00:00,9.534,9.356,19.74,20.68,1.199,1.135,0.4073,0.3688,6.409,4.678,12605.0,12.115,0.5042,252.1,83.2
2026-07-30T20:00:00,9.619,9.223,18.87,19.96,1.172,1.116,0.4375,0.3681,6.360,5.016,12614.2,12.127,0.5048,252.3,83.3
2026-07-30T21:00:00,8.878,8.749,17.58,18.50,1.176,1.125,0.4005,0.3584,6.347,5.239,12622.9,12.137,0.5052,252.5,83.3
2026-07-30T22:00:00,8.980,8.713,17.40,18.24,1.145,1.084,0.3680,0.3685,5.865,4.956,12631.7,12.145,0.5052,252.6,83.4
2026-07-30T23:00:00,8.538,8.473,17.05,17.57,1.152,1.094,0.4451,0.3562,6.478,4.939,12640.1,12.158,0.5059,252.8,83.4
2026-07-31T00:00:00,8.437,8.129,16.67,17.46,1.142,1.086,0.4638,0.3809,6.551,5.048,12648.3,12.170,0.5066,253.0,83.5
2026-07-31T01:00:00,8.335,8.100,16.26,17.17,1.135,1.067,0.4069,0.3562,5.863,4.968,12656.4,12.177,0.5070,253.1,83.5
2026-07-31T02:00:00,8.837,8.577,16.10,16.92,1.136,1.077,0.4086,0.3559,6.340,5.107,12664.9,12.188,0.5075,253.3,83.6
2026-07-31T03:00:00,8.343,8.074,16.15,16.59,1.131,1.069,0.4321,0.3735,6.151,5.191,12673.0,12.196,0.5079,253.5,83.6
2026-07-31T04:00:00,8.170,8.022,16.75,17.26,1.139,1.079,0.4427,0.3559,6.134,5.071,12681.0,12.204,0.5086,253.6,83.7
2026-07-31T05:00:00,8.654,8.452,16.57,17.24,1.124,1.069,0.3913,0.3541,6.309,4.745,12689.5,12.218,0.5090,253.8,83.8
2026-07-31T06:00:00,8.828,8.543,15.87,16.86,1.171,1.112,0.3883,0.3569,6.382,5.086,12698.0,12.229,0.5092,254.0,83.8
2026-07-31T07:00:00,9.277,9.035,17.10,17.84,1.156,1.105,0.3621,0.3684,5.988,4.955,12707.1,12.238,0.5092,254.1,83.9
2026-07-31T08:00:00,8.901,8.612,17.65,18.50,1.164,1.113,0.4404,0.3719,6.168,5.040,12715.7,12.248,0.5098,254.3,83.9
2026-07-31T09:00:00,8.952,8.742,17.96,19.20,1.197,1.133,0.4049,0.3757,5.841,5.199,12724.4,12.253,0.5101,254.5,84.0
2026-07-31T10:00:00,9.578,9.307,18.89,19.34,1.182,1.128,0.4184,0.3755,6.185,5.310,12733.7,12.261,0.5105,254.7,84.0
2026-07-31T11:00:00,9.365,9.174,19.27,20.18,1.194,1.142,0.3979,0.3612,7.042,5.169,12742.9,12.279,0.5108,254.9,84.1
2026-07-31T12:00:00,9.550,9.330,19.12,19.88,1.185,1.130,0.4693,0.3681,6.285,5.195,12752.2,12.289,0.5117,255.0,84.2
2026-07-31T13:00:00,9.387,9.107,18.89,19.73,1.221,1.165,0.4224,0.3611,6.042,5.036,12761.3,12.298,0.5123,255.2,84.2
2026-07-31T14:00:00,9.751,9.441,19.70,20.19,1.211,1.157,0.4505,0.3687,5.968,5.094,12770.8,12.306,0.5131,255.4,84.3
2026-07-31T15:00:00,9.648,9.307,19.85,20.22,1.219,1.156,0.4287,0.3546,5.749,4.821,12780.1,12.315,0.5138,255.6,84.3
2026-07-31T16:00:00,9.765,9.538,20.85,21.57,1.215,1.163,0.4214,0.3621,6.790,4.848,12789.6,12.333,0.5143,255.8,84.4
2026-07-31T17:00:00,9.675,9.339,19.30,20.20,1.228,1.175,0.3928,0.3539,5.524,5.025,12799.0,12.338,0.5147,256.0,84.5
2026-07-31T18:00:00,8.919,8.806,20.17,20.69,1.191,1.139,0.4251,0.3709,5.718,4.996,12807.8,12.344,0.5152,256.2,84.5
2026-07-31T19:00:00,8.966,8.698,19.07,19.79,1.221,1.162,0.4544,0.3668,6.178,4.919,12816.5,12.355,0.5159,256.3,84.6
2026-07-31T20:00:00,9.207,9.046,18.01,19.18,1.201,1.148,0.4315,0.3668,6.485,4.904,12825.5,12.370,0.5165,256.5,84.6
2026-07-31T21:00:00,8.783,8.566,17.95,18.91,1.184,1.120,0.3880,0.3668,6.745,4.894,12834.1,12.385,0.5167,256.7,84.7
2026-07-31T22:00:00,8.512,8.385,17.35,17.89,1.140,1.087,0.4377,0.3667,6.456,5.085,12842.5,12.397,0.5173,256.8,84.8
2026-07-31T23:00:00,8.525,8.206,17.52,18.45,1.160,1.106,0.3803,0.3674,6.223,4.953,12850.7,12.407,0.5174,257.0,84.8
2026-08-01T00:00:00,8.549,8.335,16.88,17.24,1.131,1.079,0.4844,0.3766,5.925,5.129,12859.0,12.414,0.5183,257.2,84.9
2026-08-01T01:00:00,8.741,8.475,15.86,16.48,1.155,1.097,0.4450,0.3774,6.118,4.922,12867.5,12.424,0.5189,257.3,84.9
2026-08-01T02:00:00,7.878,7.702,16.48,17.73,1.141,1.087,0.4499,0.3705,6.251,5.024,12875.2,12.434,0.5195,257.5,85.0
2026-08-01T03:00:00,7.785,7.637,16.42,17.10,1.155,1.099,0.4265,0.3653,6.040,4.962,12882.8,12.442,0.5200,257.7,85.0
2026-08-01T04:00:00,8.300,8.080,15.87,16.87,1.199,1.132,0.3853,0.3745,5.741,4.831,12890.9,12.449,0.5200,257.8,85.1
2026-08-01T05:00:00,8.333,8.028,16.24,16.87,1.160,1.102,0.4448,0.3541,6.191,4.927,12898.9,12.459,0.5208,258.0,85.1
2026-08-01T06:00:00,8.871,8.596,16.51,16.96,1.162,1.110,0.4233,0.3643,6.496,5.027,12907.5,12.472,0.5213,258.2,85.2
2026-08-01T07:00:00,8.802,8.546,17.30,18.20,1.160,1.108,0.4312,0.3547,6.338,4.999,12916.1,12.483,0.5219,258.3,85.2
2026-08-01T08:00:00,9.005,8.750,16.86,17.61,1.149,1.079,0.4504,0.3470,5.940,4.805,12924.8,12.493,0.5228,258.5,85.3
2026-08-01T09:00:00,8.980,8.693,18.65,19.76,1.186,1.135,0.4277,0.3555,6.224,5.012,12933.5,12.504,0.5235,258.7,85.4
2026-08-01T10:00:00,8.490,8.293,18.13,19.31,1.180,1.112,0.4463,0.3666,5.792,5.146,12941.8,12.509,0.5241,258.8,85.4
2026-08-01T11:00:00,9.530,9.180,18.57,19.47,1.203,1.146,0.4309,0.3804,6.717,4.761,12951.0,12.527,0.5246,259.0,85.5
2026-08-01T12:00:00,9.403,9.193,19.05,19.29,1.187,1.134,0.4077,0.3556,5.365,4.984,12960.2,12.531,0.5251,259.2,85.5
2026-08-01T13:00:00,9.385,9.061,19.43,20.76,1.203,1.139,0.4260,0.3690,6.202,5.098,12969.2,12.541,0.5256,259.4,85.6
2026-08-01T14:00:00,10.020,9.859,19.88,20.86,1.211,1.152,0.3948,0.3609,6.018,4.850,12979.1,12.552,0.5259,259.6,85.7
2026-08-01T15:00:00,9.578,9.380,20.25,21.22,1.214,1.163,0.4189,0.3676,6.811,5.084,12988.5,12.568,0.5264,259.8,85.7
2026-08-01T16:00:00,9.491,9.334,20.26,20.92,1.223,1.169,0.4168,0.3622,6.193,5.260,12997.8,12.577,0.5269,260.0,85.8
2026-08-01T17:00:00,9.695,9.496,20.22,20.95,1.203,1.150,0.4422,0.3718,6.337,4.989,13007.3,12.590,0.5276,260.1,85.8
2026-08-01T18:00:00,9.955,9.833,18.95,20.13,1.203,1.151,0.4326,0.3625,6.192,4.962,13017.1,12.602,0.5283,260.3,85.9
2026-08-01T19:00:00,9.349,9.024,18.68,19.74,1.210,1.150,0.4114,0.3744,5.948,4.939,13026.2,12.611,0.5286,260.5,86.0
2026-08-01T20:00:00,9.415,9.192,18.41,19.08,1.195,1.138,0.4529,0.3522,6.457,4.829,13035.4,12.626,0.5295,260.7,86.0
2026-08-01T21:00:00,9.003,8.718,18.24,19.13,1.169,1.110,0.3967,0.3659,6.649,5.097,13044.1,12.640,0.5298,260.9,86.1
2026-08-01T22:00:00,8.870,8.666,17.61,18.23,1.184,1.124,0.4411,0.3649,6.576,5.114,13052.7,12.652,0.5305,261.1,86.1
2026-08-01T23:00:00,9.464,9.182,16.48,17.39,1.155,1.103,0.4394,0.3731,6.157,5.008,13061.9,12.663,0.5311,261.2,86.2
2026-08-02T00:00:00,7.924,7.732,16.39,17.02,1.148,1.094,0.4691,0.3472,6.321,4.757,13069.7,12.675,0.5320,261.4,86.3
2026-08-02T01:00:00,8.889,8.600,16.25,17.14,1.111,1.051,0.4411,0.3657,6.248,4.952,13078.3,12.686,0.5327,261.6,86.3
2026-08-02T02:00:00,8.550,8.318,15.47,16.46,1.144,1.091,0.4180,0.3632,5.859,5.186,13086.6,12.692,0.5331,261.7,86.4
2026-08-02T03:00:00,8.011,7.891,15.40,16.17,1.158,1.101,0.4574,0.3704,6.650,5.112,13094.5,12.704,0.5338,261.9,86.4
2026-08-02T04:00:00,8.577,8.310,15.90,17.14,1.126,1.074,0.4092,0.3657,6.846,4.844,13102.8,12.720,0.5342,262.1,86.5
2026-08-02T05:00:00,8.158,7.881,15.48,16.77,1.139,1.067,0.4179,0.3627,5.825,5.007,13110.7,12.727,0.5346,262.2,86.5
2026-08-02T06:00:00,8.850,8.734,16.99,17.79,1.142,1.087,0.4187,0.3758,6.168,5.023,13119.4,12.737,0.5350,262.4,86.6
2026-08-02T07:00:00,8.660,8.457,17.44,18.56,1.174,1.117,0.4092,0.3582,6.444,5.081,13127.8,12.748,0.5354,262.6,86.6
2026-08-02T08:00:00,8.659,8.592,16.75,16.72,1.157,1.098,0.3977,0.3575,6.419,5.041,13136.4,12.760,0.5357,262.7,86.7
2026-08-02T09:00:00,8.827,8.581,18.40,18.68,1.145,1.095,0.4155,0.3740,5.812,5.041,13145.0,12.767,0.5361,262.9,86.8
2026-08-02T10:00:00,9.368,9.093,18.05,18.67,1.212,1.157,0.4191,0.3600,5.753,5.364,13154.1,12.770,0.5366,263.1,86.8
2026-08-02T11:00:00,9.186,9.004,18.75,20.04,1.223,1.169,0.4130,0.3649,6.387,4.844,13163.1,12.784,0.5371,263.3,86.9
2026-08-02T12:00:00,9.215,8.941,18.77,19.39,1.233,1.176,0.4522,0.3573,5.868,4.960,13172.1,12.792,0.5379,263.4,86.9
2026-08-02T13:00:00,9.470,9.240,19.05,19.75,1.213,1.162,0.4230,0.3621,6.429,4.764,13181.3,12.808,0.5385,263.6,87.0
2026-08-02T14:00:00,9.425,9.262,19.54,20.80,1.224,1.173,0.4215,0.3477,6.119,5.046,13190.6,12.818,0.5392,263.8,87.1
2026-08-02T15:00:00,9.702,9.379,20.11,20.91,1.232,1.177,0.4162,0.3612,6.244,5.149,13199.9,12.828,0.5397,264.0,87.1
2026-08-02T16:00:00,10.021,9.806,19.52,20.32,1.218,1.160,0.4263,0.3608,5.891,4.805,13209.7,12.839,0.5403,264.2,87.2
2026-08-02T17:00:00,9.847,9.662,19.75,20.36,1.220,1.150,0.4346,0.3548,5.638,4.963,13219.4,12.845,0.5411,264.4,87.2
2026-08-02T18:00:00,9.166,8.917,19.75,20.44,1.217,1.164,0.4334,0.3598,6.232,5.019,13228.3,12.856,0.5417,264.6,87.3
2026-08-02T19:00:00,9.485,9.173,19.81,20.76,1.191,1.134,0.4270,0.3612,6.653,5.054,13237.5,12.871,0.5424,264.7,87.4
2026-08-02T20:00:00,8.845,8.708,18.28,19.10,1.201,1.146,0.4367,0.3578,7.141,4.996,13246.2,12.889,0.5430,264.9,87.4
2026-08-02T21:00:00,9.371,9.185,17.83,18.59,1.201,1.132,0.3979,0.3595,6.399,5.018,13255.4,12.902,0.5434,265.1,87.5
2026-08-02T22:00:00,8.582,8.386,17.46,17.99,1.136,1.075,0.4005,0.3661,6.355,5.045,13263.8,12.913,0.5437,265.3,87.5
2026-08-02T23:00:00,8.637,8.369,17.00,18.06,1.146,1.094,0.4073,0.3743,6.044,4.953,13272.1,12.922,0.5440,265.4,87.6
2026-08-03T00:00:00,8.038,7.801,16.76,17.78,1.155,1.101,0.4342,0.3706,6.417,5.149,13279.9,12.932,0.5445,265.6,87.6
2026-08-03T01:00:00,8.643,8.333,16.50,16.67,1.123,1.065,0.4324,0.3623,6.288,5.099,13288.3,12.942,0.5450,265.8,87.7
2026-08-03T02:00:00,8.645,8.336,16.29,17.10,1.154,1.096,0.3955,0.3602,6.114,4.803,13296.6,12.953,0.5453,265.9,87.8
2026-08-03T03:00:00,8.231,8.014,15.70,16.61,1.164,1.103,0.4312,0.3504,5.817,5.083,13304.6,12.959,0.5460,266.1,87.8
2026-08-03T04:00:00,8.816,8.508,16.10,16.86,1.148,1.098,0.4152,0.3460,6.012,4.966,13313.1,12.968,0.5466,266.3,87.9
2026-08-03T05:00:00,8.655,8.558,16.57,17.77,1.129,1.076,0.4369,0.3662,6.141,5.004,13321.7,12.977,0.5472,266.4,87.9
2026-08-03T06:00:00,8.388,8.141,16.82,17.92,1.170,1.120,0.4166,0.3672,6.732,4.859,13329.8,12.993,0.5476,266.6,88.0
2026-08-03T07:00:00,8.935,8.786,17.20,18.10,1.169,1.112,0.4304,0.3761,6.314,5.000,13338.6,13.004,0.5481,266.8,88.0
2026-08-03T08:00:00,8.771,8.573,17.12,18.69,1.143,1.087,0.4054,0.3715,6.074,4.988,13347.2,13.014,0.5483,266.9,88.1
2026-08-03T09:00:00,9.176,8.897,17.88,18.29,1.193,1.132,0.4188,0.3745,6.643,4.794,13356.1,13.030,0.5487,267.1,88.2
2026-08-03T10:00:00,9.231,8.979,18.25,18.60,1.194,1.128,0.4094,0.3805,6.195,4.733,13365.1,13.043,0.5490,267.3,88.2
2026-08-03T11:00:00,9.167,8.947,18.37,19.24,1.225,1.153,0.4040,0.3608,5.826,4.949,13374.0,13.051,0.5494,267.5,88.3
2026-08-03T12:00:00,9.569,9.385,18.77,19.39,1.206,1.152,0.4463,0.3640,6.806,5.247,13383.4,13.066,0.5502,267.7,88.3
2026-08-03T13:00:00,9.940,9.738,19.90,20.31,1.210,1.155,0.4168,0.3588,6.192,4.889,13393.1,13.078,0.5507,267.9,88.4
2026-08-03T14:00:00,9.608,9.393,19.58,20.59,1.228,1.176,0.3965,0.3603,6.520,4.928,13402.5,13.093,0.5511,268.1,88.5
2026-08-03T15:00:00,9.499,9.216,19.85,20.92,1.211,1.147,0.4280,0.3733,6.208,4.973,13411.7,13.105,0.5516,268.2,88.5
2026-08-03T16:00:00,9.292,9.046,20.31,21.47,1.231,1.180,0.4595,0.3776,6.223,4.771,13420.8,13.118,0.5523,268.4,88.6
2026-08-03T17:00:00,9.239,9.028,19.67,20.82,1.228,1.176,0.4135,0.3684,6.411,4.914,13429.8,13.131,0.5527,268.6,88.6
2026-08-03T18:00:00,9.576,9.384,19.80,20.27,1.207,1.143,0.4174,0.3602,6.634,5.101,13439.2,13.146,0.5532,268.8,88.7
2026-08-03T19:00:00,9.538,9.291,18.35,18.87,1.163,1.111,0.4205,0.3681,6.416,4.801,13448.5,13.161,0.5537,269.0,88.8
2026-08-03T20:00:00,8.791,8.544,18.42,19.44,1.199,1.146,0.4400,0.3692,5.824,4.928,13457.0,13.168,0.5543,269.1,88.8
2026-08-03T21:00:00,8.944,8.655,17.48,18.18,1.159,1.106,0.4033,0.3690,5.995,4.931,13465.7,13.177,0.5546,269.3,88.9
2026-08-03T22:00:00,8.924,8.820,17.07,18.13,1.164,1.106,0.4289,0.3638,5.718,4.796,13474.5,13.186,0.5552,269.5,88.9
2026-08-03T23:00:00,8.441,8.149,16.94,17.69,1.113,1.052,0.4175,0.3688,6.494,5.128,13482.7,13.197,0.5556,269.7,89.0
2026-08-04T00:00:00,8.341,8.197,16.53,16.95,1.191,1.132,0.4194,0.3593,6.003,5.048,13490.9,13.205,0.5561,269.8,89.0
2026-08-04T01:00:00,7.982,7.752,16.27,16.81,1.128,1.067,0.4472,0.3681,5.570,4.784,13498.6,13.211,0.5567,270.0,89.1
2026-08-04T02:00:00,8.367,8.259,16.34,16.72,1.152,1.092,0.4027,0.3780,6.799,4.911,13506.9,13.226,0.5569,270.1,89.1
2026-08-04T03:00:00,8.261,7.886,15.68,16.68,1.139,1.080,0.4394,0.3576,5.875,4.974,13514.8,13.233,0.5576,270.3,89.2
2026-08-04T04:00:00,8.799,8.593,15.97,16.58,1.136,1.086,0.4512,0.3679,6.493,4.975,13523.3,13.246,0.5583,270.5,89.3
2026-08-04T05:00:00,8.369,8.118,16.49,17.20,1.132,1.075,0.4417,0.3793,5.883,5.031,13531.5,13.253,0.5588,270.6,89.3
2026-08-04T06:00:00,8.764,8.585,16.60,17.57,1.147,1.089,0.4137,0.3669,6.159,5.050,13540.1,13.263,0.5592,270.8,89.4
2026-08-04T07:00:00,8.811,8.618,17.18,18.33,1.170,1.116,0.3799,0.3643,6.154,5.242,13548.7,13.271,0.5593,271.0,89.4
2026-08-04T08:00:00,8.881,8.691,17.19,17.96,1.170,1.113,0.4799,0.3631,6.060,4.844,13557.4,13.281,0.5603,271.1,89.5
2026-08-04T09:00:00,8.974,8.911,18.38,19.49,1.174,1.116,0.4664,0.3664,6.261,5.020,13566.3,13.292,0.5612,271.3,89.5
2026-08-04T10:00:00,8.937,8.629,18.35,18.96,1.177,1.127,0.4483,0.3689,6.557,5.035,13574.9,13.305,0.5619,271.5,89.6
2026-08-04T11:00:00,9.292,8.994,18.46,18.93,1.211,1.150,0.4099,0.3545,6.087,5.006,13583.9,13.315,0.5624,271.7,89.7
2026-08-04T12:00:00,9.634,9.413,20.39,21.50,1.216,1.161,0.4303,0.3644,6.048,5.118,13593.3,13.324,0.5630,271.9,89.7
2026-08-04T13:00:00,10.336,10.262,19.32,19.74,1.248,1.193,0.3994,0.3728,5.931,5.013,13603.6,13.333,0.5633,272.1,89.8
2026-08-04T14:00:00,10.343,10.102,18.96,19.90,1.206,1.152,0.4260,0.3483,5.663,4.828,13613.7,13.342,0.5641,272.3,89.9
2026-08-04T15:00:00,9.402,9.233,19.73,20.62,1.237,1.187,0.4130,0.3517,7.014,4.993,13622.9,13.360,0.5647,272.5,89.9
2026-08-04T16:00:00,10.127,10.046,19.98,20.83,1.222,1.167,0.4264,0.3518,5.679,4.769,13633.0,13.370,0.5654,272.7,90.0
2026-08-04T17:00:00,9.752,9.489,19.23,19.40,1.198,1.147,0.4076,0.3618,6.153,5.026,13642.4,13.380,0.5658,272.8,90.0
2026-08-04T18:00:00,9.349,9.012,19.94,21.06,1.210,1.153,0.4214,0.3538,6.047,4.800,13651.5,13.392,0.5664,273.0,90.1
2026-08-04T19:00:00,9.389,9.052,19.12,19.92,1.187,1.128,0.4495,0.3724,6.174,4.970,13660.5,13.402,0.5671,273.2,90.2
2026-08-04T20:00:00,9.228,9.057,18.47,19.09,1.187,1.127,0.4163,0.3538,6.171,4.820,13669.6,13.415,0.5677,273.4,90.2
2026-08-04T21:00:00,9.645,9.346,17.59,18.41,1.161,1.109,0.4565,0.3747,5.955,4.975,13678.9,13.424,0.5685,273.6,90.3
2026-08-04T22:00:00,9.036,8.874,16.88,18.15,1.144,1.092,0.3959,0.3831,5.761,4.852,13687.8,13.432,0.5686,273.8,90.3
2026-08-04T23:00:00,9.023,8.911,16.93,17.97,1.158,1.101,0.4123,0.3721,6.071,4.902,13696.7,13.442,0.5689,273.9,90.4
2026-08-05T00:00:00,8.520,8.379,15.46,16.43,1.111,1.059,0.4074,0.3603,5.811,4.867,13705.1,13.450,0.5693,274.1,90.5
2026-08-05T01:00:00,8.203,7.944,16.77,17.76,1.116,1.061,0.4416,0.3575,5.569,5.103,13713.0,13.454,0.5700,274.3,90.5
2026-08-05T02:00:00,8.489,8.212,15.34,16.06,1.150,1.088,0.4048,0.3608,5.844,5.051,13721.2,13.460,0.5704,274.4,90.6
2026-08-05T03:00:00,8.516,8.293,15.38,16.48,1.155,1.086,0.4613,0.3813,5.948,5.108,13729.5,13.467,0.5710,274.6,90.6
2026-08-05T04:00:00,8.616,8.332,15.81,16.92,1.137,1.087,0.4254,0.3430,6.298,4.886,13737.9,13.479,0.5717,274.8,90.7
2026-08-05T05:00:00,7.762,7.568,16.05,16.57,1.173,1.119,0.4192,0.3638,6.059,4.911,13745.4,13.488,0.5721,274.9,90.7
2026-08-05T06:00:00,8.893,8.817,16.47,17.32,1.152,1.101,0.4116,0.3588,5.648,5.253,13754.2,13.491,0.5726,275.1,90.8
2026-08-05T07:00:00,8.389,8.144,16.46,17.18,1.176,1.105,0.4339,0.3591,6.414,4.815,13762.4,13.504,0.5732,275.2,90.8
2026-08-05T08:00:00,9.285,9.061,17.57,18.67,1.169,1.117,0.4251,0.3685,6.023,4.674,13771.4,13.517,0.5737,275.4,90.9
2026-08-05T09:00:00,9.465,9.330,17.44,18.30,1.162,1.107,0.4306,0.3698,6.121,5.048,13780.8,13.527,0.5743,275.6,91.0
2026-08-05T10:00:00,8.928,8.673,18.48,19.04,1.196,1.132,0.4183,0.3601,5.804,5.001,13789.4,13.534,0.5748,275.8,91.0
2026-08-05T11:00:00,9.440,9.101,18.75,19.30,1.193,1.134,0.4409,0.3705,6.044,4.936,13798.5,13.544,0.5754,276.0,91.1
2026-08-05T12:00:00,8.875,8.713,19.31,20.19,1.210,1.148,0.4381,0.3607,6.213,5.002,13807.3,13.554,0.5761,276.1,91.1
2026-08-05T13:00:00,9.711,9.380,19.58,20.65,1.201,1.145,0.4338,0.3686,6.489,4.958,13816.6,13.569,0.5767,276.3,91.2
2026-08-05T14:00:00,9.844,9.437,20.20,20.86,1.203,1.150,0.3939,0.3643,6.020,4.912,13826.1,13.579,0.5770,276.5,91.3
2026-08-05T15:00:00,9.723,9.530,19.83,20.64,1.225,1.169,0.4405,0.3539,6.216,5.000,13835.6,13.591,0.5778,276.7,91.3
2026-08-05T16:00:00,9.841,9.738,19.57,20.72,1.231,1.180,0.3820,0.3500,6.132,5.035,13845.3,13.601,0.5781,276.9,91.4
2026-08-05T17:00:00,9.834,9.669,19.68,20.17,1.242,1.191,0.4419,0.3754,5.810,4.990,13855.0,13.609,0.5788,277.1,91.4
2026-08-05T18:00:00,9.586,9.233,18.24,18.96,1.195,1.137,0.4311,0.3548,5.912,4.966,13864.2,13.618,0.5795,277.3,91.5
2026-08-05T19:00:00,9.020,8.725,18.11,18.91,1.192,1.138,0.4176,0.3801,6.106,5.012,13873.0,13.627,0.5798,277.5,91.6
2026-08-05T20:00:00,9.213,8.909,17.34,18.08,1.187,1.133,0.4156,0.3644,6.046,4.823,13881.9,13.638,0.5803,277.6,91.6
2026-08-05T21:00:00,8.592,8.330,17.87,18.83,1.187,1.126,0.4033,0.3616,6.721,5.128,13890.2,13.652,0.5806,277.8,91.7
2026-08-05T22:00:00,9.217,8.991,17.37,18.34,1.162,1.111,0.4470,0.3635,5.502,4.896,13899.2,13.657,0.5814,278.0,91.7
2026-08-05T23:00:00,9.104,8.892,16.70,17.45,1.179,1.124,0.4206,0.3514,5.620,5.079,13908.1,13.662,0.5820,278.2,91.8
2026-08-06T00:00:00,8.638,8.362,16.22,17.05,1.146,1.088,0.4121,0.3707,6.465,4.542,13916.5,13.678,0.5823,278.3,91.8
2026-08-06T01:00:00,8.097,7.783,15.77,16.58,1.177,1.112,0.3935,0.3571,6.454,4.878,13924.2,13.690,0.5826,278.5,91.9
2026-08-06T02:00:00,8.334,7.963,16.01,17.14,1.138,1.075,0.4445,0.3614,6.761,4.870,13932.2,13.705,0.5833,278.6,92.0
2026-08-06T03:00:00,8.150,7.902,15.68,16.30,1.141,1.088,0.4499,0.3662,5.997,5.065,13940.1,13.713,0.5839,278.8,92.0
2026-08-06T04:00:00,8.183,7.906,15.33,15.76,1.141,1.087,0.4221,0.3773,6.027,4.944,13948.0,13.721,0.5843,279.0,92.1
2026-08-06T05:00:00,8.608,8.397,14.98,15.24,1.144,1.094,0.3744,0.3602,6.086,4.994,13956.4,13.730,0.5844,279.1,92.1
2026-08-06T06:00:00,8.382,8.131,16.60,17.26,1.172,1.111,0.4037,0.3540,5.984,5.007,13964.5,13.738,0.5848,279.3,92.2
2026-08-06T07:00:00,8.892,8.799,16.11,16.84,1.174,1.123,0.4677,0.3657,6.511,4.943,13973.3,13.752,0.5857,279.5,92.2
2026-08-06T08:00:00,8.758,8.650,16.81,17.88,1.153,1.093,0.4386,0.3733,5.716,4.928,13982.0,13.759,0.5863,279.6,92.3
2026-08-06T09:00:00,9.192,9.079,17.82,18.55,1.185,1.131,0.4284,0.3803,5.595,4.851,13991.1,13.766,0.5867,279.8,92.3
2026-08-06T10:00:00,9.049,8.859,18.49,19.34,1.174,1.122,0.4280,0.3538,5.931,4.592,13999.9,13.778,0.5874,280.0,92.4
2026-08-06T11:00:00,9.207,8.971,19.03,19.62,1.184,1.131,0.3928,0.3657,6.145,5.088,14008.9,13.787,0.5876,280.2,92.5
2026-08-06T12:00:00,9.707,9.433,19.41,20.55,1.220,1.164,0.4470,0.3425,6.565,4.750,14018.3,13.804,0.5886,280.4,92.5
2026-08-06T13:00:00,9.128,8.918,18.74,19.58,1.215,1.154,0.3746,0.3540,6.382,4.823,14027.2,13.818,0.5888,280.5,92.6
2026-08-06T14:00:00,9.653,9.346,19.27,19.78,1.235,1.170,0.4050,0.3710,5.701,4.933,14036.6,13.825,0.5891,280.7,92.6
2026-08-06T15:00:00,9.665,9.459,19.66,20.32,1.233,1.183,0.3969,0.3655,6.161,4.890,14046.0,13.837,0.5894,280.9,92.7
2026-08-06T16:00:00,9.943,9.687,19.60,20.39,1.244,1.189,0.4597,0.3662,5.718,5.025,14055.7,13.844,0.5903,281.1,92.8
2026-08-06T17:00:00,9.273,9.059,19.08,20.00,1.198,1.133,0.4340,0.3651,6.005,4.762,14064.8,13.855,0.5909,281.3,92.8
2026-08-06T18:00:00,9.617,9.587,18.81,19.65,1.217,1.167,0.4364,0.3587,6.444,5.042,14074.4,13.869,0.5917,281.5,92.9
2026-08-06T19:00:00,9.170,8.966,19.00,19.59,1.205,1.149,0.3846,0.3794,6.006,4.872,14083.3,13.879,0.5917,281.7,93.0
2026-08-06T20:00:00,8.433,8.198,19.03,19.80,1.186,1.131,0.4324,0.3693,5.936,4.907,14091.5,13.887,0.5922,281.8,93.0
2026-08-06T21:00:00,9.121,8.934,18.18,19.01,1.162,1.110,0.4690,0.3712,6.960,4.545,14100.5,13.909,0.5931,282.0,93.1
2026-08-06T22:00:00,8.907,8.740,17.15,17.71,1.175,1.121,0.4034,0.3527,6.161,4.759,14109.2,13.921,0.5936,282.2,93.1
2026-08-06T23:00:00,8.616,8.394,16.40,17.07,1.147,1.084,0.4224,0.3602,5.520,4.993,14117.6,13.926,0.5941,282.4,93.2
2026-08-07T00:00:00,8.416,8.186,16.29,16.98,1.173,1.122,0.3941,0.3519,5.732,4.921,14125.8,13.932,0.5944,282.5,93.2
2026-08-07T01:00:00,8.222,8.011,15.65,16.30,1.128,1.074,0.4012,0.3612,6.500,5.034,14133.8,13.944,0.5947,282.7,93.3
2026-08-07T02:00:00,8.375,8.190,16.47,17.36,1.124,1.057,0.4160,0.3527,6.154,5.020,14142.0,13.953,0.5953,282.8,93.3
2026-08-07T03:00:00,7.878,7.665,15.57,16.47,1.144,1.089,0.3661,0.3558,5.870,4.875,14149.7,13.961,0.5953,283.0,93.4
2026-08-07T04:00:00,8.222,7.997,16.54,16.94,1.126,1.072,0.4082,0.3444,6.115,4.934,14157.7,13.970,0.5959,283.2,93.4
2026-08-07T05:00:00,8.876,8.608,15.14,16.03,1.137,1.081,0.4002,0.3695,6.329,4.690,14166.3,13.984,0.5961,283.3,93.5
2026-08-07T06:00:00,8.087,7.911,15.69,16.48,1.167,1.102,0.4235,0.3505,6.563,5.019,14174.2,13.997,0.5967,283.5,93.5
2026-08-07T07:00:00,8.239,8.131,16.91,17.66,1.155,1.101,0.4296,0.3730,5.894,4.833,14182.3,14.005,0.5972,283.6,93.6
2026-08-07T08:00:00,9.429,9.158,16.37,17.09,1.137,1.087,0.4316,0.3702,6.500,4.883,14191.5,14.020,0.5977,283.8,93.7
2026-08-07T09:00:00,9.113,8.909,17.63,18.74,1.194,1.134,0.4267,0.3684,6.486,5.031,14200.4,14.033,0.5982,284.0,93.7
2026-08-07T10:00:00,9.673,9.382,17.92,19.25,1.190,1.137,0.4284,0.3620,5.967,5.018,14209.8,14.042,0.5989,284.2,93.8
2026-08-07T11:00:00,9.594,9.275,18.73,19.52,1.220,1.167,0.4124,0.3596,6.007,4.755,14219.0,14.054,0.5994,284.4,93.8
2026-08-07T12:00:00,9.421,9.157,18.66,19.83,1.227,1.172,0.3716,0.3579,6.144,4.601,14228.2,14.068,0.5995,284.6,93.9
2026-08-07T13:00:00,9.626,9.476,19.28,19.92,1.203,1.144,0.4197,0.3647,6.782,4.980,14237.7,14.085,0.6000,284.8,94.0
2026-08-07T14:00:00,9.280,9.061,19.51,20.05,1.211,1.159,0.4395,0.3530,6.791,4.992,14246.7,14.101,0.6008,284.9,94.0
2026-08-07T15:00:00,9.966,9.797,19.72,20.43,1.202,1.147,0.4174,0.3632,6.108,4.968,14256.5,14.112,0.6013,285.1,94.1
2026-08-07T16:00:00,9.181,8.907,19.64,20.50,1.223,1.173,0.4455,0.3496,6.245,4.825,14265.4,14.125,0.6022,285.3,94.2
2026-08-07T17:00:00,9.411,9.149,19.05,19.46,1.217,1.153,0.4100,0.3591,6.335,4.996,14274.6,14.137,0.6026,285.5,94.2
2026-08-07T18:00:00,9.430,9.190,19.37,20.39,1.225,1.172,0.4402,0.3607,6.280,5.006,14283.8,14.149,0.6034,285.7,94.3
2026-08-07T19:00:00,9.683,9.390,17.78,18.49,1.182,1.128,0.4501,0.3592,6.135,4.956,14293.2,14.160,0.6042,285.9,94.3
2026-08-07T20:00:00,9.361,9.202,18.60,19.34,1.211,1.150,0.3983,0.3500,6.363,5.104,14302.4,14.171,0.6047,286.0,94.4
2026-08-07T21:00:00,8.656,8.387,18.10,18.85,1.178,1.125,0.4501,0.3471,6.313,4.812,14310.8,14.184,0.6055,286.2,94.5
2026-08-07T22:00:00,8.850,8.541,17.48,18.50,1.180,1.129,0.3974,0.3635,6.193,5.062,14319.3,14.194,0.6058,286.4,94.5
2026-08-07T23:00:00,8.929,8.716,17.08,17.83,1.161,1.102,0.4253,0.3538,5.992,4.796,14328.0,14.204,0.6064,286.6,94.6
2026-08-08T00:00:00,8.739,8.541,16.79,17.42,1.150,1.092,0.3825,0.3594,5.589,4.902,14336.6,14.210,0.6066,286.7,94.6
2026-08-08T01:00:00,8.938,8.701,15.97,17.05,1.130,1.078,0.4416,0.3505,6.359,4.939,14345.3,14.222,0.6074,286.9,94.7
2026-08-08T02:00:00,8.401,8.161,15.87,16.46,1.146,1.089,0.4530,0.3483,6.326,5.059,14353.4,14.233,0.6083,287.1,94.7
2026-08-08T03:00:00,7.908,7.757,15.95,16.59,1.143,1.086,0.4178,0.3666,6.203,5.059,14361.2,14.242,0.6087,287.2,94.8
2026-08-08T04:00:00,8.402,8.283,15.55,16.98,1.154,1.102,0.3891,0.3627,6.635,5.039,14369.5,14.255,0.6089,287.4,94.8
2026-08-08T05:00:00,8.457,8.133,16.06,17.44,1.147,1.093,0.4683,0.3618,6.169,5.028,14377.6,14.264,0.6098,287.6,94.9
2026-08-08T06:00:00,8.028,7.854,15.97,16.90,1.162,1.098,0.4146,0.3646,5.750,4.852,14385.4,14.271,0.6102,287.7,94.9
2026-08-08T07:00:00,8.271,8.130,16.49,17.36,1.154,1.099,0.4365,0.3528,6.002,4.785,14393.6,14.281,0.6108,287.9,95.0
2026-08-08T08:00:00,8.873,8.590,16.58,17.72,1.166,1.104,0.3813,0.3574,6.451,4.962,14402.2,14.294,0.6110,288.0,95.1
2026-08-08T09:00:00,9.137,8.939,18.14,18.76,1.205,1.153,0.3797,0.3646,5.587,4.818,14411.1,14.301,0.6112,288.2,95.1
2026-08-08T10:00:00,9.373,9.164,18.79,19.46,1.184,1.130,0.3673,0.3632,6.376,4.923,14420.3,14.314,0.6112,288.4,95.2
2026-08-08T11:00:00,9.157,8.952,18.41,19.22,1.189,1.133,0.3944,0.3697,6.372,4.735,14429.2,14.329,0.6114,288.6,95.2
2026-08-08T12:00:00,9.054,8.934,19.24,20.30,1.199,1.148,0.4308,0.3646,6.172,4.817,14438.1,14.341,0.6120,288.8,95.3
2026-08-08T13:00:00,10.161,9.767,19.32,20.49,1.227,1.166,0.4257,0.3622,6.224,4.884,14447.9,14.354,0.6127,289.0,95.4
2026-08-08T14:00:00,9.616,9.311,19.54,20.28,1.243,1.177,0.3886,0.3608,5.970,4.954,14457.2,14.363,0.6129,289.1,95.4
2026-08-08T15:00:00,9.485,9.246,18.96,20.15,1.236,1.179,0.4342,0.3524,7.014,4.923,14466.5,14.383,0.6137,289.3,95.5
2026-08-08T16:00:00,9.543,9.373,20.11,20.34,1.217,1.163,0.3994,0.3750,6.162,4.803,14475.8,14.395,0.6139,289.5,95.5
2026-08-08T17:00:00,9.332,8.934,19.09,19.97,1.197,1.137,0.4402,0.3402,6.149,4.818,14484.8,14.407,0.6148,289.7,95.6
2026-08-08T18:00:00,9.554,9.359,19.28,19.79,1.208,1.144,0.4178,0.3722,6.301,4.676,14494.1,14.422,0.6152,289.9,95.7
2026-08-08T19:00:00,9.402,9.108,18.53,19.69,1.205,1.149,0.4052,0.3611,6.283,4.925,14503.2,14.435,0.6156,290.1,95.7
2026-08-08T20:00:00,9.300,8.995,18.17,18.85,1.207,1.156,0.3719,0.3809,5.864,4.891,14512.2,14.444,0.6156,290.2,95.8
2026-08-08T21:00:00,9.114,8.944,17.10,18.04,1.188,1.126,0.4328,0.3754,6.511,5.019,14521.2,14.457,0.6161,290.4,95.8
2026-08-08T22:00:00,8.481,8.296,17.01,17.86,1.172,1.118,0.4026,0.3544,5.773,4.950,14529.5,14.464,0.6165,290.6,95.9
2026-08-08T23:00:00,8.651,8.475,16.91,17.75,1.160,1.109,0.4033,0.3490,5.950,4.873,14538.0,14.473,0.6170,290.8,96.0
2026-08-09T00:00:00,8.854,8.666,16.23,17.09,1.149,1.092,0.3936,0.3743,6.276,4.944,14546.6,14.484,0.6172,290.9,96.0
2026-08-09T01:00:00,8.054,7.818,15.36,15.91,1.121,1.058,0.4026,0.3555,5.952,4.901,14554.4,14.493,0.6175,291.1,96.1
2026-08-09T02:00:00,8.268,8.064,15.82,17.01,1.142,1.091,0.4491,0.3511,5.867,4.899,14562.5,14.500,0.6183,291.3,96.1
2026-08-09T03:00:00,8.126,8.020,15.46,15.99,1.137,1.079,0.4371,0.3595,5.526,4.796,14570.5,14.506,0.6189,291.4,96.2
2026-08-09T04:00:00,9.105,8.844,15.87,16.70,1.128,1.071,0.4318,0.3611,6.420,5.018,14579.4,14.519,0.6196,291.6,96.2
2026-08-09T05:00:00,8.651,8.335,15.76,16.08,1.137,1.083,0.4087,0.3461,6.074,4.876,14587.7,14.529,0.6201,291.8,96.3
2026-08-09T06:00:00,8.259,8.048,16.21,16.67,1.178,1.121,0.4356,0.3606,6.507,4.667,14595.8,14.543,0.6207,291.9,96.3
2026-08-09T07:00:00,8.769,8.420,16.71,17.71,1.154,1.092,0.3742,0.3602,6.052,4.798,14604.2,14.554,0.6208,292.1,96.4
2026-08-09T08:00:00,8.750,8.573,16.75,17.73,1.170,1.111,0.4419,0.3658,6.075,4.659,14612.7,14.566,0.6215,292.3,96.4
2026-08-09T09:00:00,8.300,8.022,17.14,17.54,1.199,1.141,0.4326,0.3672,6.252,4.790,14620.8,14.578,0.6220,292.4,96.5
2026-08-09T10:00:00,9.173,8.995,17.81,18.64,1.202,1.143,0.3711,0.3517,5.939,4.934,14629.8,14.587,0.6222,292.6,96.6
2026-08-09T11:00:00,8.849,8.708,17.91,18.42,1.206,1.148,0.3861,0.3555,6.694,4.632,14638.5,14.605,0.6224,292.8,96.6
2026-08-09T12:00:00,9.337,9.060,18.41,19.26,1.213,1.158,0.4155,0.3618,5.803,4.691,14647.5,14.615,0.6229,293.0,96.7
2026-08-09T13:00:00,9.197,9.035,19.55,20.44,1.221,1.154,0.4199,0.3600,6.037,4.857,14656.6,14.626,0.6235,293.1,96.7
2026-08-09T14:00:00,9.793,9.519,19.11,20.23,1.226,1.161,0.4367,0.3573,5.885,5.052,14666.1,14.634,0.6242,293.3,96.8
2026-08-09T15:00:00,9.549,9.279,19.43,20.10,1.234,1.177,0.4404,0.3617,5.781,4.923,14675.4,14.642,0.6249,293.5,96.9
2026-08-09T16:00:00,9.972,9.827,19.50,20.34,1.201,1.144,0.3910,0.3779,6.632,4.830,14685.2,14.659,0.6251,293.7,96.9
2026-08-09T17:00:00,9.440,9.186,19.45,20.77,1.222,1.167,0.4538,0.3582,6.483,4.875,14694.4,14.674,0.6260,293.9,97.0
2026-08-09T18:00:00,10.267,10.036,19.58,20.14,1.203,1.146,0.3950,0.3446,5.834,4.757,14704.4,14.685,0.6265,294.1,97.0
2026-08-09T19:00:00,9.330,9.083,18.37,19.30,1.195,1.130,0.4132,0.3655,5.788,4.789,14713.5,14.694,0.6269,294.3,97.1
2026-08-09T20:00:00,8.608,8.453,18.25,18.98,1.206,1.152,0.4278,0.3649,6.553,4.830,14721.9,14.709,0.6274,294.4,97.2
2026-08-09T21:00:00,9.156,9.076,17.68,18.94,1.162,1.106,0.3906,0.3361,5.714,4.964,14731.0,14.715,0.6279,294.6,97.2
2026-08-09T22:00:00,8.288,8.057,17.26,17.69,1.185,1.125,0.4028,0.3603,6.277,4.993,14739.1,14.726,0.6283,294.8,97.3
2026-08-09T23:00:00,8.749,8.604,16.75,18.01,1.157,1.107,0.4214,0.3643,6.139,4.849,14747.7,14.737,0.6287,295.0,97.3
2026-08-10T00:00:00,8.268,8.049,16.21,17.04,1.176,1.124,0.4036,0.3442,6.350,4.793,14755.7,14.749,0.6292,295.1,97.4
2026-08-10T01:00:00,8.555,8.420,15.17,16.10,1.136,1.083,0.4244,0.3528,6.040,4.936,14764.2,14.759,0.6298,295.3,97.4
2026-08-10T02:00:00,8.315,8.062,15.82,16.65,1.126,1.073,0.4137,0.3532,6.023,4.813,14772.2,14.768,0.6303,295.4,97.5
2026-08-10T03:00:00,8.650,8.375,15.24,16.34,1.153,1.095,0.4399,0.3719,5.835,4.935,14780.6,14.776,0.6309,295.6,97.6
2026-08-10T04:00:00,8.167,7.930,15.56,16.59,1.124,1.055,0.4123,0.3599,6.418,4.871,14788.5,14.788,0.6313,295.8,97.6
2026-08-10T05:00:00,8.263,8.099,15.50,16.26,1.129,1.078,0.3900,0.3646,5.454,4.819,14796.6,14.793,0.6315,295.9,97.7
2026-08-10T06:00:00,8.812,8.725,16.20,16.86,1.157,1.097,0.4224,0.3610,6.335,5.011,14805.3,14.805,0.6320,296.1,97.7
2026-08-10T07:00:00,8.590,8.166,16.65,17.58,1.152,1.092,0.3895,0.3565,5.609,4.950,14813.5,14.810,0.6323,296.3,97.8
2026-08-10T08:00:00,9.010,8.687,16.76,17.29,1.178,1.123,0.3989,0.3508,6.021,4.909,14822.2,14.820,0.6327,296.4,97.8
2026-08-10T09:00:00,9.329,9.046,17.61,18.84,1.188,1.125,0.4343,0.3512,6.457,4.780,14831.2,14.835,0.6335,296.6,97.9
2026-08-10T10:00:00,9.047,8.673,17.91,18.45,1.150,1.097,0.3981,0.3750,5.816,5.091,14839.9,14.841,0.6337,296.8,97.9
2026-08-10T11:00:00,9.287,9.029,18.71,19.95,1.210,1.158,0.4145,0.3620,6.232,4.930,14848.9,14.853,0.6342,297.0,98.0
2026-08-10T12:00:00,9.673,9.522,19.38,20.74,1.206,1.153,0.4455,0.3692,6.131,4.898,14858.5,14.865,0.6349,297.2,98.1
2026-08-10T13:00:00,9.529,9.228,19.42,20.13,1.238,1.183,0.4208,0.3445,6.614,4.907,14867.7,14.881,0.6356,297.4,98.1
2026-08-10T14:00:00,9.456,9.196,18.85,19.47,1.227,1.175,0.4020,0.3434,6.361,4.790,14876.9,14.895,0.6361,297.5,98.2
2026-08-10T15:00:00,9.650,9.564,19.44,20.05,1.235,1.181,0.4453,0.3618,6.395,4.886,14886.5,14.909,0.6369,297.7,98.3
2026-08-10T16:00:00,9.798,9.433,19.25,20.05,1.235,1.174,0.4108,0.3610,6.208,4.628,14895.9,14.924,0.6374,297.9,98.3
2026-08-10T17:00:00,9.036,8.899,18.39,19.21,1.203,1.142,0.3955,0.3615,5.743,5.081,14904.8,14.930,0.6377,298.1,98.4
2026-08-10T18:00:00,9.604,9.341,18.76,19.68,1.209,1.154,0.4494,0.3532,6.097,4.887,14914.1,14.942,0.6386,298.3,98.4
2026-08-10T19:00:00,9.291,8.974,18.58,19.71,1.231,1.177,0.4570,0.3511,6.123,4.602,14923.1,14.955,0.6395,298.5,98.5
2026-08-10T20:00:00,9.632,9.141,17.83,18.68,1.194,1.119,0.4355,0.3497,6.314,4.765,14932.2,14.969,0.6403,298.6,98.6
2026-08-10T21:00:00,8.804,8.482,16.96,18.03,1.163,1.101,0.4545,0.3602,6.264,4.907,14940.7,14.981,0.6411,298.8,98.6
2026-08-10T22:00:00,8.637,8.408,16.25,16.85,1.173,1.121,0.4348,0.3523,6.117,4.669,14949.1,14.993,0.6418,299.0,98.7
2026-08-10T23:00:00,8.129,7.939,17.09,18.13,1.174,1.120,0.4496,0.3548,6.606,4.700,14957.1,15.008,0.6426,299.1,98.7
2026-08-11T00:00:00,8.626,8.420,16.23,16.96,1.153,1.096,0.3946,0.3553,5.728,5.056,14965.5,15.014,0.6429,299.3,98.8
2026-08-11T01:00:00,8.518,8.264,15.99,16.71,1.140,1.084,0.4395,0.3513,5.305,4.780,14973.8,15.018,0.6436,299.5,98.8
2026-08-11T02:00:00,8.354,8.112,15.66,16.31,1.138,1.084,0.3738,0.3485,6.140,4.829,14981.9,15.029,0.6438,299.6,98.9
2026-08-11T03:00:00,8.471,8.173,15.26,15.56,1.154,1.101,0.4054,0.3534,6.069,4.825,14990.0,15.039,0.6443,299.8,98.9
2026-08-11T04:00:00,8.167,8.017,16.04,17.09,1.124,1.067,0.4094,0.3808,5.572,4.737,14998.1,15.046,0.6445,300.0,99.0
2026-08-11T05:00:00,8.744,8.600,15.34,16.05,1.131,1.077,0.4298,0.3576,6.207,4.803,15006.7,15.058,0.6451,300.1,99.0
2026-08-11T06:00:00,8.651,8.352,15.57,16.14,1.135,1.081,0.3799,0.3467,6.418,4.642,15015.0,15.073,0.6454,300.3,99.1
2026-08-11T07:00:00,8.840,8.616,16.33,17.22,1.164,1.112,0.3907,0.3723,6.571,4.994,15023.6,15.086,0.6456,300.5,99.2
2026-08-11T08:00:00,8.549,8.264,16.87,17.50,1.151,1.101,0.4263,0.3514,6.191,4.849,15031.9,15.097,0.6462,300.6,99.2
2026-08-11T09:00:00,9.038,8.949,17.76,18.24,1.183,1.120,0.4514,0.3697,5.689,4.854,15040.8,15.105,0.6469,300.8,99.3
2026-08-11T10:00:00,8.855,8.574,18.26,18.80,1.159,1.104,0.4104,0.3444,5.762,4.918,15049.4,15.112,0.6475,301.0,99.3
2026-08-11T11:00:00,9.077,8.817,18.04,18.64,1.205,1.155,0.4522,0.3611,6.268,4.805,15058.2,15.125,0.6483,301.2,99.4
2026-08-11T12:00:00,9.756,9.535,19.26,19.71,1.234,1.170,0.4125,0.3575,5.995,4.945,15067.8,15.135,0.6488,301.4,99.4
2026-08-11T13:00:00,9.700,9.487,19.21,19.80,1.234,1.181,0.4171,0.3495,6.043,4.917,15077.3,15.146,0.6494,301.5,99.5
2026-08-11T14:00:00,9.263,9.028,19.34,20.10,1.218,1.159,0.4410,0.3582,5.892,4.845,15086.3,15.155,0.6502,301.7,99.6
2026-08-11T15:00:00,9.599,9.355,20.03,20.63,1.245,1.192,0.4566,0.3606,6.836,4.849,15095.6,15.174,0.6511,301.9,99.6
2026-08-11T16:00:00,9.597,9.258,19.86,20.62,1.219,1.154,0.4479,0.3609,6.073,4.695,15104.9,15.186,0.6519,302.1,99.7
2026-08-11T17:00:00,9.521,9.318,18.85,19.44,1.194,1.134,0.3845,0.3482,5.402,4.890,15114.2,15.191,0.6522,302.3,99.8
2026-08-11T18:00:00,9.472,9.242,19.00,19.97,1.194,1.141,0.4389,0.3716,6.135,4.961,15123.5,15.202,0.6528,302.5,99.8
2026-08-11T19:00:00,9.380,9.108,18.45,19.34,1.191,1.135,0.4071,0.3558,5.645,4.836,15132.6,15.209,0.6533,302.7,99.9
2026-08-11T20:00:00,8.835,8.712,17.97,19.07,1.184,1.132,0.4265,0.3513,5.856,4.956,15141.3,15.217,0.6540,302.8,99.9
2026-08-11T21:00:00,8.697,8.519,17.97,18.34,1.184,1.134,0.4170,0.3660,5.962,4.948,15149.8,15.226,0.6544,303.0,100.0
2026-08-11T22:00:00,8.654,8.377,17.29,18.23,1.174,1.118,0.3864,0.3562,6.593,5.020,15158.2,15.239,0.6547,303.2,100.0
2026-08-11T23:00:00,8.831,8.626,16.42,17.35,1.155,1.100,0.4092,0.3498,5.532,4.759,15166.8,15.246,0.6552,303.3,100.1
2026-08-12T00:00:00,8.496,8.240,16.56,17.54,1.168,1.112,0.4246,0.3637,5.578,4.792,15175.0,15.252,0.6557,303.5,100.2
2026-08-12T01:00:00,8.266,7.969,15.37,16.08,1.162,1.106,0.4357,0.3546,6.158,5.044,15183.0,15.261,0.6563,303.7,100.2
2026-08-12T02:00:00,8.761,8.588,15.28,16.19,1.129,1.070,0.3754,0.3702,6.463,4.852,15191.6,15.275,0.6564,303.8,100.3
2026-08-12T03:00:00,8.398,8.033,15.75,16.88,1.172,1.103,0.4267,0.3528,6.210,4.991,15199.6,15.285,0.6570,304.0,100.3
2026-08-12T04:00:00,8.682,8.495,15.57,16.15,1.148,1.091,0.4729,0.3508,6.092,4.963,15208.1,15.294,0.6580,304.2,100.4
2026-08-12T05:00:00,8.560,8.461,15.22,16.17,1.123,1.070,0.4518,0.3752,5.745,5.021,15216.6,15.300,0.6586,304.3,100.4
2026-08-12T06:00:00,8.899,8.625,16.21,17.05,1.133,1.081,0.4542,0.3494,6.154,4.853,15225.2,15.312,0.6595,304.5,100.5
2026-08-12T07:00:00,8.412,8.275,16.29,16.75,1.147,1.074,0.4428,0.3494,5.684,4.775,15233.5,15.319,0.6603,304.7,100.5
2026-08-12T08:00:00,8.800,8.657,17.15,17.91,1.163,1.092,0.4087,0.3711,5.941,4.569,15242.1,15.331,0.6606,304.8,100.6
2026-08-12T09:00:00,8.862,8.603,16.72,17.87,1.146,1.096,0.4347,0.3743,6.384,4.533,15250.7,15.347,0.6612,305.0,100.7
2026-08-12T10:00:00,9.055,8.921,17.87,18.39,1.182,1.130,0.3892,0.3555,5.713,4.625,15259.7,15.357,0.6615,305.2,100.7
2026-08-12T11:00:00,9.240,9.040,18.46,19.14,1.172,1.117,0.4354,0.3514,6.347,4.849,15268.7,15.370,0.6622,305.4,100.8
2026-08-12T12:00:00,9.652,9.379,19.11,20.04,1.208,1.140,0.4310,0.3566,5.949,4.782,15278.1,15.381,0.6629,305.6,100.8
2026-08-12T13:00:00,9.563,9.315,18.41,19.20,1.219,1.159,0.4069,0.3564,6.115,4.728,15287.4,15.394,0.6634,305.7,100.9
2026-08-12T14:00:00,9.101,8.865,19.51,20.67,1.192,1.134,0.4148,0.3640,5.728,4.710,15296.3,15.403,0.6638,305.9,101.0
2026-08-12T15:00:00,9.527,9.247,20.25,21.02,1.245,1.188,0.4273,0.3457,6.281,4.770,15305.5,15.417,0.6646,306.1,101.0
2026-08-12T16:00:00,9.401,9.240,19.18,20.03,1.238,1.188,0.3910,0.3606,5.942,4.741,15314.7,15.428,0.6649,306.3,101.1
2026-08-12T17:00:00,10.107,9.865,18.22,18.88,1.217,1.161,0.4124,0.3485,6.075,4.715,15324.6,15.442,0.6655,306.5,101.1
2026-08-12T18:00:00,9.611,9.454,19.30,19.44,1.225,1.174,0.3849,0.3467,6.040,4.889,15334.1,15.452,0.6659,306.7,101.2
2026-08-12T19:00:00,9.750,9.537,17.89,18.77,1.166,1.110,0.3953,0.3672,6.136,5.044,15343.6,15.463,0.6661,306.9,101.3
2026-08-12T20:00:00,8.734,8.608,18.18,19.05,1.172,1.121,0.4292,0.3540,6.084,4.767,15352.2,15.474,0.6668,307.0,101.3
2026-08-12T21:00:00,8.975,8.775,16.81,18.02,1.162,1.108,0.4287,0.3593,6.973,4.860,15361.0,15.493,0.6674,307.2,101.4
2026-08-12T22:00:00,8.484,8.269,16.66,17.48,1.198,1.141,0.4192,0.3451,5.512,4.909,15369.3,15.498,0.6680,307.4,101.4
2026-08-12T23:00:00,9.020,8.738,15.72,16.48,1.159,1.103,0.4028,0.3519,6.373,4.703,15378.0,15.512,0.6684,307.6,101.5
2026-08-13T00:00:00,9.031,8.833,16.14,16.49,1.159,1.103,0.4224,0.3622,6.241,4.831,15386.8,15.525,0.6690,307.7,101.6
2026-08-13T01:00:00,9.118,8.816,15.37,16.27,1.163,1.109,0.4169,0.3585,6.027,4.813,15395.6,15.536,0.6695,307.9,101.6
2026-08-13T02:00:00,8.524,8.351,15.43,16.53,1.126,1.068,0.4467,0.3578,5.932,4.608,15404.0,15.547,0.6702,308.1,101.7
2026-08-13T03:00:00,7.893,7.608,14.77,15.78,1.164,1.102,0.4273,0.3583,5.856,4.725,15411.6,15.555,0.6708,308.2,101.7
2026-08-13T04:00:00,8.772,8.657,14.97,15.25,1.150,1.096,0.4284,0.3511,6.459,4.658,15420.3,15.571,0.6714,308.4,101.8
2026-08-13T05:00:00,9.004,8.739,15.68,16.25,1.131,1.077,0.4233,0.3591,5.961,5.041,15429.0,15.579,0.6720,308.6,101.8
2026-08-13T06:00:00,8.575,8.430,16.11,16.90,1.161,1.110,0.4638,0.3593,5.742,4.701,15437.4,15.588,0.6729,308.7,101.9
2026-08-13T07:00:00,8.997,8.842,16.38,16.81,1.171,1.119,0.4582,0.3500,6.340,5.090,15446.3,15.599,0.6738,308.9,101.9
2026-08-13T08:00:00,9.143,8.835,16.69,17.61,1.201,1.142,0.3851,0.3550,5.967,4.903,15455.1,15.608,0.6741,309.1,102.0
2026-08-13T09:00:00,8.657,8.439,17.14,17.72,1.169,1.119,0.4374,0.3603,6.173,4.920,15463.5,15.619,0.6747,309.3,102.1
2026-08-13T10:00:00,8.600,8.423,17.07,17.58,1.186,1.123,0.4288,0.3528,5.749,4.814,15472.0,15.626,0.6754,309.4,102.1
2026-08-13T11:00:00,9.062,8.831,17.77,18.16,1.196,1.140,0.4261,0.3557,6.071,4.715,15480.8,15.638,0.6760,309.6,102.2
2026-08-13T12:00:00,9.738,9.565,19.06,19.63,1.199,1.149,0.4093,0.3774,5.502,4.918,15490.4,15.644,0.6763,309.8,102.2
2026-08-13T13:00:00,9.052,8.880,18.35,19.64,1.221,1.150,0.4145,0.3629,5.907,4.816,15499.2,15.654,0.6768,310.0,102.3
2026-08-13T14:00:00,9.825,9.673,18.96,19.44,1.220,1.159,0.4670,0.3613,5.738,4.862,15508.9,15.662,0.6778,310.2,102.4
2026-08-13T15:00:00,9.841,9.840,19.21,20.32,1.227,1.158,0.4635,0.3635,6.156,4.971,15518.8,15.674,0.6788,310.4,102.4
2026-08-13T16:00:00,9.608,9.281,19.18,20.19,1.213,1.162,0.4407,0.3587,6.315,4.734,15528.0,15.689,0.6795,310.6,102.5
2026-08-13T17:00:00,9.262,9.056,18.31,19.55,1.218,1.154,0.4610,0.3587,5.517,4.867,15537.1,15.694,0.6805,310.7,102.5
2026-08-13T18:00:00,9.076,8.879,18.28,18.93,1.205,1.133,0.4055,0.3559,6.535,4.598,15546.0,15.712,0.6809,310.9,102.6
2026-08-13T19:00:00,10.137,9.823,18.21,19.55,1.185,1.132,0.4574,0.3544,6.081,4.737,15555.8,15.725,0.6819,311.1,102.7
2026-08-13T20:00:00,8.823,8.647,18.41,19.38,1.189,1.133,0.4202,0.3541,6.161,4.773,15564.4,15.737,0.6825,311.3,102.7
2026-08-13T21:00:00,8.685,8.531,17.49,18.34,1.171,1.108,0.3972,0.3444,6.073,4.447,15573.0,15.751,0.6829,311.5,102.8
2026-08-13T22:00:00,8.953,8.724,16.42,17.24,1.180,1.118,0.4589,0.3569,5.606,4.596,15581.7,15.759,0.6838,311.6,102.8
2026-08-13T23:00:00,9.005,8.779,16.43,17.44,1.191,1.137,0.4357,0.3610,5.976,4.785,15590.5,15.770,0.6845,311.8,102.9
2026-08-14T00:00:00,8.575,8.406,15.85,16.67,1.158,1.094,0.4502,0.3734,5.542,4.962,15598.9,15.775,0.6851,312.0,103.0
2026-08-14T01:00:00,8.395,8.189,15.61,16.20,1.135,1.083,0.4323,0.3506,5.710,4.518,15607.1,15.785,0.6858,312.1,103.0
2026-08-14T02:00:00,8.466,8.266,14.87,15.72,1.162,1.107,0.4182,0.3573,6.762,4.797,15615.3,15.801,0.6863,312.3,103.1
2026-08-14T03:00:00,8.017,7.828,14.51,14.96,1.150,1.095,0.4250,0.3684,6.281,4.748,15623.2,15.813,0.6867,312.5,103.1
2026-08-14T04:00:00,8.399,8.147,14.71,15.68,1.135,1.077,0.4207,0.3690,6.032,4.686,15631.3,15.824,0.6872,312.6,103.2
2026-08-14T05:00:00,8.883,8.673,15.74,16.96,1.167,1.108,0.4609,0.3653,6.097,4.732,15640.0,15.836,0.6880,312.8,103.2
2026-08-14T06:00:00,8.759,8.644,15.66,16.38,1.115,1.056,0.4750,0.3571,6.748,4.912,15648.6,15.852,0.6890,313.0,103.3
2026-08-14T07:00:00,9.105,8.947,15.94,17.27,1.158,1.104,0.4508,0.3566,5.992,4.557,15657.6,15.864,0.6899,313.2,103.3
2026-08-14T08:00:00,8.494,8.226,16.35,17.29,1.173,1.111,0.4235,0.3554,6.428,4.778,15665.8,15.878,0.6904,313.3,103.4
2026-08-14T09:00:00,9.321,8.950,16.78,17.18,1.171,1.117,0.4832,0.3509,5.781,4.789,15674.7,15.887,0.6916,313.5,103.5
2026-08-14T10:00:00,9.354,9.092,17.29,18.08,1.220,1.159,0.4378,0.3471,6.168,5.201,15683.8,15.896,0.6924,313.7,103.5
2026-08-14T11:00:00,9.033,8.855,17.79,18.92,1.216,1.160,0.4470,0.3656,6.253,4.588,15692.7,15.910,0.6931,313.9,103.6
2026-08-14T12:00:00,9.620,9.279,18.15,18.71,1.206,1.155,0.4031,0.3393,6.080,4.626,15702.0,15.924,0.6937,314.0,103.6
2026-08-14T13:00:00,9.650,9.459,18.65,19.73,1.193,1.141,0.4114,0.3605,6.039,4.743,15711.4,15.936,0.6942,314.2,103.7
2026-08-14T14:00:00,9.375,9.143,18.30,19.06,1.209,1.154,0.4998,0.3568,6.391,4.897,15720.6,15.950,0.6955,314.4,103.8
2026-08-14T15:00:00,9.842,9.566,18.64,19.41,1.218,1.163,0.4138,0.3635,6.573,4.587,15730.1,15.969,0.6960,314.6,103.8
2026-08-14T16:00:00,8.854,8.608,19.42,20.36,1.211,1.141,0.4459,0.3496,6.347,4.858,15738.7,15.982,0.6968,314.8,103.9
2026-08-14T17:00:00,9.629,9.449,18.63,19.08,1.214,1.159,0.4351,0.3441,6.267,4.793,15748.2,15.995,0.6977,315.0,103.9
2026-08-14T18:00:00,9.265,8.966,18.46,19.31,1.231,1.176,0.4244,0.3611,5.828,4.633,15757.2,16.006,0.6983,315.1,104.0
2026-08-14T19:00:00,9.666,9.477,17.65,18.17,1.202,1.142,0.4293,0.3463,5.760,4.672,15766.6,16.017,0.6990,315.3,104.1
2026-08-14T20:00:00,8.764,8.394,17.51,18.69,1.191,1.135,0.4296,0.3540,6.484,5.010,15775.0,16.029,0.6997,315.5,104.1
2026-08-14T21:00:00,8.959,8.744,17.68,18.65,1.203,1.149,0.4187,0.3504,5.542,4.767,15783.8,16.036,0.7003,315.7,104.2
2026-08-14T22:00:00,8.570,8.349,17.38,17.66,1.160,1.093,0.3979,0.3559,6.575,4.871,15792.1,16.050,0.7006,315.8,104.2
2026-08-14T23:00:00,8.878,8.547,16.71,17.84,1.172,1.119,0.4288,0.3613,6.454,4.909,15800.7,16.063,0.7012,316.0,104.3
2026-08-15T00:00:00,8.472,8.161,16.02,17.01,1.169,1.115,0.4075,0.3443,6.104,4.935,15808.8,16.073,0.7017,316.2,104.3
2026-08-15T01:00:00,8.791,8.585,14.73,15.56,1.151,1.097,0.3759,0.3621,5.905,4.799,15817.4,16.082,0.7018,316.3,104.4
2026-08-15T02:00:00,8.291,8.154,14.64,15.52,1.179,1.125,0.4096,0.3607,6.419,4.620,15825.6,16.097,0.7022,316.5,104.4
2026-08-15T03:00:00,8.427,8.299,15.30,15.94,1.126,1.075,0.4365,0.3720,6.357,4.869,15833.9,16.109,0.7028,316.7,104.5
2026-08-15T04:00:00,7.985,7.893,15.13,15.79,1.154,1.092,0.4755,0.3639,6.096,4.824,15841.8,16.119,0.7037,316.8,104.6
2026-08-15T05:00:00,8.116,7.860,15.61,16.62,1.152,1.095,0.4458,0.3370,6.406,4.389,15849.6,16.135,0.7045,317.0,104.6
2026-08-15T06:00:00,8.844,8.699,15.87,16.58,1.149,1.091,0.4250,0.3680,6.070,4.812,15858.3,16.146,0.7050,317.2,104.7
2026-08-15T07:00:00,8.106,7.888,15.94,16.46,1.157,1.097,0.4321,0.3536,6.082,4.876,15866.2,16.156,0.7056,317.3,104.7
2026-08-15T08:00:00,8.734,8.614,16.80,17.64,1.189,1.138,0.4398,0.3582,5.895,4.965,15874.8,16.164,0.7063,317.5,104.8
2026-08-15T09:00:00,9.147,8.803,17.41,18.72,1.193,1.139,0.4168,0.3545,6.215,4.789,15883.6,16.176,0.7069,317.7,104.8
2026-08-15T10:00:00,9.184,9.027,17.01,17.60,1.185,1.127,0.4191,0.3528,5.471,4.864,15892.7,16.182,0.7075,317.9,104.9
2026-08-15T11:00:00,9.504,9.380,17.92,18.61,1.186,1.126,0.4603,0.3598,6.212,4.694,15902.0,16.196,0.7084,318.0,105.0
2026-08-15T12:00:00,9.389,9.207,18.22,18.94,1.202,1.136,0.4050,0.3605,6.572,4.711,15911.2,16.213,0.7088,318.2,105.0
2026-08-15T13:00:00,9.063,8.956,19.41,20.20,1.190,1.139,0.4347,0.3586,6.122,4.853,15920.2,16.224,0.7095,318.4,105.1
2026-08-15T14:00:00,9.735,9.489,18.35,19.37,1.235,1.178,0.4179,0.3466,6.082,4.476,15929.7,16.240,0.7102,318.6,105.1
2026-08-15T15:00:00,9.221,8.889,19.51,20.74,1.227,1.164,0.3909,0.3767,6.071,4.485,15938.6,16.254,0.7103,318.8,105.2
2026-08-15T16:00:00,9.581,9.358,18.86,19.76,1.244,1.194,0.4488,0.3581,6.102,4.888,15947.9,16.265,0.7112,319.0,105.3
2026-08-15T17:00:00,9.676,9.418,18.83,19.30,1.189,1.134,0.3903,0.3497,5.657,4.851,15957.4,16.273,0.7115,319.1,105.3
2026-08-15T18:00:00,9.533,9.336,18.27,18.76,1.236,1.185,0.4351,0.3651,5.619,4.942,15966.7,16.279,0.7122,319.3,105.4
2026-08-15T19:00:00,9.231,8.906,17.22,17.91,1.205,1.152,0.4180,0.3754,6.108,4.999,15975.6,16.289,0.7126,319.5,105.4
2026-08-15T20:00:00,9.679,9.427,17.51,18.32,1.182,1.125,0.4201,0.3571,5.379,4.873,15985.0,16.294,0.7132,319.7,105.5
2026-08-15T21:00:00,9.048,8.719,16.76,17.48,1.169,1.112,0.3723,0.3657,5.766,4.789,15993.7,16.302,0.7132,319.9,105.6
2026-08-15T22:00:00,8.747,8.574,17.08,17.80,1.176,1.113,0.4217,0.3562,5.500,4.696,16002.3,16.309,0.7138,320.0,105.6
2026-08-15T23:00:00,8.721,8.407,15.90,16.52,1.150,1.100,0.4124,0.3517,6.485,4.729,16010.7,16.324,0.7143,320.2,105.7
2026-08-16T00:00:00,8.664,8.374,15.96,16.89,1.155,1.099,0.4183,0.3677,4.986,4.683,16019.1,16.326,0.7147,320.4,105.7
2026-08-16T01:00:00,7.930,7.792,15.07,15.80,1.150,1.093,0.4511,0.3487,5.974,4.774,16026.9,16.336,0.7155,320.5,105.8
2026-08-16T02:00:00,8.615,8.421,15.13,16.02,1.151,1.099,0.4340,0.3641,6.010,4.773,16035.3,16.346,0.7161,320.7,105.8
2026-08-16T03:00:00,8.795,8.615,14.25,14.77,1.153,1.099,0.4278,0.3575,6.156,4.517,16043.9,16.360,0.7167,320.9,105.9
2026-08-16T04:00:00,8.383,8.105,15.39,16.52,1.155,1.105,0.4098,0.3722,5.750,4.637,16052.0,16.369,0.7170,321.0,105.9
2026-08-16T05:00:00,8.633,8.484,14.72,15.50,1.154,1.101,0.4346,0.3545,5.632,4.836,16060.5,16.376,0.7177,321.2,106.0
2026-08-16T06:00:00,8.570,8.330,15.32,15.79,1.164,1.106,0.4222,0.3586,5.565,4.826,16068.8,16.382,0.7182,321.4,106.1
2026-08-16T07:00:00,9.157,8.914,15.86,16.87,1.165,1.112,0.4283,0.3473,6.103,4.729,16077.8,16.394,0.7190,321.6,106.1
2026-08-16T08:00:00,8.687,8.477,16.47,17.53,1.154,1.094,0.3914,0.3476,6.124,4.967,16086.2,16.404,0.7193,321.7,106.2
2026-08-16T09:00:00,8.761,8.415,16.71,16.98,1.194,1.140,0.4522,0.3605,6.066,4.566,16094.6,16.417,0.7201,321.9,106.2
2026-08-16T10:00:00,8.858,8.654,17.62,17.82,1.204,1.145,0.4300,0.3675,5.510,4.819,16103.3,16.423,0.7206,322.1,106.3
2026-08-16T11:00:00,9.427,9.096,17.96,18.60,1.175,1.124,0.4509,0.3554,5.995,4.877,16112.4,16.433,0.7215,322.2,106.3
2026-08-16T12:00:00,9.761,9.563,18.60,19.47,1.246,1.196,0.4408,0.3472,6.577,4.672,16122.0,16.451,0.7224,322.4,106.4
2026-08-16T13:00:00,9.317,9.044,18.67,19.31,1.220,1.165,0.4134,0.3599,6.459,5.027,16131.0,16.464,0.7229,322.6,106.5
2026-08-16T14:00:00,9.454,9.274,18.97,19.41,1.210,1.158,0.4692,0.3595,6.443,4.875,16140.3,16.479,0.7239,322.8,106.5
2026-08-16T15:00:00,9.358,9.152,19.48,20.57,1.211,1.161,0.4224,0.3556,6.383,4.711,16149.4,16.494,0.7245,323.0,106.6
2026-08-16T16:00:00,9.992,9.638,18.82,19.96,1.203,1.140,0.4109,0.3507,6.028,4.917,16159.1,16.505,0.7251,323.2,106.6
2026-08-16T17:00:00,9.727,9.643,18.48,19.46,1.189,1.137,0.4557,0.3617,6.583,4.707,16168.7,16.523,0.7260,323.4,106.7
2026-08-16T18:00:00,9.561,9.321,17.86,18.53,1.211,1.154,0.4248,0.3495,6.869,4.425,16178.0,16.545,0.7267,323.6,106.8
2026-08-16T19:00:00,9.532,9.306,18.08,19.17,1.220,1.166,0.4189,0.3614,5.651,4.794,16187.3,16.553,0.7272,323.7,106.8
2026-08-16T20:00:00,8.946,8.731,17.26,18.08,1.170,1.112,0.4191,0.3532,6.283,4.560,16196.1,16.568,0.7278,323.9,106.9
2026-08-16T21:00:00,8.896,8.601,17.26,18.04,1.175,1.124,0.3876,0.3517,6.555,4.723,16204.7,16.584,0.7281,324.1,107.0
2026-08-16T22:00:00,9.005,8.688,16.40,17.33,1.195,1.141,0.4323,0.3460,5.744,4.649,16213.4,16.594,0.7289,324.3,107.0
2026-08-16T23:00:00,8.952,8.858,15.56,16.15,1.158,1.102,0.4007,0.3495,6.076,4.668,16222.2,16.606,0.7293,324.4,107.1
2026-08-17T00:00:00,8.391,8.165,15.28,16.19,1.162,1.108,0.4440,0.3562,5.586,5.042,16230.4,16.611,0.7300,324.6,107.1
2026-08-17T01:00:00,8.554,8.200,14.60,15.23,1.148,1.093,0.4258,0.3588,6.446,4.785,16238.6,16.624,0.7306,324.8,107.2
2026-08-17T02:00:00,8.471,8.230,15.25,15.80,1.157,1.093,0.4028,0.3484,5.923,4.925,16246.8,16.633,0.7310,324.9,107.2
2026-08-17T03:00:00,8.258,8.110,14.23,14.99,1.143,1.091,0.4323,0.3592,5.934,4.557,16254.9,16.644,0.7316,325.1,107.3
2026-08-17T04:00:00,8.436,8.230,14.58,15.40,1.157,1.105,0.3945,0.3550,6.837,4.384,16263.2,16.664,0.7320,325.3,107.3
2026-08-17T05:00:00,8.583,8.328,15.53,17.14,1.147,1.089,0.4191,0.3525,6.222,4.850,16271.5,16.675,0.7325,325.4,107.4
2026-08-17T06:00:00,8.422,8.131,15.28,15.84,1.176,1.118,0.4415,0.3521,5.862,4.822,16279.6,16.684,0.7332,325.6,107.4
2026-08-17T07:00:00,8.700,8.509,16.55,16.99,1.148,1.094,0.4565,0.3359,5.875,4.697,16288.1,16.694,0.7343,325.8,107.5
2026-08-17T08:00:00,9.014,8.813,15.88,16.45,1.174,1.122,0.4216,0.3552,5.707,4.693,16296.9,16.703,0.7349,325.9,107.6
2026-08-17T09:00:00,9.205,8.918,17.40,18.03,1.178,1.125,0.4685,0.3614,5.557,4.809,16305.8,16.709,0.7358,326.1,107.6
2026-08-17T10:00:00,9.635,9.246,17.54,18.70,1.196,1.143,0.4358,0.3427,5.583,4.562,16315.1,16.719,0.7367,326.3,107.7
2026-08-17T11:00:00,9.005,8.726,17.13,18.09,1.217,1.160,0.4421,0.3538,6.579,4.721,16323.8,16.735,0.7374,326.5,107.7
2026-08-17T12:00:00,9.712,9.464,18.80,19.84,1.197,1.144,0.4455,0.3571,6.153,4.697,16333.3,16.749,0.7383,326.7,107.8
2026-08-17T13:00:00,9.661,9.453,18.91,19.32,1.225,1.166,0.4304,0.3521,5.906,4.840,16342.7,16.759,0.7390,326.9,107.9
2026-08-17T14:00:00,10.119,10.092,18.51,19.28,1.254,1.199,0.3981,0.3357,6.362,4.579,16352.8,16.777,0.7396,327.1,107.9
2026-08-17T15:00:00,9.843,9.439,18.79,19.68,1.233,1.181,0.4573,0.3688,5.599,4.548,16362.3,16.787,0.7405,327.2,108.0
2026-08-17T16:00:00,9.492,9.356,18.91,19.46,1.237,1.187,0.4411,0.3605,6.018,4.855,16371.6,16.798,0.7412,327.4,108.1
2026-08-17T17:00:00,9.467,9.274,18.67,19.59,1.237,1.170,0.4275,0.3524,5.800,4.637,16380.9,16.808,0.7419,327.6,108.1
2026-08-17T18:00:00,9.531,9.224,18.48,19.06,1.216,1.161,0.4049,0.3619,6.715,4.707,16390.1,16.827,0.7423,327.8,108.2
2026-08-17T19:00:00,9.725,9.437,17.99,18.99,1.195,1.145,0.4046,0.3458,6.148,4.847,16399.6,16.839,0.7429,328.0,108.2
2026-08-17T20:00:00,8.789,8.544,17.67,18.63,1.207,1.155,0.3864,0.3497,5.668,4.849,16408.1,16.846,0.7432,328.2,108.3
2026-08-17T21:00:00,8.666,8.448,16.71,17.02,1.172,1.117,0.4431,0.3541,6.341,4.517,16416.6,16.862,0.7439,328.3,108.3
2026-08-17T22:00:00,8.835,8.455,16.33,16.66,1.154,1.101,0.4423,0.3542,6.839,4.850,16425.0,16.878,0.7447,328.5,108.4
2026-08-17T23:00:00,9.283,9.047,15.69,16.26,1.183,1.131,0.4297,0.3627,6.412,4.644,16434.1,16.894,0.7453,328.7,108.5
2026-08-18T00:00:00,8.270,7.892,15.67,16.64,1.135,1.070,0.4320,0.3541,5.801,4.898,16441.9,16.902,0.7459,328.8,108.5
2026-08-18T01:00:00,8.096,7.953,15.14,15.80,1.149,1.093,0.4304,0.3610,5.396,4.747,16449.9,16.907,0.7465,329.0,108.6
2026-08-18T02:00:00,7.630,7.384,14.83,15.76,1.146,1.085,0.4140,0.3557,6.012,4.642,16457.3,16.917,0.7469,329.1,108.6
2026-08-18T03:00:00,8.278,8.161,14.87,15.41,1.143,1.090,0.4475,0.3612,6.078,4.630,16465.4,16.929,0.7476,329.3,108.7
2026-08-18T04:00:00,8.859,8.774,14.55,14.93,1.144,1.088,0.4571,0.3452,6.042,4.624,16474.2,16.941,0.7486,329.5,108.7
2026-08-18T05:00:00,8.246,8.086,15.11,15.41,1.129,1.069,0.4011,0.3596,5.563,4.662,16482.3,16.948,0.7489,329.6,108.8
2026-08-18T06:00:00,8.956,8.706,15.26,16.25,1.146,1.084,0.4461,0.3490,6.318,4.819,16491.0,16.961,0.7498,329.8,108.8
2026-08-18T07:00:00,8.763,8.517,15.70,16.57,1.176,1.119,0.4509,0.3549,6.047,4.789,16499.5,16.972,0.7506,330.0,108.9
2026-08-18T08:00:00,9.462,9.163,16.25,17.28,1.157,1.097,0.3977,0.3537,6.093,4.906,16508.7,16.983,0.7510,330.2,109.0
2026-08-18T09:00:00,8.663,8.423,16.51,17.30,1.191,1.140,0.4260,0.3605,6.428,4.755,16517.1,16.997,0.7515,330.3,109.0
2026-08-18T10:00:00,9.162,8.897,16.55,17.29,1.200,1.149,0.4492,0.3554,6.001,4.834,16526.0,17.008,0.7524,330.5,109.1
2026-08-18T11:00:00,9.260,9.056,17.55,18.26,1.203,1.151,0.4454,0.3570,6.005,4.649,16535.1,17.020,0.7532,330.7,109.1
2026-08-18T12:00:00,9.513,9.219,17.92,18.75,1.183,1.124,0.3956,0.3503,5.569,4.897,16544.3,17.026,0.7536,330.9,109.2
2026-08-18T13:00:00,9.759,9.521,18.98,19.27,1.203,1.143,0.4174,0.3701,6.327,4.678,16553.8,17.042,0.7540,331.1,109.3
2026-08-18T14:00:00,9.430,8.931,18.90,19.82,1.256,1.200,0.4109,0.3519,6.040,4.738,16562.7,17.053,0.7546,331.3,109.3
2026-08-18T15:00:00,9.409,9.181,18.47,19.15,1.218,1.165,0.4407,0.3526,6.206,4.533,16571.9,17.069,0.7554,331.4,109.4
2026-08-18T16:00:00,9.356,9.214,18.96,19.58,1.227,1.165,0.4043,0.3575,6.062,4.927,16581.1,17.079,0.7558,331.6,109.4
2026-08-18T17:00:00,9.409,9.193,18.36,19.41,1.227,1.168,0.4359,0.3614,6.665,5.114,16590.3,17.093,0.7565,331.8,109.5
2026-08-18T18:00:00,9.620,9.463,17.88,18.52,1.186,1.135,0.4505,0.3430,6.642,4.544,16599.8,17.113,0.7575,332.0,109.6
2026-08-18T19:00:00,9.365,9.094,18.33,19.14,1.210,1.157,0.3819,0.3470,5.937,4.688,16608.9,17.125,0.7578,332.2,109.6
2026-08-18T20:00:00,9.670,9.420,17.21,18.08,1.177,1.119,0.4002,0.3572,5.991,4.821,16618.3,17.136,0.7582,332.4,109.7
2026-08-18T21:00:00,8.999,8.791,17.41,17.84,1.171,1.117,0.4627,0.3649,5.689,4.603,16627.1,17.145,0.7591,332.5,109.7
2026-08-18T22:00:00,8.713,8.411,15.97,17.07,1.174,1.101,0.3990,0.3564,5.841,4.456,16635.5,17.157,0.7594,332.7,109.8
2026-08-18T23:00:00,9.013,8.844,15.86,16.43,1.186,1.125,0.3959,0.3439,6.228,4.806,16644.3,17.169,0.7599,332.9,109.9
2026-08-19T00:00:00,9.058,8.892,15.13,15.38,1.151,1.086,0.4877,0.3633,6.253,4.712,16653.2,17.183,0.7610,333.1,109.9
2026-08-19T01:00:00,8.676,8.492,15.05,15.98,1.153,1.092,0.4341,0.3594,6.063,4.718,16661.7,17.195,0.7616,333.2,110.0
2026-08-19T02:00:00,8.363,8.153,15.04,16.10,1.137,1.086,0.3941,0.3660,6.139,4.719,16669.9,17.206,0.7619,333.4,110.0
2026-08-19T03:00:00,8.712,8.410,15.00,15.77,1.166,1.114,0.4130,0.3481,6.967,4.714,16678.3,17.225,0.7624,333.6,110.1
2026-08-19T04:00:00,8.568,8.408,15.04,15.61,1.129,1.072,0.4594,0.3461,6.464,4.710,16686.7,17.240,0.7634,333.7,110.1
2026-08-19T05:00:00,8.869,8.595,15.09,16.51,1.130,1.078,0.4034,0.3638,5.428,4.337,16695.3,17.249,0.7637,333.9,110.2
2026-08-19T06:00:00,8.632,8.429,15.34,16.20,1.143,1.081,0.4357,0.3363,5.991,4.682,16703.7,17.260,0.7646,334.1,110.2
2026-08-19T07:00:00,9.027,8.859,15.58,16.47,1.150,1.095,0.4205,0.3539,5.825,4.840,16712.6,17.269,0.7651,334.3,110.3
2026-08-19T08:00:00,9.075,8.803,16.03,17.23,1.163,1.104,0.4311,0.3458,6.569,4.715,16721.4,17.285,0.7659,334.4,110.4
2026-08-19T09:00:00,8.746,8.589,17.13,18.17,1.218,1.166,0.3739,0.3441,5.894,4.780,16730.0,17.295,0.7661,334.6,110.4
2026-08-19T10:00:00,9.513,9.265,16.64,18.19,1.181,1.130,0.4529,0.3346,5.697,4.731,16739.2,17.304,0.7672,334.8,110.5
2026-08-19T11:00:00,9.415,9.349,17.01,18.14,1.201,1.139,0.4633,0.3530,6.170,4.730,16748.6,17.317,0.7683,335.0,110.5
2026-08-19T12:00:00,9.037,8.756,18.29,19.03,1.207,1.157,0.4140,0.3569,6.275,4.636,16757.3,17.332,0.7688,335.1,110.6
2026-08-19T13:00:00,8.850,8.706,18.62,19.38,1.241,1.190,0.3996,0.3544,5.623,4.572,16766.1,17.341,0.7692,335.3,110.7
2026-08-19T14:00:00,9.581,9.265,18.50,19.28,1.247,1.187,0.4338,0.3530,5.761,4.613,16775.3,17.351,0.7699,335.5,110.7
2026-08-19T15:00:00,10.050,9.826,18.59,19.61,1.210,1.143,0.3995,0.3578,6.267,4.839,16785.1,17.365,0.7703,335.7,110.8
2026-08-19T16:00:00,9.910,9.628,18.06,18.86,1.214,1.152,0.4050,0.3584,5.649,4.616,16794.8,17.375,0.7708,335.9,110.8
2026-08-19T17:00:00,9.405,9.238,18.35,19.20,1.179,1.128,0.4212,0.3640,6.284,4.522,16804.0,17.392,0.7713,336.1,110.9
2026-08-19T18:00:00,9.592,9.193,17.82,18.43,1.204,1.138,0.3798,0.3621,5.949,4.766,16813.2,17.403,0.7715,336.3,111.0
2026-08-19T19:00:00,8.710,8.477,17.59,17.86,1.177,1.126,0.4313,0.3608,5.999,4.771,16821.7,17.413,0.7721,336.4,111.0
2026-08-19T20:00:00,9.175,8.888,17.17,17.85,1.200,1.136,0.4474,0.3521,6.657,4.580,16830.6,17.431,0.7729,336.6,111.1
2026-08-19T21:00:00,9.143,9.011,16.89,17.54,1.178,1.127,0.4364,0.3659,5.839,4.563,16839.6,17.443,0.7735,336.8,111.1
2026-08-19T22:00:00,8.768,8.650,16.58,17.32,1.175,1.120,0.4705,0.3524,6.153,4.587,16848.2,17.456,0.7746,337.0,111.2
2026-08-19T23:00:00,8.467,8.310,15.44,15.83,1.167,1.116,0.4435,0.3612,6.268,4.510,16856.5,17.471,0.7753,337.1,111.3
2026-08-20T00:00:00,8.785,8.581,15.46,15.90,1.174,1.101,0.4362,0.3540,6.199,4.422,16865.1,17.486,0.7760,337.3,111.3
2026-08-20T01:00:00,8.750,8.460,14.85,15.74,1.134,1.077,0.4061,0.3593,5.696,4.705,16873.6,17.495,0.7764,337.5,111.4
2026-08-20T02:00:00,8.442,8.217,14.95,15.86,1.156,1.101,0.4085,0.3767,6.108,4.560,16881.8,17.507,0.7766,337.6,111.4
2026-08-20T03:00:00,9.158,8.890,14.38,15.23,1.165,1.112,0.4574,0.3298,6.171,4.719,16890.7,17.520,0.7777,337.8,111.5
2026-08-20T04:00:00,8.229,8.055,14.79,15.77,1.134,1.075,0.4288,0.3567,6.597,4.667,16898.7,17.536,0.7783,338.0,111.5
2026-08-20T05:00:00,8.219,8.017,15.07,16.03,1.142,1.087,0.4260,0.3423,6.191,4.690,16906.8,17.548,0.7790,338.1,111.6
2026-08-20T06:00:00,8.430,8.180,15.74,16.41,1.169,1.104,0.4731,0.3604,6.089,4.672,16914.9,17.559,0.7799,338.3,111.6
2026-08-20T07:00:00,8.586,8.318,15.29,16.45,1.156,1.094,0.4374,0.3544,6.124,4.678,16923.3,17.572,0.7806,338.5,111.7
2026-08-20T08:00:00,8.952,8.756,15.93,17.09,1.168,1.109,0.4360,0.3505,5.899,4.772,16932.0,17.581,0.7814,338.6,111.8
2026-08-20T09:00:00,9.191,8.950,16.76,17.65,1.152,1.097,0.3754,0.3600,5.720,4.918,16941.0,17.589,0.7815,338.8,111.8
2026-08-20T10:00:00,9.287,9.040,16.95,17.95,1.172,1.114,0.4423,0.3528,5.856,4.605,16950.0,17.600,0.7823,339.0,111.9
2026-08-20T11:00:00,8.968,8.910,17.44,18.46,1.184,1.111,0.4224,0.3581,6.310,4.780,16958.9,17.613,0.7829,339.2,111.9
2026-08-20T12:00:00,9.190,9.080,17.57,18.60,1.166,1.114,0.4167,0.3467,6.299,4.757,16968.0,17.627,0.7835,339.4,112.0
2026-08-20T13:00:00,9.619,9.461,18.40,19.34,1.201,1.142,0.4582,0.3455,6.049,4.728,16977.5,17.640,0.7846,339.5,112.1
2026-08-20T14:00:00,9.810,9.569,18.47,19.14,1.218,1.167,0.4256,0.3525,5.756,4.668,16987.0,17.650,0.7853,339.7,112.1
2026-08-20T15:00:00,9.983,9.654,18.83,20.04,1.199,1.141,0.4582,0.3608,5.519,4.721,16996.7,17.658,0.7862,339.9,112.2
2026-08-20T16:00:00,9.542,9.185,19.26,20.27,1.226,1.169,0.4221,0.3472,6.088,4.540,17005.9,17.672,0.7869,340.1,112.2
2026-08-20T17:00:00,9.497,9.317,18.61,19.29,1.228,1.163,0.4100,0.3511,6.048,4.757,17015.2,17.684,0.7875,340.3,112.3
2026-08-20T18:00:00,9.148,8.873,18.45,19.46,1.211,1.161,0.4022,0.3577,5.789,4.708,17024.1,17.694,0.7879,340.5,112.4
2026-08-20T19:00:00,9.275,9.115,17.47,18.16,1.179,1.127,0.4233,0.3518,6.297,4.478,17033.2,17.711,0.7885,340.7,112.4
2026-08-20T20:00:00,9.266,9.030,17.07,17.73,1.202,1.145,0.3853,0.3531,6.854,4.500,17042.2,17.732,0.7888,340.8,112.5
2026-08-20T21:00:00,9.055,8.742,16.87,17.11,1.175,1.115,0.4417,0.3496,6.141,4.698,17050.9,17.744,0.7896,341.0,112.5
2026-08-20T22:00:00,8.716,8.412,16.43,16.57,1.156,1.099,0.4585,0.3401,6.127,4.585,17059.4,17.757,0.7906,341.2,112.6
2026-08-20T23:00:00,8.646,8.458,15.96,16.66,1.147,1.097,0.3882,0.3775,6.351,4.553,17067.8,17.773,0.7907,341.4,112.6
2026-08-21T00:00:00,8.233,7.990,15.75,16.22,1.125,1.063,0.4020,0.3484,6.505,4.791,17075.8,17.786,0.7911,341.5,112.7
2026-08-21T01:00:00,8.898,8.730,14.93,15.76,1.139,1.086,0.3598,0.3526,5.724,4.663,17084.5,17.796,0.7912,341.7,112.8
2026-08-21T02:00:00,8.354,8.153,15.10,15.83,1.129,1.075,0.4322,0.3371,5.903,4.687,17092.7,17.805,0.7920,341.9,112.8
2026-08-21T03:00:00,8.494,8.139,14.86,15.57,1.147,1.095,0.4351,0.3524,5.897,4.743,17100.8,17.815,0.7926,342.0,112.9
2026-08-21T04:00:00,8.306,8.104,14.12,14.80,1.144,1.084,0.4684,0.3756,6.522,4.786,17108.9,17.829,0.7934,342.2,112.9
2026-08-21T05:00:00,8.557,8.400,14.98,15.96,1.148,1.083,0.4131,0.3464,6.386,4.767,17117.3,17.842,0.7939,342.3,113.0
2026-08-21T06:00:00,8.199,8.046,15.53,16.24,1.150,1.096,0.4425,0.3415,5.459,4.712,17125.4,17.848,0.7948,342.5,113.0
2026-08-21T07:00:00,8.532,8.403,16.12,16.77,1.159,1.107,0.4269,0.3543,6.151,4.692,17133.8,17.861,0.7954,342.7,113.1
2026-08-21T08:00:00,8.756,8.476,15.45,16.64,1.161,1.101,0.4167,0.3682,5.747,4.864,17142.3,17.868,0.7958,342.8,113.1
2026-08-21T09:00:00,8.347,8.078,16.70,17.44,1.174,1.123,0.3986,0.3507,6.368,4.853,17150.3,17.880,0.7962,343.0,113.2
2026-08-21T10:00:00,9.184,8.932,16.33,17.09,1.209,1.156,0.4624,0.3362,6.455,4.658,17159.3,17.897,0.7973,343.2,113.3
2026-08-21T11:00:00,8.973,8.784,17.42,18.01,1.210,1.149,0.4173,0.3511,6.427,4.606,17168.0,17.913,0.7979,343.4,113.3
2026-08-21T12:00:00,9.331,9.197,18.40,19.08,1.188,1.123,0.4146,0.3593,5.839,4.488,17177.2,17.925,0.7984,343.5,113.4
2026-08-21T13:00:00,9.714,9.500,18.28,19.09,1.231,1.176,0.4140,0.3638,5.623,4.921,17186.7,17.932,0.7989,343.7,113.4
2026-08-21T14:00:00,9.455,9.135,18.53,19.10,1.212,1.153,0.4302,0.3502,6.061,4.599,17195.9,17.945,0.7996,343.9,113.5
2026-08-21T15:00:00,9.618,9.319,19.12,19.66,1.235,1.175,0.4102,0.3606,5.638,4.725,17205.2,17.954,0.8001,344.1,113.6
2026-08-21T16:00:00,9.877,9.658,18.74,19.65,1.236,1.173,0.3919,0.3461,6.159,4.503,17214.9,17.969,0.8005,344.3,113.6
2026-08-21T17:00:00,8.810,8.700,18.38,19.35,1.221,1.165,0.4205,0.3442,6.093,4.889,17223.6,17.980,0.8012,344.5,113.7
2026-08-21T18:00:00,9.622,9.272,18.83,19.44,1.177,1.120,0.4136,0.3499,6.182,4.362,17232.8,17.997,0.8017,344.7,113.7
2026-08-21T19:00:00,9.038,8.849,17.56,18.54,1.199,1.147,0.4190,0.3457,6.599,4.702,17241.7,18.014,0.8024,344.8,113.8
2026-08-21T20:00:00,9.674,9.405,17.28,18.01,1.175,1.115,0.4118,0.3539,5.679,4.954,17251.1,18.020,0.8029,345.0,113.9
2026-08-21T21:00:00,9.394,9.170,16.98,17.62,1.147,1.092,0.4322,0.3608,5.814,4.501,17260.3,18.032,0.8036,345.2,113.9
2026-08-21T22:00:00,8.477,8.332,16.38,17.46,1.156,1.105,0.4674,0.3508,6.658,4.600,17268.6,18.050,0.8046,345.4,114.0
2026-08-21T23:00:00,9.232,9.018,15.70,16.49,1.182,1.123,0.4126,0.3558,5.932,4.627,17277.6,18.061,0.8051,345.6,114.0
2026-08-22T00:00:00,8.487,8.223,15.17,15.91,1.145,1.093,0.3551,0.3582,6.036,4.701,17285.8,18.072,0.8051,345.7,114.1
2026-08-22T01:00:00,8.479,8.354,14.71,15.42,1.140,1.080,0.4005,0.3672,5.795,4.661,17294.2,18.082,0.8054,345.9,114.1
2026-08-22T02:00:00,8.091,7.810,14.23,15.11,1.137,1.079,0.3846,0.3517,6.050,4.595,17302.0,18.093,0.8056,346.0,114.2
2026-08-22T03:00:00,8.334,8.182,13.87,14.54,1.147,1.089,0.4679,0.3432,6.004,4.560,17310.2,18.105,0.8066,346.2,114.2
2026-08-22T04:00:00,8.322,8.056,14.21,15.21,1.117,1.067,0.4276,0.3523,5.899,4.806,17318.2,18.114,0.8072,346.4,114.3
2026-08-22T05:00:00,8.244,8.172,15.00,15.99,1.177,1.125,0.4497,0.3497,6.201,4.409,17326.4,18.128,0.8081,346.5,114.4
2026-08-22T06:00:00,8.712,8.470,15.50,16.19,1.147,1.096,0.4081,0.3489,6.529,4.615,17334.9,18.145,0.8086,346.7,114.4
2026-08-22T07:00:00,8.814,8.565,15.71,15.86,1.141,1.084,0.3879,0.3542,5.726,4.460,17343.4,18.156,0.8088,346.9,114.5
2026-08-22T08:00:00,8.514,8.284,16.00,16.61,1.178,1.122,0.3742,0.3495,6.179,4.654,17351.7,18.168,0.8091,347.0,114.5
2026-08-22T09:00:00,9.468,9.263,16.76,17.56,1.155,1.094,0.4036,0.3470,5.034,4.660,17361.0,18.172,0.8096,347.2,114.6
2026-08-22T10:00:00,9.305,9.196,17.37,18.21,1.186,1.131,0.3896,0.3585,6.269,4.769,17370.2,18.185,0.8099,347.4,114.6
2026-08-22T11:00:00,9.449,9.274,18.34,19.44,1.216,1.164,0.4193,0.3442,5.955,4.746,17379.5,18.197,0.8106,347.6,114.7
2026-08-22T12:00:00,9.322,9.061,17.98,18.80,1.197,1.145,0.3966,0.3573,5.733,4.645,17388.5,18.207,0.8109,347.8,114.8
2026-08-22T13:00:00,9.406,9.157,18.36,18.76,1.203,1.149,0.4187,0.3613,6.067,4.682,17397.7,18.219,0.8114,348.0,114.8
2026-08-22T14:00:00,9.936,9.742,18.56,19.42,1.230,1.179,0.3880,0.3531,6.074,4.519,17407.4,18.234,0.8118,348.1,114.9
2026-08-22T15:00:00,9.356,9.166,18.69,19.34,1.253,1.194,0.4431,0.3315,6.354,4.439,17416.6,18.252,0.8128,348.3,114.9
2026-08-22T16:00:00,9.796,9.607,19.05,19.60,1.223,1.173,0.4082,0.3616,6.101,4.542,17426.2,18.267,0.8133,348.5,115.0
2026-08-22T17:00:00,9.949,9.856,18.82,19.70,1.213,1.161,0.3971,0.3661,5.695,4.662,17436.0,18.277,0.8136,348.7,115.1
2026-08-22T18:00:00,9.904,9.627,18.11,18.73,1.207,1.155,0.4132,0.3542,5.275,4.553,17445.7,18.284,0.8141,348.9,115.1
2026-08-22T19:00:00,8.895,8.776,17.76,18.29,1.217,1.155,0.4491,0.3390,6.002,4.550,17454.4,18.297,0.8151,349.1,115.2
2026-08-22T20:00:00,8.616,8.433,16.94,17.83,1.200,1.142,0.3649,0.3445,5.658,4.707,17462.9,18.305,0.8153,349.3,115.3
2026-08-22T21:00:00,9.206,8.928,16.44,17.07,1.183,1.124,0.4160,0.3248,6.192,4.378,17471.8,18.321,0.8161,349.4,115.3
2026-08-22T22:00:00,8.808,8.592,16.63,17.56,1.143,1.088,0.4307,0.3662,6.768,4.699,17480.4,18.339,0.8166,349.6,115.4
2026-08-22T23:00:00,8.562,8.336,15.54,16.01,1.137,1.079,0.5027,0.3498,5.899,4.796,17488.7,18.348,0.8179,349.8,115.4
2026-08-23T00:00:00,8.077,7.866,14.82,15.51,1.119,1.062,0.4052,0.3530,6.076,4.782,17496.6,18.358,0.8183,349.9,115.5
2026-08-23T01:00:00,8.353,8.147,14.70,15.37,1.157,1.101,0.3808,0.3384,5.780,4.519,17504.7,18.368,0.8187,350.1,115.5
2026-08-23T02:00:00,8.065,7.840,14.28,15.05,1.128,1.072,0.4105,0.3530,6.341,4.693,17512.6,18.381,0.8191,350.3,115.6
2026-08-23T03:00:00,8.297,8.087,14.97,15.78,1.152,1.087,0.3808,0.3604,5.860,4.603,17520.7,18.391,0.8193,350.4,115.6
2026-08-23T04:00:00,8.626,8.478,14.99,15.96,1.152,1.101,0.4429,0.3519,6.079,4.740,17529.2,18.403,0.8201,350.6,115.7
2026-08-23T05:00:00,8.725,8.679,14.77,15.45,1.117,1.062,0.4304,0.3502,6.193,4.715,17537.8,18.416,0.8207,350.8,115.7
2026-08-23T06:00:00,8.013,7.782,14.70,14.93,1.123,1.069,0.4379,0.3594,5.824,4.674,17545.6,18.425,0.8214,350.9,115.8
2026-08-23T07:00:00,8.894,8.845,15.71,16.12,1.182,1.128,0.4036,0.3483,5.946,4.546,17554.5,18.437,0.8218,351.1,115.9
2026-08-23T08:00:00,8.790,8.552,16.07,17.29,1.180,1.116,0.4587,0.3603,5.449,4.632,17563.0,18.444,0.8227,351.3,115.9
2026-08-23T09:00:00,9.052,8.739,16.26,16.95,1.174,1.118,0.4273,0.3360,6.341,4.590,17571.7,18.459,0.8235,351.4,116.0
2026-08-23T10:00:00,9.071,8.939,17.71,18.48,1.178,1.119,0.4166,0.3583,5.688,4.582,17580.7,18.469,0.8240,351.6,116.0
2026-08-23T11:00:00,9.488,9.264,18.02,18.99,1.208,1.152,0.3831,0.3530,5.798,4.688,17589.9,18.479,0.8243,351.8,116.1
2026-08-23T12:00:00,9.931,9.805,17.56,18.98,1.214,1.160,0.4525,0.3503,6.198,4.970,17599.8,18.491,0.8253,352.0,116.2
2026-08-23T13:00:00,9.392,9.259,17.79,18.96,1.202,1.146,0.4233,0.3596,5.951,4.512,17609.0,18.505,0.8259,352.2,116.2
2026-08-23T14:00:00,9.434,9.240,18.08,18.99,1.206,1.155,0.4055,0.3583,5.809,4.701,17618.3,18.515,0.8263,352.4,116.3
2026-08-23T15:00:00,9.385,9.158,18.91,19.83,1.240,1.180,0.4260,0.3545,6.085,4.605,17627.4,18.529,0.8270,352.5,116.3
2026-08-23T16:00:00,10.033,9.751,18.55,19.21,1.213,1.152,0.4136,0.3474,6.051,4.582,17637.2,18.543,0.8276,352.7,116.4
2026-08-23T17:00:00,9.398,9.131,18.50,19.38,1.215,1.157,0.4343,0.3531,6.629,4.533,17646.3,18.562,0.8284,352.9,116.5
2026-08-23T18:00:00,9.484,9.288,17.75,18.29,1.183,1.121,0.4353,0.3479,6.605,4.718,17655.6,18.580,0.8292,353.1,116.5
2026-08-23T19:00:00,8.970,8.607,17.23,17.97,1.226,1.158,0.4225,0.3545,6.088,4.648,17664.2,18.592,0.8298,353.3,116.6
2026-08-23T20:00:00,9.331,9.073,17.13,18.06,1.191,1.139,0.4052,0.3472,5.783,4.669,17673.3,18.602,0.8303,353.5,116.6
2026-08-23T21:00:00,8.547,8.367,16.41,17.05,1.187,1.135,0.4000,0.3474,6.019,4.461,17681.6,18.615,0.8307,353.6,116.7
2026-08-23T22:00:00,8.977,8.620,15.41,16.56,1.177,1.119,0.4102,0.3522,6.082,4.809,17690.2,18.626,0.8312,353.8,116.8
2026-08-23T23:00:00,8.811,8.499,15.41,16.36,1.159,1.105,0.4193,0.3502,6.317,4.688,17698.7,18.640,0.8318,354.0,116.8
2026-08-24T00:00:00,8.464,8.238,15.05,16.16,1.149,1.097,0.4222,0.3465,5.689,4.586,17707.0,18.649,0.8324,354.1,116.9
2026-08-24T01:00:00,8.412,8.201,14.45,15.01,1.173,1.122,0.3880,0.3446,5.984,4.592,17715.2,18.660,0.8328,354.3,116.9
2026-08-24T02:00:00,8.615,8.318,14.82,15.97,1.146,1.096,0.3976,0.3518,5.574,4.601,17723.5,18.669,0.8332,354.5,117.0
2026-08-24T03:00:00,8.276,7.952,13.97,14.94,1.135,1.076,0.4533,0.3490,5.607,4.554,17731.5,18.677,0.8340,354.6,117.0
2026-08-24T04:00:00,8.361,8.131,14.37,14.94,1.149,1.090,0.4154,0.3490,6.445,4.582,17739.6,18.692,0.8345,354.8,117.1
2026-08-24T05:00:00,8.465,8.230,14.34,15.36,1.143,1.076,0.4209,0.3468,6.042,4.445,17747.8,18.705,0.8351,355.0,117.1
2026-08-24T06:00:00,8.197,8.019,15.51,15.91,1.142,1.090,0.4084,0.3561,5.734,4.898,17755.8,18.712,0.8356,355.1,117.2
2026-08-24T07:00:00,8.498,8.241,15.18,15.69,1.176,1.118,0.4332,0.3511,6.081,4.561,17764.1,18.724,0.8362,355.3,117.2
2026-08-24T08:00:00,9.166,8.910,16.04,16.78,1.196,1.136,0.4469,0.3556,6.355,4.657,17773.0,18.740,0.8371,355.5,117.3
2026-08-24T09:00:00,9.125,8.890,16.29,16.73,1.161,1.107,0.3853,0.3539,6.059,4.651,17781.9,18.752,0.8373,355.6,117.4
2026-08-24T10:00:00,8.927,8.737,16.93,18.21,1.225,1.171,0.4272,0.3454,5.549,4.581,17790.6,18.761,0.8381,355.8,117.4
2026-08-24T11:00:00,9.270,9.087,17.19,18.30,1.220,1.170,0.4277,0.3489,5.857,4.818,17799.7,18.770,0.8388,356.0,117.5
2026-08-24T12:00:00,9.255,9.215,17.65,18.87,1.224,1.171,0.4218,0.3607,5.670,4.378,17808.9,18.782,0.8393,356.2,117.5
2026-08-24T13:00:00,9.311,9.033,18.20,19.01,1.229,1.175,0.3769,0.3554,6.061,4.791,17817.9,18.793,0.8395,356.4,117.6
2026-08-24T14:00:00,9.334,9.182,18.30,19.54,1.229,1.172,0.4305,0.3539,5.654,4.862,17827.1,18.801,0.8402,356.5,117.7
2026-08-24T15:00:00,9.145,8.797,18.37,19.25,1.240,1.184,0.4334,0.3481,5.555,4.687,17835.9,18.808,0.8410,356.7,117.7
2026-08-24T16:00:00,10.008,9.674,18.94,19.27,1.207,1.154,0.4397,0.3767,5.940,4.459,17845.6,18.823,0.8416,356.9,117.8
2026-08-24T17:00:00,9.554,9.331,18.46,19.34,1.180,1.127,0.4266,0.3522,5.923,4.550,17854.9,18.835,0.8423,357.1,117.8
2026-08-24T18:00:00,9.419,9.150,17.92,18.45,1.196,1.140,0.4034,0.3390,5.619,4.926,17864.1,18.842,0.8429,357.3,117.9
2026-08-24T19:00:00,10.102,9.883,17.21,17.88,1.207,1.150,0.4326,0.3515,6.040,4.515,17874.0,18.857,0.8437,357.5,118.0
2026-08-24T20:00:00,9.054,8.879,17.15,17.34,1.217,1.164,0.4081,0.3576,5.165,4.718,17882.8,18.861,0.8441,357.7,118.0
2026-08-24T21:00:00,8.770,8.523,16.43,16.62,1.163,1.112,0.3839,0.3637,6.019,4.729,17891.4,18.872,0.8443,357.8,118.1
2026-08-24T22:00:00,8.519,8.260,16.12,16.82,1.134,1.082,0.4651,0.3546,5.656,4.819,17899.6,18.879,0.8452,358.0,118.1
2026-08-24T23:00:00,8.928,8.621,14.86,16.23,1.141,1.080,0.4271,0.3582,5.732,4.380,17908.2,18.890,0.8458,358.2,118.2
2026-08-25T00:00:00,8.916,8.769,15.02,15.93,1.163,1.109,0.4345,0.3429,7.087,4.581,17917.0,18.912,0.8466,358.3,118.3
2026-08-25T01:00:00,8.241,8.061,14.46,15.54,1.139,1.081,0.4348,0.3455,6.929,4.828,17925.1,18.929,0.8473,358.5,118.3
2026-08-25T02:00:00,8.555,8.416,15.10,15.94,1.139,1.081,0.4375,0.3502,5.965,4.658,17933.5,18.940,0.8481,358.7,118.4
2026-08-25T03:00:00,8.663,8.491,14.59,15.60,1.166,1.109,0.4274,0.3573,5.511,4.596,17942.0,18.948,0.8487,358.8,118.4
2026-08-25T04:00:00,8.827,8.711,14.68,15.49,1.143,1.082,0.4374,0.3513,6.012,4.748,17950.7,18.959,0.8494,359.0,118.5
2026-08-25T05:00:00,8.311,8.195,15.07,15.76,1.153,1.100,0.3910,0.3421,6.084,4.684,17958.9,18.970,0.8498,359.2,118.5
2026-08-25T06:00:00,8.338,8.136,14.88,15.31,1.156,1.103,0.3990,0.3505,6.011,4.737,17967.0,18.981,0.8502,359.3,118.6
2026-08-25T07:00:00,8.191,8.087,15.31,16.26,1.147,1.085,0.4062,0.3638,6.193,4.592,17975.1,18.994,0.8505,359.5,118.6
2026-08-25T08:00:00,8.774,8.599,15.97,16.77,1.193,1.136,0.4196,0.3539,5.936,4.498,17983.7,19.006,0.8511,359.7,118.7
2026-08-25T09:00:00,9.315,9.207,15.92,16.57,1.189,1.121,0.4301,0.3456,6.065,4.622,17992.9,19.019,0.8519,359.9,118.8
2026-08-25T10:00:00,9.097,8.908,17.03,17.62,1.193,1.141,0.3860,0.3532,6.411,4.654,18001.8,19.035,0.8522,360.0,118.8
2026-08-25T11:00:00,9.212,8.845,16.94,18.17,1.187,1.133,0.4403,0.3521,5.750,4.686,18010.7,19.045,0.8530,360.2,118.9
2026-08-25T12:00:00,9.587,9.426,18.62,19.52,1.201,1.142,0.4225,0.3489,5.613,4.426,18020.1,19.056,0.8536,360.4,118.9
2026-08-25T13:00:00,8.845,8.455,17.60,18.61,1.217,1.160,0.4153,0.3581,5.495,4.838,18028.6,19.061,0.8541,360.6,119.0
2026-08-25T14:00:00,9.021,8.891,19.14,20.06,1.233,1.174,0.4268,0.3509,5.931,4.616,18037.4,19.073,0.8548,360.7,119.0
2026-08-25T15:00:00,9.152,8.972,18.30,19.11,1.215,1.162,0.4294,0.3473,5.627,4.616,18046.4,19.082,0.8555,360.9,119.1
2026-08-25T16:00:00,9.928,9.775,18.37,18.76,1.209,1.153,0.4048,0.3391,6.718,4.765,18056.2,19.101,0.8562,361.1,119.2
2026-08-25T17:00:00,9.583,9.381,17.54,18.10,1.179,1.114,0.4353,0.3422,6.099,4.714,18065.6,19.114,0.8571,361.3,119.2
2026-08-25T18:00:00,9.547,9.260,18.14,18.47,1.188,1.126,0.4367,0.3441,5.741,4.815,18074.8,19.123,0.8579,361.5,119.3
2026-08-25T19:00:00,9.001,8.735,17.32,18.25,1.184,1.132,0.4005,0.3662,5.903,4.768,18083.6,19.133,0.8582,361.7,119.4
2026-08-25T20:00:00,9.603,9.528,17.32,18.00,1.204,1.134,0.4532,0.3504,6.847,4.615,18093.1,19.154,0.8592,361.9,119.4
2026-08-25T21:00:00,9.080,8.907,15.99,17.03,1.203,1.144,0.3733,0.3552,5.090,4.813,18102.0,19.156,0.8594,362.0,119.5
2026-08-25T22:00:00,8.570,8.359,16.38,17.06,1.175,1.120,0.4291,0.3392,5.924,4.641,18110.4,19.167,0.8601,362.2,119.5
2026-08-25T23:00:00,8.501,8.274,15.65,16.60,1.169,1.114,0.4307,0.3470,6.042,4.529,18118.6,19.180,0.8608,362.4,119.6
2026-08-26T00:00:00,8.387,8.172,15.33,16.34,1.150,1.097,0.4302,0.3625,5.683,4.829,18126.8,19.187,0.8614,362.5,119.6
2026-08-26T01:00:00,8.406,8.102,14.97,15.80,1.139,1.073,0.4113,0.3539,6.078,4.596,18134.9,19.199,0.8618,362.7,119.7
2026-08-26T02:00:00,8.212,7.968,14.36,15.70,1.150,1.093,0.4412,0.3527,6.036,4.696,18142.9,19.209,0.8625,362.9,119.7
2026-08-26T03:00:00,8.267,8.117,14.25,14.88,1.122,1.069,0.4295,0.3510,6.044,4.676,18151.0,19.220,0.8632,363.0,119.8
2026-08-26T04:00:00,8.091,7.946,13.96,14.79,1.158,1.107,0.4133,0.3599,5.624,4.700,18158.9,19.228,0.8636,363.2,119.8
2026-08-26T05:00:00,8.420,8.224,14.60,15.52,1.138,1.083,0.4246,0.3537,6.280,4.583,18167.2,19.242,0.8642,363.3,119.9
2026-08-26T06:00:00,8.410,8.106,15.26,15.76,1.157,1.104,0.4146,0.3531,5.366,4.442,18175.3,19.249,0.8647,363.5,120.0
2026-08-26T07:00:00,8.619,8.494,15.90,16.22,1.156,1.097,0.4612,0.3471,5.775,4.748,18183.8,19.258,0.8656,363.7,120.0
2026-08-26T08:00:00,8.900,8.515,16.01,16.85,1.161,1.110,0.3933,0.3554,6.713,4.552,18192.3,19.276,0.8660,363.8,120.1
2026-08-26T09:00:00,9.500,9.245,16.41,16.96,1.151,1.088,0.4458,0.3489,5.513,4.804,18201.5,19.283,0.8669,364.0,120.1
2026-08-26T10:00:00,8.885,8.687,16.88,17.33,1.192,1.136,0.3751,0.3363,5.588,4.483,18210.2,19.292,0.8672,364.2,120.2
2026-08-26T11:00:00,9.495,9.206,18.01,18.51,1.189,1.136,0.4125,0.3568,5.725,4.375,18219.4,19.305,0.8677,364.4,120.2
2026-08-26T12:00:00,9.445,9.166,16.80,17.36,1.216,1.165,0.4044,0.3410,6.020,4.373,18228.6,19.320,0.8683,364.6,120.3
2026-08-26T13:00:00,9.678,9.418,18.22,19.09,1.216,1.166,0.4244,0.3504,5.716,4.646,18238.0,19.330,0.8690,364.8,120.4
2026-08-26T14:00:00,9.061,8.857,17.66,18.58,1.229,1.168,0.4401,0.3465,5.968,4.794,18246.9,19.340,0.8698,364.9,120.4
2026-08-26T15:00:00,10.251,10.065,18.61,19.41,1.228,1.171,0.4079,0.3416,6.216,4.426,18256.9,19.358,0.8705,365.1,120.5
2026-08-26T16:00:00,9.026,8.855,18.75,19.66,1.232,1.166,0.4339,0.3418,6.232,4.718,18265.8,19.372,0.8713,365.3,120.6
2026-08-26T17:00:00,9.405,9.292,18.16,18.72,1.249,1.197,0.4132,0.3452,5.747,4.521,18275.1,19.383,0.8719,365.5,120.6
2026-08-26T18:00:00,9.164,8.959,18.32,18.94,1.194,1.135,0.4344,0.3488,5.869,4.729,18284.0,19.393,0.8727,365.7,120.7
2026-08-26T19:00:00,9.434,9.188,17.24,18.18,1.193,1.141,0.4012,0.3436,6.056,4.657,18293.2,19.406,0.8732,365.9,120.7
2026-08-26T20:00:00,9.095,8.860,16.75,17.83,1.192,1.137,0.4392,0.3464,6.244,4.381,18302.1,19.423,0.8740,366.0,120.8
2026-08-26T21:00:00,9.379,9.180,16.24,17.09,1.169,1.113,0.3987,0.3722,6.556,4.527,18311.3,19.441,0.8743,366.2,120.9
2026-08-26T22:00:00,8.749,8.393,16.82,17.64,1.156,1.104,0.4493,0.3590,6.023,4.735,18319.6,19.452,0.8750,366.4,120.9
2026-08-26T23:00:00,8.685,8.467,15.22,15.91,1.164,1.112,0.3952,0.3494,5.278,4.770,18328.1,19.457,0.8754,366.6,121.0
2026-08-27T00:00:00,8.643,8.419,14.77,15.79,1.142,1.090,0.4247,0.3461,6.162,4.484,18336.5,19.471,0.8761,366.7,121.0
2026-08-27T01:00:00,8.883,8.669,14.49,15.34,1.154,1.103,0.3998,0.3493,5.773,4.466,18345.2,19.482,0.8765,366.9,121.1
2026-08-27T02:00:00,8.291,7.985,14.39,15.13,1.144,1.092,0.4577,0.3467,6.216,4.718,18353.2,19.494,0.8774,367.1,121.1
2026-08-27T03:00:00,8.068,7.914,14.22,15.02,1.155,1.098,0.4516,0.3455,6.491,4.343,18361.1,19.511,0.8783,367.2,121.2
2026-08-27T04:00:00,8.396,8.192,14.14,15.16,1.139,1.085,0.3655,0.3598,5.704,4.563,18369.3,19.520,0.8783,367.4,121.2
2026-08-27T05:00:00,8.225,7.967,14.64,15.43,1.139,1.078,0.4501,0.3596,5.561,4.699,18377.3,19.527,0.8790,367.5,121.3
2026-08-27T06:00:00,8.564,8.401,14.07,14.58,1.168,1.109,0.4136,0.3526,5.978,4.478,18385.7,19.540,0.8795,367.7,121.3
2026-08-27T07:00:00,8.911,8.733,14.47,15.43,1.173,1.116,0.3968,0.3583,6.466,4.610,18394.4,19.556,0.8799,367.9,121.4
2026-08-27T08:00:00,8.937,8.724,15.41,16.13,1.154,1.101,0.4083,0.3511,6.038,4.642,18403.1,19.568,0.8804,368.1,121.5
2026-08-27T09:00:00,8.847,8.670,17.00,17.71,1.183,1.124,0.3985,0.3587,6.196,4.473,18411.8,19.583,0.8807,368.2,121.5
2026-08-27T10:00:00,8.815,8.540,17.53,18.62,1.196,1.142,0.4367,0.3610,5.859,4.610,18420.3,19.594,0.8814,368.4,121.6
2026-08-27T11:00:00,9.776,9.627,17.35,18.09,1.186,1.123,0.4426,0.3311,5.908,4.748,18430.0,19.605,0.8824,368.6,121.6
2026-08-27T12:00:00,9.532,9.230,17.97,18.78,1.216,1.159,0.4101,0.3470,5.638,4.640,18439.2,19.614,0.8830,368.8,121.7
2026-08-27T13:00:00,9.926,9.775,18.11,18.45,1.205,1.138,0.4576,0.3451,6.036,4.599,18449.0,19.628,0.8841,369.0,121.8
2026-08-27T14:00:00,9.143,8.989,18.65,19.38,1.227,1.167,0.4182,0.3572,6.597,4.551,18458.0,19.647,0.8847,369.2,121.8
2026-08-27T15:00:00,9.866,9.656,18.52,19.19,1.218,1.157,0.4154,0.3508,5.835,4.124,18467.6,19.663,0.8853,369.4,121.9
2026-08-27T16:00:00,9.461,9.263,17.74,18.43,1.211,1.160,0.3831,0.3525,6.056,4.540,18476.9,19.677,0.8856,369.5,121.9
2026-08-27T17:00:00,9.187,8.890,18.27,18.88,1.209,1.158,0.4046,0.3479,5.686,4.625,18485.8,19.687,0.8861,369.7,122.0
2026-08-27T18:00:00,9.445,9.257,18.07,18.73,1.222,1.162,0.4248,0.3553,5.828,4.645,18495.0,19.698,0.8867,369.9,122.1
2026-08-27T19:00:00,9.437,9.251,17.53,18.33,1.217,1.158,0.4363,0.3338,5.712,4.634,18504.3,19.708,0.8877,370.1,122.1
2026-08-27T20:00:00,9.278,8.984,16.85,17.37,1.220,1.156,0.3812,0.3622,5.716,4.660,18513.3,19.717,0.8878,370.3,122.2
2026-08-27T21:00:00,9.199,9.125,15.95,16.93,1.180,1.129,0.4354,0.3591,6.283,4.324,18522.4,19.735,0.8885,370.4,122.2
2026-08-27T22:00:00,8.708,8.496,15.85,16.73,1.204,1.151,0.4524,0.3501,5.794,4.446,18530.9,19.746,0.8894,370.6,122.3
2026-08-27T23:00:00,8.731,8.487,15.12,15.73,1.177,1.120,0.4635,0.3390,5.921,4.562,18539.4,19.758,0.8905,370.8,122.4
2026-08-28T00:00:00,8.761,8.534,14.74,15.74,1.158,1.099,0.3970,0.3502,5.821,4.387,18547.9,19.770,0.8909,371.0,122.4
2026-08-28T01:00:00,8.529,8.352,14.39,15.28,1.114,1.063,0.4482,0.3406,6.346,4.421,18556.2,19.786,0.8918,371.1,122.5
2026-08-28T02:00:00,8.340,8.240,14.19,15.18,1.145,1.092,0.3631,0.3504,5.506,4.422,18564.5,19.795,0.8919,371.3,122.5
2026-08-28T03:00:00,8.918,8.739,14.49,15.13,1.152,1.099,0.4677,0.3377,5.437,4.756,18573.2,19.801,0.8930,371.5,122.6
2026-08-28T04:00:00,8.780,8.423,14.07,14.85,1.143,1.083,0.4210,0.3400,5.938,4.767,18581.6,19.811,0.8937,371.6,122.6
2026-08-28T05:00:00,8.211,8.032,15.56,16.04,1.162,1.105,0.4043,0.3533,5.909,4.518,18589.7,19.822,0.8941,371.8,122.7
2026-08-28T06:00:00,8.555,8.360,15.26,15.63,1.153,1.097,0.4450,0.3435,6.730,4.433,18598.0,19.841,0.8949,372.0,122.7
2026-08-28T07:00:00,8.586,8.380,14.78,15.08,1.170,1.110,0.4495,0.3577,5.963,4.620,18606.4,19.853,0.8957,372.1,122.8
2026-08-28T08:00:00,8.465,8.204,16.16,17.16,1.175,1.119,0.3966,0.3651,6.074,4.652,18614.6,19.864,0.8960,372.3,122.9
2026-08-28T09:00:00,8.937,8.694,16.03,16.87,1.177,1.117,0.4367,0.3483,5.775,4.521,18623.3,19.875,0.8967,372.5,122.9
2026-08-28T10:00:00,9.072,8.808,17.64,18.27,1.199,1.143,0.3651,0.3530,6.029,4.706,18632.1,19.887,0.8969,372.6,123.0
2026-08-28T11:00:00,9.507,9.110,18.15,19.17,1.213,1.161,0.3963,0.3574,6.464,4.669,18641.2,19.903,0.8972,372.8,123.0
2026-08-28T12:00:00,9.426,9.114,17.51,18.27,1.209,1.154,0.4253,0.3433,5.850,4.371,18650.4,19.917,0.8980,373.0,123.1
2026-08-28T13:00:00,9.554,9.442,17.88,18.43,1.231,1.172,0.4066,0.3455,6.463,4.825,18659.8,19.932,0.8985,373.2,123.2
2026-08-28T14:00:00,9.817,9.572,17.66,18.75,1.225,1.169,0.4667,0.3488,6.628,4.552,18669.4,19.952,0.8997,373.4,123.2
2026-08-28T15:00:00,9.467,9.135,18.52,19.70,1.198,1.138,0.4279,0.3446,6.145,4.641,18678.5,19.966,0.9004,373.6,123.3
2026-08-28T16:00:00,9.527,9.197,19.13,20.22,1.243,1.173,0.4226,0.3419,5.687,4.644,18687.7,19.975,0.9012,373.8,123.3
2026-08-28T17:00:00,9.176,8.943,18.57,19.35,1.204,1.142,0.4531,0.3584,6.232,4.378,18696.6,19.992,0.9020,373.9,123.4
2026-08-28T18:00:00,9.881,9.615,17.02,17.61,1.219,1.166,0.3870,0.3633,6.573,4.549,18706.3,20.011,0.9022,374.1,123.5
2026-08-28T19:00:00,9.395,9.313,17.30,18.30,1.223,1.165,0.3916,0.3369,6.195,4.359,18715.6,20.028,0.9027,374.3,123.5
2026-08-28T20:00:00,9.641,9.384,17.29,18.25,1.211,1.157,0.4261,0.3510,6.249,4.283,18725.0,20.047,0.9035,374.5,123.6
2026-08-28T21:00:00,8.934,8.655,16.44,17.44,1.176,1.120,0.4209,0.3591,6.438,4.537,18733.6,20.063,0.9040,374.7,123.6
2026-08-28T22:00:00,9.402,9.140,15.33,15.94,1.147,1.093,0.3971,0.3513,6.882,4.398,18742.7,20.086,0.9044,374.9,123.7
2026-08-28T23:00:00,8.896,8.753,15.28,16.22,1.173,1.122,0.4059,0.3395,5.824,4.462,18751.5,20.098,0.9050,375.0,123.8
2026-08-29T00:00:00,8.204,7.980,14.68,15.09,1.153,1.091,0.3920,0.3570,6.225,4.644,18759.5,20.111,0.9053,375.2,123.8
2026-08-29T01:00:00,8.831,8.680,14.28,15.21,1.118,1.057,0.3974,0.3537,6.238,4.391,18768.2,20.127,0.9056,375.4,123.9
2026-08-29T02:00:00,8.053,7.827,14.39,15.36,1.135,1.077,0.3899,0.3481,6.431,4.528,18776.0,20.141,0.9060,375.5,123.9
2026-08-29T03:00:00,8.758,8.449,14.54,15.33,1.129,1.073,0.4223,0.3466,5.933,4.532,18784.4,20.153,0.9066,375.7,124.0
2026-08-29T04:00:00,8.346,8.117,13.87,14.32,1.163,1.106,0.4032,0.3566,6.195,4.370,18792.6,20.168,0.9070,375.9,124.0
2026-08-29T05:00:00,8.800,8.409,14.19,14.95,1.117,1.067,0.4082,0.3511,6.732,4.582,18801.0,20.186,0.9075,376.0,124.1
2026-08-29T06:00:00,8.108,7.870,14.96,15.55,1.148,1.092,0.4161,0.3493,6.364,4.352,18808.8,20.202,0.9080,376.2,124.1
2026-08-29T07:00:00,8.846,8.579,14.72,15.19,1.169,1.118,0.4142,0.3459,5.712,4.485,18817.4,20.213,0.9086,376.3,124.2
2026-08-29T08:00:00,8.919,8.739,16.11,16.44,1.153,1.096,0.4342,0.3437,6.173,4.568,18826.2,20.227,0.9094,376.5,124.3
2026-08-29T09:00:00,8.843,8.615,16.57,17.15,1.199,1.146,0.3929,0.3525,6.353,4.549,18834.8,20.242,0.9097,376.7,124.3
2026-08-29T10:00:00,9.211,8.927,16.55,17.63,1.179,1.119,0.3872,0.3551,5.733,4.765,18843.7,20.251,0.9100,376.9,124.4
2026-08-29T11:00:00,9.694,9.409,17.34,18.23,1.200,1.146,0.4050,0.3568,6.003,4.770,18853.1,20.262,0.9105,377.1,124.4
2026-08-29T12:00:00,9.776,9.481,17.51,18.19,1.192,1.139,0.4666,0.3462,5.175,4.823,18862.6,20.266,0.9116,377.3,124.5
2026-08-29T13:00:00,9.263,8.964,18.18,18.87,1.196,1.145,0.4091,0.3376,6.322,4.694,18871.5,20.280,0.9122,377.4,124.6
2026-08-29T14:00:00,9.196,8.935,18.43,19.07,1.205,1.138,0.4243,0.3638,6.017,4.731,18880.5,20.292,0.9128,377.6,124.6
2026-08-29T15:00:00,9.144,8.927,17.74,18.92,1.213,1.157,0.4441,0.3429,5.827,4.710,18889.4,20.302,0.9137,377.8,124.7
2026-08-29T16:00:00,9.493,9.126,17.73,18.10,1.214,1.162,0.3607,0.3530,6.107,4.693,18898.5,20.315,0.9138,378.0,124.7
2026-08-29T17:00:00,9.569,9.302,17.43,18.31,1.200,1.138,0.4179,0.3574,5.768,4.550,18907.8,20.326,0.9143,378.2,124.8
2026-08-29T18:00:00,9.551,9.296,18.38,18.86,1.212,1.159,0.4459,0.3462,6.219,4.604,18917.1,20.341,0.9152,378.3,124.9
2026-08-29T19:00:00,8.923,8.812,17.79,18.40,1.184,1.131,0.3947,0.3457,5.981,4.126,18925.9,20.357,0.9157,378.5,124.9
2026-08-29T20:00:00,8.989,8.702,17.09,18.48,1.199,1.140,0.4388,0.3356,6.546,4.695,18934.6,20.373,0.9166,378.7,125.0
2026-08-29T21:00:00,9.583,9.285,16.14,16.92,1.172,1.122,0.4368,0.3500,6.005,4.647,18943.9,20.386,0.9174,378.9,125.0
2026-08-29T22:00:00,9.184,8.872,16.11,17.12,1.171,1.110,0.4135,0.3458,5.915,4.527,18952.8,20.398,0.9180,379.1,125.1
2026-08-29T23:00:00,8.919,8.822,15.47,16.11,1.139,1.082,0.4178,0.3444,6.143,4.539,18961.6,20.413,0.9186,379.2,125.1
2026-08-30T00:00:00,8.934,8.704,15.15,16.09,1.159,1.108,0.3917,0.3621,6.025,4.648,18970.3,20.425,0.9189,379.4,125.2
2026-08-30T01:00:00,8.501,8.387,15.54,16.72,1.149,1.096,0.4128,0.3346,6.120,4.519,18978.7,20.438,0.9195,379.6,125.3
2026-08-30T02:00:00,8.275,8.046,14.43,15.03,1.131,1.076,0.4125,0.3470,5.849,4.879,18986.8,20.446,0.9201,379.7,125.3
2026-08-30T03:00:00,8.448,8.333,14.17,15.21,1.137,1.083,0.4275,0.3496,6.795,4.596,18995.1,20.464,0.9207,379.9,125.4
2026-08-30T04:00:00,8.985,8.771,14.51,14.94,1.130,1.076,0.4029,0.3462,5.949,4.771,19003.9,20.474,0.9212,380.1,125.4
2026-08-30T05:00:00,8.151,7.948,14.45,15.21,1.129,1.076,0.3985,0.3376,5.821,4.512,19011.8,20.485,0.9217,380.2,125.5
2026-08-30T06:00:00,8.510,8.352,14.49,15.14,1.163,1.103,0.4215,0.3391,6.694,4.672,19020.2,20.502,0.9224,380.4,125.5
2026-08-30T07:00:00,8.793,8.553,14.58,15.58,1.170,1.115,0.4432,0.3516,6.083,4.612,19028.7,20.514,0.9232,380.6,125.6
2026-08-30T08:00:00,9.222,8.930,16.77,18.15,1.188,1.128,0.3765,0.3635,6.169,4.473,19037.7,20.529,0.9233,380.8,125.6
2026-08-30T09:00:00,9.296,9.150,16.41,17.56,1.182,1.122,0.4254,0.3502,6.207,4.584,19046.8,20.544,0.9240,380.9,125.7
2026-08-30T10:00:00,9.235,9.015,16.65,17.77,1.187,1.132,0.3540,0.3538,5.783,4.625,19055.8,20.555,0.9240,381.1,125.8
2026-08-30T11:00:00,9.160,9.091,17.97,18.88,1.213,1.155,0.4334,0.3465,6.479,4.445,19064.9,20.573,0.9248,381.3,125.8
2026-08-30T12:00:00,9.549,9.362,17.83,18.35,1.219,1.168,0.4672,0.3611,5.923,4.461,19074.3,20.587,0.9258,381.5,125.9
2026-08-30T13:00:00,9.319,9.206,17.20,18.22,1.212,1.161,0.4000,0.3521,6.098,4.222,19083.5,20.604,0.9262,381.7,126.0
2026-08-30T14:00:00,10.490,10.325,17.80,18.65,1.206,1.156,0.4302,0.3485,6.375,4.615,19093.8,20.622,0.9270,381.9,126.0
2026-08-30T15:00:00,9.327,8.988,18.82,19.34,1.223,1.170,0.4157,0.3427,6.435,4.596,19102.8,20.639,0.9277,382.1,126.1
2026-08-30T16:00:00,9.752,9.614,18.12,19.59,1.211,1.160,0.4293,0.3504,5.980,4.361,19112.4,20.654,0.9285,382.2,126.1
2026-08-30T17:00:00,8.915,8.613,18.00,18.78,1.216,1.160,0.4234,0.3460,6.255,4.594,19121.0,20.669,0.9291,382.4,126.2
2026-08-30T18:00:00,9.568,9.279,17.27,18.20,1.226,1.176,0.3863,0.3367,6.097,4.463,19130.3,20.684,0.9296,382.6,126.3
2026-08-30T19:00:00,9.730,9.464,16.56,17.52,1.190,1.133,0.3650,0.3470,5.613,4.317,19139.8,20.696,0.9298,382.8,126.3
2026-08-30T20:00:00,8.998,8.683,16.90,17.81,1.187,1.132,0.3896,0.3625,5.319,4.274,19148.4,20.705,0.9300,383.0,126.4
2026-08-30T21:00:00,8.669,8.388,16.38,17.90,1.198,1.145,0.4245,0.3588,5.610,4.625,19156.8,20.714,0.9305,383.1,126.4
2026-08-30T22:00:00,8.635,8.473,15.69,16.56,1.190,1.137,0.4652,0.3414,5.813,4.251,19165.3,20.727,0.9316,383.3,126.5
2026-08-30T23:00:00,8.913,8.679,14.56,15.18,1.177,1.116,0.3522,0.3411,5.664,4.656,19174.0,20.736,0.9317,383.5,126.5
2026-08-31T00:00:00,9.113,8.847,14.93,15.51,1.157,1.101,0.4006,0.3504,6.481,4.471,19182.8,20.753,0.9321,383.7,126.6
2026-08-31T01:00:00,8.319,8.136,14.27,14.97,1.124,1.069,0.4460,0.3431,6.126,4.495,19191.0,20.767,0.9330,383.8,126.7
2026-08-31T02:00:00,8.566,8.334,14.41,15.23,1.171,1.107,0.4012,0.3429,6.075,4.528,19199.3,20.779,0.9335,384.0,126.7
2026-08-31T03:00:00,8.215,8.087,15.46,16.19,1.109,1.055,0.3978,0.3438,6.059,4.610,19207.4,20.791,0.9339,384.1,126.8
2026-08-31T04:00:00,8.729,8.566,14.76,15.85,1.120,1.069,0.3908,0.3484,5.649,4.555,19216.0,20.801,0.9343,384.3,126.8
2026-08-31T05:00:00,7.975,7.807,14.55,15.66,1.133,1.079,0.4482,0.3448,6.402,4.583,19223.8,20.815,0.9351,384.5,126.9
2026-08-31T06:00:00,8.637,8.440,14.36,15.35,1.147,1.087,0.4202,0.3480,5.864,4.451,19232.2,20.827,0.9357,384.6,126.9
2026-08-31T07:00:00,8.816,8.556,15.63,16.50,1.141,1.087,0.4397,0.3389,6.004,4.479,19240.8,20.840,0.9365,384.8,127.0
2026-08-31T08:00:00,8.916,8.763,14.93,16.01,1.205,1.153,0.3852,0.3567,6.399,4.551,19249.5,20.856,0.9368,385.0,127.0
2026-08-31T09:00:00,9.434,9.172,16.46,17.51,1.183,1.128,0.4097,0.3508,6.001,4.558,19258.7,20.869,0.9373,385.2,127.1
2026-08-31T10:00:00,8.970,8.699,16.73,17.58,1.185,1.134,0.4773,0.3476,5.791,4.532,19267.4,20.880,0.9385,385.3,127.2
2026-08-31T11:00:00,9.307,9.139,17.09,17.36,1.216,1.164,0.4171,0.3613,6.215,4.507,19276.5,20.896,0.9390,385.5,127.2
2026-08-31T12:00:00,9.398,9.127,17.18,17.87,1.238,1.183,0.4237,0.3388,5.710,4.357,19285.7,20.908,0.9397,385.7,127.3
2026-08-31T13:00:00,9.672,9.449,17.63,18.60,1.238,1.184,0.4118,0.3554,6.070,4.219,19295.1,20.926,0.9403,385.9,127.3
2026-08-31T14:00:00,9.602,9.325,17.47,18.20,1.208,1.158,0.4023,0.3391,5.663,4.796,19304.4,20.934,0.9409,386.1,127.4
2026-08-31T15:00:00,9.653,9.438,17.64,18.40,1.205,1.149,0.4179,0.3429,5.907,4.589,19313.9,20.946,0.9416,386.3,127.5
2026-08-31T16:00:00,9.340,9.067,18.00,18.70,1.231,1.176,0.4567,0.3578,5.880,4.334,19322.9,20.960,0.9425,386.5,127.5
2026-08-31T17:00:00,9.002,8.739,17.73,18.51,1.197,1.144,0.4260,0.3570,6.011,4.324,19331.7,20.975,0.9431,386.6,127.6
2026-08-31T18:00:00,9.683,9.407,17.81,18.88,1.198,1.134,0.4150,0.3610,5.759,4.533,19341.1,20.986,0.9436,386.8,127.7
2026-08-31T19:00:00,9.774,9.604,17.13,18.23,1.223,1.166,0.4058,0.3689,5.533,4.237,19350.7,20.999,0.9439,387.0,127.7
2026-08-31T20:00:00,9.686,9.355,15.79,16.97,1.198,1.147,0.4075,0.3633,5.705,4.406,19360.0,21.011,0.9443,387.2,127.8
2026-08-31T21:00:00,9.071,8.831,16.42,17.17,1.205,1.139,0.4454,0.3416,5.846,4.407,19368.9,21.024,0.9453,387.4,127.8
2026-08-31T22:00:00,8.184,8.060,15.55,16.14,1.190,1.134,0.4197,0.3511,5.975,4.155,19376.9,21.038,0.9458,387.5,127.9
2026-08-31T23:00:00,7.954,7.800,15.25,15.79,1.178,1.121,0.4393,0.3501,6.032,4.158,19384.7,21.053,0.9465,387.7,127.9
2026-09-01T00:00:00,8.746,8.618,14.78,15.33,1.162,1.111,0.3829,0.3510,6.109,4.549,19393.3,21.066,0.9468,387.9,128.0
2026-09-01T01:00:00,7.999,7.791,15.22,15.83,1.127,1.064,0.4133,0.3602,6.216,4.535,19401.1,21.080,0.9472,388.0,128.0
2026-09-01T02:00:00,8.850,8.697,14.25,15.47,1.154,1.100,0.4515,0.3466,5.767,4.593,19409.8,21.090,0.9481,388.2,128.1
2026-09-01T03:00:00,8.279,8.023,14.42,15.49,1.132,1.076,0.4536,0.3538,6.227,4.318,19417.9,21.105,0.9489,388.4,128.2
2026-09-01T04:00:00,8.670,8.401,13.85,14.25,1.162,1.105,0.4553,0.3466,5.869,4.408,19426.3,21.117,0.9498,388.5,128.2
2026-09-01T05:00:00,8.005,7.828,14.44,15.69,1.138,1.086,0.4297,0.3482,5.998,4.684,19434.1,21.128,0.9505,388.7,128.3
2026-09-01T06:00:00,8.708,8.442,14.61,15.17,1.147,1.097,0.4320,0.3480,5.754,4.482,19442.5,21.138,0.9512,388.9,128.3
2026-09-01T07:00:00,9.058,8.942,15.56,16.87,1.170,1.115,0.4482,0.3403,5.978,4.437,19451.5,21.152,0.9521,389.0,128.4
2026-09-01T08:00:00,8.446,8.170,16.32,17.39,1.187,1.124,0.4200,0.3320,6.046,4.667,19459.6,21.163,0.9529,389.2,128.4
2026-09-01T09:00:00,9.282,9.048,15.82,16.95,1.174,1.123,0.4191,0.3345,6.063,4.693,19468.7,21.176,0.9536,389.4,128.5
2026-09-01T10:00:00,9.723,9.357,17.24,17.90,1.184,1.123,0.4227,0.3408,5.522,4.494,19478.0,21.185,0.9544,389.6,128.6
2026-09-01T11:00:00,9.432,9.262,16.29,17.16,1.198,1.144,0.4220,0.3378,5.898,4.523,19487.3,21.198,0.9552,389.7,128.6
2026-09-01T12:00:00,9.178,8.840,17.34,18.20,1.222,1.157,0.4151,0.3484,5.850,4.323,19496.1,21.212,0.9558,389.9,128.7
2026-09-01T13:00:00,9.346,9.024,18.03,18.82,1.224,1.167,0.4630,0.3221,5.953,4.367,19505.2,21.226,0.9570,390.1,128.7
2026-09-01T14:00:00,9.484,9.214,18.84,19.80,1.221,1.159,0.4571,0.3583,6.324,4.498,19514.4,21.243,0.9579,390.3,128.8
2026-09-01T15:00:00,9.518,9.186,18.03,18.79,1.234,1.174,0.4078,0.3450,5.773,4.527,19523.6,21.254,0.9585,390.5,128.9
2026-09-01T16:00:00,9.837,9.525,18.65,19.74,1.226,1.169,0.4760,0.3503,5.921,4.503,19533.1,21.268,0.9597,390.7,128.9
2026-09-01T17:00:00,9.453,9.239,17.28,18.10,1.209,1.152,0.4074,0.3362,5.929,4.372,19542.3,21.282,0.9604,390.8,129.0
2026-09-01T18:00:00,9.136,8.843,16.96,17.97,1.222,1.169,0.4172,0.3378,6.051,4.517,19551.2,21.296,0.9611,391.0,129.0
2026-09-01T19:00:00,8.870,8.713,16.45,17.44,1.194,1.140,0.4414,0.3550,6.633,4.477,19559.9,21.314,0.9618,391.2,129.1
2026-09-01T20:00:00,9.549,9.315,16.39,17.67,1.199,1.136,0.4233,0.3451,6.341,4.635,19569.2,21.330,0.9626,391.4,129.2
2026-09-01T21:00:00,9.356,9.140,16.22,17.17,1.169,1.115,0.4571,0.3441,5.908,4.472,19578.3,21.343,0.9636,391.6,129.2
2026-09-01T22:00:00,9.156,9.012,15.27,16.14,1.156,1.104,0.4334,0.3436,5.920,4.490,19587.4,21.356,0.9644,391.7,129.3
2026-09-01T23:00:00,8.746,8.455,14.81,15.47,1.157,1.092,0.4128,0.3485,6.165,4.172,19595.8,21.373,0.9649,391.9,129.3
2026-09-02T00:00:00,8.412,8.234,15.25,15.92,1.133,1.076,0.4010,0.3365,6.264,4.747,19604.1,21.386,0.9655,392.1,129.4
2026-09-02T01:00:00,8.263,8.022,13.81,14.47,1.160,1.103,0.4183,0.3479,5.918,4.749,19612.1,21.395,0.9660,392.2,129.4
2026-09-02T02:00:00,8.736,8.568,14.74,15.24,1.151,1.094,0.4961,0.3523,5.598,4.552,19620.6,21.404,0.9673,392.4,129.5
2026-09-02T03:00:00,8.411,8.245,14.02,14.35,1.145,1.091,0.4232,0.3574,6.034,4.480,19628.9,21.417,0.9678,392.6,129.6
2026-09-02T04:00:00,7.997,7.765,14.52,15.05,1.138,1.085,0.4067,0.3395,5.071,4.654,19636.7,21.420,0.9683,392.7,129.6
2026-09-02T05:00:00,8.577,8.420,14.75,15.45,1.147,1.095,0.4373,0.3458,6.543,4.645,19645.1,21.436,0.9691,392.9,129.7
2026-09-02T06:00:00,7.948,7.759,15.34,15.98,1.125,1.066,0.4107,0.3399,5.634,4.323,19652.8,21.446,0.9697,393.1,129.7
2026-09-02T07:00:00,8.497,8.403,15.56,16.51,1.168,1.114,0.4408,0.3425,6.108,4.438,19661.2,21.460,0.9705,393.2,129.8
2026-09-02T08:00:00,8.997,8.792,15.68,16.11,1.170,1.119,0.4313,0.3240,5.734,4.516,19670.0,21.471,0.9714,393.4,129.8
2026-09-02T09:00:00,9.094,8.916,16.47,17.02,1.180,1.128,0.4146,0.3472,5.940,4.577,19678.9,21.483,0.9720,393.6,129.9
2026-09-02T10:00:00,9.295,9.109,16.14,17.19,1.201,1.139,0.4421,0.3396,5.660,4.424,19688.0,21.494,0.9730,393.8,129.9
2026-09-02T11:00:00,9.705,9.641,16.86,17.42,1.175,1.120,0.4195,0.3447,5.561,4.422,19697.7,21.505,0.9737,394.0,130.0
2026-09-02T12:00:00,8.871,8.611,17.14,18.26,1.192,1.138,0.4143,0.3519,6.221,4.545,19706.3,21.520,0.9742,394.1,130.1
2026-09-02T13:00:00,9.070,8.845,17.57,18.16,1.215,1.164,0.4030,0.3416,5.932,4.509,19715.1,21.532,0.9748,394.3,130.1
2026-09-02T14:00:00,9.481,9.277,17.95,18.76,1.218,1.160,0.3737,0.3400,5.893,4.412,19724.4,21.546,0.9751,394.5,130.2
2026-09-02T15:00:00,9.456,9.228,18.47,18.94,1.217,1.158,0.3920,0.3462,6.270,4.483,19733.7,21.563,0.9755,394.7,130.2
2026-09-02T16:00:00,9.483,9.138,18.08,19.49,1.206,1.155,0.4084,0.3279,5.945,4.518,19742.8,21.576,0.9762,394.9,130.3
2026-09-02T17:00:00,9.593,9.298,17.62,18.27,1.182,1.127,0.3635,0.3432,6.085,4.479,19752.1,21.591,0.9764,395.0,130.4
2026-09-02T18:00:00,9.417,9.277,17.41,18.19,1.203,1.150,0.3632,0.3468,6.115,4.485,19761.4,21.606,0.9766,395.2,130.4
2026-09-02T19:00:00,9.230,8.937,17.51,18.63,1.179,1.125,0.4154,0.3531,5.925,4.444,19770.3,21.619,0.9771,395.4,130.5
2026-09-02T20:00:00,9.198,8.941,17.36,18.53,1.187,1.127,0.4135,0.3538,5.833,4.272,19779.2,21.633,0.9777,395.6,130.5
2026-09-02T21:00:00,8.858,8.621,15.71,16.24,1.175,1.119,0.4126,0.3521,5.966,4.291,19787.9,21.647,0.9782,395.8,130.6
2026-09-02T22:00:00,8.350,8.228,15.51,16.21,1.172,1.114,0.4583,0.3366,6.028,4.613,19796.1,21.659,0.9792,395.9,130.7
2026-09-02T23:00:00,8.793,8.562,15.26,15.73,1.144,1.092,0.4188,0.3441,5.605,4.413,19804.7,21.669,0.9798,396.1,130.7
2026-09-03T00:00:00,8.291,8.111,14.58,15.36,1.149,1.097,0.4062,0.3335,5.905,4.307,19812.8,21.682,0.9804,396.3,130.8
2026-09-03T01:00:00,8.088,7.884,14.29,14.91,1.147,1.084,0.4332,0.3521,6.349,4.577,19820.6,21.696,0.9811,396.4,130.8
2026-09-03T02:00:00,8.491,8.201,13.98,14.95,1.140,1.086,0.4289,0.3582,5.781,4.364,19828.9,21.708,0.9816,396.6,130.9
2026-09-03T03:00:00,8.124,7.836,13.60,14.08,1.163,1.103,0.4298,0.3466,5.297,4.611,19836.7,21.713,0.9823,396.7,130.9
2026-09-03T04:00:00,8.201,7.913,13.78,14.15,1.113,1.052,0.4117,0.3447,5.660,4.567,19844.6,21.722,0.9828,396.9,131.0
2026-09-03T05:00:00,8.270,8.052,13.77,14.36,1.154,1.097,0.4256,0.3441,6.070,4.500,19852.7,21.734,0.9835,397.1,131.0
2026-09-03T06:00:00,8.532,8.353,14.88,15.65,1.122,1.069,0.4300,0.3504,5.797,4.477,19861.0,21.745,0.9841,397.2,131.1
2026-09-03T07:00:00,8.100,8.029,14.67,15.16,1.166,1.115,0.4504,0.3529,6.046,4.471,19869.0,21.758,0.9849,397.4,131.1
2026-09-03T08:00:00,9.271,8.975,15.37,16.02,1.171,1.119,0.4552,0.3448,5.675,4.323,19878.0,21.770,0.9859,397.6,131.2
2026-09-03T09:00:00,9.293,9.099,15.45,16.00,1.197,1.146,0.4483,0.3448,6.512,4.487,19887.1,21.789,0.9869,397.7,131.3
2026-09-03T10:00:00,8.739,8.529,16.92,17.34,1.201,1.142,0.4428,0.3415,6.386,4.346,19895.6,21.806,0.9877,397.9,131.3
2026-09-03T11:00:00,9.298,8.999,17.01,18.16,1.210,1.137,0.3965,0.3586,6.013,4.326,19904.6,21.821,0.9881,398.1,131.4
2026-09-03T12:00:00,9.641,9.373,17.24,17.85,1.210,1.153,0.4166,0.3294,5.894,4.637,19914.0,21.833,0.9889,398.3,131.4
2026-09-03T13:00:00,9.684,9.560,17.07,17.58,1.221,1.164,0.4728,0.3336,5.244,4.525,19923.6,21.840,0.9902,398.5,131.5
2026-09-03T14:00:00,9.745,9.400,18.15,19.22,1.215,1.161,0.4428,0.3448,6.264,4.293,19933.0,21.858,0.9911,398.7,131.6
2026-09-03T15:00:00,9.552,9.334,18.29,19.15,1.232,1.168,0.4505,0.3466,5.901,4.456,19942.3,21.872,0.9921,398.8,131.6
2026-09-03T16:00:00,10.096,9.910,18.18,19.16,1.216,1.161,0.3956,0.3664,6.110,4.633,19952.2,21.887,0.9924,399.0,131.7
2026-09-03T17:00:00,9.914,9.719,17.04,17.95,1.213,1.153,0.4253,0.3429,5.895,4.352,19961.9,21.902,0.9932,399.2,131.7
2026-09-03T18:00:00,9.152,8.929,17.24,17.61,1.190,1.133,0.4119,0.3476,5.962,4.607,19970.9,21.914,0.9938,399.4,131.8
2026-09-03T19:00:00,9.560,9.312,17.28,17.82,1.208,1.157,0.4227,0.3323,5.537,4.405,19980.2,21.924,0.9946,399.6,131.9
2026-09-03T20:00:00,8.905,8.894,15.47,16.18,1.165,1.114,0.4634,0.3491,5.721,4.307,19989.1,21.937,0.9956,399.8,131.9
2026-09-03T21:00:00,8.515,8.317,15.97,16.99,1.170,1.103,0.4685,0.3544,5.861,4.476,19997.4,21.948,0.9966,399.9,132.0
2026-09-03T22:00:00,8.665,8.429,15.54,16.48,1.170,1.111,0.4014,0.3384,5.885,4.189,20005.8,21.963,0.9971,400.1,132.0
2026-09-03T23:00:00,8.591,8.415,14.84,15.63,1.158,1.103,0.3851,0.3472,6.279,4.346,20014.2,21.979,0.9974,400.3,132.1
2026-09-04T00:00:00,8.835,8.608,14.79,15.59,1.129,1.070,0.3907,0.3464,6.087,4.386,20022.8,21.993,0.9978,400.5,132.2
2026-09-04T01:00:00,9.008,8.759,13.82,14.22,1.140,1.083,0.3899,0.3392,6.218,4.582,20031.6,22.008,0.9983,400.6,132.2
2026-09-04T02:00:00,8.523,8.268,13.56,14.48,1.159,1.107,0.4062,0.3316,5.791,4.690,20039.9,22.017,0.9989,400.8,132.3
2026-09-04T03:00:00,8.378,8.130,14.00,15.02,1.134,1.078,0.4009,0.3479,6.027,4.335,20048.0,22.031,0.9993,401.0,132.3
2026-09-04T04:00:00,8.278,8.104,14.31,15.18,1.132,1.069,0.4031,0.3503,5.622,4.451,20056.1,22.040,0.9997,401.1,132.4
2026-09-04T05:00:00,8.721,8.499,14.00,15.20,1.144,1.087,0.4190,0.3306,6.155,4.490,20064.6,22.054,1.0005,401.3,132.4
2026-09-04T06:00:00,8.914,8.686,14.44,15.24,1.136,1.084,0.4458,0.3498,5.183,4.458,20073.3,22.061,1.0013,401.5,132.5
2026-09-04T07:00:00,8.781,8.561,14.94,15.73,1.173,1.111,0.4531,0.3454,5.617,4.316,20081.8,22.072,1.0022,401.6,132.5
2026-09-04T08:00:00,8.822,8.586,15.68,16.49,1.165,1.110,0.4123,0.3550,6.479,4.649,20090.4,22.087,1.0027,401.8,132.6
2026-09-04T09:00:00,9.390,9.261,15.81,16.71,1.180,1.126,0.4009,0.3363,5.558,4.088,20099.7,22.101,1.0033,402.0,132.7
2026-09-04T10:00:00,9.321,9.074,16.05,16.88,1.210,1.145,0.4388,0.3389,5.960,4.525,20108.8,22.114,1.0042,402.2,132.7
2026-09-04T11:00:00,9.048,8.854,16.90,17.49,1.216,1.165,0.4446,0.3421,6.053,4.365,20117.6,22.129,1.0051,402.4,132.8
2026-09-04T12:00:00,8.903,8.521,17.32,17.91,1.212,1.158,0.4350,0.3377,6.219,4.537,20126.1,22.143,1.0060,402.5,132.8
2026-09-04T13:00:00,9.550,9.396,17.08,18.17,1.240,1.182,0.4429,0.3496,6.532,4.420,20135.5,22.163,1.0068,402.7,132.9
2026-09-04T14:00:00,9.220,8.931,17.51,17.95,1.227,1.171,0.4260,0.3517,5.766,4.572,20144.5,22.174,1.0075,402.9,133.0
2026-09-04T15:00:00,9.915,9.759,18.44,19.11,1.217,1.161,0.4381,0.3433,6.369,4.518,20154.2,22.192,1.0084,403.1,133.0
2026-09-04T16:00:00,9.587,9.245,18.22,19.34,1.219,1.166,0.4284,0.3464,5.889,4.413,20163.5,22.206,1.0092,403.3,133.1
2026-09-04T17:00:00,9.442,9.243,17.66,18.88,1.230,1.173,0.4250,0.3556,5.767,4.352,20172.7,22.219,1.0098,403.5,133.1
2026-09-04T18:00:00,9.342,9.058,17.49,18.36,1.194,1.131,0.4101,0.3300,5.988,4.633,20181.8,22.231,1.0106,403.6,133.2
2026-09-04T19:00:00,10.249,9.986,16.57,17.14,1.186,1.134,0.4241,0.3487,5.577,4.313,20191.8,22.244,1.0113,403.8,133.3
2026-09-04T20:00:00,9.652,9.335,16.80,17.46,1.172,1.120,0.4301,0.3527,6.066,4.563,20201.1,22.258,1.0120,404.0,133.3
2026-09-04T21:00:00,9.078,8.961,16.67,16.97,1.189,1.128,0.4392,0.3541,5.557,4.488,20210.1,22.267,1.0128,404.2,133.4
2026-09-04T22:00:00,8.385,8.118,15.54,16.05,1.183,1.132,0.4033,0.3485,5.638,4.417,20218.2,22.277,1.0132,404.4,133.4
2026-09-04T23:00:00,9.254,8.987,15.15,15.86,1.143,1.093,0.4167,0.3453,5.936,4.391,20227.2,22.291,1.0139,404.5,133.5
2026-09-05T00:00:00,8.325,8.126,14.70,15.15,1.125,1.066,0.4237,0.3382,6.412,4.315,20235.3,22.308,1.0146,404.7,133.6
