timestamp,flow_in_m3h,flow_out_m3h,temp_in_c,temp_out_c,pressure_in_bar,pressure_out_bar,p_in_mgL,p_out_mgL,n_in_mgL,n_out_mgL,water_treated_m3_cum,n_removed_kg_cum,p_removed_kg_cum,electricity_kwh_cum,co2_kg_cum
2026-06-01T00:00:00,12.534,12.213,19.71,20.63,1.122,1.062,0.5212,0.5382,8.476,7.265,12.2,0.015,0.0000,0.2,0.1
2026-06-01T01:00:00,13.024,12.695,20.81,22.00,1.135,1.082,0.5510,0.5213,8.563,7.107,24.9,0.033,0.0004,0.5,0.2
2026-06-01T02:00:00,12.536,12.173,19.47,19.87,1.159,1.109,0.5624,0.5164,8.229,7.633,37.1,0.041,0.0009,0.7,0.2
2026-06-01T03:00:00,12.700,12.462,20.10,20.53,1.144,1.084,0.5503,0.5266,8.371,7.414,49.5,0.052,0.0012,1.0,0.3
2026-06-01T04:00:00,12.310,12.042,19.48,20.19,1.136,1.075,0.5676,0.5074,8.635,7.412,61.6,0.067,0.0020,1.2,0.4
2026-06-01T05:00:00,11.922,11.766,20.43,21.17,1.165,1.115,0.5887,0.5179,7.996,7.389,73.4,0.074,0.0028,1.5,0.5
2026-06-01T06:00:00,12.101,11.866,20.17,20.85,1.154,1.095,0.5254,0.5320,8.462,7.361,85.2,0.087,0.0028,1.7,0.6
2026-06-01T07:00:00,13.082,12.895,20.82,22.02,1.177,1.120,0.4925,0.5188,8.134,7.682,98.1,0.093,0.0028,2.0,0.6
2026-06-01T08:00:00,13.412,13.193,21.71,22.41,1.204,1.154,0.5044,0.5131,8.134,7.124,111.3,0.107,0.0028,2.2,0.7
2026-06-01T09:00:00,13.455,12.973,22.49,23.66,1.200,1.142,0.5397,0.5175,8.500,7.246,124.3,0.123,0.0031,2.5,0.8
2026-06-01T10:00:00,12.806,12.393,21.59,22.70,1.199,1.143,0.5502,0.5360,8.131,7.447,136.7,0.131,0.0033,2.7,0.9
2026-06-01T11:00:00,13.565,13.297,22.57,23.65,1.176,1.124,0.5172,0.5237,7.816,7.355,150.0,0.137,0.0033,3.0,1.0
2026-06-01T12:00:00,13.577,13.344,23.60,24.70,1.200,1.148,0.4852,0.5048,8.027,7.646,163.3,0.143,0.0033,3.3,1.1
2026-06-01T13:00:00,13.577,13.127,23.28,23.93,1.219,1.167,0.5427,0.5465,7.822,7.085,176.4,0.152,0.0033,3.5,1.2
2026-06-01T14:00:00,14.311,14.163,23.61,24.79,1.213,1.149,0.5585,0.4906,8.034,7.320,190.6,0.162,0.0042,3.8,1.3
2026-06-01T15:00:00,14.378,14.102,23.82,24.84,1.222,1.152,0.5571,0.5098,8.142,7.536,204.7,0.171,0.0049,4.1,1.4
2026-06-01T16:00:00,14.105,13.734,23.98,24.19,1.231,1.175,0.4567,0.5160,7.968,7.495,218.4,0.177,0.0049,4.4,1.4
2026-06-01T17:00:00,14.401,14.025,23.44,24.35,1.211,1.156,0.5790,0.5397,8.314,7.500,232.5,0.189,0.0054,4.6,1.5
2026-06-01T18:00:00,13.293,13.012,23.13,23.81,1.208,1.156,0.5086,0.5129,7.296,7.235,245.5,0.190,0.0054,4.9,1.6
2026-06-01T19:00:00,13.945,13.789,22.11,22.61,1.169,1.112,0.5466,0.5171,9.188,7.275,259.3,0.216,0.0058,5.2,1.7
2026-06-01T20:00:00,14.349,14.040,22.45,23.60,1.203,1.145,0.5426,0.5271,8.129,7.590,273.3,0.223,0.0061,5.5,1.8
2026-06-01T21:00:00,12.657,12.404,21.88,22.94,1.184,1.128,0.5709,0.5301,8.738,7.367,285.7,0.241,0.0066,5.7,1.9
2026-06-01T22:00:00,13.959,13.337,21.40,22.22,1.185,1.119,0.5602,0.4977,7.826,7.276,299.0,0.248,0.0074,6.0,2.0
2026-06-01T23:00:00,13.637,13.397,20.15,21.14,1.165,1.100,0.5504,0.5282,7.967,7.376,312.4,0.256,0.0077,6.2,2.1
2026-06-02T00:00:00,13.632,13.113,20.20,20.91,1.159,1.106,0.4906,0.5188,8.664,7.626,325.6,0.269,0.0077,6.5,2.1
2026-06-02T01:00:00,12.493,12.155,20.24,21.15,1.134,1.078,0.5807,0.5324,9.077,7.285,337.7,0.291,0.0083,6.8,2.2
2026-06-02T02:00:00,12.192,11.927,19.77,21.09,1.141,1.089,0.6153,0.5111,8.071,7.374,349.6,0.299,0.0095,7.0,2.3
2026-06-02T03:00:00,12.010,11.742,19.97,20.50,1.132,1.079,0.4354,0.5093,8.758,7.417,361.4,0.315,0.0095,7.2,2.4
2026-06-02T04:00:00,11.892,11.550,19.46,20.30,1.166,1.115,0.6374,0.5207,8.605,7.454,372.9,0.329,0.0109,7.5,2.5
2026-06-02T05:00:00,12.374,12.124,19.56,20.14,1.167,1.114,0.4998,0.5107,7.787,7.317,385.1,0.334,0.0109,7.7,2.5
2026-06-02T06:00:00,13.009,12.690,20.30,20.80,1.149,1.094,0.5740,0.5060,7.850,7.359,397.7,0.340,0.0117,8.0,2.6
2026-06-02T07:00:00,13.599,13.210,20.76,21.19,1.145,1.088,0.6087,0.5226,8.134,7.438,411.0,0.350,0.0129,8.2,2.7
2026-06-02T08:00:00,13.029,12.637,21.15,21.97,1.166,1.114,0.5724,0.5251,7.875,7.702,423.6,0.352,0.0135,8.5,2.8
2026-06-02T09:00:00,13.401,12.980,22.12,22.97,1.183,1.126,0.5784,0.5005,7.400,7.374,436.6,0.352,0.0145,8.7,2.9
2026-06-02T10:00:00,13.043,12.769,21.85,22.54,1.185,1.133,0.4477,0.5223,8.808,7.362,449.3,0.371,0.0145,9.0,3.0
2026-06-02T11:00:00,13.517,13.099,22.52,23.42,1.205,1.144,0.4902,0.5015,8.109,7.277,462.4,0.382,0.0145,9.2,3.1
2026-06-02T12:00:00,13.571,13.193,22.68,24.10,1.202,1.145,0.5662,0.5394,9.420,7.451,475.6,0.407,0.0148,9.5,3.1
2026-06-02T13:00:00,13.813,13.652,23.68,24.66,1.214,1.158,0.5693,0.5205,8.344,7.674,489.3,0.417,0.0155,9.8,3.2
2026-06-02T14:00:00,14.412,14.034,23.47,24.24,1.216,1.163,0.5084,0.5420,8.495,7.356,503.3,0.433,0.0155,10.1,3.3
2026-06-02T15:00:00,14.462,14.192,23.61,24.27,1.224,1.170,0.4970,0.5146,8.102,7.362,517.5,0.443,0.0155,10.4,3.4
2026-06-02T16:00:00,13.818,13.411,23.98,24.39,1.213,1.159,0.4732,0.5077,8.423,7.240,530.9,0.459,0.0155,10.6,3.5
2026-06-02T17:00:00,14.851,14.584,23.04,23.87,1.214,1.162,0.5645,0.5312,8.836,7.413,545.5,0.480,0.0160,10.9,3.6
2026-06-02T18:00:00,14.540,14.282,22.85,23.49,1.220,1.165,0.5295,0.5347,8.327,7.352,559.8,0.494,0.0160,11.2,3.7
2026-06-02T19:00:00,14.447,14.073,22.99,24.00,1.209,1.149,0.5547,0.5138,8.887,7.362,573.9,0.515,0.0166,11.5,3.8
2026-06-02T20:00:00,14.737,14.583,22.27,22.65,1.170,1.117,0.6055,0.5324,8.605,7.501,588.4,0.531,0.0176,11.8,3.9
2026-06-02T21:00:00,13.665,13.371,21.04,21.76,1.178,1.118,0.5081,0.5274,8.320,7.383,601.8,0.544,0.0176,12.0,4.0
2026-06-02T22:00:00,13.304,12.997,20.96,21.84,1.161,1.090,0.5093,0.5062,7.826,7.074,614.8,0.554,0.0177,12.3,4.1
2026-06-02T23:00:00,13.423,13.122,20.89,21.81,1.169,1.116,0.5062,0.5308,7.438,7.340,627.9,0.555,0.0177,12.6,4.1
2026-06-03T00:00:00,12.509,12.056,20.46,21.15,1.134,1.080,0.5828,0.5255,8.625,7.416,640.0,0.569,0.0184,12.8,4.2
2026-06-03T01:00:00,12.763,12.323,20.10,21.04,1.118,1.060,0.5103,0.5218,8.254,7.445,652.3,0.579,0.0184,13.0,4.3
2026-06-03T02:00:00,12.260,12.159,19.51,20.21,1.139,1.075,0.5212,0.5025,8.748,7.028,664.5,0.600,0.0186,13.3,4.4
2026-06-03T03:00:00,13.072,12.823,19.95,21.02,1.162,1.107,0.5286,0.5337,7.870,7.582,677.3,0.604,0.0186,13.5,4.5
2026-06-03T04:00:00,12.380,12.052,19.65,20.79,1.138,1.082,0.5598,0.5034,7.831,7.353,689.3,0.610,0.0193,13.8,4.5
2026-06-03T05:00:00,11.726,11.495,19.93,20.78,1.150,1.099,0.5394,0.4993,7.804,7.511,700.8,0.613,0.0197,14.0,4.6
2026-06-03T06:00:00,12.422,12.152,19.93,20.78,1.165,1.110,0.5931,0.5348,9.124,7.109,713.0,0.638,0.0204,14.3,4.7
2026-06-03T07:00:00,12.630,12.326,21.48,22.39,1.144,1.090,0.5742,0.5274,7.519,7.219,725.3,0.641,0.0210,14.5,4.8
2026-06-03T08:00:00,13.373,13.218,20.63,21.28,1.169,1.115,0.5854,0.5206,7.923,7.513,738.5,0.647,0.0219,14.8,4.9
2026-06-03T09:00:00,13.630,13.098,22.49,23.40,1.146,1.086,0.5458,0.5206,8.335,7.223,751.6,0.661,0.0222,15.0,5.0
2026-06-03T10:00:00,14.212,14.020,22.38,22.74,1.180,1.130,0.5594,0.5356,8.549,7.253,765.7,0.679,0.0225,15.3,5.1
2026-06-03T11:00:00,13.311,13.070,22.70,23.76,1.212,1.157,0.5948,0.5172,7.933,7.271,778.7,0.688,0.0235,15.6,5.1
2026-06-03T12:00:00,14.060,13.675,23.36,23.84,1.194,1.130,0.5962,0.5057,8.643,7.315,792.4,0.706,0.0248,15.8,5.2
2026-06-03T13:00:00,14.799,14.593,23.59,24.06,1.224,1.172,0.5689,0.5057,9.379,7.283,807.0,0.737,0.0257,16.1,5.3
2026-06-03T14:00:00,14.072,13.612,23.52,23.92,1.219,1.159,0.6091,0.5084,8.219,7.177,820.6,0.751,0.0271,16.4,5.4
2026-06-03T15:00:00,14.352,13.829,23.90,25.19,1.256,1.204,0.5380,0.5009,7.774,7.318,834.4,0.757,0.0276,16.7,5.5
2026-06-03T16:00:00,13.708,13.298,23.55,24.19,1.233,1.179,0.5635,0.5416,8.416,7.358,847.7,0.771,0.0279,17.0,5.6
2026-06-03T17:00:00,15.158,14.832,23.37,24.33,1.221,1.161,0.5306,0.5195,8.129,6.950,862.6,0.789,0.0280,17.3,5.7
2026-06-03T18:00:00,13.726,13.343,23.62,24.16,1.215,1.164,0.5757,0.5239,7.835,7.261,875.9,0.797,0.0287,17.5,5.8
2026-06-03T19:00:00,13.749,13.444,22.35,23.82,1.209,1.157,0.6084,0.5196,8.100,7.672,889.4,0.802,0.0299,17.8,5.9
2026-06-03T20:00:00,12.929,12.608,22.55,23.22,1.175,1.118,0.5306,0.5135,7.958,7.256,902.0,0.811,0.0301,18.0,6.0
2026-06-03T21:00:00,13.713,13.303,21.85,22.48,1.169,1.114,0.5269,0.5361,8.015,7.126,915.3,0.823,0.0301,18.3,6.0
2026-06-03T22:00:00,12.981,12.661,22.16,23.27,1.184,1.121,0.5750,0.5218,8.058,7.278,927.9,0.833,0.0308,18.6,6.1
2026-06-03T23:00:00,12.477,12.125,21.27,22.34,1.177,1.126,0.5500,0.5341,7.627,7.388,940.0,0.836,0.0310,18.8,6.2
2026-06-04T00:00:00,12.961,12.636,19.87,20.81,1.142,1.081,0.6089,0.5192,8.772,7.255,952.7,0.855,0.0321,19.1,6.3
2026-06-04T01:00:00,12.880,12.535,19.80,20.58,1.150,1.100,0.5917,0.5016,8.315,7.149,965.2,0.869,0.0333,19.3,6.4
2026-06-04T02:00:00,12.298,11.863,19.62,20.66,1.109,1.055,0.5202,0.4834,8.155,7.132,977.1,0.882,0.0337,19.5,6.4
2026-06-04T03:00:00,12.985,12.629,20.05,21.03,1.149,1.080,0.5672,0.5125,8.266,7.211,989.7,0.895,0.0344,19.8,6.5
2026-06-04T04:00:00,12.867,12.503,19.08,20.28,1.142,1.086,0.5623,0.5253,8.079,7.240,1002.2,0.905,0.0349,20.0,6.6
2026-06-04T05:00:00,12.703,12.395,20.79,21.63,1.124,1.071,0.5659,0.5083,8.215,7.440,1014.6,0.915,0.0356,20.3,6.7
2026-06-04T06:00:00,13.574,13.538,20.25,21.27,1.125,1.071,0.5547,0.5239,8.024,7.153,1028.1,0.927,0.0360,20.6,6.8
2026-06-04T07:00:00,12.863,12.460,21.01,22.14,1.149,1.095,0.5610,0.5285,8.446,7.416,1040.6,0.940,0.0364,20.8,6.9
2026-06-04T08:00:00,13.824,13.340,21.51,22.51,1.168,1.118,0.5560,0.4986,7.997,7.115,1053.9,0.951,0.0372,21.1,7.0
2026-06-04T09:00:00,14.111,13.620,21.70,22.49,1.153,1.097,0.5295,0.5421,8.711,7.406,1067.6,0.969,0.0372,21.4,7.0
2026-06-04T10:00:00,14.200,13.776,22.19,23.02,1.169,1.119,0.5134,0.5020,7.999,7.081,1081.3,0.982,0.0373,21.6,7.1
2026-06-04T11:00:00,13.754,13.401,22.60,23.33,1.207,1.156,0.5194,0.5227,8.386,7.195,1094.7,0.998,0.0373,21.9,7.2
2026-06-04T12:00:00,13.403,12.844,23.17,24.28,1.206,1.155,0.5262,0.5309,8.197,7.218,1107.6,1.010,0.0373,22.2,7.3
2026-06-04T13:00:00,13.585,13.355,23.32,23.94,1.225,1.172,0.5369,0.5361,8.420,7.128,1120.9,1.028,0.0373,22.4,7.4
2026-06-04T14:00:00,14.422,13.964,23.80,24.98,1.233,1.182,0.5727,0.5225,8.239,7.455,1134.9,1.039,0.0380,22.7,7.5
2026-06-04T15:00:00,14.276,13.766,24.08,24.82,1.216,1.161,0.4846,0.4968,7.966,7.489,1148.7,1.045,0.0380,23.0,7.6
2026-06-04T16:00:00,14.542,14.139,22.71,23.16,1.246,1.185,0.5431,0.5271,8.220,7.139,1162.8,1.060,0.0383,23.3,7.7
2026-06-04T17:00:00,15.099,14.441,23.99,24.66,1.192,1.140,0.5951,0.5150,8.386,7.130,1177.3,1.079,0.0394,23.5,7.8
2026-06-04T18:00:00,14.237,13.930,23.38,23.99,1.223,1.170,0.5968,0.5074,7.586,7.225,1191.2,1.084,0.0407,23.8,7.9
2026-06-04T19:00:00,14.489,14.018,22.31,22.59,1.216,1.157,0.5996,0.5058,7.857,7.206,1205.2,1.093,0.0420,24.1,8.0
2026-06-04T20:00:00,13.891,13.643,22.93,23.99,1.181,1.130,0.5756,0.5285,8.959,7.257,1218.8,1.116,0.0426,24.4,8.0
2026-06-04T21:00:00,12.839,12.659,22.07,23.11,1.182,1.127,0.5863,0.5094,8.637,7.261,1231.5,1.133,0.0436,24.6,8.1
2026-06-04T22:00:00,13.358,12.854,21.16,22.33,1.164,1.108,0.5599,0.5489,8.203,6.910,1244.4,1.150,0.0437,24.9,8.2
2026-06-04T23:00:00,13.033,12.629,20.15,21.06,1.151,1.095,0.4798,0.5196,8.889,7.190,1257.0,1.171,0.0437,25.1,8.3
2026-06-05T00:00:00,12.824,12.551,20.28,21.06,1.166,1.107,0.5000,0.5173,8.223,7.402,1269.5,1.182,0.0437,25.4,8.4
2026-06-05T01:00:00,12.126,11.760,20.69,21.29,1.114,1.055,0.5255,0.5299,8.291,7.317,1281.3,1.193,0.0437,25.6,8.5
2026-06-05T02:00:00,13.141,12.731,19.81,20.83,1.144,1.083,0.4844,0.5267,8.434,7.348,1294.0,1.207,0.0437,25.9,8.5
2026-06-05T03:00:00,12.298,12.016,19.50,19.93,1.156,1.100,0.4901,0.5258,8.854,7.119,1306.0,1.228,0.0437,26.1,8.6
2026-06-05T04:00:00,13.341,13.040,20.33,20.90,1.146,1.092,0.5598,0.5138,7.799,7.559,1319.1,1.231,0.0443,26.4,8.7
2026-06-05T05:00:00,11.924,11.712,19.42,19.96,1.133,1.082,0.4910,0.5205,8.574,7.009,1330.8,1.249,0.0443,26.6,8.8
2026-06-05T06:00:00,12.870,12.524,19.95,20.62,1.139,1.085,0.5686,0.5147,8.160,7.287,1343.3,1.260,0.0450,26.9,8.9
2026-06-05T07:00:00,13.235,13.031,20.64,21.69,1.162,1.108,0.5238,0.5214,7.111,7.428,1356.4,1.260,0.0450,27.1,9.0
2026-06-05T08:00:00,13.857,13.406,21.91,22.60,1.176,1.120,0.6078,0.5254,8.260,7.223,1369.8,1.274,0.0461,27.4,9.0
2026-06-05T09:00:00,13.151,12.686,21.76,23.15,1.192,1.142,0.5503,0.5282,8.177,7.224,1382.4,1.286,0.0464,27.6,9.1
2026-06-05T10:00:00,13.436,13.139,21.82,22.55,1.174,1.115,0.5970,0.5031,8.416,7.187,1395.6,1.302,0.0477,27.9,9.2
2026-06-05T11:00:00,14.002,13.581,22.31,22.97,1.186,1.126,0.6064,0.5284,8.652,7.239,1409.2,1.322,0.0487,28.2,9.3
2026-06-05T12:00:00,13.503,13.217,22.75,24.00,1.212,1.154,0.6007,0.5224,8.149,7.290,1422.4,1.333,0.0498,28.4,9.4
2026-06-05T13:00:00,14.851,14.563,23.21,24.03,1.235,1.176,0.5692,0.5121,8.435,7.200,1436.9,1.351,0.0506,28.7,9.5
2026-06-05T14:00:00,14.840,14.480,23.35,24.11,1.216,1.156,0.5543,0.5209,7.824,7.071,1451.4,1.362,0.0511,29.0,9.6
2026-06-05T15:00:00,14.421,13.978,24.33,25.28,1.235,1.180,0.5981,0.5231,8.238,7.417,1465.4,1.373,0.0521,29.3,9.7
2026-06-05T16:00:00,14.159,13.758,23.99,25.05,1.232,1.174,0.5669,0.5211,8.797,7.266,1479.2,1.394,0.0527,29.6,9.8
2026-06-05T17:00:00,14.583,14.214,23.07,24.02,1.223,1.165,0.5726,0.5170,8.852,6.978,1493.4,1.421,0.0535,29.9,9.9
2026-06-05T18:00:00,14.450,14.194,23.14,24.19,1.228,1.168,0.4865,0.5049,8.171,7.181,1507.6,1.435,0.0535,30.2,9.9
2026-06-05T19:00:00,13.897,13.491,23.25,24.09,1.212,1.156,0.5225,0.5209,8.270,7.251,1521.1,1.449,0.0536,30.4,10.0
2026-06-05T20:00:00,13.433,13.149,22.02,23.23,1.194,1.136,0.5474,0.5386,7.786,7.150,1534.2,1.457,0.0537,30.7,10.1
2026-06-05T21:00:00,12.604,12.233,21.27,21.88,1.222,1.167,0.5507,0.5135,8.393,7.101,1546.4,1.473,0.0541,30.9,10.2
2026-06-05T22:00:00,13.970,13.685,21.59,22.41,1.173,1.119,0.5493,0.5243,8.379,7.321,1560.1,1.487,0.0545,31.2,10.3
2026-06-05T23:00:00,13.094,13.060,20.34,20.95,1.161,1.106,0.5765,0.5210,7.895,7.513,1573.2,1.492,0.0552,31.5,10.4
2026-06-06T00:00:00,12.493,12.201,20.14,20.97,1.169,1.112,0.5005,0.5283,8.120,7.326,1585.4,1.502,0.0552,31.7,10.5
2026-06-06T01:00:00,13.179,12.919,20.44,20.92,1.153,1.103,0.4955,0.5135,7.079,7.322,1598.3,1.502,0.0552,32.0,10.5
2026-06-06T02:00:00,13.029,12.826,18.60,19.52,1.148,1.097,0.5405,0.5221,8.233,7.259,1611.1,1.515,0.0554,32.2,10.6
2026-06-06T03:00:00,13.016,12.691,19.78,20.55,1.152,1.100,0.6351,0.5068,8.576,7.416,1623.8,1.529,0.0571,32.5,10.7
2026-06-06T04:00:00,12.665,12.347,19.67,20.87,1.135,1.083,0.5744,0.5304,8.491,7.147,1636.2,1.546,0.0576,32.7,10.8
2026-06-06T05:00:00,11.950,11.723,19.33,19.76,1.149,1.099,0.5275,0.5030,8.242,6.858,1647.9,1.562,0.0579,33.0,10.9
2026-06-06T06:00:00,12.808,12.347,19.91,20.94,1.139,1.084,0.5188,0.5287,8.758,7.281,1660.2,1.580,0.0579,33.2,11.0
2026-06-06T07:00:00,12.992,12.712,20.14,21.30,1.159,1.108,0.5636,0.5219,7.896,7.357,1673.0,1.587,0.0584,33.5,11.0
2026-06-06T08:00:00,12.852,12.659,20.74,21.67,1.171,1.116,0.5101,0.5432,8.227,7.053,1685.6,1.602,0.0584,33.7,11.1
2026-06-06T09:00:00,13.902,13.285,21.86,22.72,1.174,1.124,0.5886,0.5109,8.532,7.265,1698.9,1.619,0.0595,34.0,11.2
2026-06-06T10:00:00,13.509,12.912,21.84,22.49,1.165,1.101,0.5499,0.5285,8.499,7.289,1711.8,1.635,0.0597,34.2,11.3
2026-06-06T11:00:00,13.983,13.538,22.68,23.21,1.181,1.127,0.5978,0.5150,8.445,7.165,1725.3,1.652,0.0609,34.5,11.4
2026-06-06T12:00:00,14.836,14.560,23.12,24.25,1.192,1.139,0.5380,0.5217,8.131,7.109,1739.9,1.667,0.0611,34.8,11.5
2026-06-06T13:00:00,14.596,14.153,23.75,24.42,1.201,1.148,0.5322,0.5121,8.125,7.261,1754.1,1.679,0.0614,35.1,11.6
2026-06-06T14:00:00,14.005,13.737,23.09,24.25,1.206,1.151,0.6081,0.5272,8.944,7.210,1767.8,1.703,0.0625,35.4,11.7
2026-06-06T15:00:00,14.605,14.173,23.40,24.14,1.226,1.165,0.5474,0.5214,8.338,7.342,1782.0,1.717,0.0629,35.6,11.8
2026-06-06T16:00:00,14.280,13.989,23.89,24.25,1.225,1.165,0.5630,0.5284,8.009,7.271,1796.0,1.727,0.0633,35.9,11.9
2026-06-06T17:00:00,13.997,13.476,22.77,23.53,1.217,1.165,0.5932,0.5148,8.345,7.255,1809.4,1.742,0.0644,36.2,11.9
2026-06-06T18:00:00,13.415,13.155,22.00,22.83,1.191,1.133,0.5889,0.5354,8.373,7.135,1822.6,1.758,0.0651,36.5,12.0
2026-06-06T19:00:00,14.683,14.386,22.30,23.31,1.197,1.146,0.5214,0.5170,8.630,7.359,1837.0,1.777,0.0652,36.7,12.1
2026-06-06T20:00:00,14.122,14.059,22.80,23.94,1.218,1.166,0.5694,0.4957,8.073,7.403,1851.0,1.786,0.0662,37.0,12.2
2026-06-06T21:00:00,13.913,13.684,22.76,22.91,1.166,1.116,0.5475,0.5203,7.572,7.210,1864.7,1.791,0.0666,37.3,12.3
2026-06-06T22:00:00,13.947,13.459,20.88,21.77,1.188,1.123,0.5911,0.5469,8.523,7.202,1878.2,1.809,0.0672,37.6,12.4
2026-06-06T23:00:00,12.731,12.527,21.13,21.71,1.148,1.095,0.6101,0.5283,8.126,7.248,1890.7,1.820,0.0682,37.8,12.5
2026-06-07T00:00:00,13.322,12.936,19.47,20.21,1.169,1.112,0.5538,0.5115,8.026,7.234,1903.6,1.830,0.0687,38.1,12.6
2026-06-07T01:00:00,12.789,12.476,19.74,20.71,1.126,1.074,0.5742,0.5237,7.900,7.372,1916.1,1.837,0.0694,38.3,12.6
2026-06-07T02:00:00,11.677,11.370,19.79,20.47,1.141,1.085,0.5469,0.5314,8.394,7.193,1927.5,1.850,0.0695,38.5,12.7
2026-06-07T03:00:00,12.221,11.873,19.12,20.29,1.164,1.100,0.5852,0.5198,8.447,7.046,1939.4,1.867,0.0703,38.8,12.8
2026-06-07T04:00:00,12.106,11.796,19.54,20.29,1.146,1.096,0.5849,0.5195,7.968,7.180,1951.2,1.876,0.0711,39.0,12.9
2026-06-07T05:00:00,13.155,12.721,20.55,21.29,1.150,1.094,0.5223,0.5134,8.399,7.086,1963.9,1.893,0.0712,39.3,13.0
2026-06-07T06:00:00,13.015,12.792,19.67,20.95,1.145,1.090,0.5476,0.5128,7.839,7.671,1976.7,1.895,0.0717,39.5,13.0
2026-06-07T07:00:00,12.983,12.813,20.35,21.31,1.155,1.089,0.5045,0.5319,9.336,7.534,1989.5,1.918,0.0717,39.8,13.1
2026-06-07T08:00:00,12.640,12.209,21.05,22.01,1.169,1.117,0.5327,0.4971,7.279,7.266,2001.7,1.918,0.0721,40.0,13.2
2026-06-07T09:00:00,13.016,12.770,21.48,22.48,1.176,1.112,0.5799,0.5242,7.992,7.171,2014.5,1.929,0.0728,40.3,13.3
2026-06-07T10:00:00,14.101,13.761,21.94,22.70,1.161,1.109,0.5468,0.5089,8.039,7.134,2028.2,1.941,0.0733,40.6,13.4
2026-06-07T11:00:00,13.564,13.101,22.64,23.67,1.167,1.106,0.5769,0.5174,8.443,7.548,2041.3,1.953,0.0741,40.8,13.5
2026-06-07T12:00:00,14.702,14.341,23.39,24.23,1.213,1.160,0.5629,0.5102,7.619,7.286,2055.7,1.958,0.0749,41.1,13.6
2026-06-07T13:00:00,13.846,13.563,23.68,24.60,1.206,1.145,0.5324,0.5285,7.966,7.034,2069.2,1.970,0.0749,41.4,13.7
2026-06-07T14:00:00,14.542,14.394,23.30,24.21,1.242,1.191,0.5697,0.5266,8.612,7.235,2083.6,1.990,0.0755,41.7,13.8
2026-06-07T15:00:00,13.864,13.639,23.55,24.32,1.205,1.151,0.5371,0.5209,7.714,7.310,2097.3,1.996,0.0758,41.9,13.8
2026-06-07T16:00:00,15.298,14.916,23.57,24.23,1.222,1.156,0.5260,0.5163,8.160,7.375,2112.2,2.007,0.0759,42.2,13.9
2026-06-07T17:00:00,14.920,14.360,22.92,23.27,1.192,1.139,0.5437,0.5117,8.342,7.146,2126.5,2.024,0.0764,42.5,14.0
2026-06-07T18:00:00,13.974,13.682,24.10,25.39,1.220,1.157,0.6194,0.5150,8.461,7.114,2140.2,2.043,0.0778,42.8,14.1
2026-06-07T19:00:00,14.401,13.991,21.76,22.35,1.204,1.154,0.5199,0.5190,7.850,7.275,2154.2,2.051,0.0778,43.1,14.2
2026-06-07T20:00:00,13.821,13.411,22.30,23.34,1.206,1.145,0.5221,0.5361,8.821,7.120,2167.6,2.074,0.0778,43.4,14.3
2026-06-07T21:00:00,12.941,12.455,21.45,22.23,1.180,1.120,0.5718,0.5271,7.985,7.047,2180.1,2.085,0.0784,43.6,14.4
2026-06-07T22:00:00,13.207,13.003,20.68,21.56,1.172,1.119,0.5717,0.5291,7.840,7.374,2193.1,2.092,0.0789,43.9,14.5
2026-06-07T23:00:00,12.750,12.348,20.67,21.48,1.168,1.108,0.5924,0.4901,8.705,7.288,2205.4,2.109,0.0802,44.1,14.6
2026-06-08T00:00:00,12.564,12.197,20.21,20.82,1.164,1.105,0.5932,0.5060,8.172,7.207,2217.6,2.121,0.0812,44.4,14.6
2026-06-08T01:00:00,12.534,12.022,20.15,20.85,1.143,1.090,0.5495,0.5233,8.295,7.269,2229.6,2.133,0.0815,44.6,14.7
2026-06-08T02:00:00,12.803,12.368,20.17,20.92,1.161,1.103,0.5344,0.5053,8.542,7.216,2242.0,2.150,0.0819,44.8,14.8
2026-06-08T03:00:00,13.313,12.996,20.12,20.81,1.145,1.088,0.6082,0.5136,8.297,7.447,2255.0,2.161,0.0831,45.1,14.9
2026-06-08T04:00:00,12.170,11.913,19.02,19.50,1.150,1.089,0.5442,0.5135,8.499,7.258,2266.9,2.175,0.0835,45.3,15.0
2026-06-08T05:00:00,12.944,12.668,19.99,21.05,1.136,1.082,0.4976,0.5190,8.476,7.133,2279.6,2.192,0.0835,45.6,15.0
2026-06-08T06:00:00,11.918,11.791,20.17,21.05,1.159,1.104,0.5541,0.5149,7.530,7.461,2291.4,2.193,0.0840,45.8,15.1
2026-06-08T07:00:00,13.091,12.853,20.49,20.97,1.151,1.100,0.5853,0.5248,8.108,7.177,2304.2,2.205,0.0847,46.1,15.2
2026-06-08T08:00:00,13.350,13.102,20.90,21.58,1.177,1.113,0.5381,0.5182,8.509,7.265,2317.3,2.221,0.0850,46.3,15.3
2026-06-08T09:00:00,13.661,13.417,21.54,21.99,1.202,1.142,0.5494,0.5208,8.438,7.089,2330.8,2.240,0.0854,46.6,15.4
2026-06-08T10:00:00,14.078,13.715,21.62,22.41,1.171,1.120,0.5572,0.5181,8.778,7.527,2344.5,2.257,0.0859,46.9,15.5
2026-06-08T11:00:00,13.221,12.848,22.00,22.82,1.186,1.135,0.5758,0.5253,7.804,7.247,2357.3,2.264,0.0866,47.1,15.6
2026-06-08T12:00:00,13.717,13.339,22.85,24.08,1.202,1.149,0.5460,0.5208,7.476,7.216,2370.7,2.267,0.0869,47.4,15.6
2026-06-08T13:00:00,15.070,14.735,23.30,24.31,1.218,1.162,0.5637,0.5157,7.550,7.204,2385.4,2.272,0.0876,47.7,15.7
2026-06-08T14:00:00,14.667,14.167,23.07,23.78,1.213,1.156,0.5994,0.5181,8.342,7.332,2399.6,2.287,0.0888,48.0,15.8
2026-06-08T15:00:00,14.017,13.711,22.95,23.71,1.204,1.147,0.5690,0.5168,8.822,6.832,2413.3,2.314,0.0895,48.3,15.9
2026-06-08T16:00:00,14.203,14.018,22.65,23.64,1.215,1.154,0.5488,0.5157,8.141,7.065,2427.3,2.329,0.0899,48.5,16.0
2026-06-08T17:00:00,14.247,13.928,22.72,23.60,1.225,1.162,0.5687,0.5200,8.621,7.206,2441.2,2.349,0.0906,48.8,16.1
2026-06-08T18:00:00,14.066,13.695,22.54,23.36,1.196,1.140,0.5419,0.5125,7.767,7.080,2454.9,2.358,0.0910,49.1,16.2
2026-06-08T19:00:00,14.105,13.679,21.73,22.76,1.180,1.129,0.5593,0.5152,8.096,7.134,2468.6,2.371,0.0916,49.4,16.3
2026-06-08T20:00:00,13.870,13.350,21.11,21.89,1.200,1.147,0.5942,0.5247,8.309,7.204,2481.9,2.386,0.0926,49.6,16.4
2026-06-08T21:00:00,13.643,13.323,22.06,22.82,1.165,1.104,0.5568,0.5100,7.846,7.426,2495.3,2.392,0.0932,49.9,16.5
2026-06-08T22:00:00,12.989,12.564,21.18,21.69,1.170,1.120,0.5415,0.5309,9.222,7.469,2507.8,2.414,0.0933,50.2,16.6
2026-06-08T23:00:00,13.650,13.256,20.63,21.11,1.129,1.077,0.5233,0.5343,8.591,7.296,2521.1,2.431,0.0933,50.4,16.6
2026-06-09T00:00:00,12.396,12.235,19.66,20.33,1.146,1.095,0.5843,0.5073,8.140,7.261,2533.3,2.442,0.0943,50.7,16.7
2026-06-09T01:00:00,13.021,12.736,18.60,19.72,1.153,1.088,0.5020,0.5277,7.970,7.318,2546.1,2.450,0.0943,50.9,16.8
2026-06-09T02:00:00,13.046,12.603,20.05,20.86,1.097,1.031,0.5806,0.5220,8.042,7.416,2558.7,2.458,0.0950,51.2,16.9
2026-06-09T03:00:00,13.200,13.007,19.31,20.36,1.131,1.081,0.5319,0.5320,8.149,7.313,2571.7,2.469,0.0950,51.4,17.0
2026-06-09T04:00:00,12.690,12.455,18.87,19.52,1.127,1.071,0.5456,0.5352,7.840,7.135,2584.1,2.478,0.0951,51.7,17.1
2026-06-09T05:00:00,12.733,12.577,19.38,20.06,1.153,1.102,0.5763,0.5063,8.142,7.282,2596.7,2.488,0.0960,51.9,17.1
2026-06-09T06:00:00,12.560,12.413,19.66,20.02,1.137,1.084,0.5617,0.5176,8.045,7.240,2609.1,2.498,0.0966,52.2,17.2
2026-06-09T07:00:00,13.769,13.417,19.52,20.32,1.151,1.091,0.5178,0.5109,8.110,7.342,2622.5,2.509,0.0966,52.5,17.3
2026-06-09T08:00:00,13.777,13.450,21.09,22.23,1.161,1.109,0.5537,0.5171,8.783,7.439,2636.0,2.527,0.0971,52.7,17.4
2026-06-09T09:00:00,13.863,13.562,21.67,22.56,1.163,1.104,0.5225,0.5194,8.186,6.808,2649.5,2.545,0.0972,53.0,17.5
2026-06-09T10:00:00,14.452,14.395,22.11,23.09,1.189,1.132,0.5385,0.5095,7.922,7.247,2663.9,2.555,0.0976,53.3,17.6
2026-06-09T11:00:00,13.721,13.303,22.10,22.88,1.205,1.152,0.5642,0.5200,7.810,7.341,2677.2,2.561,0.0982,53.5,17.7
2026-06-09T12:00:00,14.050,13.537,22.36,23.05,1.209,1.156,0.5427,0.5099,8.127,7.414,2690.8,2.571,0.0986,53.8,17.8
2026-06-09T13:00:00,14.083,13.811,22.30,23.10,1.203,1.139,0.5476,0.4995,8.173,7.384,2704.6,2.582,0.0993,54.1,17.9
2026-06-09T14:00:00,14.670,14.505,23.98,24.59,1.235,1.178,0.5597,0.5033,8.399,7.219,2719.1,2.599,0.1001,54.4,17.9
2026-06-09T15:00:00,14.839,14.718,23.46,24.85,1.223,1.163,0.5493,0.5196,8.131,7.109,2733.8,2.614,0.1006,54.7,18.0
2026-06-09T16:00:00,14.398,14.033,24.05,25.20,1.213,1.142,0.5582,0.5039,8.316,7.137,2747.8,2.631,0.1013,55.0,18.1
2026-06-09T17:00:00,14.339,13.932,23.61,24.43,1.258,1.207,0.5490,0.5146,8.346,7.187,2761.8,2.647,0.1018,55.2,18.2
2026-06-09T18:00:00,14.484,14.203,23.05,23.74,1.204,1.142,0.5859,0.5277,8.650,6.987,2776.0,2.670,0.1026,55.5,18.3
2026-06-09T19:00:00,13.893,13.667,22.35,23.22,1.188,1.135,0.5670,0.5200,8.411,6.955,2789.6,2.690,0.1033,55.8,18.4
2026-06-09T20:00:00,13.570,13.231,21.84,22.23,1.184,1.132,0.5460,0.5214,7.388,7.261,2802.9,2.692,0.1036,56.1,18.5
2026-06-09T21:00:00,13.264,12.928,21.21,21.95,1.189,1.125,0.5237,0.5155,7.597,7.000,2815.8,2.700,0.1037,56.3,18.6
2026-06-09T22:00:00,12.928,12.540,20.06,20.65,1.174,1.114,0.6232,0.4932,8.261,7.133,2828.3,2.714,0.1053,56.6,18.7
2026-06-09T23:00:00,12.804,12.467,20.65,21.25,1.156,1.101,0.5687,0.5176,7.980,6.908,2840.8,2.727,0.1060,56.8,18.7
2026-06-10T00:00:00,14.256,13.851,19.51,20.65,1.169,1.112,0.5408,0.5116,7.944,7.340,2854.7,2.736,0.1064,57.1,18.8
2026-06-10T01:00:00,12.244,11.976,18.71,19.31,1.166,1.113,0.6037,0.4936,8.349,7.295,2866.6,2.748,0.1077,57.3,18.9
2026-06-10T02:00:00,12.658,12.318,19.91,20.82,1.143,1.079,0.5339,0.5080,8.101,6.975,2879.0,2.762,0.1080,57.6,19.0
2026-06-10T03:00:00,13.089,12.709,19.43,20.75,1.149,1.099,0.5842,0.5210,7.711,6.793,2891.7,2.774,0.1088,57.8,19.1
2026-06-10T04:00:00,13.033,12.808,19.64,20.57,1.166,1.099,0.5343,0.5251,8.335,7.242,2904.5,2.788,0.1089,58.1,19.2
2026-06-10T05:00:00,12.487,12.144,19.47,20.55,1.153,1.102,0.4827,0.5251,8.774,7.106,2916.6,2.808,0.1089,58.3,19.2
2026-06-10T06:00:00,12.543,12.137,19.65,20.09,1.141,1.085,0.5834,0.5305,7.945,7.200,2928.7,2.817,0.1096,58.6,19.3
2026-06-10T07:00:00,13.373,13.068,20.49,21.90,1.155,1.099,0.5415,0.5062,8.288,7.296,2941.8,2.830,0.1100,58.8,19.4
2026-06-10T08:00:00,13.355,13.026,20.36,20.90,1.179,1.126,0.5021,0.5315,7.745,7.252,2954.8,2.836,0.1100,59.1,19.5
2026-06-10T09:00:00,12.904,12.616,22.30,23.61,1.183,1.107,0.5368,0.5121,7.594,7.326,2967.5,2.840,0.1103,59.3,19.6
2026-06-10T10:00:00,13.814,13.472,22.20,23.22,1.210,1.159,0.5566,0.5052,7.931,7.190,2980.9,2.850,0.1110,59.6,19.7
2026-06-10T11:00:00,13.801,13.649,21.97,23.46,1.189,1.131,0.4950,0.5162,8.282,7.220,2994.6,2.864,0.1110,59.9,19.8
2026-06-10T12:00:00,14.325,13.914,22.70,23.16,1.220,1.167,0.5953,0.5075,8.296,7.277,3008.5,2.878,0.1123,60.2,19.9
2026-06-10T13:00:00,13.626,13.426,23.34,23.89,1.229,1.171,0.5691,0.5070,8.289,7.355,3021.9,2.891,0.1131,60.4,19.9
2026-06-10T14:00:00,14.348,14.134,23.87,24.68,1.186,1.132,0.5190,0.5199,8.254,7.371,3036.1,2.903,0.1131,60.7,20.0
2026-06-10T15:00:00,14.300,13.848,23.34,24.11,1.188,1.135,0.5286,0.5171,7.823,7.237,3049.9,2.912,0.1132,61.0,20.1
2026-06-10T16:00:00,14.531,14.048,23.29,24.58,1.239,1.180,0.5261,0.5172,8.639,7.015,3063.9,2.934,0.1134,61.3,20.2
2026-06-10T17:00:00,13.825,13.468,23.14,23.93,1.174,1.107,0.5906,0.5303,7.828,7.342,3077.4,2.941,0.1142,61.5,20.3
2026-06-10T18:00:00,13.798,13.588,23.05,24.08,1.208,1.146,0.5203,0.5218,8.100,7.209,3091.0,2.953,0.1142,61.8,20.4
2026-06-10T19:00:00,13.140,12.829,22.53,23.57,1.232,1.174,0.5740,0.5247,8.240,7.083,3103.8,2.968,0.1148,62.1,20.5
2026-06-10T20:00:00,13.553,13.271,21.55,22.45,1.207,1.156,0.5789,0.5168,7.478,7.543,3117.1,2.968,0.1156,62.3,20.6
2026-06-10T21:00:00,13.988,13.591,20.80,22.08,1.195,1.139,0.5232,0.5123,8.172,7.111,3130.7,2.982,0.1158,62.6,20.7
2026-06-10T22:00:00,13.069,12.875,21.17,22.27,1.183,1.132,0.6105,0.5088,8.291,7.027,3143.6,2.999,0.1171,62.9,20.7
2026-06-10T23:00:00,13.137,12.893,20.47,20.91,1.156,1.097,0.5271,0.5138,8.077,7.283,3156.5,3.009,0.1173,63.1,20.8
2026-06-11T00:00:00,13.168,12.919,20.33,21.21,1.128,1.075,0.5630,0.5148,8.281,7.377,3169.4,3.020,0.1179,63.4,20.9
2026-06-11T01:00:00,12.555,12.284,19.68,20.34,1.169,1.118,0.5580,0.5122,7.779,7.125,3181.7,3.029,0.1185,63.6,21.0
2026-06-11T02:00:00,12.695,12.238,19.70,20.46,1.148,1.091,0.5705,0.5019,8.851,7.409,3193.9,3.046,0.1193,63.9,21.1
2026-06-11T03:00:00,13.073,12.517,19.38,20.41,1.124,1.066,0.5679,0.5120,8.024,7.218,3206.4,3.056,0.1200,64.1,21.2
2026-06-11T04:00:00,13.179,12.966,19.07,20.12,1.126,1.074,0.5374,0.5132,8.528,7.193,3219.4,3.074,0.1203,64.4,21.2
2026-06-11T05:00:00,12.282,11.889,19.65,20.61,1.141,1.087,0.5731,0.5101,8.321,7.207,3231.3,3.087,0.1211,64.6,21.3
2026-06-11T06:00:00,13.102,12.862,19.03,19.87,1.163,1.101,0.5583,0.5070,8.466,7.153,3244.1,3.104,0.1217,64.9,21.4
2026-06-11T07:00:00,12.862,12.392,21.02,21.40,1.131,1.068,0.5416,0.5079,8.456,6.955,3256.5,3.122,0.1221,65.1,21.5
2026-06-11T08:00:00,13.253,12.795,20.97,22.01,1.187,1.135,0.6010,0.5302,7.897,7.315,3269.3,3.130,0.1230,65.4,21.6
2026-06-11T09:00:00,13.899,13.485,21.36,22.02,1.215,1.162,0.5612,0.5128,8.582,7.111,3282.8,3.150,0.1237,65.7,21.7
2026-06-11T10:00:00,13.980,13.638,21.66,22.86,1.161,1.109,0.5370,0.5327,8.520,7.118,3296.4,3.169,0.1238,65.9,21.8
2026-06-11T11:00:00,14.338,14.000,22.34,23.26,1.223,1.167,0.5294,0.5173,8.600,7.086,3310.4,3.190,0.1239,66.2,21.8
2026-06-11T12:00:00,14.244,13.760,23.35,24.22,1.189,1.124,0.5631,0.5190,8.695,6.919,3324.2,3.214,0.1245,66.5,21.9
2026-06-11T13:00:00,14.243,13.905,22.56,22.88,1.211,1.151,0.5353,0.5091,8.774,7.227,3338.1,3.236,0.1249,66.8,22.0
2026-06-11T14:00:00,15.010,14.496,22.61,23.86,1.207,1.156,0.5502,0.5342,8.632,7.343,3352.6,3.255,0.1251,67.1,22.1
2026-06-11T15:00:00,14.391,13.957,24.28,25.37,1.216,1.151,0.5802,0.5237,8.034,7.324,3366.6,3.264,0.1259,67.3,22.2
2026-06-11T16:00:00,13.965,13.611,23.43,24.17,1.243,1.192,0.5760,0.5050,8.870,7.024,3380.2,3.290,0.1269,67.6,22.3
2026-06-11T17:00:00,14.216,13.698,23.07,23.88,1.198,1.141,0.5733,0.5100,8.630,7.069,3393.9,3.311,0.1278,67.9,22.4
2026-06-11T18:00:00,14.071,13.678,22.75,23.59,1.213,1.162,0.5881,0.5268,8.759,7.385,3407.6,3.330,0.1286,68.2,22.5
2026-06-11T19:00:00,13.672,13.233,22.53,23.15,1.201,1.151,0.5603,0.5051,8.331,7.118,3420.8,3.346,0.1293,68.4,22.6
2026-06-11T20:00:00,13.946,13.486,21.24,21.73,1.188,1.133,0.4878,0.5296,8.443,7.174,3434.3,3.363,0.1293,68.7,22.7
2026-06-11T21:00:00,13.146,12.759,22.03,22.74,1.175,1.114,0.4930,0.5223,8.384,7.151,3447.0,3.379,0.1293,68.9,22.8
2026-06-11T22:00:00,13.462,13.146,20.11,20.77,1.163,1.111,0.5699,0.5215,7.499,7.110,3460.2,3.384,0.1300,69.2,22.8
2026-06-11T23:00:00,12.961,12.693,20.10,20.53,1.167,1.116,0.5785,0.5086,8.046,6.809,3472.9,3.399,0.1308,69.5,22.9
2026-06-12T00:00:00,13.318,12.938,19.54,20.13,1.174,1.123,0.5752,0.5298,7.959,6.866,3485.8,3.414,0.1314,69.7,23.0
2026-06-12T01:00:00,12.554,12.215,19.67,20.32,1.146,1.093,0.5032,0.4931,8.565,6.923,3498.0,3.434,0.1316,70.0,23.1
2026-06-12T02:00:00,12.458,12.151,18.92,19.65,1.142,1.087,0.4890,0.5181,8.559,7.118,3510.2,3.451,0.1316,70.2,23.2
2026-06-12T03:00:00,12.800,12.585,19.33,19.89,1.185,1.130,0.5935,0.5184,8.059,7.359,3522.8,3.460,0.1325,70.5,23.3
2026-06-12T04:00:00,12.582,12.253,19.80,20.56,1.158,1.101,0.5650,0.5229,7.719,7.228,3535.0,3.466,0.1330,70.7,23.3
2026-06-12T05:00:00,13.773,13.434,19.29,20.02,1.129,1.072,0.5403,0.5098,8.507,7.233,3548.4,3.483,0.1334,71.0,23.4
2026-06-12T06:00:00,12.455,12.088,20.16,20.94,1.156,1.102,0.5692,0.5136,7.804,7.032,3560.5,3.492,0.1341,71.2,23.5
2026-06-12T07:00:00,13.270,12.890,19.06,19.76,1.174,1.117,0.5764,0.5171,7.955,7.007,3573.4,3.505,0.1349,71.5,23.6
2026-06-12T08:00:00,12.848,12.431,20.66,21.23,1.177,1.121,0.5951,0.5098,8.425,7.007,3585.9,3.522,0.1359,71.7,23.7
2026-06-12T09:00:00,13.621,13.161,21.48,22.15,1.175,1.120,0.5577,0.4951,8.394,7.228,3599.0,3.538,0.1367,72.0,23.8
2026-06-12T10:00:00,13.536,13.085,21.55,22.12,1.180,1.122,0.5837,0.4963,8.508,7.082,3612.1,3.556,0.1379,72.2,23.8
2026-06-12T11:00:00,14.443,14.013,22.32,23.03,1.187,1.133,0.4962,0.5142,8.898,7.070,3626.1,3.582,0.1379,72.5,23.9
2026-06-12T12:00:00,14.200,13.855,22.69,23.23,1.201,1.148,0.5757,0.5318,7.841,7.462,3640.0,3.587,0.1385,72.8,24.0
2026-06-12T13:00:00,13.579,13.182,23.06,23.95,1.228,1.166,0.5153,0.5138,8.222,7.074,3653.2,3.602,0.1385,73.1,24.1
2026-06-12T14:00:00,14.142,14.012,23.16,24.02,1.206,1.152,0.5530,0.5202,7.847,7.092,3667.2,3.613,0.1390,73.3,24.2
2026-06-12T15:00:00,13.835,13.423,23.46,24.37,1.230,1.176,0.5380,0.5135,7.886,7.010,3680.6,3.625,0.1393,73.6,24.3
2026-06-12T16:00:00,14.409,14.108,23.19,23.67,1.219,1.157,0.5777,0.5265,8.292,7.088,3694.7,3.642,0.1400,73.9,24.4
2026-06-12T17:00:00,14.161,13.520,22.96,23.90,1.234,1.176,0.5518,0.5300,8.461,7.238,3708.2,3.658,0.1403,74.2,24.5
2026-06-12T18:00:00,13.908,13.476,22.66,23.47,1.172,1.114,0.5686,0.5269,7.717,7.463,3721.7,3.662,0.1409,74.4,24.6
2026-06-12T19:00:00,14.326,14.083,22.10,22.40,1.214,1.163,0.5318,0.5262,8.987,7.148,3735.8,3.687,0.1410,74.7,24.7
2026-06-12T20:00:00,13.423,13.197,21.16,21.31,1.206,1.143,0.5391,0.5013,7.717,7.269,3749.0,3.693,0.1415,75.0,24.7
2026-06-12T21:00:00,13.232,12.899,22.00,23.25,1.206,1.136,0.6102,0.5120,7.973,7.087,3761.9,3.705,0.1427,75.2,24.8
2026-06-12T22:00:00,13.173,12.843,21.07,21.62,1.169,1.107,0.5351,0.5091,8.477,7.061,3774.7,3.723,0.1431,75.5,24.9
2026-06-12T23:00:00,12.581,12.296,19.72,19.98,1.170,1.112,0.5473,0.5104,7.908,6.795,3787.0,3.737,0.1435,75.7,25.0
2026-06-13T00:00:00,12.759,12.317,20.47,21.06,1.141,1.089,0.5752,0.5249,7.803,7.324,3799.3,3.743,0.1441,76.0,25.1
2026-06-13T01:00:00,11.942,11.648,19.61,20.58,1.138,1.084,0.5853,0.5280,8.059,7.112,3811.0,3.754,0.1448,76.2,25.2
2026-06-13T02:00:00,12.404,12.009,18.70,19.66,1.129,1.070,0.5198,0.4979,8.080,7.418,3823.0,3.761,0.1451,76.5,25.2
2026-06-13T03:00:00,13.033,12.615,19.49,20.37,1.147,1.092,0.5851,0.5121,7.702,7.412,3835.6,3.765,0.1460,76.7,25.3
2026-06-13T04:00:00,12.773,12.421,18.76,19.49,1.164,1.110,0.5185,0.5160,7.927,7.182,3848.0,3.774,0.1460,77.0,25.4
2026-06-13T05:00:00,13.678,13.494,18.87,19.24,1.142,1.081,0.5603,0.5085,8.701,6.988,3861.5,3.798,0.1467,77.2,25.5
2026-06-13T06:00:00,12.128,11.791,19.88,20.45,1.154,1.100,0.5797,0.5091,7.758,6.972,3873.3,3.807,0.1475,77.5,25.6
2026-06-13T07:00:00,13.231,12.822,20.45,21.11,1.156,1.103,0.5603,0.5363,8.176,7.155,3886.1,3.820,0.1479,77.7,25.6
2026-06-13T08:00:00,12.491,12.161,20.67,21.69,1.174,1.112,0.5975,0.5140,7.903,7.267,3898.3,3.828,0.1489,78.0,25.7
2026-06-13T09:00:00,13.928,13.541,21.19,22.31,1.185,1.134,0.5624,0.5046,8.333,7.098,3911.8,3.844,0.1496,78.2,25.8
2026-06-13T10:00:00,14.655,14.434,21.60,22.85,1.209,1.159,0.5801,0.5256,8.450,7.391,3926.3,3.860,0.1504,78.5,25.9
2026-06-13T11:00:00,13.723,13.496,21.43,22.53,1.196,1.144,0.5567,0.5002,7.600,6.932,3939.8,3.869,0.1512,78.8,26.0
2026-06-13T12:00:00,14.042,13.685,22.70,24.14,1.228,1.177,0.5757,0.5103,8.327,7.144,3953.4,3.885,0.1521,79.1,26.1
2026-06-13T13:00:00,14.781,14.397,23.25,23.80,1.239,1.182,0.6498,0.5123,7.655,7.143,3967.8,3.892,0.1541,79.4,26.2
2026-06-13T14:00:00,14.725,14.161,22.89,23.68,1.227,1.175,0.5755,0.5112,8.469,7.194,3982.0,3.910,0.1550,79.6,26.3
2026-06-13T15:00:00,14.648,14.360,22.31,23.08,1.213,1.162,0.5124,0.5283,8.371,6.885,3996.4,3.932,0.1550,79.9,26.4
2026-06-13T16:00:00,14.349,13.881,23.39,24.11,1.220,1.163,0.5030,0.5149,7.832,7.179,4010.2,3.941,0.1550,80.2,26.5
2026-06-13T17:00:00,14.793,14.545,22.87,23.84,1.215,1.153,0.5865,0.5374,8.459,6.658,4024.8,3.967,0.1557,80.5,26.6
2026-06-13T18:00:00,14.214,13.928,22.32,22.85,1.206,1.151,0.5898,0.5074,8.126,7.016,4038.7,3.982,0.1568,80.8,26.7
2026-06-13T19:00:00,14.185,13.955,21.85,22.78,1.205,1.146,0.5282,0.5274,7.884,7.019,4052.7,3.994,0.1569,81.1,26.7
2026-06-13T20:00:00,13.234,12.960,21.94,22.70,1.168,1.111,0.6046,0.5077,8.382,7.096,4065.6,4.011,0.1581,81.3,26.8
2026-06-13T21:00:00,13.478,12.920,21.08,22.04,1.182,1.126,0.5870,0.5176,8.688,7.122,4078.6,4.031,0.1590,81.6,26.9
2026-06-13T22:00:00,12.646,12.243,20.74,22.12,1.173,1.117,0.5829,0.5175,7.405,7.192,4090.8,4.034,0.1598,81.8,27.0
2026-06-13T23:00:00,13.216,12.829,21.00,21.74,1.164,1.107,0.5713,0.4978,8.202,6.966,4103.6,4.050,0.1608,82.1,27.1
2026-06-14T00:00:00,12.409,12.133,20.11,21.09,1.125,1.069,0.5925,0.5105,8.227,7.081,4115.8,4.064,0.1617,82.3,27.2
2026-06-14T01:00:00,13.084,12.687,18.88,19.97,1.158,1.093,0.5293,0.5052,8.439,7.059,4128.4,4.081,0.1621,82.6,27.2
2026-06-14T02:00:00,13.167,12.855,19.21,19.94,1.137,1.083,0.5576,0.5055,8.719,7.055,4141.3,4.103,0.1627,82.8,27.3
2026-06-14T03:00:00,12.929,12.475,19.12,20.19,1.154,1.102,0.5027,0.5043,8.580,7.077,4153.8,4.121,0.1627,83.1,27.4
2026-06-14T04:00:00,11.896,11.640,18.97,20.02,1.144,1.087,0.5230,0.5368,8.424,7.260,4165.4,4.135,0.1627,83.3,27.5
2026-06-14T05:00:00,13.237,13.096,19.35,20.21,1.158,1.099,0.5403,0.5317,8.206,7.012,4178.5,4.150,0.1628,83.6,27.6
2026-06-14T06:00:00,12.390,12.033,19.76,20.56,1.130,1.064,0.5358,0.5173,7.925,7.426,4190.5,4.156,0.1631,83.8,27.7
2026-06-14T07:00:00,13.353,12.972,19.78,20.61,1.157,1.106,0.5271,0.5094,7.407,6.592,4203.5,4.167,0.1633,84.1,27.7
2026-06-14T08:00:00,13.708,13.454,20.43,21.39,1.183,1.126,0.5160,0.4957,8.626,7.245,4217.0,4.186,0.1636,84.3,27.8
2026-06-14T09:00:00,13.297,12.962,20.83,21.49,1.168,1.114,0.5381,0.5152,7.832,7.291,4229.9,4.193,0.1639,84.6,27.9
2026-06-14T10:00:00,14.347,14.131,21.58,22.92,1.170,1.118,0.5196,0.5063,8.405,7.107,4244.1,4.211,0.1640,84.9,28.0
2026-06-14T11:00:00,13.778,13.405,22.37,23.26,1.203,1.149,0.5130,0.5325,8.327,7.144,4257.5,4.227,0.1640,85.1,28.1
2026-06-14T12:00:00,14.347,13.807,22.32,22.97,1.221,1.167,0.5551,0.5259,8.436,7.262,4271.3,4.243,0.1644,85.4,28.2
2026-06-14T13:00:00,14.564,14.141,22.84,23.65,1.209,1.151,0.5673,0.5055,8.844,7.337,4285.4,4.264,0.1653,85.7,28.3
2026-06-14T14:00:00,14.353,13.878,22.56,23.23,1.219,1.169,0.5623,0.5153,8.318,7.332,4299.3,4.278,0.1660,86.0,28.4
2026-06-14T15:00:00,14.444,14.168,22.68,23.09,1.252,1.197,0.5275,0.5143,7.907,7.091,4313.5,4.290,0.1662,86.3,28.5
2026-06-14T16:00:00,14.048,13.625,22.55,23.42,1.208,1.140,0.5261,0.5072,8.499,7.160,4327.1,4.308,0.1664,86.5,28.6
2026-06-14T17:00:00,14.440,13.923,22.47,23.34,1.243,1.191,0.5706,0.5176,7.576,7.223,4341.0,4.313,0.1672,86.8,28.7
2026-06-14T18:00:00,13.875,13.666,21.75,21.97,1.210,1.157,0.5507,0.4911,7.469,7.320,4354.7,4.315,0.1680,87.1,28.7
2026-06-14T19:00:00,14.186,14.098,21.52,22.58,1.209,1.157,0.5632,0.5214,7.470,6.927,4368.8,4.322,0.1686,87.4,28.8
2026-06-14T20:00:00,13.418,13.029,21.72,22.23,1.188,1.126,0.5552,0.5051,9.030,6.957,4381.8,4.349,0.1692,87.6,28.9
2026-06-14T21:00:00,14.195,14.009,21.57,22.58,1.172,1.112,0.5799,0.4906,8.268,7.083,4395.8,4.366,0.1705,87.9,29.0
2026-06-14T22:00:00,12.932,12.552,21.10,21.95,1.166,1.115,0.5518,0.5079,8.639,7.111,4408.4,4.385,0.1710,88.2,29.1
2026-06-14T23:00:00,13.212,13.113,20.25,21.12,1.141,1.089,0.5992,0.5125,8.878,7.062,4421.5,4.409,0.1722,88.4,29.2
2026-06-15T00:00:00,12.624,12.291,19.58,20.67,1.137,1.084,0.5088,0.5157,8.601,7.215,4433.8,4.426,0.1722,88.7,29.3
2026-06-15T01:00:00,12.252,11.913,19.53,20.74,1.122,1.070,0.5340,0.5059,8.132,7.075,4445.7,4.439,0.1725,88.9,29.3
2026-06-15T02:00:00,12.416,12.121,18.84,19.46,1.162,1.103,0.5452,0.5091,7.992,7.081,4457.8,4.450,0.1729,89.2,29.4
2026-06-15T03:00:00,13.454,13.147,18.80,19.59,1.127,1.069,0.5895,0.5216,7.522,7.216,4470.9,4.454,0.1738,89.4,29.5
2026-06-15T04:00:00,12.346,12.069,19.20,19.93,1.155,1.100,0.6125,0.5161,8.027,6.824,4483.0,4.468,0.1750,89.7,29.6
2026-06-15T05:00:00,12.794,12.597,19.25,20.05,1.156,1.096,0.5336,0.5208,8.139,7.015,4495.6,4.482,0.1751,89.9,29.7
2026-06-15T06:00:00,13.269,12.907,19.03,20.05,1.115,1.063,0.5578,0.5242,7.969,6.935,4508.5,4.496,0.1756,90.2,29.8
2026-06-15T07:00:00,12.393,12.019,20.89,22.03,1.176,1.122,0.5507,0.5229,8.603,7.121,4520.5,4.514,0.1759,90.4,29.8
2026-06-15T08:00:00,14.075,13.716,21.33,21.95,1.181,1.123,0.4832,0.5079,8.775,6.967,4534.3,4.538,0.1759,90.7,29.9
2026-06-15T09:00:00,12.704,12.462,21.43,22.04,1.168,1.117,0.6070,0.5098,7.668,6.963,4546.7,4.547,0.1771,90.9,30.0
2026-06-15T10:00:00,13.743,13.387,22.06,22.78,1.212,1.157,0.5866,0.4900,9.008,7.255,4560.1,4.571,0.1784,91.2,30.1
2026-06-15T11:00:00,14.228,13.748,21.51,22.30,1.207,1.145,0.6045,0.5208,7.811,7.077,4573.9,4.581,0.1796,91.5,30.2
2026-06-15T12:00:00,14.023,13.502,22.68,23.68,1.206,1.150,0.5061,0.5096,7.542,6.882,4587.4,4.590,0.1796,91.7,30.3
2026-06-15T13:00:00,15.389,14.977,22.94,23.60,1.226,1.172,0.6181,0.5286,7.655,7.148,4602.3,4.597,0.1809,92.0,30.4
2026-06-15T14:00:00,14.611,14.028,22.76,23.58,1.247,1.193,0.4973,0.5269,7.883,7.038,4616.4,4.609,0.1809,92.3,30.5
2026-06-15T15:00:00,14.538,14.236,23.31,24.43,1.200,1.138,0.5846,0.5071,8.173,7.130,4630.6,4.624,0.1820,92.6,30.6
2026-06-15T16:00:00,14.871,14.542,22.94,23.61,1.227,1.173,0.6430,0.5204,7.751,7.189,4645.1,4.632,0.1838,92.9,30.7
2026-06-15T17:00:00,14.484,14.004,22.94,24.16,1.196,1.141,0.5310,0.5060,7.695,7.292,4659.1,4.638,0.1841,93.2,30.8
2026-06-15T18:00:00,14.168,13.857,22.17,23.42,1.215,1.152,0.5750,0.5156,8.246,7.220,4673.0,4.652,0.1850,93.5,30.8
2026-06-15T19:00:00,14.747,14.275,22.45,23.28,1.185,1.133,0.4817,0.5157,8.035,7.108,4687.3,4.665,0.1850,93.7,30.9
2026-06-15T20:00:00,13.396,12.906,21.38,21.84,1.187,1.131,0.5885,0.5267,8.458,7.109,4700.2,4.683,0.1858,94.0,31.0
2026-06-15T21:00:00,13.339,13.084,20.94,21.44,1.154,1.097,0.5463,0.5067,8.030,7.214,4713.3,4.693,0.1863,94.3,31.1
2026-06-15T22:00:00,12.709,12.523,21.65,22.44,1.172,1.120,0.5031,0.4991,7.880,7.125,4725.8,4.703,0.1863,94.5,31.2
2026-06-15T23:00:00,12.483,12.182,20.25,21.29,1.142,1.081,0.5229,0.4948,8.168,7.194,4738.0,4.715,0.1867,94.8,31.3
2026-06-16T00:00:00,12.745,12.374,19.02,19.73,1.145,1.077,0.4804,0.5021,8.406,7.010,4750.3,4.732,0.1867,95.0,31.4
2026-06-16T01:00:00,12.528,12.294,19.63,20.14,1.105,1.052,0.5375,0.5044,7.903,7.255,4762.6,4.740,0.1871,95.3,31.4
2026-06-16T02:00:00,13.051,12.836,18.49,19.15,1.135,1.076,0.5661,0.5006,7.886,6.997,4775.5,4.751,0.1879,95.5,31.5
2026-06-16T03:00:00,13.634,13.285,19.11,19.95,1.162,1.112,0.5294,0.5173,7.759,7.146,4788.8,4.759,0.1881,95.8,31.6
2026-06-16T04:00:00,13.135,12.923,19.46,19.93,1.111,1.057,0.5994,0.5369,7.663,6.923,4801.7,4.769,0.1889,96.0,31.7
2026-06-16T05:00:00,12.787,12.260,19.40,20.49,1.173,1.119,0.5491,0.5152,8.133,6.971,4813.9,4.783,0.1893,96.3,31.8
2026-06-16T06:00:00,13.114,12.855,19.91,20.68,1.141,1.078,0.5619,0.5132,7.680,7.300,4826.8,4.788,0.1899,96.5,31.9
2026-06-16T07:00:00,13.050,12.810,20.06,21.11,1.182,1.124,0.5693,0.4956,8.622,7.063,4839.6,4.808,0.1909,96.8,31.9
2026-06-16T08:00:00,13.336,12.919,20.62,21.50,1.147,1.091,0.5652,0.5223,8.245,6.972,4852.5,4.825,0.1914,97.1,32.0
2026-06-16T09:00:00,13.109,12.913,20.93,21.65,1.161,1.108,0.6034,0.4967,8.348,7.056,4865.4,4.841,0.1928,97.3,32.1
2026-06-16T10:00:00,13.967,13.526,21.36,22.53,1.207,1.151,0.5967,0.5199,7.801,6.918,4879.0,4.853,0.1938,97.6,32.2
2026-06-16T11:00:00,14.248,13.721,22.38,23.19,1.194,1.137,0.5231,0.5215,8.403,7.154,4892.7,4.870,0.1939,97.9,32.3
2026-06-16T12:00:00,13.028,12.845,23.19,23.82,1.235,1.185,0.5587,0.4996,7.233,7.167,4905.5,4.871,0.1946,98.1,32.4
2026-06-16T13:00:00,15.219,14.979,22.80,23.38,1.196,1.140,0.5576,0.4978,7.696,7.309,4920.5,4.877,0.1955,98.4,32.5
2026-06-16T14:00:00,15.695,15.342,22.94,23.77,1.229,1.175,0.5407,0.5117,8.916,7.211,4935.9,4.903,0.1960,98.7,32.6
2026-06-16T15:00:00,14.548,14.201,23.45,24.38,1.206,1.156,0.5429,0.5033,7.972,7.052,4950.1,4.916,0.1965,99.0,32.7
2026-06-16T16:00:00,14.620,14.203,22.41,23.63,1.212,1.155,0.5132,0.5072,8.013,7.027,4964.3,4.930,0.1966,99.3,32.8
2026-06-16T17:00:00,13.986,13.777,23.30,24.24,1.199,1.148,0.5940,0.5243,8.369,7.119,4978.0,4.947,0.1976,99.6,32.9
2026-06-16T18:00:00,14.453,13.796,22.16,22.82,1.226,1.170,0.5772,0.5199,7.900,7.226,4991.8,4.957,0.1984,99.8,32.9
2026-06-16T19:00:00,14.332,13.923,22.80,23.85,1.181,1.127,0.5586,0.5124,8.577,7.101,5005.7,4.977,0.1990,100.1,33.0
2026-06-16T20:00:00,14.269,13.909,21.66,22.50,1.169,1.118,0.5365,0.5042,8.341,7.265,5019.7,4.992,0.1995,100.4,33.1
2026-06-16T21:00:00,13.198,13.074,20.86,21.92,1.182,1.129,0.5601,0.5096,8.033,7.001,5032.7,5.006,0.2001,100.7,33.2
2026-06-16T22:00:00,12.765,12.196,20.07,20.96,1.163,1.099,0.5495,0.5164,8.188,7.022,5044.9,5.020,0.2005,100.9,33.3
2026-06-16T23:00:00,14.081,13.660,19.22,19.88,1.182,1.128,0.5678,0.5195,8.128,7.106,5058.6,5.034,0.2012,101.2,33.4
2026-06-17T00:00:00,13.240,12.865,18.91,19.77,1.119,1.067,0.5646,0.5213,7.983,7.208,5071.5,5.044,0.2017,101.4,33.5
2026-06-17T01:00:00,12.784,12.401,19.14,20.22,1.130,1.060,0.4803,0.5083,8.106,7.008,5083.9,5.057,0.2017,101.7,33.6
2026-06-17T02:00:00,12.350,11.967,19.03,19.87,1.141,1.085,0.4994,0.5220,7.829,6.992,5095.8,5.067,0.2017,101.9,33.6
2026-06-17T03:00:00,12.839,12.408,19.08,19.87,1.143,1.092,0.5402,0.5291,8.536,7.220,5108.2,5.084,0.2019,102.2,33.7
2026-06-17T04:00:00,12.775,12.636,18.56,19.59,1.128,1.064,0.5621,0.5148,8.658,6.845,5120.9,5.107,0.2025,102.4,33.8
2026-06-17T05:00:00,12.307,11.944,19.42,20.09,1.151,1.098,0.4938,0.5171,8.063,6.966,5132.8,5.120,0.2025,102.7,33.9
2026-06-17T06:00:00,13.798,13.361,20.22,21.07,1.158,1.103,0.5345,0.4987,8.341,6.902,5146.2,5.139,0.2030,102.9,34.0
2026-06-17T07:00:00,12.937,12.499,20.79,21.73,1.169,1.117,0.5143,0.5089,8.828,6.997,5158.7,5.162,0.2030,103.2,34.0
2026-06-17T08:00:00,12.996,12.743,20.93,21.73,1.171,1.119,0.5838,0.5013,7.869,6.987,5171.4,5.173,0.2041,103.4,34.1
2026-06-17T09:00:00,14.009,13.616,21.15,22.22,1.177,1.121,0.5894,0.5022,8.529,7.028,5185.0,5.194,0.2053,103.7,34.2
2026-06-17T10:00:00,14.510,14.050,21.41,22.49,1.197,1.133,0.5238,0.5250,7.934,7.147,5199.1,5.205,0.2053,104.0,34.3
2026-06-17T11:00:00,14.087,13.668,21.41,22.25,1.208,1.145,0.5013,0.5265,8.283,7.436,5212.7,5.216,0.2053,104.3,34.4
2026-06-17T12:00:00,14.119,13.734,22.50,23.28,1.207,1.152,0.5102,0.5172,8.029,6.977,5226.5,5.231,0.2053,104.5,34.5
2026-06-17T13:00:00,15.457,14.861,22.54,23.66,1.219,1.162,0.4822,0.5282,8.087,7.230,5241.3,5.243,0.2053,104.8,34.6
2026-06-17T14:00:00,15.060,14.766,22.70,23.54,1.190,1.138,0.5496,0.4934,7.467,6.842,5256.1,5.253,0.2061,105.1,34.7
2026-06-17T15:00:00,14.350,14.115,22.77,23.64,1.252,1.197,0.5456,0.4979,7.508,6.869,5270.2,5.262,0.2068,105.4,34.8
2026-06-17T16:00:00,14.762,14.386,22.35,23.20,1.191,1.133,0.5218,0.5361,7.834,7.443,5284.6,5.267,0.2068,105.7,34.9
2026-06-17T17:00:00,15.043,14.546,23.04,23.48,1.202,1.144,0.5516,0.5141,8.159,7.200,5299.2,5.281,0.2073,106.0,35.0
2026-06-17T18:00:00,13.778,13.564,22.79,23.68,1.230,1.178,0.5309,0.5321,8.399,6.802,5312.7,5.303,0.2073,106.3,35.1
2026-06-17T19:00:00,14.023,13.574,22.01,22.97,1.221,1.168,0.5882,0.5164,8.407,6.993,5326.3,5.322,0.2083,106.5,35.2
2026-06-17T20:00:00,12.992,12.415,21.15,21.91,1.184,1.130,0.5687,0.5180,8.420,6.921,5338.7,5.341,0.2089,106.8,35.2
2026-06-17T21:00:00,14.098,13.699,21.51,22.29,1.182,1.130,0.5830,0.5017,7.841,6.919,5352.4,5.353,0.2100,107.0,35.3
2026-06-17T22:00:00,13.032,12.563,20.98,21.52,1.164,1.113,0.4833,0.5342,7.784,7.004,5365.0,5.363,0.2100,107.3,35.4
2026-06-17T23:00:00,13.552,13.167,20.11,20.83,1.167,1.116,0.5659,0.5157,7.527,7.317,5378.1,5.366,0.2107,107.6,35.5
2026-06-18T00:00:00,12.003,11.725,19.35,20.28,1.152,1.089,0.5763,0.5104,8.477,7.116,5389.9,5.382,0.2115,107.8,35.6
2026-06-18T01:00:00,13.175,12.839,18.60,19.95,1.177,1.119,0.5347,0.5060,8.058,7.117,5402.7,5.394,0.2118,108.1,35.7
2026-06-18T02:00:00,12.327,12.052,18.44,19.28,1.129,1.075,0.5268,0.5104,8.192,7.099,5414.8,5.407,0.2120,108.3,35.7
2026-06-18T03:00:00,12.842,12.487,18.36,19.28,1.127,1.069,0.5434,0.5073,7.915,7.109,5427.2,5.417,0.2125,108.5,35.8
2026-06-18T04:00:00,12.398,12.030,18.97,19.97,1.123,1.068,0.5098,0.4965,8.012,6.751,5439.3,5.432,0.2126,108.8,35.9
2026-06-18T05:00:00,11.884,11.576,19.36,20.49,1.149,1.099,0.4460,0.5157,7.632,7.047,5450.8,5.439,0.2126,109.0,36.0
2026-06-18T06:00:00,13.313,13.099,18.75,20.00,1.163,1.104,0.6001,0.5151,8.540,6.933,5463.9,5.460,0.2137,109.3,36.1
2026-06-18T07:00:00,12.722,12.370,19.79,20.77,1.185,1.129,0.5583,0.5134,8.008,7.419,5476.3,5.468,0.2143,109.5,36.1
2026-06-18T08:00:00,13.480,13.074,20.77,21.60,1.178,1.120,0.5434,0.5173,8.470,7.083,5489.4,5.486,0.2146,109.8,36.2
2026-06-18T09:00:00,12.565,12.335,20.97,21.57,1.181,1.111,0.5477,0.4909,7.954,6.911,5501.7,5.499,0.2153,110.0,36.3
2026-06-18T10:00:00,13.709,13.364,20.96,22.22,1.201,1.144,0.5888,0.5204,8.020,7.120,5515.1,5.511,0.2163,110.3,36.4
2026-06-18T11:00:00,14.562,14.200,22.06,23.25,1.210,1.152,0.5363,0.4994,7.753,7.070,5529.3,5.520,0.2168,110.6,36.5
2026-06-18T12:00:00,13.711,13.269,22.63,23.56,1.203,1.139,0.5737,0.4817,7.025,6.963,5542.6,5.521,0.2180,110.9,36.6
2026-06-18T13:00:00,14.061,13.722,22.45,23.27,1.227,1.164,0.5400,0.5070,7.868,7.173,5556.3,5.531,0.2185,111.1,36.7
2026-06-18T14:00:00,14.262,14.053,22.62,23.47,1.195,1.141,0.4836,0.5153,8.542,7.046,5570.3,5.552,0.2185,111.4,36.8
2026-06-18T15:00:00,14.739,14.242,23.14,24.41,1.227,1.165,0.5485,0.5153,7.790,7.313,5584.6,5.558,0.2189,111.7,36.9
2026-06-18T16:00:00,14.982,14.328,22.83,23.83,1.235,1.167,0.5313,0.5164,7.866,7.053,5598.9,5.570,0.2191,112.0,37.0
2026-06-18T17:00:00,13.272,12.991,23.19,23.86,1.234,1.173,0.5901,0.5143,8.048,7.002,5611.9,5.584,0.2201,112.2,37.0
2026-06-18T18:00:00,14.627,14.214,21.85,22.82,1.214,1.162,0.5069,0.5227,8.590,7.247,5626.1,5.603,0.2201,112.5,37.1
2026-06-18T19:00:00,13.963,13.615,21.44,22.28,1.208,1.157,0.5885,0.5130,8.367,7.062,5639.7,5.621,0.2212,112.8,37.2
2026-06-18T20:00:00,13.599,13.426,22.23,23.36,1.186,1.127,0.5327,0.5045,7.925,7.093,5653.1,5.632,0.2215,113.1,37.3
2026-06-18T21:00:00,13.575,13.179,20.75,21.31,1.181,1.130,0.5370,0.5196,8.525,7.229,5666.3,5.649,0.2218,113.3,37.4
2026-06-18T22:00:00,13.188,12.851,19.82,20.78,1.155,1.103,0.5530,0.4877,7.663,7.183,5679.2,5.655,0.2226,113.6,37.5
2026-06-18T23:00:00,13.362,13.001,19.53,19.70,1.175,1.122,0.5445,0.4970,8.443,6.958,5692.2,5.674,0.2232,113.8,37.6
2026-06-19T00:00:00,12.445,12.134,19.25,19.97,1.146,1.094,0.5865,0.5066,7.996,7.275,5704.3,5.683,0.2242,114.1,37.6
2026-06-19T01:00:00,12.232,11.749,19.19,20.23,1.132,1.079,0.6373,0.5244,8.033,6.869,5716.1,5.697,0.2255,114.3,37.7
2026-06-19T02:00:00,12.193,11.897,18.95,19.70,1.151,1.096,0.5620,0.5054,8.110,6.754,5728.0,5.713,0.2262,114.6,37.8
2026-06-19T03:00:00,12.940,12.582,18.27,19.33,1.119,1.066,0.5391,0.5106,7.945,7.095,5740.5,5.724,0.2265,114.8,37.9
2026-06-19T04:00:00,12.328,11.938,18.70,19.99,1.150,1.098,0.5101,0.5226,8.375,6.816,5752.5,5.742,0.2265,115.0,38.0
2026-06-19T05:00:00,13.253,12.816,18.65,19.47,1.136,1.080,0.5471,0.5215,7.983,6.755,5765.3,5.758,0.2269,115.3,38.1
2026-06-19T06:00:00,12.882,12.555,19.41,19.86,1.138,1.083,0.5593,0.5137,8.495,7.075,5777.8,5.776,0.2275,115.6,38.1
2026-06-19T07:00:00,13.005,12.626,19.85,20.44,1.163,1.110,0.5691,0.5063,7.610,6.733,5790.5,5.787,0.2282,115.8,38.2
2026-06-19T08:00:00,13.371,13.094,19.94,20.36,1.163,1.104,0.5308,0.5084,7.579,6.803,5803.6,5.797,0.2285,116.1,38.3
2026-06-19T09:00:00,13.634,13.271,20.90,21.89,1.178,1.114,0.5261,0.5056,8.389,6.857,5816.8,5.817,0.2288,116.3,38.4
2026-06-19T10:00:00,14.282,13.924,21.08,22.09,1.194,1.137,0.5458,0.5133,8.950,6.913,5830.8,5.846,0.2293,116.6,38.5
2026-06-19T11:00:00,13.681,13.292,21.69,22.14,1.200,1.147,0.5479,0.5081,8.609,7.201,5844.1,5.864,0.2298,116.9,38.6
2026-06-19T12:00:00,13.789,13.529,22.06,22.97,1.203,1.150,0.5392,0.5252,8.044,6.781,5857.6,5.881,0.2300,117.2,38.7
2026-06-19T13:00:00,14.089,13.685,22.86,24.17,1.214,1.145,0.5481,0.5172,7.746,7.139,5871.3,5.890,0.2304,117.4,38.8
2026-06-19T14:00:00,14.055,13.624,22.67,23.79,1.240,1.180,0.6151,0.5216,8.303,7.036,5884.9,5.907,0.2317,117.7,38.8
2026-06-19T15:00:00,14.879,14.351,22.61,23.56,1.235,1.175,0.5503,0.5198,8.361,6.719,5899.2,5.931,0.2321,118.0,38.9
2026-06-19T16:00:00,14.614,14.136,23.38,24.03,1.207,1.141,0.5050,0.5256,7.935,7.019,5913.4,5.944,0.2321,118.3,39.0
2026-06-19T17:00:00,13.720,13.438,22.87,23.90,1.194,1.139,0.5232,0.5130,7.639,7.039,5926.8,5.952,0.2323,118.5,39.1
2026-06-19T18:00:00,14.363,13.865,22.72,24.22,1.186,1.126,0.5710,0.4986,8.653,7.166,5940.7,5.972,0.2333,118.8,39.2
2026-06-19T19:00:00,13.483,13.060,21.98,22.71,1.223,1.167,0.5960,0.4993,8.320,7.245,5953.7,5.986,0.2345,119.1,39.3
2026-06-19T20:00:00,14.014,13.754,22.15,22.82,1.207,1.144,0.5288,0.5208,8.041,6.772,5967.5,6.004,0.2346,119.3,39.4
2026-06-19T21:00:00,13.232,12.851,20.79,21.65,1.189,1.136,0.5385,0.5082,7.982,7.319,5980.3,6.012,0.2350,119.6,39.5
2026-06-19T22:00:00,13.484,13.080,19.93,21.50,1.164,1.101,0.5413,0.5051,7.619,7.064,5993.4,6.019,0.2355,119.9,39.6
2026-06-19T23:00:00,13.065,12.710,19.63,20.56,1.150,1.099,0.5467,0.5137,7.979,6.839,6006.1,6.034,0.2359,120.1,39.6
2026-06-20T00:00:00,12.607,12.311,19.52,20.28,1.151,1.096,0.5447,0.5095,7.831,6.827,6018.4,6.046,0.2363,120.4,39.7
2026-06-20T01:00:00,12.762,12.278,19.01,20.04,1.157,1.102,0.5815,0.5055,8.059,7.062,6030.7,6.059,0.2373,120.6,39.8
2026-06-20T02:00:00,12.309,11.972,19.19,20.77,1.143,1.093,0.5968,0.4991,7.221,6.892,6042.7,6.062,0.2384,120.9,39.9
2026-06-20T03:00:00,11.797,11.577,19.04,20.00,1.140,1.069,0.5655,0.5064,7.600,6.816,6054.3,6.072,0.2391,121.1,40.0
2026-06-20T04:00:00,12.251,12.019,18.85,19.46,1.123,1.064,0.6022,0.5143,8.255,6.947,6066.3,6.087,0.2402,121.3,40.0
2026-06-20T05:00:00,12.920,12.651,19.43,20.18,1.139,1.081,0.5345,0.5026,8.018,6.854,6078.9,6.102,0.2406,121.6,40.1
2026-06-20T06:00:00,13.296,12.942,19.37,19.65,1.158,1.103,0.5813,0.5396,7.885,6.762,6091.9,6.117,0.2411,121.8,40.2
2026-06-20T07:00:00,13.161,12.979,19.90,20.73,1.170,1.117,0.5419,0.5017,8.797,7.101,6104.9,6.139,0.2417,122.1,40.3
2026-06-20T08:00:00,13.377,13.168,20.19,20.58,1.160,1.103,0.5433,0.5157,7.952,7.072,6118.0,6.150,0.2420,122.4,40.4
2026-06-20T09:00:00,13.526,13.177,20.59,21.44,1.177,1.121,0.5710,0.5026,7.564,7.037,6131.2,6.157,0.2429,122.6,40.5
2026-06-20T10:00:00,14.615,14.293,20.50,21.14,1.193,1.142,0.5352,0.5254,7.813,6.949,6145.5,6.169,0.2431,122.9,40.6
2026-06-20T11:00:00,14.065,13.879,22.83,23.42,1.190,1.134,0.5363,0.5027,8.512,7.058,6159.4,6.190,0.2435,123.2,40.7
2026-06-20T12:00:00,14.454,14.060,22.10,22.51,1.207,1.151,0.5071,0.5076,7.846,6.961,6173.4,6.202,0.2435,123.5,40.7
2026-06-20T13:00:00,14.518,14.140,21.82,22.51,1.236,1.185,0.5399,0.5100,8.069,6.954,6187.6,6.218,0.2439,123.8,40.8
2026-06-20T14:00:00,14.170,13.732,23.72,24.76,1.228,1.178,0.5346,0.5089,8.464,6.844,6201.3,6.240,0.2443,124.0,40.9
2026-06-20T15:00:00,13.879,13.793,22.81,23.78,1.228,1.172,0.5387,0.5094,7.475,6.887,6215.1,6.248,0.2447,124.3,41.0
2026-06-20T16:00:00,14.148,13.844,22.67,23.46,1.198,1.142,0.5492,0.4962,7.045,7.088,6229.0,6.248,0.2454,124.6,41.1
2026-06-20T17:00:00,14.091,13.728,22.55,23.27,1.220,1.170,0.5846,0.5147,8.175,7.291,6242.7,6.260,0.2464,124.9,41.2
2026-06-20T18:00:00,14.518,14.270,21.38,22.59,1.187,1.131,0.5726,0.4982,7.955,6.771,6257.0,6.277,0.2475,125.1,41.3
2026-06-20T19:00:00,14.089,13.621,21.86,22.20,1.233,1.175,0.5464,0.5116,8.451,6.977,6270.6,6.297,0.2479,125.4,41.4
2026-06-20T20:00:00,15.254,15.039,21.32,22.26,1.186,1.135,0.5175,0.5240,7.498,6.970,6285.6,6.305,0.2479,125.7,41.5
2026-06-20T21:00:00,13.818,13.412,21.61,22.42,1.182,1.129,0.5474,0.4886,8.194,6.964,6299.0,6.322,0.2487,126.0,41.6
2026-06-20T22:00:00,12.875,12.517,20.10,21.39,1.182,1.130,0.5517,0.5135,7.877,7.079,6311.5,6.332,0.2492,126.2,41.7
2026-06-20T23:00:00,12.892,12.630,19.57,20.40,1.155,1.102,0.5944,0.5241,8.031,6.683,6324.2,6.349,0.2501,126.5,41.7
2026-06-21T00:00:00,12.458,11.967,18.95,20.06,1.139,1.085,0.5862,0.5187,7.298,7.094,6336.1,6.351,0.2509,126.7,41.8
2026-06-21T01:00:00,13.098,12.658,18.82,19.55,1.145,1.081,0.5538,0.4918,7.687,7.125,6348.8,6.358,0.2517,127.0,41.9
2026-06-21T02:00:00,13.310,12.812,19.46,20.12,1.128,1.065,0.5515,0.4923,7.652,6.862,6361.6,6.368,0.2524,127.2,42.0
2026-06-21T03:00:00,13.249,12.736,18.35,18.69,1.131,1.071,0.5743,0.5227,7.861,6.741,6374.3,6.383,0.2531,127.5,42.1
2026-06-21T04:00:00,13.317,13.031,18.57,19.26,1.155,1.100,0.5772,0.4969,7.827,6.801,6387.4,6.396,0.2541,127.7,42.2
2026-06-21T05:00:00,12.979,12.625,19.15,19.89,1.147,1.086,0.6026,0.5050,7.449,6.956,6400.0,6.402,0.2554,128.0,42.2
2026-06-21T06:00:00,12.287,11.857,19.97,21.50,1.149,1.096,0.5895,0.5104,7.747,6.967,6411.9,6.412,0.2563,128.2,42.3
2026-06-21T07:00:00,13.201,13.072,19.62,20.43,1.177,1.124,0.5663,0.4959,8.172,6.949,6424.9,6.428,0.2572,128.5,42.4
2026-06-21T08:00:00,12.332,12.040,20.14,21.06,1.181,1.126,0.5158,0.5287,7.492,6.780,6437.0,6.436,0.2572,128.7,42.5
2026-06-21T09:00:00,13.123,12.747,21.45,21.78,1.193,1.136,0.5346,0.5055,7.987,6.751,6449.7,6.452,0.2576,129.0,42.6
2026-06-21T10:00:00,13.511,13.198,21.75,23.07,1.220,1.168,0.6194,0.4974,8.370,6.935,6462.9,6.471,0.2592,129.3,42.7
2026-06-21T11:00:00,13.757,13.398,22.06,22.87,1.204,1.145,0.5321,0.5158,8.021,6.883,6476.3,6.486,0.2594,129.5,42.7
2026-06-21T12:00:00,14.739,14.528,21.96,23.12,1.212,1.144,0.5902,0.5055,8.085,6.830,6490.8,6.504,0.2607,129.8,42.8
2026-06-21T13:00:00,14.965,14.587,22.90,23.45,1.215,1.165,0.5719,0.5163,7.859,6.933,6505.4,6.518,0.2615,130.1,42.9
2026-06-21T14:00:00,12.961,12.704,22.31,23.37,1.224,1.171,0.5259,0.5154,8.250,6.798,6518.1,6.536,0.2616,130.4,43.0
2026-06-21T15:00:00,13.752,13.598,22.87,23.56,1.203,1.143,0.5640,0.4889,8.251,6.982,6531.7,6.553,0.2626,130.6,43.1
2026-06-21T16:00:00,14.119,13.740,22.03,22.93,1.216,1.152,0.5682,0.5306,8.647,7.029,6545.5,6.576,0.2631,130.9,43.2
2026-06-21T17:00:00,14.661,14.408,21.64,22.27,1.218,1.168,0.5565,0.5120,7.860,6.819,6559.9,6.591,0.2638,131.2,43.3
2026-06-21T18:00:00,14.688,14.388,21.77,22.65,1.228,1.176,0.5641,0.4843,8.159,7.051,6574.3,6.607,0.2649,131.5,43.4
2026-06-21T19:00:00,15.000,14.853,22.21,23.13,1.207,1.146,0.5467,0.5007,7.679,6.874,6589.1,6.619,0.2656,131.8,43.5
2026-06-21T20:00:00,14.436,14.076,21.73,22.70,1.197,1.146,0.5394,0.4916,7.601,6.944,6603.2,6.628,0.2663,132.1,43.6
2026-06-21T21:00:00,12.666,12.275,21.10,22.07,1.194,1.127,0.5613,0.5187,8.648,7.167,6615.5,6.646,0.2668,132.3,43.7
2026-06-21T22:00:00,12.605,12.388,19.94,21.30,1.167,1.109,0.6016,0.5080,8.266,6.905,6627.9,6.663,0.2680,132.6,43.7
2026-06-21T23:00:00,13.111,12.952,19.14,19.99,1.153,1.098,0.5394,0.4998,7.536,7.144,6640.8,6.668,0.2685,132.8,43.8
2026-06-22T00:00:00,12.350,12.042,19.56,20.69,1.156,1.088,0.5338,0.5289,7.456,7.139,6652.8,6.672,0.2685,133.1,43.9
2026-06-22T01:00:00,13.707,13.368,19.12,20.10,1.142,1.085,0.5698,0.4970,8.175,6.967,6666.2,6.688,0.2695,133.3,44.0
2026-06-22T02:00:00,13.083,12.786,19.28,19.91,1.114,1.053,0.5610,0.5026,8.642,7.056,6679.0,6.708,0.2703,133.6,44.1
2026-06-22T03:00:00,13.219,12.841,19.13,19.80,1.168,1.110,0.5538,0.4961,8.030,6.688,6691.8,6.725,0.2710,133.8,44.2
2026-06-22T04:00:00,12.051,11.675,19.32,19.60,1.113,1.058,0.5469,0.5095,7.984,6.736,6703.5,6.740,0.2714,134.1,44.2
2026-06-22T05:00:00,12.519,12.238,18.66,19.81,1.153,1.092,0.5819,0.5200,8.466,6.915,6715.8,6.759,0.2722,134.3,44.3
2026-06-22T06:00:00,12.935,12.497,19.99,20.93,1.137,1.080,0.5577,0.5115,7.696,7.004,6728.3,6.768,0.2728,134.6,44.4
2026-06-22T07:00:00,13.315,13.008,19.82,20.67,1.171,1.108,0.5300,0.5018,8.424,6.804,6741.3,6.789,0.2731,134.8,44.5
2026-06-22T08:00:00,12.831,12.454,19.75,20.34,1.170,1.115,0.5589,0.4992,8.060,7.162,6753.7,6.800,0.2739,135.1,44.6
2026-06-22T09:00:00,13.736,13.384,20.30,20.96,1.184,1.133,0.5404,0.5060,8.023,6.894,6767.1,6.815,0.2743,135.3,44.7
2026-06-22T10:00:00,14.533,14.141,22.22,23.14,1.197,1.147,0.5150,0.5294,8.715,6.973,6781.2,6.840,0.2743,135.6,44.8
2026-06-22T11:00:00,13.732,13.377,21.71,22.72,1.208,1.151,0.5524,0.4944,8.127,7.175,6794.6,6.852,0.2751,135.9,44.8
2026-06-22T12:00:00,14.770,14.394,22.37,23.29,1.204,1.141,0.5847,0.4831,8.478,6.820,6809.0,6.876,0.2766,136.2,44.9
2026-06-22T13:00:00,14.024,13.832,21.92,22.67,1.214,1.163,0.5619,0.5101,8.497,7.134,6822.8,6.895,0.2773,136.5,45.0
2026-06-22T14:00:00,14.710,14.528,22.61,23.53,1.236,1.176,0.5744,0.5021,7.810,6.622,6837.4,6.912,0.2784,136.7,45.1
2026-06-22T15:00:00,14.458,14.011,22.69,23.24,1.216,1.148,0.4975,0.5018,7.743,6.891,6851.4,6.924,0.2784,137.0,45.2
2026-06-22T16:00:00,14.615,14.237,22.40,23.21,1.231,1.171,0.5164,0.5219,8.212,6.903,6865.6,6.943,0.2784,137.3,45.3
2026-06-22T17:00:00,14.595,14.289,22.26,23.08,1.220,1.169,0.5314,0.5201,8.014,7.024,6879.9,6.957,0.2785,137.6,45.4
2026-06-22T18:00:00,14.667,14.172,21.73,22.50,1.198,1.144,0.5122,0.5063,8.442,7.031,6894.1,6.977,0.2786,137.9,45.5
2026-06-22T19:00:00,13.678,13.330,21.60,22.39,1.230,1.176,0.5460,0.4963,8.531,6.749,6907.4,7.001,0.2793,138.1,45.6
2026-06-22T20:00:00,12.979,12.658,20.84,21.69,1.218,1.167,0.5327,0.5290,7.878,6.951,6920.1,7.013,0.2793,138.4,45.7
2026-06-22T21:00:00,13.966,13.630,21.26,22.03,1.193,1.140,0.5647,0.5068,8.394,6.642,6933.7,7.036,0.2801,138.7,45.8
2026-06-22T22:00:00,12.509,12.048,20.47,21.01,1.166,1.116,0.5554,0.4970,8.040,6.919,6945.7,7.050,0.2808,138.9,45.8
2026-06-22T23:00:00,13.343,13.146,19.86,20.83,1.175,1.119,0.5940,0.5030,7.794,6.976,6958.9,7.061,0.2820,139.2,45.9
2026-06-23T00:00:00,13.192,12.738,18.67,19.57,1.153,1.100,0.5628,0.4898,7.496,6.919,6971.6,7.068,0.2829,139.4,46.0
2026-06-23T01:00:00,12.343,11.989,18.57,18.97,1.143,1.087,0.5490,0.4989,7.822,6.954,6983.6,7.078,0.2835,139.7,46.1
2026-06-23T02:00:00,12.964,12.496,19.22,19.84,1.161,1.108,0.5632,0.5082,7.487,6.876,6996.1,7.086,0.2842,139.9,46.2
2026-06-23T03:00:00,12.572,12.478,18.63,19.49,1.132,1.069,0.5736,0.5100,7.566,6.996,7008.6,7.093,0.2850,140.2,46.3
2026-06-23T04:00:00,12.834,12.439,18.89,19.73,1.120,1.060,0.5997,0.4708,7.643,7.010,7021.0,7.101,0.2866,140.4,46.3
2026-06-23T05:00:00,12.975,12.625,18.45,19.48,1.145,1.088,0.5350,0.4880,8.816,6.875,7033.7,7.126,0.2872,140.7,46.4
2026-06-23T06:00:00,12.648,12.353,18.82,20.21,1.132,1.076,0.5324,0.5081,7.730,7.077,7046.0,7.134,0.2875,140.9,46.5
2026-06-23T07:00:00,13.559,13.404,19.68,20.65,1.155,1.099,0.5440,0.5163,7.543,7.045,7059.4,7.140,0.2879,141.2,46.6
2026-06-23T08:00:00,13.386,13.098,19.82,20.79,1.184,1.126,0.4908,0.5098,8.236,6.856,7072.5,7.158,0.2879,141.5,46.7
2026-06-23T09:00:00,13.249,12.981,20.59,21.53,1.166,1.109,0.5520,0.4917,8.238,7.005,7085.5,7.174,0.2887,141.7,46.8
2026-06-23T10:00:00,14.281,13.779,20.51,21.49,1.200,1.144,0.5394,0.5031,8.452,6.913,7099.3,7.196,0.2892,142.0,46.9
2026-06-23T11:00:00,14.917,14.632,21.27,21.70,1.199,1.145,0.5654,0.5032,8.109,6.764,7113.9,7.215,0.2901,142.3,47.0
2026-06-23T12:00:00,14.516,14.040,22.12,22.79,1.223,1.169,0.5323,0.5094,7.703,6.481,7127.9,7.232,0.2904,142.6,47.0
2026-06-23T13:00:00,14.080,13.950,22.13,22.78,1.225,1.157,0.5769,0.5131,8.367,6.809,7141.9,7.254,0.2913,142.8,47.1
2026-06-23T14:00:00,14.538,14.167,22.69,23.63,1.210,1.157,0.5519,0.5153,8.520,6.938,7156.1,7.277,0.2918,143.1,47.2
2026-06-23T15:00:00,14.964,14.561,22.78,23.94,1.210,1.153,0.4963,0.5120,8.821,6.975,7170.6,7.303,0.2918,143.4,47.3
2026-06-23T16:00:00,15.047,14.625,22.38,23.12,1.226,1.169,0.5038,0.4916,8.519,7.014,7185.2,7.325,0.2920,143.7,47.4
2026-06-23T17:00:00,13.800,13.526,22.05,22.64,1.218,1.162,0.5172,0.5106,7.493,6.814,7198.8,7.335,0.2921,144.0,47.5
2026-06-23T18:00:00,14.371,14.011,22.52,23.33,1.205,1.153,0.5890,0.5056,7.942,7.039,7212.8,7.347,0.2932,144.3,47.6
2026-06-23T19:00:00,14.826,14.314,21.29,21.68,1.205,1.155,0.5624,0.5005,8.143,6.686,7227.1,7.368,0.2941,144.5,47.7
2026-06-23T20:00:00,14.011,13.811,21.26,21.93,1.184,1.131,0.5637,0.4951,7.701,6.786,7240.9,7.381,0.2951,144.8,47.8
2026-06-23T21:00:00,13.990,13.638,20.13,21.20,1.185,1.133,0.5587,0.4983,8.044,6.953,7254.5,7.396,0.2959,145.1,47.9
2026-06-23T22:00:00,12.828,12.353,19.52,20.02,1.183,1.125,0.5412,0.4865,8.014,6.908,7266.9,7.409,0.2966,145.3,48.0
2026-06-23T23:00:00,13.381,13.028,19.32,20.00,1.157,1.095,0.5811,0.5044,8.136,6.959,7279.9,7.425,0.2976,145.6,48.0
2026-06-24T00:00:00,12.549,12.334,18.72,19.37,1.131,1.078,0.5083,0.4869,8.453,6.947,7292.3,7.443,0.2978,145.8,48.1
2026-06-24T01:00:00,12.346,12.083,18.52,19.17,1.165,1.109,0.5746,0.4927,8.382,6.937,7304.3,7.461,0.2988,146.1,48.2
2026-06-24T02:00:00,13.351,13.127,18.84,20.14,1.148,1.094,0.4928,0.4841,7.203,6.854,7317.5,7.465,0.2989,146.3,48.3
2026-06-24T03:00:00,12.111,11.936,18.23,18.98,1.135,1.083,0.5559,0.5003,8.053,6.691,7329.4,7.482,0.2996,146.6,48.4
2026-06-24T04:00:00,12.881,12.627,17.12,17.82,1.148,1.087,0.5270,0.5047,7.595,6.771,7342.0,7.492,0.2999,146.8,48.5
2026-06-24T05:00:00,11.973,11.440,18.86,19.20,1.162,1.104,0.4689,0.4683,7.899,6.730,7353.5,7.505,0.2999,147.1,48.5
2026-06-24T06:00:00,12.187,11.701,19.55,20.22,1.151,1.086,0.6081,0.4983,8.193,6.582,7365.2,7.524,0.3012,147.3,48.6
2026-06-24T07:00:00,13.015,12.703,19.37,20.72,1.174,1.111,0.5312,0.5134,7.648,6.888,7377.9,7.534,0.3014,147.6,48.7
2026-06-24T08:00:00,13.427,13.169,19.85,20.57,1.175,1.120,0.6295,0.4904,7.511,6.867,7391.0,7.542,0.3032,147.8,48.8
2026-06-24T09:00:00,12.951,12.409,20.73,20.99,1.170,1.113,0.5540,0.4900,7.903,7.181,7403.5,7.551,0.3040,148.1,48.9
2026-06-24T10:00:00,13.462,13.182,21.57,22.49,1.184,1.130,0.5721,0.5132,7.867,6.959,7416.6,7.563,0.3048,148.3,48.9
2026-06-24T11:00:00,14.256,13.868,21.31,21.89,1.211,1.155,0.5256,0.4866,8.422,6.901,7430.5,7.584,0.3053,148.6,49.0
2026-06-24T12:00:00,13.251,12.941,22.46,23.42,1.202,1.151,0.5647,0.5178,8.057,6.860,7443.4,7.600,0.3059,148.9,49.1
2026-06-24T13:00:00,13.600,13.337,22.24,23.13,1.223,1.168,0.4968,0.5032,8.175,6.732,7456.8,7.619,0.3059,149.1,49.2
2026-06-24T14:00:00,14.919,14.606,22.27,23.25,1.219,1.166,0.6224,0.5089,7.916,6.946,7471.4,7.633,0.3076,149.4,49.3
2026-06-24T15:00:00,14.623,14.209,22.28,22.95,1.216,1.160,0.6012,0.4949,7.722,7.097,7485.6,7.642,0.3091,149.7,49.4
2026-06-24T16:00:00,14.946,14.547,22.73,23.45,1.214,1.164,0.5945,0.5192,7.734,6.887,7500.1,7.654,0.3102,150.0,49.5
2026-06-24T17:00:00,14.236,13.776,22.71,23.52,1.223,1.156,0.5364,0.5156,8.308,6.879,7513.9,7.674,0.3105,150.3,49.6
2026-06-24T18:00:00,13.393,13.035,21.90,23.18,1.183,1.131,0.5414,0.5093,8.766,6.955,7527.0,7.698,0.3109,150.5,49.7
2026-06-24T19:00:00,14.291,13.867,21.32,22.32,1.179,1.117,0.5221,0.4829,7.811,6.987,7540.8,7.709,0.3115,150.8,49.8
2026-06-24T20:00:00,13.648,13.092,21.24,21.87,1.193,1.132,0.5651,0.4728,7.893,6.757,7553.9,7.724,0.3127,151.1,49.9
2026-06-24T21:00:00,12.961,12.562,20.65,20.75,1.148,1.091,0.5183,0.5298,8.029,6.885,7566.5,7.738,0.3127,151.3,49.9
2026-06-24T22:00:00,13.237,12.827,21.23,22.65,1.165,1.102,0.5232,0.5080,7.953,6.931,7579.3,7.752,0.3129,151.6,50.0
2026-06-24T23:00:00,12.403,12.068,19.53,20.03,1.174,1.122,0.5631,0.4920,7.956,6.817,7591.4,7.765,0.3137,151.8,50.1
2026-06-25T00:00:00,12.581,12.264,18.84,19.14,1.173,1.111,0.5811,0.5117,7.953,6.916,7603.6,7.778,0.3146,152.1,50.2
2026-06-25T01:00:00,12.272,12.148,19.20,19.95,1.164,1.110,0.5345,0.5034,7.550,6.973,7615.8,7.785,0.3150,152.3,50.3
2026-06-25T02:00:00,12.193,11.842,18.51,19.44,1.147,1.095,0.5502,0.5150,7.687,6.634,7627.6,7.797,0.3154,152.6,50.3
2026-06-25T03:00:00,12.773,12.455,17.79,18.67,1.123,1.051,0.6079,0.4977,7.873,6.581,7640.1,7.814,0.3167,152.8,50.4
2026-06-25T04:00:00,13.022,12.893,18.13,18.67,1.153,1.096,0.5170,0.5121,7.922,6.880,7653.0,7.827,0.3168,153.1,50.5
2026-06-25T05:00:00,12.891,12.505,18.65,19.40,1.151,1.095,0.5879,0.5130,8.415,6.900,7665.5,7.846,0.3177,153.3,50.6
2026-06-25T06:00:00,13.400,13.055,18.21,19.10,1.171,1.118,0.5557,0.5173,8.206,6.904,7678.5,7.863,0.3182,153.6,50.7
2026-06-25T07:00:00,13.110,12.636,18.65,19.17,1.149,1.088,0.5409,0.5012,8.793,6.779,7691.2,7.888,0.3187,153.8,50.8
2026-06-25T08:00:00,13.640,13.269,19.85,20.41,1.146,1.090,0.5622,0.4844,8.337,6.822,7704.4,7.909,0.3198,154.1,50.8
2026-06-25T09:00:00,12.848,12.570,20.17,21.19,1.189,1.129,0.5469,0.4871,7.640,6.900,7717.0,7.918,0.3205,154.3,50.9
2026-06-25T10:00:00,13.899,13.430,21.00,21.80,1.195,1.137,0.4951,0.4927,7.541,6.615,7730.4,7.930,0.3206,154.6,51.0
2026-06-25T11:00:00,14.073,13.762,21.90,22.35,1.188,1.129,0.5839,0.4753,8.039,7.015,7744.2,7.944,0.3221,154.9,51.1
2026-06-25T12:00:00,14.426,14.018,21.51,22.15,1.210,1.147,0.6637,0.4995,7.876,6.901,7758.2,7.958,0.3244,155.2,51.2
2026-06-25T13:00:00,13.536,13.175,22.01,22.62,1.240,1.186,0.5149,0.4962,8.573,6.539,7771.4,7.985,0.3246,155.4,51.3
2026-06-25T14:00:00,13.291,12.946,21.83,22.88,1.235,1.182,0.4895,0.5209,8.223,6.950,7784.3,8.001,0.3246,155.7,51.4
2026-06-25T15:00:00,15.136,14.873,22.36,23.29,1.234,1.176,0.5877,0.4984,7.910,6.718,7799.2,8.019,0.3259,156.0,51.5
2026-06-25T16:00:00,15.370,15.001,23.41,24.33,1.214,1.160,0.5234,0.5051,8.294,6.935,7814.2,8.039,0.3262,156.3,51.6
2026-06-25T17:00:00,14.970,14.775,21.94,22.87,1.194,1.131,0.5884,0.5041,7.703,6.863,7829.0,8.052,0.3275,156.6,51.7
2026-06-25T18:00:00,13.866,13.766,21.62,22.47,1.224,1.169,0.5213,0.5239,7.800,6.740,7842.8,8.066,0.3275,156.9,51.8
2026-06-25T19:00:00,14.311,14.014,21.44,22.19,1.221,1.168,0.5832,0.5009,7.967,6.788,7856.8,8.083,0.3286,157.1,51.9
2026-06-25T20:00:00,13.257,12.869,20.95,21.78,1.211,1.159,0.5853,0.5283,7.529,6.742,7869.6,8.093,0.3293,157.4,51.9
2026-06-25T21:00:00,13.682,13.399,20.48,21.83,1.189,1.138,0.5175,0.4958,7.973,7.183,7883.0,8.104,0.3296,157.7,52.0
2026-06-25T22:00:00,13.043,12.748,19.70,20.66,1.177,1.118,0.5609,0.5115,7.864,6.882,7895.8,8.116,0.3303,157.9,52.1
2026-06-25T23:00:00,13.499,13.048,19.65,20.61,1.190,1.132,0.4572,0.4988,8.521,6.914,7908.8,8.137,0.3303,158.2,52.2
2026-06-26T00:00:00,13.125,12.663,19.26,19.82,1.155,1.096,0.5609,0.4887,7.122,7.100,7921.5,8.137,0.3312,158.4,52.3
2026-06-26T01:00:00,13.077,12.714,18.43,19.18,1.148,1.093,0.5334,0.5235,8.481,6.865,7934.2,8.158,0.3313,158.7,52.4
2026-06-26T02:00:00,12.880,12.605,18.05,19.11,1.129,1.067,0.5289,0.5154,7.428,6.777,7946.8,8.166,0.3315,158.9,52.4
2026-06-26T03:00:00,12.878,12.617,18.36,19.22,1.142,1.086,0.6012,0.5180,7.562,6.602,7959.4,8.178,0.3325,159.2,52.5
2026-06-26T04:00:00,12.417,12.124,17.85,18.41,1.127,1.068,0.5968,0.4919,8.012,6.808,7971.6,8.193,0.3338,159.4,52.6
2026-06-26T05:00:00,12.481,12.178,18.77,19.85,1.126,1.075,0.5597,0.4997,7.776,6.723,7983.7,8.206,0.3345,159.7,52.7
2026-06-26T06:00:00,13.349,13.021,18.95,19.79,1.177,1.123,0.5627,0.5149,7.813,6.927,7996.8,8.217,0.3351,159.9,52.8
2026-06-26T07:00:00,12.906,12.635,18.88,19.70,1.170,1.117,0.5143,0.4981,7.825,6.681,8009.4,8.232,0.3353,160.2,52.9
2026-06-26T08:00:00,12.766,12.480,20.35,20.90,1.172,1.111,0.5074,0.5241,7.984,6.754,8021.9,8.247,0.3353,160.4,52.9
2026-06-26T09:00:00,13.781,13.361,20.40,21.49,1.181,1.127,0.5940,0.5077,8.356,6.844,8035.2,8.267,0.3365,160.7,53.0
2026-06-26T10:00:00,13.462,13.114,20.50,21.29,1.198,1.144,0.5538,0.5040,7.450,6.630,8048.3,8.278,0.3372,161.0,53.1
2026-06-26T11:00:00,14.089,13.639,21.36,22.12,1.193,1.139,0.5815,0.4817,8.133,6.730,8062.0,8.297,0.3385,161.2,53.2
2026-06-26T12:00:00,13.716,13.362,20.88,21.58,1.215,1.162,0.6022,0.5008,7.776,6.753,8075.3,8.311,0.3399,161.5,53.3
2026-06-26T13:00:00,14.908,14.626,21.39,22.84,1.230,1.177,0.5765,0.5135,7.740,6.762,8090.0,8.325,0.3408,161.8,53.4
2026-06-26T14:00:00,14.896,14.614,22.47,23.21,1.212,1.158,0.5446,0.5028,7.373,6.761,8104.6,8.334,0.3414,162.1,53.5
2026-06-26T15:00:00,14.138,13.785,22.32,23.15,1.178,1.115,0.5470,0.4900,8.138,6.706,8118.4,8.354,0.3422,162.4,53.6
2026-06-26T16:00:00,14.715,14.293,21.82,22.07,1.217,1.154,0.5596,0.5086,8.332,6.622,8132.7,8.378,0.3429,162.7,53.7
2026-06-26T17:00:00,14.326,13.906,22.58,23.47,1.201,1.149,0.5408,0.5087,9.087,6.927,8146.6,8.408,0.3434,162.9,53.8
2026-06-26T18:00:00,14.982,14.543,21.68,22.03,1.223,1.171,0.5780,0.5129,7.472,6.805,8161.1,8.418,0.3443,163.2,53.9
2026-06-26T19:00:00,13.805,13.226,21.32,21.94,1.210,1.153,0.5117,0.5083,7.491,6.885,8174.3,8.426,0.3444,163.5,54.0
2026-06-26T20:00:00,13.886,13.476,20.85,21.40,1.184,1.132,0.5886,0.4887,8.145,6.665,8187.8,8.446,0.3457,163.8,54.0
2026-06-26T21:00:00,12.745,12.405,20.82,21.41,1.198,1.138,0.5535,0.5140,8.354,7.094,8200.2,8.462,0.3462,164.0,54.1
2026-06-26T22:00:00,12.559,12.169,19.90,20.77,1.179,1.114,0.5541,0.5144,7.775,6.691,8212.4,8.475,0.3467,164.2,54.2
2026-06-26T23:00:00,12.496,12.210,19.73,20.66,1.147,1.096,0.5611,0.5213,7.883,6.981,8224.6,8.486,0.3472,164.5,54.3
2026-06-27T00:00:00,12.564,12.220,18.71,19.21,1.150,1.095,0.5668,0.5151,7.667,6.832,8236.8,8.496,0.3478,164.7,54.4
2026-06-27T01:00:00,12.425,12.203,18.25,18.57,1.167,1.104,0.5815,0.5115,8.107,6.742,8249.0,8.513,0.3486,165.0,54.4
2026-06-27T02:00:00,12.388,12.191,19.12,19.78,1.123,1.066,0.5925,0.5108,8.235,6.892,8261.2,8.529,0.3496,165.2,54.5
2026-06-27T03:00:00,11.603,11.543,17.56,18.65,1.120,1.042,0.5153,0.4994,7.256,7.243,8272.8,8.529,0.3498,165.5,54.6
2026-06-27T04:00:00,12.526,12.059,17.44,18.31,1.146,1.073,0.5533,0.4969,7.141,6.816,8284.8,8.533,0.3505,165.7,54.7
2026-06-27T05:00:00,12.121,11.870,19.05,19.65,1.141,1.090,0.5157,0.4876,8.080,7.148,8296.7,8.544,0.3508,165.9,54.8
2026-06-27T06:00:00,12.726,12.418,18.27,18.75,1.165,1.102,0.5615,0.5088,8.568,6.766,8309.1,8.567,0.3515,166.2,54.8
2026-06-27T07:00:00,11.971,11.645,18.67,19.48,1.170,1.116,0.5196,0.5027,7.509,7.004,8320.7,8.572,0.3517,166.4,54.9
2026-06-27T08:00:00,13.458,12.870,19.63,20.67,1.186,1.124,0.5398,0.5101,8.599,6.751,8333.6,8.596,0.3521,166.7,55.0
2026-06-27T09:00:00,14.080,13.790,21.37,21.95,1.196,1.142,0.5582,0.4882,8.396,6.438,8347.4,8.623,0.3530,166.9,55.1
2026-06-27T10:00:00,13.691,13.347,20.65,21.54,1.171,1.112,0.5198,0.5065,7.803,7.042,8360.8,8.633,0.3532,167.2,55.2
2026-06-27T11:00:00,14.034,13.654,21.47,22.18,1.201,1.139,0.5597,0.5127,7.715,6.954,8374.4,8.644,0.3539,167.5,55.3
2026-06-27T12:00:00,13.909,13.573,21.33,22.47,1.180,1.128,0.5400,0.4924,8.133,7.118,8388.0,8.658,0.3545,167.8,55.4
2026-06-27T13:00:00,14.733,14.356,21.63,22.54,1.235,1.180,0.5527,0.5014,7.609,6.600,8402.3,8.672,0.3552,168.0,55.5
2026-06-27T14:00:00,14.498,14.002,22.78,23.63,1.228,1.172,0.4990,0.4857,7.401,6.932,8416.3,8.679,0.3554,168.3,55.5
2026-06-27T15:00:00,14.605,14.115,22.38,23.62,1.230,1.156,0.5624,0.4953,7.863,6.742,8430.5,8.694,0.3564,168.6,55.6
2026-06-27T16:00:00,14.211,13.846,22.54,23.65,1.211,1.157,0.5578,0.4939,8.751,6.765,8444.3,8.722,0.3573,168.9,55.7
2026-06-27T17:00:00,14.050,13.810,22.13,23.05,1.223,1.161,0.5344,0.4967,7.919,6.672,8458.1,8.739,0.3578,169.2,55.8
2026-06-27T18:00:00,15.116,14.713,22.08,22.42,1.219,1.153,0.5746,0.4983,8.723,6.684,8472.8,8.769,0.3589,169.5,55.9
2026-06-27T19:00:00,14.058,13.714,20.90,21.80,1.211,1.148,0.5679,0.5108,8.232,6.956,8486.5,8.787,0.3597,169.7,56.0
2026-06-27T20:00:00,14.011,13.766,21.07,21.85,1.166,1.115,0.5941,0.4817,8.103,7.054,8500.3,8.801,0.3612,170.0,56.1
2026-06-27T21:00:00,13.939,13.746,20.61,21.14,1.173,1.119,0.5855,0.5185,7.371,7.080,8514.0,8.805,0.3622,170.3,56.2
2026-06-27T22:00:00,13.388,13.191,20.02,20.83,1.168,1.107,0.5676,0.5060,8.101,7.016,8527.2,8.819,0.3630,170.5,56.3
2026-06-27T23:00:00,13.308,13.046,18.57,19.12,1.186,1.121,0.5545,0.4957,8.187,6.736,8540.3,8.838,0.3637,170.8,56.4
2026-06-28T00:00:00,12.557,12.302,18.68,19.85,1.152,1.097,0.4876,0.4975,9.285,6.914,8552.6,8.868,0.3637,171.1,56.4
2026-06-28T01:00:00,13.204,12.901,18.23,18.96,1.135,1.082,0.5267,0.4859,7.627,6.586,8565.5,8.881,0.3643,171.3,56.5
2026-06-28T02:00:00,13.296,12.955,18.00,19.09,1.128,1.072,0.5615,0.4893,7.403,6.829,8578.4,8.888,0.3652,171.6,56.6
2026-06-28T03:00:00,12.635,12.320,17.88,18.41,1.145,1.082,0.5607,0.4770,7.651,6.931,8590.8,8.897,0.3662,171.8,56.7
2026-06-28T04:00:00,12.303,11.926,18.27,19.07,1.159,1.104,0.5481,0.5063,7.699,6.648,8602.7,8.910,0.3667,172.1,56.8
2026-06-28T05:00:00,12.737,12.352,18.67,19.38,1.138,1.082,0.5829,0.4871,8.256,6.597,8615.0,8.930,0.3679,172.3,56.9
2026-06-28T06:00:00,13.230,12.760,18.44,19.44,1.175,1.121,0.5533,0.5143,7.506,6.813,8627.8,8.939,0.3684,172.6,56.9
2026-06-28T07:00:00,12.638,12.321,19.00,19.66,1.147,1.092,0.5924,0.5038,7.960,6.826,8640.1,8.953,0.3695,172.8,57.0
2026-06-28T08:00:00,13.272,12.800,19.38,19.67,1.164,1.112,0.5369,0.5176,7.353,6.973,8652.9,8.958,0.3697,173.1,57.1
2026-06-28T09:00:00,13.526,13.176,20.06,20.71,1.199,1.146,0.5165,0.5024,7.836,6.841,8666.1,8.971,0.3699,173.3,57.2
2026-06-28T10:00:00,13.969,13.815,21.63,22.63,1.184,1.131,0.5234,0.4856,7.928,7.241,8679.9,8.981,0.3705,173.6,57.3
2026-06-28T11:00:00,13.639,13.220,21.03,21.77,1.202,1.148,0.5268,0.4889,8.468,6.941,8693.1,9.001,0.3710,173.9,57.4
2026-06-28T12:00:00,14.768,14.338,21.92,22.49,1.168,1.111,0.5923,0.4937,7.689,6.799,8707.5,9.014,0.3724,174.1,57.5
2026-06-28T13:00:00,14.339,13.863,21.89,23.31,1.183,1.128,0.5555,0.5074,7.352,6.899,8721.3,9.020,0.3730,174.4,57.6
2026-06-28T14:00:00,14.590,14.418,21.90,22.20,1.220,1.161,0.5642,0.5039,7.410,7.060,8735.7,9.025,0.3739,174.7,57.7
2026-06-28T15:00:00,14.171,13.842,22.11,23.20,1.255,1.203,0.5822,0.4988,7.652,7.196,8749.6,9.031,0.3751,175.0,57.7
2026-06-28T16:00:00,14.376,13.978,22.33,23.08,1.240,1.172,0.5244,0.5001,7.470,6.587,8763.6,9.044,0.3754,175.3,57.8
2026-06-28T17:00:00,14.203,13.716,21.20,21.97,1.191,1.124,0.5116,0.5155,8.032,6.782,8777.3,9.061,0.3754,175.5,57.9
2026-06-28T18:00:00,14.057,13.669,22.02,22.73,1.212,1.157,0.5543,0.5167,8.033,7.176,8791.0,9.072,0.3759,175.8,58.0
2026-06-28T19:00:00,14.807,14.394,22.01,22.74,1.204,1.140,0.5608,0.5162,7.819,6.525,8805.3,9.091,0.3766,176.1,58.1
2026-06-28T20:00:00,14.178,14.036,20.94,21.72,1.184,1.129,0.5613,0.5010,7.827,6.820,8819.4,9.105,0.3774,176.4,58.2
2026-06-28T21:00:00,13.823,13.612,19.99,20.53,1.179,1.128,0.6208,0.4787,7.815,6.796,8833.0,9.119,0.3793,176.7,58.3
2026-06-28T22:00:00,12.627,12.397,19.86,20.46,1.183,1.126,0.5970,0.5037,7.811,6.621,8845.4,9.134,0.3805,176.9,58.4
2026-06-28T23:00:00,13.755,13.435,18.91,19.55,1.156,1.101,0.5499,0.5066,8.497,7.059,8858.8,9.153,0.3811,177.2,58.5
2026-06-29T00:00:00,13.071,12.651,18.65,19.78,1.151,1.092,0.5778,0.4895,8.163,6.587,8871.5,9.173,0.3822,177.4,58.6
2026-06-29T01:00:00,13.516,13.088,18.41,19.01,1.140,1.085,0.5188,0.5035,8.364,6.512,8884.6,9.197,0.3824,177.7,58.6
2026-06-29T02:00:00,12.441,12.198,18.63,18.95,1.133,1.070,0.5910,0.4981,8.131,6.930,8896.8,9.212,0.3835,177.9,58.7
2026-06-29T03:00:00,12.578,12.208,18.13,18.67,1.136,1.085,0.5846,0.5136,7.801,6.832,8909.0,9.224,0.3844,178.2,58.8
2026-06-29T04:00:00,13.018,12.473,18.31,19.31,1.108,1.056,0.5606,0.4973,7.894,7.009,8921.4,9.235,0.3852,178.4,58.9
2026-06-29T05:00:00,13.059,12.729,18.81,19.60,1.173,1.111,0.5629,0.4915,8.376,6.528,8934.2,9.258,0.3861,178.7,59.0
2026-06-29T06:00:00,13.360,12.986,18.46,18.93,1.153,1.098,0.5449,0.4908,8.750,6.891,8947.2,9.282,0.3868,178.9,59.1
2026-06-29T07:00:00,13.720,13.156,19.31,19.35,1.166,1.106,0.5427,0.5076,7.655,7.020,8960.3,9.291,0.3873,179.2,59.1
2026-06-29T08:00:00,13.170,12.768,20.62,21.06,1.155,1.095,0.5198,0.4923,7.202,6.651,8973.1,9.298,0.3876,179.5,59.2
2026-06-29T09:00:00,12.858,12.656,20.16,20.77,1.192,1.136,0.5639,0.5155,7.843,6.765,8985.7,9.311,0.3882,179.7,59.3
2026-06-29T10:00:00,13.830,13.484,20.48,21.33,1.190,1.130,0.5834,0.4794,7.509,7.020,8999.2,9.318,0.3896,180.0,59.4
2026-06-29T11:00:00,13.528,12.940,21.80,22.21,1.209,1.152,0.6267,0.4934,8.296,6.870,9012.2,9.337,0.3913,180.2,59.5
2026-06-29T12:00:00,14.674,14.358,21.61,22.35,1.191,1.135,0.5437,0.5018,8.265,6.666,9026.5,9.359,0.3919,180.5,59.6
2026-06-29T13:00:00,14.759,14.627,22.73,23.25,1.213,1.158,0.6022,0.4995,8.157,6.756,9041.2,9.380,0.3934,180.8,59.7
2026-06-29T14:00:00,14.032,13.673,22.07,22.82,1.228,1.163,0.4954,0.4953,7.326,6.821,9054.8,9.387,0.3934,181.1,59.8
2026-06-29T15:00:00,14.450,13.988,22.46,23.45,1.205,1.153,0.5883,0.4931,7.818,6.775,9068.8,9.401,0.3948,181.4,59.9
2026-06-29T16:00:00,13.837,13.560,22.05,22.84,1.227,1.169,0.5127,0.4953,8.023,6.865,9082.4,9.417,0.3950,181.6,59.9
2026-06-29T17:00:00,14.508,14.376,21.78,22.33,1.239,1.183,0.5891,0.4912,7.986,6.693,9096.7,9.436,0.3964,181.9,60.0
2026-06-29T18:00:00,14.311,13.894,21.22,21.60,1.188,1.138,0.5535,0.5144,8.907,6.619,9110.6,9.468,0.3970,182.2,60.1
2026-06-29T19:00:00,13.398,13.097,21.08,22.20,1.185,1.123,0.5059,0.5119,7.631,6.755,9123.7,9.479,0.3970,182.5,60.2
2026-06-29T20:00:00,14.240,13.829,21.16,22.43,1.191,1.136,0.5914,0.4859,8.519,6.738,9137.6,9.504,0.3984,182.8,60.3
2026-06-29T21:00:00,13.540,13.154,20.14,21.36,1.155,1.090,0.5512,0.4917,8.546,6.747,9150.7,9.527,0.3992,183.0,60.4
2026-06-29T22:00:00,13.499,13.091,19.94,20.45,1.146,1.093,0.5720,0.4944,7.815,6.786,9163.8,9.541,0.4002,183.3,60.5
2026-06-29T23:00:00,12.946,12.557,19.68,20.48,1.190,1.136,0.5306,0.4914,7.977,6.999,9176.4,9.553,0.4007,183.5,60.6
2026-06-30T00:00:00,12.612,12.443,18.51,19.34,1.160,1.102,0.5503,0.4971,7.620,6.473,9188.8,9.567,0.4014,183.8,60.6
2026-06-30T01:00:00,11.999,11.842,18.09,19.28,1.146,1.089,0.6451,0.5014,7.712,6.737,9200.7,9.579,0.4031,184.0,60.7
2026-06-30T02:00:00,13.196,12.884,18.98,19.45,1.135,1.080,0.5226,0.5053,8.174,6.665,9213.5,9.598,0.4033,184.3,60.8
2026-06-30T03:00:00,12.105,11.619,17.81,18.81,1.144,1.093,0.4839,0.4911,8.220,6.984,9225.2,9.613,0.4033,184.5,60.9
2026-06-30T04:00:00,12.833,12.406,17.98,18.56,1.151,1.100,0.5311,0.4897,8.276,6.558,9237.6,9.634,0.4038,184.8,61.0
2026-06-30T05:00:00,12.771,12.354,18.71,19.89,1.166,1.106,0.5138,0.4928,8.445,6.470,9249.9,9.658,0.4041,185.0,61.0
2026-06-30T06:00:00,12.375,12.088,18.92,19.52,1.170,1.117,0.5083,0.5159,8.560,6.962,9262.0,9.678,0.4041,185.2,61.1
2026-06-30T07:00:00,12.893,12.502,19.00,19.65,1.141,1.085,0.5643,0.5141,8.092,6.556,9274.5,9.697,0.4047,185.5,61.2
2026-06-30T08:00:00,12.905,12.549,19.48,20.05,1.139,1.081,0.5771,0.4946,8.311,6.711,9287.1,9.717,0.4057,185.7,61.3
2026-06-30T09:00:00,13.453,13.045,19.74,20.15,1.143,1.087,0.5727,0.4923,8.245,6.796,9300.1,9.736,0.4068,186.0,61.4
2026-06-30T10:00:00,12.513,12.168,21.03,21.35,1.182,1.131,0.5166,0.5037,7.649,6.904,9312.3,9.745,0.4069,186.2,61.5
2026-06-30T11:00:00,13.978,13.690,21.28,22.18,1.194,1.137,0.5675,0.4995,7.804,6.822,9326.0,9.758,0.4079,186.5,61.6
2026-06-30T12:00:00,14.519,13.986,22.18,22.60,1.215,1.159,0.5705,0.4854,8.603,6.820,9339.9,9.783,0.4091,186.8,61.6
2026-06-30T13:00:00,14.433,13.885,21.05,21.78,1.204,1.146,0.5401,0.5146,7.970,6.463,9353.8,9.804,0.4094,187.1,61.7
2026-06-30T14:00:00,14.617,14.348,21.83,22.39,1.227,1.161,0.5180,0.4984,7.238,6.986,9368.2,9.808,0.4097,187.4,61.8
2026-06-30T15:00:00,13.938,13.636,22.50,23.53,1.204,1.149,0.5866,0.5074,7.615,6.815,9381.8,9.819,0.4108,187.6,61.9
2026-06-30T16:00:00,13.925,13.661,22.05,22.82,1.210,1.154,0.5004,0.4979,8.089,6.678,9395.5,9.838,0.4108,187.9,62.0
2026-06-30T17:00:00,14.397,14.304,21.95,22.85,1.206,1.155,0.5475,0.4965,7.736,6.500,9409.8,9.856,0.4115,188.2,62.1
2026-06-30T18:00:00,14.441,14.260,22.17,23.00,1.190,1.138,0.5121,0.5014,7.721,6.695,9424.0,9.870,0.4117,188.5,62.2
2026-06-30T19:00:00,14.372,13.957,20.44,21.66,1.206,1.145,0.5753,0.4967,7.845,6.892,9438.0,9.884,0.4128,188.8,62.3
2026-06-30T20:00:00,13.446,13.031,21.05,22.05,1.172,1.111,0.5447,0.4971,7.512,6.905,9451.0,9.892,0.4134,189.0,62.4
2026-06-30T21:00:00,13.862,13.737,20.17,20.60,1.194,1.125,0.5198,0.5068,7.663,6.727,9464.8,9.904,0.4136,189.3,62.5
2026-06-30T22:00:00,13.661,13.362,20.00,21.16,1.167,1.109,0.6053,0.4829,7.433,6.924,9478.1,9.911,0.4152,189.6,62.6
2026-06-30T23:00:00,13.256,13.179,18.22,18.95,1.144,1.093,0.5550,0.4924,7.876,6.435,9491.3,9.930,0.4161,189.8,62.6
2026-07-01T00:00:00,12.098,11.773,18.44,18.92,1.183,1.123,0.4900,0.4918,8.104,6.868,9503.1,9.945,0.4161,190.1,62.7
2026-07-01T01:00:00,12.854,12.481,18.59,19.05,1.137,1.082,0.5293,0.4977,7.433,6.673,9515.6,9.954,0.4164,190.3,62.8
2026-07-01T02:00:00,13.076,12.603,18.03,18.86,1.137,1.080,0.5857,0.4778,8.626,6.683,9528.2,9.979,0.4178,190.6,62.9
2026-07-01T03:00:00,12.778,12.386,17.91,18.76,1.138,1.087,0.5306,0.4999,8.889,6.950,9540.5,10.003,0.4182,190.8,63.0
2026-07-01T04:00:00,12.437,12.283,18.21,18.71,1.153,1.098,0.5491,0.5034,7.883,6.885,9552.8,10.015,0.4187,191.1,63.0
2026-07-01T05:00:00,12.668,12.473,18.52,19.07,1.140,1.089,0.5410,0.4996,8.463,6.533,9565.3,10.039,0.4193,191.3,63.1
2026-07-01T06:00:00,13.699,13.402,19.06,19.18,1.168,1.112,0.5752,0.4935,8.157,6.659,9578.7,10.059,0.4204,191.6,63.2
2026-07-01T07:00:00,12.861,12.482,18.90,19.41,1.142,1.086,0.5483,0.5073,8.205,6.792,9591.2,10.077,0.4209,191.8,63.3
2026-07-01T08:00:00,13.653,13.186,19.45,20.54,1.172,1.117,0.5633,0.5087,7.013,6.901,9604.4,10.078,0.4216,192.1,63.4
2026-07-01T09:00:00,14.211,13.743,19.66,20.88,1.183,1.127,0.5401,0.4930,8.015,6.894,9618.1,10.094,0.4222,192.4,63.5
2026-07-01T10:00:00,13.563,13.351,19.81,20.63,1.186,1.135,0.5817,0.4888,7.822,6.757,9631.5,10.108,0.4235,192.6,63.6
2026-07-01T11:00:00,14.435,14.171,20.47,21.23,1.190,1.138,0.5881,0.4980,7.771,6.651,9645.6,10.124,0.4248,192.9,63.7
2026-07-01T12:00:00,14.262,13.857,21.38,22.21,1.214,1.149,0.5152,0.5000,7.907,6.829,9659.5,10.139,0.4250,193.2,63.8
2026-07-01T13:00:00,14.307,14.108,22.00,22.38,1.235,1.183,0.5703,0.4898,7.680,6.393,9673.6,10.157,0.4261,193.5,63.8
2026-07-01T14:00:00,14.922,14.584,21.40,22.43,1.231,1.167,0.5309,0.5025,7.993,6.788,9688.2,10.174,0.4265,193.8,63.9
2026-07-01T15:00:00,14.721,14.457,22.01,22.88,1.237,1.186,0.5587,0.4996,7.641,7.102,9702.6,10.182,0.4274,194.1,64.0
2026-07-01T16:00:00,14.043,13.726,21.84,22.96,1.201,1.150,0.5492,0.5075,8.161,6.774,9716.4,10.201,0.4279,194.3,64.1
2026-07-01T17:00:00,13.871,13.608,21.20,21.84,1.176,1.117,0.5056,0.4977,7.520,6.741,9730.0,10.212,0.4281,194.6,64.2
2026-07-01T18:00:00,14.561,14.110,21.08,21.79,1.200,1.147,0.5641,0.5238,8.527,6.676,9744.1,10.238,0.4286,194.9,64.3
2026-07-01T19:00:00,13.954,13.629,21.08,21.63,1.203,1.146,0.5484,0.4958,7.910,6.846,9757.7,10.253,0.4293,195.2,64.4
2026-07-01T20:00:00,13.652,13.177,19.67,20.35,1.189,1.133,0.5702,0.4938,7.490,6.641,9770.9,10.264,0.4303,195.4,64.5
2026-07-01T21:00:00,13.597,13.409,20.28,20.70,1.184,1.132,0.5196,0.5074,7.275,6.909,9784.3,10.269,0.4305,195.7,64.6
2026-07-01T22:00:00,13.596,13.085,19.25,20.04,1.154,1.095,0.5216,0.5022,7.051,6.488,9797.4,10.276,0.4308,195.9,64.7
2026-07-01T23:00:00,12.948,12.618,19.02,19.12,1.182,1.123,0.5755,0.4951,8.207,6.611,9810.0,10.296,0.4318,196.2,64.7
2026-07-02T00:00:00,13.244,13.000,19.50,20.62,1.145,1.087,0.5505,0.5014,8.031,6.759,9823.0,10.313,0.4324,196.5,64.8
2026-07-02T01:00:00,12.455,12.006,18.69,19.51,1.123,1.065,0.5323,0.4954,7.882,6.753,9835.0,10.326,0.4329,196.7,64.9
2026-07-02T02:00:00,12.827,12.490,18.57,19.20,1.147,1.094,0.5700,0.4972,7.277,6.848,9847.5,10.332,0.4338,197.0,65.0
2026-07-02T03:00:00,13.022,12.762,18.06,19.18,1.138,1.080,0.5082,0.5126,7.744,6.720,9860.3,10.345,0.4338,197.2,65.1
2026-07-02T04:00:00,13.019,12.948,18.42,19.73,1.119,1.060,0.5583,0.5010,8.165,6.812,9873.2,10.362,0.4345,197.5,65.2
2026-07-02T05:00:00,12.051,11.787,18.43,19.34,1.141,1.089,0.5110,0.4988,7.664,6.534,9885.0,10.375,0.4347,197.7,65.2
2026-07-02T06:00:00,13.258,12.853,18.21,19.24,1.170,1.117,0.5028,0.5033,7.758,6.606,9897.9,10.390,0.4347,198.0,65.3
2026-07-02T07:00:00,13.017,12.792,18.88,19.30,1.143,1.087,0.5892,0.5057,8.070,6.880,9910.6,10.406,0.4357,198.2,65.4
2026-07-02T08:00:00,13.183,12.814,19.07,19.55,1.126,1.066,0.5625,0.4856,8.503,6.969,9923.5,10.425,0.4367,198.5,65.5
2026-07-02T09:00:00,13.879,13.551,20.40,21.31,1.174,1.119,0.6234,0.5003,8.418,6.946,9937.0,10.445,0.4384,198.7,65.6
2026-07-02T10:00:00,13.999,13.528,20.54,21.50,1.183,1.127,0.5551,0.5118,8.191,6.603,9950.5,10.467,0.4390,199.0,65.7
2026-07-02T11:00:00,15.005,14.613,20.33,21.61,1.189,1.131,0.5334,0.5015,7.967,6.549,9965.2,10.487,0.4394,199.3,65.8
2026-07-02T12:00:00,14.260,13.997,21.35,22.17,1.230,1.176,0.5813,0.5201,7.397,6.573,9979.1,10.499,0.4403,199.6,65.9
2026-07-02T13:00:00,14.778,14.478,20.98,22.09,1.202,1.130,0.5361,0.5066,8.013,6.628,9993.6,10.519,0.4407,199.9,66.0
2026-07-02T14:00:00,14.386,14.200,22.40,23.23,1.193,1.137,0.4763,0.4956,8.197,6.654,10007.8,10.541,0.4407,200.2,66.1
2026-07-02T15:00:00,14.640,14.037,22.45,23.46,1.208,1.148,0.5282,0.5127,8.097,6.866,10021.9,10.558,0.4409,200.4,66.1
2026-07-02T16:00:00,14.073,13.681,21.73,22.48,1.207,1.149,0.5058,0.5000,7.260,6.843,10035.5,10.564,0.4410,200.7,66.2
2026-07-02T17:00:00,14.583,14.337,21.77,22.65,1.210,1.152,0.5246,0.4852,8.018,6.896,10049.9,10.580,0.4416,201.0,66.3
2026-07-02T18:00:00,14.139,13.774,21.49,22.03,1.214,1.157,0.5373,0.5143,7.421,6.698,10063.7,10.590,0.4419,201.3,66.4
2026-07-02T19:00:00,14.162,13.633,21.65,22.99,1.209,1.157,0.5331,0.5136,7.977,6.629,10077.3,10.608,0.4422,201.5,66.5
2026-07-02T20:00:00,13.474,13.246,20.57,20.95,1.183,1.126,0.5598,0.5062,7.672,6.867,10090.5,10.619,0.4429,201.8,66.6
2026-07-02T21:00:00,13.346,13.101,20.00,20.65,1.180,1.109,0.5462,0.4883,7.993,6.501,10103.6,10.638,0.4436,202.1,66.7
2026-07-02T22:00:00,12.444,12.106,19.71,20.66,1.145,1.092,0.5305,0.5054,7.695,6.678,10115.7,10.651,0.4439,202.3,66.8
2026-07-02T23:00:00,13.419,13.307,19.57,20.37,1.130,1.069,0.5652,0.5065,8.580,6.732,10129.0,10.675,0.4447,202.6,66.9
2026-07-03T00:00:00,12.752,12.345,18.36,19.39,1.158,1.099,0.6069,0.4938,7.685,6.879,10141.4,10.685,0.4461,202.8,66.9
2026-07-03T01:00:00,12.048,11.899,18.37,19.17,1.126,1.075,0.5517,0.5169,8.734,6.735,10153.3,10.709,0.4465,203.1,67.0
2026-07-03T02:00:00,12.862,12.530,17.94,19.27,1.124,1.067,0.5566,0.4995,7.168,6.362,10165.8,10.719,0.4472,203.3,67.1
2026-07-03T03:00:00,13.324,13.028,17.99,18.79,1.156,1.102,0.5411,0.4897,7.565,6.443,10178.9,10.734,0.4479,203.6,67.2
2026-07-03T04:00:00,13.326,13.049,18.36,19.33,1.130,1.070,0.5524,0.4773,8.126,6.948,10191.9,10.749,0.4489,203.8,67.3
2026-07-03T05:00:00,13.043,12.807,18.18,18.82,1.151,1.099,0.6341,0.5091,8.691,6.992,10204.7,10.771,0.4505,204.1,67.4
2026-07-03T06:00:00,12.004,11.653,18.23,18.97,1.169,1.115,0.5488,0.4703,7.612,6.819,10216.4,10.780,0.4514,204.3,67.4
2026-07-03T07:00:00,12.932,12.587,19.05,19.99,1.142,1.091,0.5123,0.4915,8.321,6.615,10228.9,10.802,0.4517,204.6,67.5
2026-07-03T08:00:00,13.631,13.131,19.51,20.64,1.180,1.129,0.4876,0.4999,7.874,6.669,10242.1,10.817,0.4517,204.8,67.6
2026-07-03T09:00:00,13.309,13.035,20.04,20.93,1.172,1.113,0.6195,0.4991,8.187,6.617,10255.1,10.838,0.4532,205.1,67.7
2026-07-03T10:00:00,13.843,13.530,20.06,20.40,1.195,1.137,0.6311,0.5037,8.196,6.578,10268.6,10.860,0.4550,205.4,67.8
2026-07-03T11:00:00,14.742,14.427,20.69,21.59,1.186,1.129,0.5914,0.4965,7.977,6.318,10283.1,10.884,0.4563,205.7,67.9
2026-07-03T12:00:00,13.995,13.843,21.06,21.81,1.223,1.164,0.4977,0.4727,7.520,6.892,10296.9,10.893,0.4567,205.9,68.0
2026-07-03T13:00:00,14.862,14.554,22.24,23.00,1.198,1.137,0.5645,0.4964,7.521,6.391,10311.5,10.909,0.4577,206.2,68.1
2026-07-03T14:00:00,14.259,13.931,21.69,22.55,1.202,1.150,0.5219,0.5107,8.366,6.701,10325.4,10.932,0.4578,206.5,68.1
2026-07-03T15:00:00,14.409,14.136,23.34,24.72,1.217,1.161,0.5479,0.5016,7.774,6.973,10339.5,10.943,0.4585,206.8,68.2
2026-07-03T16:00:00,14.385,13.995,21.71,22.32,1.218,1.158,0.5255,0.5027,7.527,6.588,10353.5,10.957,0.4588,207.1,68.3
2026-07-03T17:00:00,14.662,14.214,21.72,22.33,1.247,1.194,0.5313,0.4888,8.532,6.825,10367.7,10.981,0.4594,207.4,68.4
2026-07-03T18:00:00,13.851,13.610,21.58,22.27,1.221,1.169,0.5554,0.4966,8.733,6.653,10381.4,11.009,0.4602,207.6,68.5
2026-07-03T19:00:00,14.116,13.671,20.34,21.20,1.210,1.153,0.5330,0.4985,8.070,6.519,10395.0,11.030,0.4607,207.9,68.6
2026-07-03T20:00:00,12.777,12.652,20.21,20.88,1.193,1.131,0.5599,0.5075,8.056,6.410,10407.7,11.051,0.4613,208.2,68.7
2026-07-03T21:00:00,13.425,13.280,20.33,21.58,1.201,1.134,0.5290,0.4873,7.627,6.747,10421.0,11.063,0.4619,208.4,68.8
2026-07-03T22:00:00,13.708,13.478,18.70,19.64,1.160,1.107,0.5636,0.4953,7.856,6.627,10434.4,11.079,0.4628,208.7,68.9
2026-07-03T23:00:00,12.986,12.834,19.17,20.03,1.169,1.109,0.5460,0.4871,8.513,6.812,10447.3,11.101,0.4636,208.9,69.0
2026-07-04T00:00:00,12.543,12.083,18.11,18.79,1.154,1.094,0.5755,0.4825,8.376,6.662,10459.4,11.122,0.4647,209.2,69.0
2026-07-04T01:00:00,12.486,12.270,17.87,18.97,1.140,1.088,0.5651,0.5106,7.960,6.312,10471.6,11.142,0.4654,209.4,69.1
2026-07-04T02:00:00,12.718,12.481,17.57,18.19,1.157,1.095,0.5625,0.5076,8.014,6.758,10484.1,11.158,0.4660,209.7,69.2
2026-07-04T03:00:00,12.044,11.718,17.85,18.76,1.169,1.109,0.5857,0.4951,8.445,6.520,10495.8,11.180,0.4671,209.9,69.3
2026-07-04T04:00:00,13.141,12.867,17.81,18.62,1.122,1.064,0.5637,0.4980,7.657,6.499,10508.7,11.195,0.4679,210.2,69.4
2026-07-04T05:00:00,12.374,12.045,18.22,18.93,1.144,1.090,0.5580,0.5024,6.709,6.552,10520.7,11.197,0.4686,210.4,69.4
2026-07-04T06:00:00,12.746,12.523,18.59,19.50,1.144,1.093,0.5633,0.4920,8.277,6.777,10533.3,11.216,0.4695,210.7,69.5
2026-07-04T07:00:00,12.893,12.637,18.93,19.68,1.179,1.124,0.5657,0.5261,6.858,6.765,10545.9,11.217,0.4700,210.9,69.6
2026-07-04T08:00:00,13.364,12.850,18.64,19.60,1.176,1.124,0.6026,0.4949,7.096,6.806,10558.7,11.221,0.4714,211.2,69.7
2026-07-04T09:00:00,13.464,13.265,19.92,21.07,1.184,1.125,0.5682,0.5094,7.879,6.643,10572.0,11.237,0.4722,211.4,69.8
2026-07-04T10:00:00,14.806,14.492,20.43,21.52,1.186,1.135,0.6037,0.5061,7.946,6.557,10586.5,11.257,0.4736,211.7,69.9
2026-07-04T11:00:00,14.904,14.398,20.80,21.75,1.184,1.132,0.4707,0.4985,7.938,6.719,10600.9,11.275,0.4736,212.0,70.0
2026-07-04T12:00:00,14.100,13.678,21.38,21.99,1.205,1.146,0.5580,0.4982,7.635,6.475,10614.6,11.291,0.4744,212.3,70.1
2026-07-04T13:00:00,14.409,14.151,21.85,22.64,1.240,1.186,0.5427,0.5009,8.084,6.403,10628.7,11.315,0.4750,212.6,70.1
2026-07-04T14:00:00,14.680,14.074,21.60,22.47,1.251,1.193,0.6030,0.5096,7.560,6.751,10642.8,11.326,0.4763,212.9,70.2
2026-07-04T15:00:00,14.677,14.410,21.66,22.51,1.203,1.142,0.5283,0.5076,8.097,6.926,10657.2,11.343,0.4766,213.1,70.3
2026-07-04T16:00:00,14.481,14.192,21.54,22.17,1.209,1.151,0.5667,0.4814,7.627,6.931,10671.4,11.353,0.4778,213.4,70.4
2026-07-04T17:00:00,14.362,13.832,21.57,22.43,1.223,1.170,0.5318,0.4890,7.654,6.667,10685.2,11.366,0.4784,213.7,70.5
2026-07-04T18:00:00,13.761,13.423,20.88,21.62,1.194,1.143,0.5742,0.4804,7.962,6.779,10698.7,11.382,0.4797,214.0,70.6
2026-07-04T19:00:00,14.695,14.468,21.10,21.80,1.198,1.138,0.5176,0.5024,7.396,6.615,10713.1,11.394,0.4799,214.3,70.7
2026-07-04T20:00:00,12.996,12.623,20.57,21.08,1.199,1.149,0.5137,0.4973,7.210,6.866,10725.7,11.398,0.4801,214.5,70.8
2026-07-04T21:00:00,13.076,12.760,19.56,20.51,1.166,1.104,0.5674,0.4996,7.804,6.671,10738.5,11.412,0.4810,214.8,70.9
2026-07-04T22:00:00,13.153,12.693,19.65,20.68,1.149,1.093,0.5598,0.4906,8.216,6.703,10751.2,11.432,0.4818,215.0,71.0
2026-07-04T23:00:00,12.096,11.941,19.18,19.69,1.127,1.075,0.5218,0.5076,7.493,6.750,10763.1,11.440,0.4820,215.3,71.0
2026-07-05T00:00:00,13.145,12.787,17.65,18.92,1.133,1.082,0.4564,0.4998,7.968,6.843,10775.9,11.455,0.4820,215.5,71.1
2026-07-05T01:00:00,12.848,12.680,18.28,19.09,1.132,1.079,0.5243,0.4919,8.008,6.937,10788.6,11.468,0.4824,215.8,71.2
2026-07-05T02:00:00,12.537,12.309,18.20,19.26,1.137,1.079,0.5741,0.4896,8.239,6.839,10800.9,11.486,0.4835,216.0,71.3
2026-07-05T03:00:00,12.722,12.527,17.38,18.49,1.154,1.102,0.5523,0.4977,7.822,6.708,10813.4,11.500,0.4841,216.3,71.4
2026-07-05T04:00:00,13.155,12.624,17.88,18.84,1.143,1.089,0.5188,0.5039,8.069,6.724,10826.1,11.517,0.4843,216.5,71.5
2026-07-05T05:00:00,13.259,12.958,17.49,18.32,1.148,1.086,0.5459,0.4878,7.945,6.433,10839.0,11.536,0.4851,216.8,71.5
2026-07-05T06:00:00,12.737,12.456,18.26,18.93,1.123,1.064,0.5665,0.4926,7.581,6.901,10851.5,11.545,0.4860,217.0,71.6
2026-07-05T07:00:00,12.861,12.530,18.65,19.56,1.191,1.130,0.5716,0.4856,8.482,6.474,10864.0,11.570,0.4871,217.3,71.7
2026-07-05T08:00:00,12.570,12.249,19.52,19.82,1.155,1.093,0.5210,0.4863,7.508,6.674,10876.3,11.580,0.4875,217.5,71.8
2026-07-05T09:00:00,13.312,12.957,19.41,20.15,1.195,1.143,0.5773,0.5046,7.148,6.459,10889.2,11.589,0.4885,217.8,71.9
2026-07-05T10:00:00,14.362,13.920,19.99,21.00,1.207,1.157,0.5582,0.5241,7.986,6.742,10903.1,11.606,0.4889,218.1,72.0
2026-07-05T11:00:00,13.287,12.920,20.53,20.94,1.177,1.114,0.5241,0.5237,8.326,6.722,10916.1,11.627,0.4889,218.3,72.0
2026-07-05T12:00:00,14.250,14.031,21.14,22.08,1.187,1.136,0.5709,0.5080,7.327,6.553,10930.1,11.638,0.4898,218.6,72.1
2026-07-05T13:00:00,13.941,13.575,21.91,22.43,1.218,1.165,0.5587,0.4982,7.877,6.661,10943.7,11.654,0.4906,218.9,72.2
2026-07-05T14:00:00,14.150,13.716,21.98,22.70,1.232,1.161,0.5119,0.4928,7.890,6.750,10957.4,11.670,0.4909,219.1,72.3
2026-07-05T15:00:00,13.803,13.553,21.45,22.34,1.238,1.183,0.5637,0.4994,7.294,6.743,10970.9,11.678,0.4918,219.4,72.4
2026-07-05T16:00:00,14.519,14.238,22.19,22.82,1.239,1.182,0.5889,0.4874,8.028,7.012,10985.2,11.692,0.4932,219.7,72.5
2026-07-05T17:00:00,14.189,13.709,21.64,22.19,1.208,1.156,0.5134,0.5006,7.317,6.757,10998.9,11.700,0.4934,220.0,72.6
2026-07-05T18:00:00,14.536,14.197,20.88,22.30,1.210,1.142,0.5384,0.4937,7.253,6.681,11013.1,11.708,0.4940,220.3,72.7
2026-07-05T19:00:00,13.392,12.998,20.38,21.13,1.162,1.106,0.5362,0.4927,6.999,6.390,11026.1,11.716,0.4946,220.5,72.8
2026-07-05T20:00:00,13.348,12.851,21.29,22.43,1.174,1.109,0.5204,0.5094,8.188,6.519,11038.9,11.737,0.4947,220.8,72.9
2026-07-05T21:00:00,12.821,12.599,19.48,20.18,1.181,1.130,0.5379,0.5083,8.440,6.394,11051.5,11.763,0.4951,221.0,72.9
2026-07-05T22:00:00,13.190,12.822,19.46,20.20,1.158,1.102,0.4959,0.4637,7.715,6.628,11064.3,11.777,0.4955,221.3,73.0
2026-07-05T23:00:00,12.814,12.568,18.81,19.76,1.151,1.095,0.5855,0.4958,8.294,6.639,11076.9,11.798,0.4967,221.5,73.1
2026-07-06T00:00:00,13.311,13.016,18.78,19.78,1.151,1.093,0.5790,0.4900,7.922,6.498,11089.9,11.816,0.4978,221.8,73.2
2026-07-06T01:00:00,11.772,11.527,17.56,18.71,1.174,1.124,0.4671,0.4890,7.923,6.290,11101.5,11.835,0.4978,222.0,73.3
2026-07-06T02:00:00,12.786,12.609,17.69,18.59,1.137,1.074,0.5476,0.5046,7.908,6.544,11114.1,11.852,0.4984,222.3,73.4
2026-07-06T03:00:00,13.085,12.758,17.81,18.14,1.119,1.066,0.5659,0.4883,7.372,6.486,11126.8,11.864,0.4993,222.5,73.4
2026-07-06T04:00:00,12.592,12.181,17.35,18.57,1.130,1.064,0.5074,0.4885,7.640,6.573,11139.0,11.877,0.4996,222.8,73.5
2026-07-06T05:00:00,13.416,12.981,17.97,18.97,1.129,1.068,0.5873,0.4975,7.954,6.683,11152.0,11.893,0.5007,223.0,73.6
2026-07-06T06:00:00,12.685,12.363,19.06,19.95,1.159,1.108,0.5662,0.4946,7.975,6.308,11164.4,11.914,0.5016,223.3,73.7
2026-07-06T07:00:00,13.183,12.883,18.66,19.13,1.176,1.122,0.5501,0.4822,7.878,6.782,11177.2,11.928,0.5025,223.5,73.8
2026-07-06T08:00:00,14.024,13.647,18.82,19.69,1.163,1.105,0.5503,0.5135,8.110,6.621,11190.9,11.948,0.5030,223.8,73.9
2026-07-06T09:00:00,12.966,12.700,19.58,20.59,1.177,1.126,0.5168,0.5054,7.700,6.823,11203.6,11.959,0.5031,224.1,73.9
2026-07-06T10:00:00,13.717,13.272,20.51,21.34,1.209,1.143,0.5904,0.4836,8.319,6.664,11216.9,11.981,0.5046,224.3,74.0
2026-07-06T11:00:00,13.272,12.924,21.24,22.21,1.220,1.170,0.5641,0.4980,7.894,6.731,11229.8,11.996,0.5054,224.6,74.1
2026-07-06T12:00:00,13.513,13.254,20.91,21.73,1.240,1.180,0.5474,0.4937,7.789,6.545,11243.0,12.013,0.5061,224.9,74.2
2026-07-06T13:00:00,14.163,13.766,21.23,22.37,1.196,1.143,0.5703,0.4958,7.603,6.753,11256.8,12.024,0.5071,225.1,74.3
2026-07-06T14:00:00,14.348,13.890,21.37,21.75,1.216,1.165,0.5586,0.5117,7.742,6.897,11270.7,12.036,0.5078,225.4,74.4
2026-07-06T15:00:00,14.784,14.459,21.65,22.47,1.215,1.165,0.5875,0.5015,8.030,6.657,11285.1,12.056,0.5090,225.7,74.5
2026-07-06T16:00:00,14.614,14.209,21.89,22.82,1.245,1.191,0.5144,0.5024,7.792,6.607,11299.4,12.073,0.5092,226.0,74.6
2026-07-06T17:00:00,13.989,13.862,21.16,21.41,1.202,1.142,0.5417,0.5059,8.414,6.438,11313.2,12.100,0.5097,226.3,74.7
2026-07-06T18:00:00,13.845,13.517,21.06,21.96,1.228,1.177,0.5720,0.4972,7.616,6.739,11326.7,12.112,0.5107,226.5,74.8
2026-07-06T19:00:00,14.394,14.062,20.65,21.96,1.181,1.125,0.5811,0.5123,8.388,6.654,11340.8,12.136,0.5117,226.8,74.8
2026-07-06T20:00:00,13.629,13.231,20.45,21.18,1.189,1.135,0.5216,0.5012,8.388,6.888,11354.0,12.156,0.5120,227.1,74.9
2026-07-06T21:00:00,13.331,13.024,19.05,19.57,1.183,1.129,0.6448,0.4880,8.412,6.945,11367.1,12.175,0.5140,227.3,75.0
2026-07-06T22:00:00,12.726,12.460,18.65,19.36,1.186,1.133,0.5122,0.4748,7.582,6.638,11379.5,12.187,0.5145,227.6,75.1
2026-07-06T23:00:00,13.312,13.051,18.41,19.04,1.146,1.096,0.5657,0.4913,7.699,6.764,11392.6,12.199,0.5154,227.9,75.2
2026-07-07T00:00:00,13.042,12.703,18.23,18.87,1.188,1.126,0.5573,0.4855,7.585,6.617,11405.3,12.212,0.5164,228.1,75.3
2026-07-07T01:00:00,12.334,11.992,17.42,18.35,1.155,1.105,0.5839,0.5005,7.816,6.399,11417.3,12.229,0.5174,228.3,75.4
2026-07-07T02:00:00,13.123,12.739,17.83,18.83,1.164,1.105,0.6049,0.4998,7.749,6.783,11430.0,12.241,0.5187,228.6,75.4
2026-07-07T03:00:00,12.443,12.281,17.92,18.64,1.148,1.085,0.5299,0.4815,7.506,6.671,11442.3,12.251,0.5193,228.8,75.5
2026-07-07T04:00:00,12.586,12.141,17.35,18.38,1.135,1.075,0.5200,0.4788,7.631,6.859,11454.4,12.261,0.5198,229.1,75.6
2026-07-07T05:00:00,12.547,12.204,18.18,18.76,1.143,1.090,0.5117,0.5018,7.726,6.542,11466.6,12.275,0.5199,229.3,75.7
2026-07-07T06:00:00,13.042,12.651,17.82,18.67,1.165,1.109,0.5923,0.4965,8.093,6.788,11479.3,12.292,0.5211,229.6,75.8
2026-07-07T07:00:00,12.732,12.487,18.20,19.32,1.161,1.098,0.5362,0.4981,7.364,6.787,11491.8,12.299,0.5216,229.8,75.8
2026-07-07T08:00:00,12.619,12.415,19.07,19.61,1.141,1.076,0.5714,0.4963,6.879,6.437,11504.2,12.304,0.5225,230.1,75.9
2026-07-07T09:00:00,13.567,13.291,19.57,20.36,1.190,1.138,0.5047,0.4906,8.105,7.017,11517.5,12.319,0.5227,230.3,76.0
2026-07-07T10:00:00,14.368,14.048,20.45,21.33,1.185,1.132,0.5388,0.4928,7.721,6.686,11531.5,12.333,0.5234,230.6,76.1
2026-07-07T11:00:00,13.582,13.151,20.15,20.95,1.194,1.135,0.5763,0.5072,7.855,6.537,11544.7,12.351,0.5243,230.9,76.2
2026-07-07T12:00:00,14.452,14.005,20.88,21.76,1.208,1.157,0.5780,0.4964,7.680,6.560,11558.7,12.366,0.5254,231.2,76.3
2026-07-07T13:00:00,14.133,13.968,21.04,21.50,1.215,1.161,0.6040,0.4955,7.403,6.845,11572.6,12.374,0.5269,231.5,76.4
2026-07-07T14:00:00,14.360,13.745,21.35,22.36,1.204,1.150,0.5202,0.4787,7.273,6.688,11586.4,12.382,0.5275,231.7,76.5
2026-07-07T15:00:00,14.479,14.261,21.36,22.40,1.190,1.137,0.4807,0.5072,7.975,6.715,11600.6,12.400,0.5275,232.0,76.6
2026-07-07T16:00:00,14.594,14.166,21.51,22.12,1.203,1.141,0.5907,0.4842,8.249,6.534,11614.8,12.424,0.5290,232.3,76.7
2026-07-07T17:00:00,14.056,13.777,21.21,21.78,1.206,1.150,0.5435,0.4776,7.965,6.620,11628.6,12.443,0.5299,232.6,76.7
2026-07-07T18:00:00,14.111,13.634,20.10,20.66,1.204,1.154,0.5183,0.4868,7.720,6.813,11642.2,12.455,0.5303,232.8,76.8
2026-07-07T19:00:00,14.269,13.850,20.66,21.72,1.190,1.134,0.5528,0.4997,7.725,6.633,11656.1,12.470,0.5311,233.1,76.9
2026-07-07T20:00:00,13.868,13.615,20.13,20.96,1.177,1.117,0.5223,0.5139,7.575,6.519,11669.7,12.485,0.5312,233.4,77.0
2026-07-07T21:00:00,13.482,13.072,19.65,20.78,1.196,1.144,0.5505,0.5092,8.182,6.460,11682.8,12.507,0.5317,233.7,77.1
2026-07-07T22:00:00,13.311,12.920,18.97,19.79,1.164,1.110,0.5656,0.5067,8.509,6.592,11695.7,12.532,0.5325,233.9,77.2
2026-07-07T23:00:00,12.084,11.990,19.11,19.84,1.185,1.128,0.5708,0.4983,7.753,6.477,11707.7,12.547,0.5334,234.2,77.3
2026-07-08T00:00:00,12.128,11.684,18.36,19.03,1.160,1.102,0.5371,0.5036,8.022,6.659,11719.4,12.563,0.5338,234.4,77.3
2026-07-08T01:00:00,13.071,12.616,16.85,17.50,1.143,1.075,0.5259,0.5032,8.093,6.919,11732.0,12.578,0.5340,234.6,77.4
2026-07-08T02:00:00,12.491,12.047,18.79,19.33,1.104,1.053,0.5613,0.4998,7.672,6.930,11744.0,12.587,0.5348,234.9,77.5
2026-07-08T03:00:00,11.714,11.400,17.77,18.78,1.150,1.095,0.5895,0.4794,7.981,6.532,11755.4,12.604,0.5360,235.1,77.6
2026-07-08T04:00:00,12.900,12.645,16.79,17.60,1.125,1.068,0.5653,0.5031,7.818,6.710,11768.1,12.618,0.5368,235.4,77.7
2026-07-08T05:00:00,12.540,12.255,18.00,19.30,1.145,1.087,0.5743,0.4931,8.087,6.502,11780.3,12.637,0.5378,235.6,77.8
2026-07-08T06:00:00,13.329,13.012,17.59,18.25,1.160,1.109,0.5622,0.4793,7.649,6.617,11793.3,12.650,0.5389,235.9,77.8
2026-07-08T07:00:00,13.077,12.785,18.33,19.18,1.152,1.100,0.5135,0.4825,7.390,6.639,11806.1,12.660,0.5393,236.1,77.9
2026-07-08T08:00:00,13.710,13.419,18.51,19.03,1.179,1.129,0.5611,0.4981,7.611,6.597,11819.5,12.674,0.5401,236.4,78.0
2026-07-08T09:00:00,12.830,12.450,19.45,20.06,1.175,1.125,0.5538,0.4943,7.048,6.615,11832.0,12.679,0.5409,236.6,78.1
2026-07-08T10:00:00,13.572,13.319,19.60,20.37,1.165,1.106,0.5634,0.5036,7.188,6.811,11845.3,12.684,0.5417,236.9,78.2
2026-07-08T11:00:00,13.541,13.107,19.70,20.52,1.227,1.177,0.5547,0.4974,7.604,6.298,11858.4,12.701,0.5424,237.2,78.3
2026-07-08T12:00:00,13.146,12.905,20.57,22.00,1.202,1.150,0.4758,0.5081,7.722,6.531,11871.3,12.717,0.5424,237.4,78.4
2026-07-08T13:00:00,15.000,14.473,21.37,21.99,1.206,1.155,0.5389,0.4820,8.220,6.654,11885.8,12.739,0.5433,237.7,78.4
2026-07-08T14:00:00,14.400,14.147,22.22,22.90,1.226,1.161,0.4974,0.4877,7.076,6.373,11899.9,12.749,0.5434,238.0,78.5
2026-07-08T15:00:00,15.223,15.140,21.59,22.05,1.209,1.149,0.5437,0.4801,7.723,6.933,11915.1,12.761,0.5444,238.3,78.6
2026-07-08T16:00:00,14.589,14.313,21.06,22.00,1.229,1.172,0.5658,0.5098,7.960,6.589,11929.4,12.781,0.5452,238.6,78.7
2026-07-08T17:00:00,14.350,14.152,20.90,21.76,1.215,1.162,0.4975,0.4980,7.252,6.441,11943.5,12.792,0.5452,238.9,78.8
2026-07-08T18:00:00,14.229,14.006,20.57,21.81,1.207,1.151,0.5919,0.4966,7.833,6.729,11957.5,12.808,0.5465,239.2,78.9
2026-07-08T19:00:00,13.565,13.358,21.31,22.21,1.187,1.128,0.5545,0.4823,7.837,6.501,11970.9,12.826,0.5475,239.4,79.0
2026-07-08T20:00:00,14.954,14.586,20.51,21.01,1.171,1.112,0.5646,0.4890,7.494,6.582,11985.5,12.839,0.5486,239.7,79.1
2026-07-08T21:00:00,14.025,13.688,19.84,20.50,1.196,1.137,0.5999,0.4778,7.222,6.665,11999.2,12.846,0.5502,240.0,79.2
2026-07-08T22:00:00,13.978,13.342,18.80,19.72,1.170,1.120,0.5436,0.4873,7.850,6.546,12012.5,12.864,0.5510,240.3,79.3
2026-07-08T23:00:00,13.544,13.324,18.44,19.40,1.148,1.079,0.5682,0.5015,8.294,6.553,12025.8,12.887,0.5519,240.5,79.4
2026-07-09T00:00:00,12.782,12.416,18.02,18.88,1.178,1.127,0.5515,0.5125,7.816,6.566,12038.3,12.903,0.5524,240.8,79.5
2026-07-09T01:00:00,12.708,12.393,17.35,18.04,1.146,1.096,0.5588,0.5068,8.329,6.628,12050.7,12.924,0.5530,241.0,79.5
2026-07-09T02:00:00,12.740,12.374,18.29,19.14,1.145,1.094,0.5434,0.5004,8.168,6.868,12063.0,12.940,0.5535,241.3,79.6
2026-07-09T03:00:00,12.619,12.260,17.86,19.27,1.142,1.088,0.5156,0.5030,7.253,6.385,12075.3,12.950,0.5537,241.5,79.7
2026-07-09T04:00:00,12.686,12.188,17.25,18.04,1.137,1.086,0.5402,0.4863,8.544,6.528,12087.5,12.975,0.5543,241.7,79.8
2026-07-09T05:00:00,12.063,11.867,17.80,18.98,1.139,1.075,0.5753,0.4908,7.648,6.439,12099.3,12.989,0.5553,242.0,79.9
2026-07-09T06:00:00,13.493,13.139,18.07,18.79,1.150,1.090,0.5393,0.5016,7.520,6.730,12112.5,13.000,0.5558,242.2,79.9
2026-07-09T07:00:00,13.594,13.396,18.40,19.27,1.169,1.118,0.5732,0.5015,7.828,6.601,12125.9,13.016,0.5568,242.5,80.0
2026-07-09T08:00:00,13.263,12.988,18.78,19.84,1.171,1.121,0.5098,0.4790,7.952,6.641,12138.9,13.033,0.5572,242.8,80.1
2026-07-09T09:00:00,13.634,13.424,19.31,19.60,1.196,1.135,0.5184,0.4935,7.247,6.773,12152.3,13.040,0.5575,243.0,80.2
2026-07-09T10:00:00,13.174,12.771,19.63,20.36,1.175,1.122,0.5361,0.5023,7.775,6.546,12165.1,13.055,0.5580,243.3,80.3
2026-07-09T11:00:00,13.751,13.319,21.17,21.35,1.199,1.146,0.5642,0.5004,7.915,6.706,12178.4,13.071,0.5588,243.6,80.4
2026-07-09T12:00:00,14.229,13.688,20.36,21.25,1.210,1.159,0.5446,0.5049,7.210,6.607,12192.1,13.080,0.5594,243.8,80.5
2026-07-09T13:00:00,14.416,14.030,21.19,22.28,1.218,1.162,0.5900,0.5009,7.495,6.475,12206.1,13.094,0.5606,244.1,80.6
2026-07-09T14:00:00,14.617,14.282,20.75,21.46,1.229,1.177,0.5102,0.4822,7.974,6.412,12220.4,13.116,0.5610,244.4,80.7
2026-07-09T15:00:00,15.172,14.684,21.75,22.16,1.183,1.129,0.5075,0.5168,7.576,6.750,12235.1,13.128,0.5610,244.7,80.8
2026-07-09T16:00:00,14.889,14.379,21.07,21.97,1.233,1.175,0.5491,0.4986,7.966,6.571,12249.4,13.148,0.5617,245.0,80.8
2026-07-09T17:00:00,14.617,14.330,21.78,22.27,1.214,1.162,0.5949,0.5059,7.425,6.352,12263.8,13.164,0.5630,245.3,80.9
2026-07-09T18:00:00,13.994,13.540,21.19,21.75,1.213,1.158,0.5248,0.4875,7.708,6.377,12277.3,13.182,0.5635,245.5,81.0
2026-07-09T19:00:00,13.612,13.153,20.46,20.77,1.197,1.128,0.5441,0.4840,7.966,6.506,12290.5,13.201,0.5643,245.8,81.1
2026-07-09T20:00:00,14.497,13.957,19.74,20.64,1.204,1.148,0.5846,0.5034,8.174,6.401,12304.4,13.226,0.5654,246.1,81.2
2026-07-09T21:00:00,13.991,13.497,18.93,19.59,1.193,1.136,0.6083,0.4963,7.973,6.287,12317.9,13.249,0.5669,246.4,81.3
2026-07-09T22:00:00,13.728,13.347,18.86,19.35,1.175,1.125,0.5322,0.4938,8.764,6.664,12331.3,13.277,0.5675,246.6,81.4
2026-07-09T23:00:00,13.079,12.621,18.69,19.37,1.178,1.122,0.4864,0.4982,7.029,6.523,12343.9,13.283,0.5675,246.9,81.5
2026-07-10T00:00:00,12.508,12.231,17.68,18.42,1.153,1.103,0.5979,0.4859,7.404,6.978,12356.1,13.288,0.5688,247.1,81.6
2026-07-10T01:00:00,12.565,12.246,18.19,18.89,1.169,1.118,0.5584,0.4939,6.976,6.520,12368.4,13.294,0.5696,247.4,81.6
2026-07-10T02:00:00,13.143,12.910,17.55,18.19,1.130,1.078,0.5016,0.4827,7.465,6.357,12381.3,13.308,0.5699,247.6,81.7
2026-07-10T03:00:00,12.593,12.307,17.19,17.90,1.137,1.068,0.4825,0.5146,7.110,6.674,12393.6,13.313,0.5699,247.9,81.8
2026-07-10T04:00:00,12.985,12.774,17.48,18.12,1.155,1.104,0.5159,0.4819,8.295,6.463,12406.4,13.337,0.5703,248.1,81.9
2026-07-10T05:00:00,13.430,13.160,18.02,18.94,1.162,1.100,0.5211,0.4889,8.178,6.645,12419.5,13.357,0.5707,248.4,82.0
2026-07-10T06:00:00,13.403,13.000,17.96,18.67,1.149,1.095,0.5085,0.4931,7.989,6.554,12432.5,13.376,0.5709,248.7,82.1
2026-07-10T07:00:00,12.970,12.579,18.65,19.89,1.161,1.103,0.5962,0.4774,7.766,6.704,12445.1,13.389,0.5724,248.9,82.1
2026-07-10T08:00:00,12.136,11.812,19.56,20.07,1.176,1.121,0.5651,0.4949,7.848,6.636,12456.9,13.403,0.5732,249.1,82.2
2026-07-10T09:00:00,13.513,13.368,19.39,20.11,1.181,1.130,0.5275,0.4980,7.988,6.420,12470.3,13.424,0.5736,249.4,82.3
2026-07-10T10:00:00,13.544,12.988,19.38,20.08,1.188,1.124,0.5610,0.4859,7.098,6.622,12483.3,13.430,0.5746,249.7,82.4
2026-07-10T11:00:00,13.430,13.172,20.84,21.69,1.201,1.148,0.5267,0.4936,7.062,6.702,12496.4,13.435,0.5751,249.9,82.5
2026-07-10T12:00:00,14.678,14.114,20.81,21.91,1.204,1.149,0.5694,0.4953,8.064,6.482,12510.5,13.458,0.5761,250.2,82.6
2026-07-10T13:00:00,14.728,14.221,20.72,21.33,1.202,1.144,0.5660,0.4770,7.528,6.300,12524.8,13.475,0.5774,250.5,82.7
2026-07-10T14:00:00,14.233,14.017,20.96,22.10,1.220,1.164,0.5301,0.5010,7.722,6.529,12538.8,13.492,0.5778,250.8,82.8
2026-07-10T15:00:00,14.231,13.881,21.66,22.03,1.244,1.191,0.5419,0.4846,7.398,6.602,12552.7,13.503,0.5786,251.1,82.8
2026-07-10T16:00:00,14.378,13.897,21.55,22.41,1.232,1.164,0.5858,0.4955,7.438,6.388,12566.6,13.517,0.5798,251.3,82.9
2026-07-10T17:00:00,14.631,14.339,21.54,22.70,1.223,1.171,0.5038,0.4866,8.232,6.418,12580.9,13.543,0.5801,251.6,83.0
2026-07-10T18:00:00,13.188,12.863,20.58,21.78,1.215,1.163,0.6156,0.4978,7.782,6.652,12593.8,13.558,0.5816,251.9,83.1
2026-07-10T19:00:00,13.979,13.559,20.17,20.86,1.186,1.131,0.5673,0.5007,7.691,6.591,12607.3,13.573,0.5825,252.1,83.2
2026-07-10T20:00:00,14.247,13.751,19.63,20.27,1.172,1.115,0.5403,0.5008,7.650,6.506,12621.1,13.589,0.5830,252.4,83.3
2026-07-10T21:00:00,13.569,13.233,19.67,20.22,1.186,1.128,0.5485,0.4917,8.655,6.439,12634.3,13.618,0.5838,252.7,83.4
2026-07-10T22:00:00,13.602,13.291,19.34,19.98,1.167,1.106,0.4989,0.4891,7.175,6.515,12647.6,13.627,0.5839,253.0,83.5
2026-07-10T23:00:00,13.625,13.332,18.57,19.38,1.154,1.102,0.5164,0.4961,7.406,6.561,12660.9,13.638,0.5842,253.2,83.6
2026-07-11T00:00:00,12.383,12.001,18.17,18.88,1.183,1.130,0.5731,0.5020,7.990,6.517,12672.9,13.656,0.5850,253.5,83.6
2026-07-11T01:00:00,12.501,12.174,17.47,18.37,1.152,1.095,0.5615,0.4789,8.575,6.659,12685.1,13.679,0.5860,253.7,83.7
2026-07-11T02:00:00,13.212,12.856,18.12,18.65,1.128,1.077,0.5693,0.4807,8.555,6.410,12698.0,13.707,0.5872,254.0,83.8
2026-07-11T03:00:00,13.682,13.403,17.76,18.82,1.136,1.081,0.6295,0.5050,7.161,6.343,12711.4,13.717,0.5888,254.2,83.9
2026-07-11T04:00:00,12.541,12.158,17.43,18.05,1.142,1.091,0.5417,0.5007,8.455,6.711,12723.5,13.739,0.5893,254.5,84.0
2026-07-11T05:00:00,13.428,13.200,17.67,18.53,1.146,1.089,0.5244,0.4827,7.754,6.647,12736.7,13.753,0.5899,254.7,84.1
2026-07-11T06:00:00,13.048,12.750,17.05,17.88,1.152,1.101,0.5366,0.4843,7.321,6.897,12749.5,13.759,0.5906,255.0,84.1
2026-07-11T07:00:00,12.480,12.309,18.53,19.28,1.156,1.102,0.5447,0.4916,8.065,6.883,12761.8,13.773,0.5912,255.2,84.2
2026-07-11T08:00:00,14.240,13.888,18.69,19.43,1.180,1.127,0.5678,0.4647,7.927,6.534,12775.7,13.793,0.5926,255.5,84.3
2026-07-11T09:00:00,14.675,14.282,19.68,20.82,1.177,1.118,0.5401,0.4872,8.402,6.541,12790.0,13.819,0.5934,255.8,84.4
2026-07-11T10:00:00,13.689,13.293,20.35,21.19,1.212,1.153,0.5613,0.4722,7.508,6.584,12803.2,13.831,0.5946,256.1,84.5
2026-07-11T11:00:00,14.128,13.913,20.76,20.91,1.217,1.165,0.5519,0.4944,7.457,6.572,12817.2,13.844,0.5954,256.3,84.6
2026-07-11T12:00:00,14.008,13.655,20.75,20.75,1.211,1.157,0.5624,0.4902,8.687,6.712,12830.8,13.871,0.5964,256.6,84.7
2026-07-11T13:00:00,14.300,13.939,21.19,21.72,1.194,1.136,0.5074,0.4937,7.517,6.240,12844.8,13.889,0.5966,256.9,84.8
2026-07-11T14:00:00,14.647,14.169,21.34,22.69,1.225,1.165,0.5372,0.4855,8.058,6.563,12858.9,13.910,0.5973,257.2,84.9
2026-07-11T15:00:00,13.736,13.471,21.22,22.05,1.217,1.166,0.5483,0.4811,8.493,6.549,12872.4,13.936,0.5982,257.4,85.0
2026-07-11T16:00:00,15.148,14.769,21.20,22.46,1.218,1.157,0.5601,0.4996,7.942,6.730,12887.2,13.954,0.5991,257.7,85.1
2026-07-11T17:00:00,14.791,14.322,20.62,22.12,1.214,1.161,0.6252,0.4997,8.174,6.568,12901.5,13.977,0.6009,258.0,85.1
2026-07-11T18:00:00,13.889,13.545,19.95,20.55,1.207,1.150,0.5707,0.4890,7.502,6.557,12915.0,13.990,0.6020,258.3,85.2
2026-07-11T19:00:00,13.827,13.446,20.75,21.66,1.207,1.150,0.4752,0.4991,7.880,6.619,12928.5,14.007,0.6020,258.6,85.3
2026-07-11T20:00:00,13.953,13.642,20.29,20.98,1.211,1.154,0.4869,0.5043,7.803,6.568,12942.1,14.023,0.6020,258.8,85.4
2026-07-11T21:00:00,13.175,12.824,19.64,21.00,1.170,1.115,0.5181,0.4929,7.512,6.886,12954.9,14.031,0.6023,259.1,85.5
2026-07-11T22:00:00,13.709,13.448,18.93,20.01,1.146,1.087,0.5583,0.4953,7.847,6.472,12968.4,14.050,0.6032,259.4,85.6
2026-07-11T23:00:00,13.550,13.084,19.22,19.99,1.168,1.115,0.6047,0.4872,7.613,6.442,12981.5,14.065,0.6047,259.6,85.7
2026-07-12T00:00:00,12.750,12.525,17.96,18.52,1.141,1.076,0.5436,0.4863,7.489,6.455,12994.0,14.078,0.6054,259.9,85.8
2026-07-12T01:00:00,12.757,12.457,18.34,19.46,1.156,1.093,0.5207,0.4894,7.422,6.655,13006.5,14.088,0.6058,260.1,85.8
2026-07-12T02:00:00,13.085,12.718,17.29,18.38,1.159,1.109,0.5661,0.4880,7.684,6.436,13019.2,14.104,0.6068,260.4,85.9
2026-07-12T03:00:00,13.520,13.061,16.56,17.52,1.155,1.105,0.5494,0.5062,8.029,6.506,13032.2,14.124,0.6074,260.6,86.0
2026-07-12T04:00:00,12.191,11.959,17.82,19.06,1.157,1.094,0.5503,0.5001,7.580,6.429,13044.2,14.137,0.6080,260.9,86.1
2026-07-12T05:00:00,12.580,12.304,17.30,18.22,1.159,1.103,0.5339,0.4810,8.238,6.779,13056.5,14.155,0.6086,261.1,86.2
2026-07-12T06:00:00,13.203,12.906,17.73,18.60,1.109,1.057,0.5614,0.5118,7.806,6.734,13069.4,14.169,0.6093,261.4,86.3
2026-07-12T07:00:00,12.620,12.124,18.11,18.51,1.140,1.084,0.5635,0.4952,8.232,6.291,13081.5,14.193,0.6101,261.6,86.3
2026-07-12T08:00:00,13.173,12.814,18.75,19.69,1.177,1.126,0.5325,0.4892,7.863,6.567,13094.3,14.209,0.6106,261.9,86.4
2026-07-12T09:00:00,13.971,13.764,19.27,20.09,1.213,1.154,0.5404,0.4998,7.607,6.455,13108.1,14.225,0.6112,262.2,86.5
2026-07-12T10:00:00,14.133,13.815,19.49,20.57,1.194,1.130,0.5353,0.5005,8.150,6.694,13121.9,14.245,0.6117,262.4,86.6
2026-07-12T11:00:00,14.247,13.751,20.13,20.96,1.183,1.129,0.5652,0.4744,8.550,6.547,13135.7,14.273,0.6129,262.7,86.7
2026-07-12T12:00:00,13.826,13.464,20.17,20.82,1.221,1.169,0.6045,0.4955,8.096,6.601,13149.1,14.293,0.6144,263.0,86.8
2026-07-12T13:00:00,14.283,14.129,20.86,21.83,1.216,1.160,0.5141,0.4997,7.830,6.445,13163.3,14.312,0.6146,263.3,86.9
2026-07-12T14:00:00,14.750,14.293,22.03,23.09,1.239,1.187,0.5737,0.4973,7.447,6.539,13177.6,14.325,0.6157,263.6,87.0
2026-07-12T15:00:00,13.843,13.507,21.01,21.94,1.198,1.142,0.5253,0.4817,7.523,6.484,13191.1,14.339,0.6163,263.8,87.1
2026-07-12T16:00:00,14.427,13.992,21.18,21.74,1.180,1.126,0.5518,0.4921,7.455,6.475,13205.1,14.353,0.6171,264.1,87.2
2026-07-12T17:00:00,14.830,14.493,20.95,21.87,1.222,1.164,0.6070,0.5079,8.155,6.344,13219.5,14.379,0.6186,264.4,87.2
2026-07-12T18:00:00,13.513,13.160,20.59,21.52,1.200,1.131,0.5507,0.4912,8.133,6.473,13232.7,14.401,0.6193,264.7,87.3
2026-07-12T19:00:00,14.428,14.213,19.85,20.92,1.194,1.137,0.5844,0.5083,7.613,6.171,13246.9,14.422,0.6204,264.9,87.4
2026-07-12T20:00:00,13.959,13.692,19.42,20.03,1.216,1.161,0.5533,0.4791,7.745,6.606,13260.6,14.437,0.6214,265.2,87.5
2026-07-12T21:00:00,13.219,12.879,19.48,20.55,1.166,1.116,0.5922,0.4939,7.485,6.260,13273.5,14.453,0.6227,265.5,87.6
2026-07-12T22:00:00,13.537,13.198,18.51,19.25,1.161,1.109,0.5558,0.4953,7.471,6.450,13286.7,14.467,0.6235,265.7,87.7
2026-07-12T23:00:00,12.854,12.588,18.09,19.04,1.162,1.102,0.6032,0.5051,8.382,6.451,13299.3,14.491,0.6247,266.0,87.8
2026-07-13T00:00:00,12.380,12.212,17.12,18.01,1.166,1.113,0.5544,0.4935,7.510,6.785,13311.5,14.500,0.6255,266.2,87.9
2026-07-13T01:00:00,12.714,12.429,17.03,17.99,1.121,1.069,0.5582,0.4860,7.632,6.539,13323.9,14.513,0.6264,266.5,87.9
2026-07-13T02:00:00,11.925,11.495,16.86,17.84,1.155,1.102,0.5619,0.4996,7.724,6.392,13335.4,14.529,0.6271,266.7,88.0
2026-07-13T03:00:00,12.871,12.752,17.38,18.70,1.137,1.078,0.6147,0.4954,7.504,6.254,13348.2,14.545,0.6286,267.0,88.1
2026-07-13T04:00:00,13.191,12.671,17.04,17.86,1.143,1.087,0.5358,0.4921,7.382,6.582,13360.8,14.555,0.6292,267.2,88.2
2026-07-13T05:00:00,12.389,12.118,17.53,17.71,1.160,1.107,0.6117,0.4860,7.630,6.534,13373.0,14.568,0.6307,267.5,88.3
2026-07-13T06:00:00,13.447,12.942,18.15,18.82,1.163,1.110,0.5776,0.4886,8.480,6.254,13385.9,14.597,0.6318,267.7,88.3
2026-07-13T07:00:00,13.137,12.911,18.25,19.09,1.175,1.113,0.5902,0.4913,7.488,6.699,13398.8,14.607,0.6331,268.0,88.4
2026-07-13T08:00:00,13.104,12.726,17.92,19.00,1.164,1.103,0.5353,0.4848,7.595,6.343,13411.5,14.623,0.6338,268.2,88.5
2026-07-13T09:00:00,13.395,13.200,19.38,20.17,1.173,1.120,0.5643,0.4793,7.920,6.136,13424.7,14.647,0.6349,268.5,88.6
2026-07-13T10:00:00,13.220,12.738,19.72,20.32,1.203,1.142,0.6144,0.4916,7.810,6.430,13437.5,14.664,0.6365,268.7,88.7
2026-07-13T11:00:00,13.687,13.388,20.80,21.97,1.218,1.162,0.5783,0.4915,7.591,6.461,13450.9,14.679,0.6376,269.0,88.8
2026-07-13T12:00:00,14.430,13.891,20.39,20.90,1.212,1.158,0.5132,0.4920,7.162,6.493,13464.8,14.689,0.6379,269.3,88.9
2026-07-13T13:00:00,14.005,13.528,21.41,22.25,1.209,1.137,0.5076,0.4898,8.184,6.215,13478.3,14.715,0.6381,269.6,89.0
2026-07-13T14:00:00,14.714,14.113,20.82,21.76,1.210,1.146,0.5235,0.4900,7.622,6.504,13492.4,14.731,0.6386,269.8,89.0
2026-07-13T15:00:00,15.269,14.970,21.72,22.35,1.241,1.190,0.5720,0.4929,8.253,6.750,13507.4,14.753,0.6398,270.1,89.1
2026-07-13T16:00:00,14.587,14.485,20.53,20.84,1.213,1.148,0.5311,0.5019,7.943,6.627,13521.8,14.773,0.6402,270.4,89.2
2026-07-13T17:00:00,14.598,14.295,20.45,21.08,1.222,1.157,0.5527,0.4847,7.575,6.375,13536.1,14.790,0.6412,270.7,89.3
2026-07-13T18:00:00,13.830,13.442,20.26,21.11,1.198,1.144,0.5318,0.4994,7.304,6.194,13549.6,14.805,0.6416,271.0,89.4
2026-07-13T19:00:00,14.662,14.445,20.85,22.01,1.176,1.118,0.5644,0.5004,8.030,6.571,13564.0,14.826,0.6426,271.3,89.5
2026-07-13T20:00:00,13.490,13.109,19.39,20.25,1.191,1.122,0.5933,0.4946,7.246,6.364,13577.1,14.837,0.6439,271.5,89.6
2026-07-13T21:00:00,13.576,13.344,19.05,20.05,1.213,1.152,0.5356,0.4938,7.807,6.489,13590.5,14.855,0.6444,271.8,89.7
2026-07-13T22:00:00,13.183,12.866,18.91,19.42,1.175,1.114,0.5141,0.4959,7.677,6.342,13603.4,14.872,0.6446,272.1,89.8
2026-07-13T23:00:00,12.498,12.217,18.47,19.15,1.149,1.091,0.4862,0.4877,7.037,6.451,13615.6,14.879,0.6446,272.3,89.9
2026-07-14T00:00:00,12.651,12.166,17.89,18.51,1.133,1.068,0.5594,0.5094,8.250,6.607,13627.7,14.899,0.6453,272.6,89.9
2026-07-14T01:00:00,12.570,12.249,17.40,18.30,1.137,1.072,0.5780,0.4885,7.368,6.454,13640.0,14.910,0.6464,272.8,90.0
2026-07-14T02:00:00,12.680,12.360,17.69,18.55,1.134,1.073,0.5356,0.4918,7.709,6.582,13652.3,14.924,0.6469,273.0,90.1
2026-07-14T03:00:00,12.359,11.909,17.09,18.40,1.154,1.090,0.4917,0.4991,7.834,6.579,13664.3,14.939,0.6469,273.3,90.2
2026-07-14T04:00:00,11.804,11.484,16.98,17.91,1.150,1.092,0.6418,0.5027,7.238,6.476,13675.7,14.948,0.6485,273.5,90.3
2026-07-14T05:00:00,12.986,12.616,17.54,17.92,1.145,1.084,0.5593,0.4881,7.427,6.096,13688.4,14.965,0.6494,273.8,90.3
2026-07-14T06:00:00,13.121,12.902,18.34,19.13,1.144,1.086,0.5421,0.5120,7.286,6.334,13701.3,14.977,0.6498,274.0,90.4
2026-07-14T07:00:00,13.470,13.242,17.40,18.37,1.137,1.070,0.5455,0.4888,7.850,6.429,13714.5,14.996,0.6505,274.3,90.5
2026-07-14T08:00:00,13.238,13.041,19.11,19.98,1.150,1.099,0.5264,0.5110,7.404,6.326,13727.5,15.010,0.6507,274.6,90.6
2026-07-14T09:00:00,12.662,12.397,19.05,20.07,1.196,1.132,0.5963,0.5032,7.864,6.613,13739.9,15.025,0.6519,274.8,90.7
2026-07-14T10:00:00,13.566,13.257,19.34,20.67,1.197,1.135,0.5719,0.4635,7.381,6.836,13753.2,15.033,0.6533,275.1,90.8
2026-07-14T11:00:00,13.831,13.441,19.93,20.77,1.183,1.133,0.5646,0.4936,7.644,6.698,13766.6,15.045,0.6543,275.3,90.9
2026-07-14T12:00:00,13.963,13.595,20.90,21.55,1.167,1.115,0.5355,0.4947,7.791,6.334,13780.2,15.065,0.6548,275.6,90.9
2026-07-14T13:00:00,13.718,13.260,21.85,22.39,1.218,1.149,0.5502,0.4831,8.012,6.432,13793.5,15.086,0.6557,275.9,91.0
2026-07-14T14:00:00,14.179,13.937,21.67,22.49,1.198,1.141,0.5874,0.4838,7.810,6.477,13807.4,15.105,0.6572,276.1,91.1
2026-07-14T15:00:00,14.524,14.427,20.51,21.11,1.232,1.177,0.5405,0.5046,7.259,6.432,13821.9,15.117,0.6577,276.4,91.2
2026-07-14T16:00:00,15.103,14.760,21.45,21.85,1.215,1.150,0.5604,0.4770,7.586,6.159,13836.6,15.138,0.6589,276.7,91.3
2026-07-14T17:00:00,13.846,13.612,20.45,21.40,1.215,1.153,0.5343,0.4886,8.018,6.396,13850.2,15.160,0.6595,277.0,91.4
2026-07-14T18:00:00,14.341,13.989,20.73,21.98,1.230,1.180,0.5748,0.4873,7.738,6.292,13864.2,15.180,0.6608,277.3,91.5
2026-07-14T19:00:00,14.405,13.892,19.35,20.69,1.219,1.164,0.5972,0.4894,7.844,6.402,13878.1,15.200,0.6623,277.6,91.6
2026-07-14T20:00:00,14.026,13.703,19.20,20.36,1.201,1.147,0.5359,0.4824,7.257,6.189,13891.8,15.215,0.6630,277.8,91.7
2026-07-14T21:00:00,13.766,13.377,18.45,19.66,1.188,1.137,0.5519,0.4799,7.432,6.500,13905.2,15.227,0.6640,278.1,91.8
2026-07-14T22:00:00,13.311,12.843,18.96,19.91,1.180,1.121,0.5336,0.4921,7.980,6.201,13918.0,15.250,0.6645,278.4,91.9
2026-07-14T23:00:00,13.081,12.816,17.54,18.25,1.149,1.087,0.5140,0.4817,8.089,6.274,13930.8,15.273,0.6649,278.6,91.9
2026-07-15T00:00:00,13.473,13.169,18.09,18.82,1.140,1.080,0.5796,0.5025,7.650,6.558,13944.0,15.288,0.6659,278.9,92.0
2026-07-15T01:00:00,12.973,12.422,17.72,18.92,1.133,1.076,0.5117,0.4714,7.781,6.364,13956.4,15.305,0.6664,279.1,92.1
2026-07-15T02:00:00,12.239,11.972,17.23,18.11,1.146,1.083,0.5364,0.4809,6.837,6.579,13968.4,15.308,0.6671,279.4,92.2
2026-07-15T03:00:00,13.484,13.050,16.66,17.64,1.128,1.060,0.5864,0.4891,7.836,6.552,13981.5,15.325,0.6683,279.6,92.3
2026-07-15T04:00:00,11.885,11.488,17.16,18.02,1.167,1.103,0.5452,0.4875,7.870,6.343,13992.9,15.343,0.6690,279.9,92.4
2026-07-15T05:00:00,12.917,12.638,17.08,18.02,1.157,1.101,0.5489,0.4937,8.320,6.620,14005.6,15.364,0.6697,280.1,92.4
2026-07-15T06:00:00,12.604,12.387,17.88,18.76,1.155,1.105,0.5686,0.4822,7.772,6.341,14018.0,15.382,0.6708,280.4,92.5
2026-07-15T07:00:00,13.236,12.975,18.01,18.60,1.175,1.120,0.6025,0.4786,8.077,6.402,14030.9,15.404,0.6724,280.6,92.6
2026-07-15T08:00:00,13.453,12.948,18.27,19.09,1.182,1.114,0.5875,0.4874,8.093,6.450,14043.9,15.425,0.6737,280.9,92.7
2026-07-15T09:00:00,12.973,12.568,18.88,19.46,1.178,1.126,0.4892,0.4880,8.085,6.525,14056.5,15.444,0.6737,281.1,92.8
2026-07-15T10:00:00,13.768,13.405,19.32,19.77,1.205,1.146,0.5548,0.4914,7.844,6.427,14069.9,15.463,0.6745,281.4,92.9
2026-07-15T11:00:00,14.089,13.493,20.15,21.01,1.197,1.145,0.5125,0.4932,8.199,6.587,14083.4,15.485,0.6748,281.7,93.0
2026-07-15T12:00:00,13.884,13.595,20.48,20.84,1.214,1.157,0.5112,0.4893,7.227,6.488,14097.0,15.495,0.6751,281.9,93.0
2026-07-15T13:00:00,14.553,14.108,21.10,21.83,1.220,1.164,0.5382,0.4946,8.442,6.698,14111.1,15.520,0.6757,282.2,93.1
2026-07-15T14:00:00,14.310,13.849,20.92,21.58,1.234,1.172,0.5567,0.4994,8.135,6.528,14124.9,15.542,0.6765,282.5,93.2
2026-07-15T15:00:00,14.281,13.862,21.46,22.22,1.234,1.180,0.5540,0.4893,7.870,6.490,14138.8,15.561,0.6774,282.8,93.3
2026-07-15T16:00:00,13.534,13.168,20.91,21.41,1.192,1.139,0.5449,0.4679,7.920,6.275,14151.9,15.583,0.6784,283.0,93.4
2026-07-15T17:00:00,15.348,14.955,20.81,21.31,1.228,1.169,0.5740,0.4938,7.615,6.411,14166.9,15.601,0.6796,283.3,93.5
2026-07-15T18:00:00,13.419,13.049,20.09,20.46,1.221,1.165,0.5502,0.4961,7.316,6.469,14179.9,15.612,0.6803,283.6,93.6
2026-07-15T19:00:00,13.398,12.987,20.51,21.03,1.190,1.129,0.5683,0.4858,7.704,6.325,14192.9,15.630,0.6814,283.9,93.7
2026-07-15T20:00:00,13.738,13.316,19.30,19.91,1.192,1.131,0.5780,0.4905,7.066,6.685,14206.2,15.635,0.6826,284.1,93.8
2026-07-15T21:00:00,13.158,12.860,19.17,20.59,1.162,1.112,0.5297,0.4887,6.706,6.507,14219.1,15.638,0.6831,284.4,93.8
2026-07-15T22:00:00,12.713,12.525,18.28,18.94,1.173,1.112,0.5393,0.5029,7.307,6.428,14231.6,15.649,0.6835,284.6,93.9
2026-07-15T23:00:00,13.536,13.473,18.02,18.92,1.182,1.127,0.5337,0.4746,8.378,6.630,14245.1,15.672,0.6843,284.9,94.0
2026-07-16T00:00:00,12.589,12.309,17.49,17.91,1.146,1.094,0.4977,0.4886,7.840,6.395,14257.4,15.690,0.6845,285.1,94.1
2026-07-16T01:00:00,12.439,12.093,17.17,17.83,1.145,1.093,0.4967,0.4876,7.949,6.467,14269.5,15.708,0.6846,285.4,94.2
2026-07-16T02:00:00,13.082,12.737,16.92,17.72,1.134,1.084,0.4982,0.5081,7.600,6.600,14282.2,15.721,0.6846,285.6,94.3
2026-07-16T03:00:00,12.548,12.300,17.08,18.14,1.147,1.091,0.6150,0.4807,7.991,6.522,14294.5,15.739,0.6862,285.9,94.3
2026-07-16T04:00:00,12.563,12.307,16.82,17.75,1.146,1.084,0.5835,0.4784,6.921,6.405,14306.9,15.745,0.6875,286.1,94.4
2026-07-16T05:00:00,12.421,12.126,16.37,16.46,1.130,1.079,0.5128,0.5064,7.416,6.547,14319.0,15.755,0.6876,286.4,94.5
2026-07-16T06:00:00,12.563,12.307,17.47,18.19,1.161,1.087,0.5618,0.4876,8.208,6.190,14331.3,15.780,0.6885,286.6,94.6
2026-07-16T07:00:00,13.423,13.308,17.95,19.26,1.132,1.074,0.5978,0.4910,7.145,6.748,14344.6,15.786,0.6899,286.9,94.7
2026-07-16T08:00:00,13.649,13.269,18.97,19.49,1.178,1.120,0.5507,0.4867,8.039,6.299,14357.9,15.809,0.6908,287.2,94.8
2026-07-16T09:00:00,13.332,13.070,18.32,19.09,1.183,1.131,0.5794,0.5060,7.568,6.389,14370.9,15.824,0.6917,287.4,94.8
2026-07-16T10:00:00,13.990,13.659,20.14,20.87,1.219,1.166,0.6288,0.4912,7.159,6.389,14384.6,15.835,0.6936,287.7,94.9
2026-07-16T11:00:00,13.777,13.485,19.62,20.68,1.221,1.156,0.5655,0.4762,7.539,6.522,14398.1,15.848,0.6948,288.0,95.0
2026-07-16T12:00:00,14.471,14.173,20.67,21.54,1.220,1.158,0.5319,0.4870,7.270,6.443,14412.2,15.860,0.6955,288.2,95.1
2026-07-16T13:00:00,14.462,14.305,20.74,21.71,1.211,1.158,0.5784,0.4887,7.952,6.426,14426.6,15.882,0.6967,288.5,95.2
2026-07-16T14:00:00,14.652,14.267,21.68,22.48,1.192,1.140,0.5870,0.4871,7.553,6.524,14440.8,15.897,0.6982,288.8,95.3
2026-07-16T15:00:00,14.120,13.559,21.06,21.50,1.202,1.147,0.6208,0.4837,7.853,6.347,14454.4,15.917,0.7000,289.1,95.4
2026-07-16T16:00:00,14.225,14.061,21.02,21.48,1.234,1.180,0.5284,0.4875,8.117,6.549,14468.4,15.939,0.7006,289.4,95.5
2026-07-16T17:00:00,14.829,14.545,20.83,21.70,1.222,1.167,0.5615,0.5053,8.089,6.311,14483.0,15.965,0.7014,289.7,95.6
2026-07-16T18:00:00,14.277,13.788,20.71,21.71,1.203,1.143,0.5452,0.4769,7.991,6.465,14496.8,15.986,0.7024,289.9,95.7
2026-07-16T19:00:00,13.501,13.056,19.82,20.64,1.208,1.146,0.4760,0.4914,7.870,6.430,14509.8,16.005,0.7024,290.2,95.8
2026-07-16T20:00:00,13.567,13.208,19.92,20.64,1.185,1.135,0.5412,0.4876,8.090,6.719,14523.0,16.023,0.7031,290.5,95.9
2026-07-16T21:00:00,14.486,14.334,19.09,19.99,1.175,1.121,0.5954,0.4741,8.169,6.367,14537.4,16.049,0.7048,290.7,95.9
2026-07-16T22:00:00,13.136,12.910,18.58,19.23,1.153,1.102,0.5463,0.4969,7.762,6.468,14550.3,16.065,0.7054,291.0,96.0
2026-07-16T23:00:00,13.098,12.812,18.94,19.70,1.117,1.054,0.5571,0.4675,7.162,6.534,14563.1,16.073,0.7066,291.3,96.1
2026-07-17T00:00:00,12.672,12.309,18.37,19.32,1.133,1.069,0.5342,0.4862,7.441,6.652,14575.4,16.083,0.7072,291.5,96.2
2026-07-17T01:00:00,13.481,13.145,17.60,18.57,1.142,1.086,0.5612,0.4899,7.505,6.431,14588.5,16.097,0.7081,291.8,96.3
2026-07-17T02:00:00,12.210,11.940,16.72,17.43,1.176,1.114,0.5537,0.4946,6.965,6.360,14600.5,16.105,0.7088,292.0,96.4
2026-07-17T03:00:00,12.460,12.129,17.58,18.73,1.152,1.099,0.5369,0.4887,7.319,6.584,14612.6,16.113,0.7094,292.3,96.4
2026-07-17T04:00:00,12.505,11.980,16.63,17.92,1.117,1.056,0.5666,0.4995,7.841,6.519,14624.6,16.129,0.7102,292.5,96.5
2026-07-17T05:00:00,12.215,11.999,17.37,18.31,1.155,1.091,0.5747,0.4706,8.085,6.828,14636.6,16.144,0.7115,292.7,96.6
2026-07-17T06:00:00,13.982,13.710,17.31,18.28,1.149,1.090,0.5914,0.4769,8.197,6.638,14650.3,16.166,0.7130,293.0,96.7
2026-07-17T07:00:00,13.670,13.170,17.52,18.32,1.175,1.118,0.5522,0.4896,7.315,6.444,14663.5,16.177,0.7139,293.3,96.8
2026-07-17T08:00:00,13.617,13.425,18.53,19.50,1.167,1.111,0.5771,0.4745,7.460,6.587,14676.9,16.189,0.7152,293.5,96.9
2026-07-17T09:00:00,13.806,13.346,19.26,19.72,1.194,1.139,0.5569,0.4844,7.897,6.196,14690.2,16.212,0.7162,293.8,97.0
2026-07-17T10:00:00,12.667,12.264,19.41,20.08,1.191,1.140,0.5845,0.4752,7.479,6.428,14702.5,16.225,0.7175,294.1,97.0
2026-07-17T11:00:00,13.460,13.063,19.28,20.30,1.221,1.166,0.5529,0.4943,6.999,6.124,14715.6,16.236,0.7183,294.3,97.1
2026-07-17T12:00:00,14.005,13.554,20.81,21.79,1.213,1.157,0.5291,0.4921,7.458,6.633,14729.1,16.247,0.7188,294.6,97.2
2026-07-17T13:00:00,13.841,13.443,21.07,21.97,1.201,1.148,0.4836,0.4965,7.844,6.591,14742.6,16.264,0.7188,294.9,97.3
2026-07-17T14:00:00,15.361,14.862,21.10,21.92,1.212,1.159,0.5656,0.5085,7.329,6.333,14757.4,16.279,0.7197,295.1,97.4
2026-07-17T15:00:00,14.458,13.971,21.29,22.28,1.226,1.165,0.5566,0.4876,7.536,6.595,14771.4,16.292,0.7206,295.4,97.5
2026-07-17T16:00:00,14.720,14.236,21.20,22.12,1.229,1.174,0.5816,0.4912,8.291,6.407,14785.6,16.319,0.7219,295.7,97.6
2026-07-17T17:00:00,14.457,14.055,20.87,21.59,1.202,1.150,0.5682,0.4844,7.745,6.412,14799.7,16.337,0.7231,296.0,97.7
2026-07-17T18:00:00,13.210,12.801,20.55,21.28,1.224,1.167,0.5291,0.4793,8.002,6.459,14812.5,16.357,0.7237,296.2,97.8
2026-07-17T19:00:00,13.972,13.550,20.10,21.08,1.196,1.141,0.5881,0.4997,7.897,6.389,14826.0,16.378,0.7249,296.5,97.9
2026-07-17T20:00:00,13.128,12.784,19.59,19.94,1.170,1.115,0.5042,0.5120,7.137,6.192,14838.8,16.390,0.7249,296.8,97.9
2026-07-17T21:00:00,14.091,13.744,19.50,20.33,1.153,1.102,0.5396,0.4944,8.221,6.416,14852.6,16.415,0.7255,297.1,98.0
2026-07-17T22:00:00,13.325,12.984,18.47,19.28,1.172,1.121,0.5144,0.4857,7.827,6.267,14865.6,16.435,0.7259,297.3,98.1
2026-07-17T23:00:00,12.759,12.393,18.19,18.78,1.158,1.108,0.5043,0.4830,7.674,6.669,14878.0,16.447,0.7262,297.6,98.2
2026-07-18T00:00:00,13.097,12.773,17.32,18.04,1.144,1.085,0.5784,0.4765,7.748,6.538,14890.7,16.463,0.7275,297.8,98.3
2026-07-18T01:00:00,13.189,13.108,17.18,18.02,1.134,1.081,0.5598,0.4835,7.395,6.405,14903.8,16.476,0.7285,298.1,98.4
2026-07-18T02:00:00,12.569,12.144,16.71,17.68,1.133,1.078,0.5171,0.4922,7.954,6.503,14916.0,16.493,0.7288,298.3,98.4
2026-07-18T03:00:00,12.821,12.386,16.72,17.44,1.137,1.084,0.5336,0.4916,6.794,6.465,14928.4,16.497,0.7293,298.6,98.5
2026-07-18T04:00:00,12.704,12.523,17.25,18.12,1.155,1.101,0.5700,0.4810,8.313,6.365,14940.9,16.522,0.7304,298.8,98.6
2026-07-18T05:00:00,13.279,13.037,16.80,17.64,1.157,1.099,0.5311,0.5031,8.150,6.490,14953.9,16.543,0.7308,299.1,98.7
2026-07-18T06:00:00,12.760,12.449,17.35,18.21,1.191,1.139,0.5487,0.4783,7.216,6.437,14966.4,16.553,0.7317,299.3,98.8
2026-07-18T07:00:00,13.120,12.915,18.31,18.95,1.146,1.092,0.4943,0.4867,7.653,6.354,14979.3,16.570,0.7318,299.6,98.9
2026-07-18T08:00:00,12.576,12.328,18.99,19.67,1.198,1.142,0.5501,0.4920,6.999,6.586,14991.6,16.575,0.7325,299.8,98.9
2026-07-18T09:00:00,13.289,13.052,18.72,19.75,1.192,1.129,0.5715,0.4929,7.423,6.563,15004.7,16.586,0.7335,300.1,99.0
2026-07-18T10:00:00,13.146,12.895,18.92,19.76,1.204,1.149,0.6351,0.4866,6.895,6.321,15017.6,16.594,0.7354,300.4,99.1
2026-07-18T11:00:00,13.797,13.345,19.60,20.65,1.218,1.154,0.5298,0.4969,7.903,6.421,15030.9,16.613,0.7359,300.6,99.2
2026-07-18T12:00:00,13.832,13.429,20.41,20.96,1.221,1.151,0.5542,0.4817,8.183,6.331,15044.3,16.638,0.7368,300.9,99.3
2026-07-18T13:00:00,14.248,14.000,20.62,21.53,1.223,1.168,0.5269,0.4925,8.446,6.468,15058.3,16.666,0.7373,301.2,99.4
2026-07-18T14:00:00,14.868,14.549,20.45,20.92,1.199,1.148,0.5396,0.4916,7.187,6.363,15072.9,16.678,0.7380,301.5,99.5
2026-07-18T15:00:00,14.309,13.814,20.95,21.79,1.185,1.132,0.5488,0.4797,7.969,6.424,15086.7,16.699,0.7390,301.7,99.6
2026-07-18T16:00:00,13.902,13.825,21.39,22.19,1.210,1.157,0.5851,0.4905,7.363,6.237,15100.5,16.715,0.7403,302.0,99.7
2026-07-18T17:00:00,14.371,13.912,20.87,21.55,1.214,1.155,0.5757,0.4785,7.944,6.146,15114.4,16.740,0.7416,302.3,99.8
2026-07-18T18:00:00,13.503,13.157,20.33,21.13,1.202,1.152,0.5895,0.5084,7.286,6.273,15127.6,16.753,0.7427,302.6,99.8
2026-07-18T19:00:00,13.804,13.236,20.06,20.56,1.195,1.144,0.4798,0.4767,7.776,6.380,15140.8,16.772,0.7427,302.8,99.9
2026-07-18T20:00:00,13.335,12.856,19.33,20.25,1.196,1.140,0.6014,0.4844,8.136,6.307,15153.7,16.795,0.7442,303.1,100.0
2026-07-18T21:00:00,13.245,12.950,18.77,19.07,1.170,1.117,0.5148,0.4794,6.990,6.635,15166.6,16.800,0.7447,303.3,100.1
2026-07-18T22:00:00,12.748,12.418,18.76,19.86,1.145,1.088,0.5140,0.4893,7.401,6.338,15179.1,16.813,0.7450,303.6,100.2
2026-07-18T23:00:00,13.180,12.974,17.37,18.32,1.135,1.084,0.5297,0.5001,7.550,6.489,15192.0,16.827,0.7454,303.8,100.3
2026-07-19T00:00:00,13.056,12.684,17.48,18.28,1.173,1.119,0.5626,0.4805,7.928,6.373,15204.7,16.846,0.7464,304.1,100.4
2026-07-19T01:00:00,12.993,12.639,16.48,17.33,1.180,1.106,0.5478,0.4805,7.882,6.296,15217.4,16.867,0.7473,304.3,100.4
2026-07-19T02:00:00,12.726,12.648,17.17,17.88,1.110,1.042,0.5940,0.4950,7.583,6.621,15230.0,16.879,0.7485,304.6,100.5
2026-07-19T03:00:00,13.318,12.860,16.74,17.78,1.111,1.058,0.4984,0.4785,7.579,6.267,15242.9,16.896,0.7488,304.9,100.6
2026-07-19T04:00:00,13.214,12.946,17.18,17.94,1.163,1.112,0.5451,0.4821,7.643,6.248,15255.8,16.914,0.7496,305.1,100.7
2026-07-19T05:00:00,13.095,12.778,17.42,18.51,1.153,1.103,0.5199,0.4715,8.495,6.037,15268.6,16.945,0.7502,305.4,100.8
2026-07-19T06:00:00,12.385,12.012,17.03,17.78,1.146,1.095,0.5521,0.4813,7.927,6.181,15280.6,16.966,0.7511,305.6,100.9
2026-07-19T07:00:00,13.839,13.586,17.48,18.49,1.178,1.120,0.5746,0.4787,7.272,6.523,15294.2,16.976,0.7524,305.9,100.9
2026-07-19T08:00:00,12.770,12.521,18.11,18.92,1.167,1.108,0.5881,0.4812,8.208,6.261,15306.7,17.001,0.7537,306.1,101.0
2026-07-19T09:00:00,14.057,13.568,18.70,19.96,1.189,1.134,0.5485,0.4660,7.829,6.505,15320.3,17.019,0.7548,306.4,101.1
2026-07-19T10:00:00,14.037,13.672,19.01,19.67,1.183,1.121,0.5285,0.4887,7.451,6.341,15333.9,17.034,0.7554,306.7,101.2
2026-07-19T11:00:00,13.979,13.619,19.87,20.55,1.183,1.129,0.4968,0.4950,7.854,6.444,15347.6,17.053,0.7554,307.0,101.3
2026-07-19T12:00:00,13.671,13.396,20.26,21.00,1.190,1.139,0.5860,0.4846,8.010,6.381,15361.0,17.075,0.7568,307.2,101.4
2026-07-19T13:00:00,15.201,14.774,20.41,20.91,1.235,1.185,0.6185,0.4806,8.163,6.621,15375.7,17.098,0.7588,307.5,101.5
2026-07-19T14:00:00,13.779,13.317,20.70,21.61,1.231,1.177,0.5179,0.4807,7.436,6.144,15389.0,17.115,0.7593,307.8,101.6
2026-07-19T15:00:00,14.694,14.529,20.62,22.03,1.256,1.202,0.5528,0.4703,7.320,6.290,15403.6,17.130,0.7605,308.1,101.7
2026-07-19T16:00:00,13.841,13.509,20.92,21.67,1.220,1.169,0.5427,0.5098,8.048,6.027,15417.1,17.157,0.7609,308.3,101.8
2026-07-19T17:00:00,15.149,14.752,20.08,20.51,1.197,1.139,0.5695,0.4906,7.794,6.416,15431.8,17.177,0.7621,308.6,101.9
2026-07-19T18:00:00,14.386,13.915,20.26,20.86,1.185,1.134,0.4985,0.4807,7.359,6.548,15445.8,17.189,0.7623,308.9,101.9
2026-07-19T19:00:00,14.133,13.684,20.15,20.55,1.156,1.090,0.5227,0.4973,7.744,6.116,15459.4,17.211,0.7627,309.2,102.0
2026-07-19T20:00:00,13.927,13.708,19.61,20.15,1.159,1.109,0.5538,0.4803,8.089,6.512,15473.1,17.232,0.7637,309.5,102.1
2026-07-19T21:00:00,14.241,13.824,19.24,19.66,1.192,1.137,0.5409,0.4696,7.281,6.313,15487.0,17.246,0.7647,309.7,102.2
2026-07-19T22:00:00,12.745,12.577,19.12,19.90,1.167,1.110,0.5435,0.4851,7.722,6.409,15499.5,17.262,0.7654,310.0,102.3
2026-07-19T23:00:00,13.562,13.203,17.97,18.92,1.157,1.097,0.5649,0.4953,7.293,6.526,15512.7,17.273,0.7663,310.3,102.4
2026-07-20T00:00:00,13.847,13.436,16.86,17.76,1.159,1.099,0.6273,0.4984,6.931,6.402,15526.2,17.280,0.7681,310.5,102.5
2026-07-20T01:00:00,13.289,13.105,17.11,17.87,1.150,1.095,0.5918,0.4848,8.244,6.414,15539.3,17.304,0.7695,310.8,102.6
2026-07-20T02:00:00,12.012,11.547,17.45,18.39,1.154,1.099,0.5384,0.4970,7.481,6.282,15550.8,17.317,0.7699,311.0,102.6
2026-07-20T03:00:00,12.518,11.987,16.41,16.90,1.156,1.101,0.5676,0.4777,7.381,6.510,15562.8,17.328,0.7710,311.3,102.7
2026-07-20T04:00:00,12.848,12.524,16.92,17.70,1.140,1.084,0.5785,0.4891,7.724,6.556,15575.3,17.342,0.7721,311.5,102.8
2026-07-20T05:00:00,13.134,12.700,17.10,18.11,1.121,1.068,0.5753,0.4909,8.151,6.280,15588.0,17.366,0.7732,311.8,102.9
2026-07-20T06:00:00,12.920,12.615,17.43,18.36,1.128,1.076,0.5648,0.4788,9.193,6.077,15600.7,17.406,0.7743,312.0,103.0
2026-07-20T07:00:00,12.853,12.652,17.84,18.81,1.158,1.103,0.5629,0.4826,7.289,6.245,15613.3,17.419,0.7753,312.3,103.0
2026-07-20T08:00:00,12.831,12.398,18.22,18.73,1.159,1.107,0.5810,0.4691,7.599,6.527,15625.7,17.432,0.7767,312.5,103.1
2026-07-20T09:00:00,13.614,13.130,18.05,18.60,1.201,1.150,0.6023,0.4879,6.753,6.475,15638.8,17.436,0.7782,312.8,103.2
2026-07-20T10:00:00,13.693,13.196,19.07,19.65,1.210,1.157,0.5038,0.4654,7.730,6.257,15652.0,17.455,0.7787,313.0,103.3
2026-07-20T11:00:00,13.728,13.394,19.35,19.89,1.212,1.144,0.5829,0.4922,7.748,6.164,15665.4,17.476,0.7799,313.3,103.4
2026-07-20T12:00:00,14.490,14.139,20.31,21.07,1.223,1.163,0.5504,0.4883,7.698,6.391,15679.6,17.495,0.7808,313.6,103.5
2026-07-20T13:00:00,13.715,13.198,21.14,21.65,1.226,1.176,0.5635,0.4859,7.997,6.296,15692.8,17.517,0.7818,313.9,103.6
2026-07-20T14:00:00,15.124,14.861,20.95,21.64,1.227,1.171,0.4909,0.4787,7.291,6.262,15707.6,17.533,0.7820,314.2,103.7
2026-07-20T15:00:00,14.386,14.275,20.36,21.60,1.223,1.169,0.5323,0.4685,7.425,6.261,15721.9,17.549,0.7829,314.4,103.8
2026-07-20T16:00:00,14.451,14.012,20.63,21.23,1.221,1.170,0.5345,0.4819,7.248,6.642,15735.9,17.558,0.7837,314.7,103.9
2026-07-20T17:00:00,14.466,14.163,20.28,21.18,1.228,1.176,0.5376,0.4758,7.201,6.480,15750.1,17.568,0.7845,315.0,104.0
2026-07-20T18:00:00,14.667,14.552,19.89,21.07,1.197,1.137,0.5665,0.5151,7.418,6.444,15764.6,17.582,0.7853,315.3,104.0
2026-07-20T19:00:00,12.924,12.537,19.35,20.16,1.208,1.151,0.5642,0.4868,7.697,6.155,15777.2,17.601,0.7863,315.5,104.1
2026-07-20T20:00:00,13.165,12.723,19.79,20.95,1.188,1.123,0.5781,0.4835,7.409,6.239,15789.9,17.616,0.7875,315.8,104.2
2026-07-20T21:00:00,13.165,12.824,19.05,19.55,1.201,1.148,0.5628,0.4954,7.221,6.421,15802.7,17.627,0.7883,316.1,104.3
2026-07-20T22:00:00,12.636,12.279,18.84,19.38,1.166,1.116,0.5963,0.4905,7.166,6.443,15815.0,17.635,0.7896,316.3,104.4
2026-07-20T23:00:00,12.745,12.454,16.89,17.87,1.180,1.129,0.5743,0.4729,7.178,6.474,15827.4,17.644,0.7909,316.5,104.5
2026-07-21T00:00:00,12.370,11.874,18.00,18.60,1.173,1.122,0.5757,0.4686,8.159,6.295,15839.3,17.666,0.7922,316.8,104.5
2026-07-21T01:00:00,13.086,12.564,17.78,18.74,1.147,1.094,0.5495,0.4745,7.860,6.411,15851.9,17.684,0.7931,317.0,104.6
2026-07-21T02:00:00,12.560,12.431,16.17,16.92,1.146,1.078,0.5772,0.4932,8.173,6.433,15864.3,17.706,0.7941,317.3,104.7
2026-07-21T03:00:00,12.554,12.077,16.46,17.25,1.124,1.056,0.5066,0.4848,7.605,6.292,15876.4,17.722,0.7944,317.5,104.8
2026-07-21T04:00:00,12.206,11.870,16.69,17.71,1.127,1.065,0.5471,0.4596,6.952,6.193,15888.3,17.731,0.7954,317.8,104.9
2026-07-21T05:00:00,12.891,12.498,16.73,17.65,1.146,1.079,0.5568,0.4973,8.118,6.265,15900.8,17.754,0.7962,318.0,104.9
2026-07-21T06:00:00,12.699,12.379,16.19,17.08,1.158,1.105,0.4966,0.4739,7.612,6.249,15913.1,17.771,0.7965,318.3,105.0
2026-07-21T07:00:00,13.063,12.841,17.58,18.27,1.143,1.090,0.5638,0.4723,7.347,6.354,15926.0,17.784,0.7976,318.5,105.1
2026-07-21T08:00:00,13.520,13.156,17.27,18.03,1.170,1.110,0.5546,0.5006,7.202,6.276,15939.1,17.796,0.7984,318.8,105.2
2026-07-21T09:00:00,13.663,13.303,18.57,19.22,1.168,1.108,0.5447,0.4828,7.861,6.298,15952.4,17.817,0.7992,319.0,105.3
2026-07-21T10:00:00,14.185,13.722,19.38,20.00,1.206,1.147,0.4801,0.4644,7.523,6.556,15966.2,17.830,0.7994,319.3,105.4
2026-07-21T11:00:00,13.671,13.201,20.33,21.15,1.186,1.128,0.5959,0.4905,8.026,6.451,15979.4,17.851,0.8008,319.6,105.5
2026-07-21T12:00:00,14.219,13.973,19.87,20.68,1.187,1.136,0.5676,0.4949,7.817,5.987,15993.3,17.876,0.8018,319.9,105.6
2026-07-21T13:00:00,14.520,14.200,20.67,22.48,1.225,1.160,0.5315,0.5133,7.839,6.134,16007.5,17.901,0.8021,320.2,105.6
2026-07-21T14:00:00,14.464,14.109,20.93,21.80,1.232,1.175,0.5178,0.4702,7.793,6.360,16021.6,17.921,0.8027,320.4,105.7
2026-07-21T15:00:00,14.243,13.926,21.21,21.59,1.233,1.179,0.5908,0.4672,8.197,6.291,16035.6,17.947,0.8045,320.7,105.8
2026-07-21T16:00:00,14.199,13.758,20.06,20.78,1.219,1.166,0.5751,0.4951,6.978,6.293,16049.3,17.957,0.8056,321.0,105.9
2026-07-21T17:00:00,14.021,13.619,21.21,22.24,1.221,1.170,0.4883,0.4966,7.703,6.389,16063.0,17.975,0.8056,321.3,106.0
2026-07-21T18:00:00,14.135,13.763,20.20,20.43,1.169,1.114,0.5592,0.4804,7.459,6.139,16076.7,17.993,0.8066,321.5,106.1
2026-07-21T19:00:00,13.681,13.345,19.37,19.83,1.207,1.150,0.5211,0.4919,7.638,6.260,16090.1,18.011,0.8070,321.8,106.2
2026-07-21T20:00:00,13.974,13.761,18.75,19.68,1.186,1.134,0.5796,0.4892,8.093,6.478,16103.8,18.033,0.8083,322.1,106.3
2026-07-21T21:00:00,13.184,12.784,18.82,19.82,1.189,1.131,0.5071,0.4771,8.094,5.900,16116.6,18.062,0.8087,322.3,106.4
2026-07-21T22:00:00,13.567,13.085,18.87,19.87,1.191,1.138,0.5241,0.4779,8.602,6.199,16129.7,18.093,0.8093,322.6,106.5
2026-07-21T23:00:00,12.829,12.403,17.79,18.41,1.180,1.119,0.5964,0.4653,7.511,6.259,16142.1,18.108,0.8109,322.8,106.5
2026-07-22T00:00:00,13.157,12.809,17.00,17.62,1.167,1.113,0.5480,0.4792,8.097,6.376,16154.9,18.131,0.8118,323.1,106.6
2026-07-22T01:00:00,12.344,12.153,16.55,17.03,1.148,1.093,0.5925,0.4843,7.702,6.316,16167.1,18.147,0.8131,323.3,106.7
2026-07-22T02:00:00,13.320,12.969,16.76,17.85,1.127,1.066,0.5656,0.4949,7.639,6.179,16180.0,18.166,0.8140,323.6,106.8
2026-07-22T03:00:00,12.551,12.355,16.47,17.58,1.142,1.080,0.5761,0.4766,8.341,6.436,16192.4,18.190,0.8152,323.8,106.9
2026-07-22T04:00:00,12.643,12.228,17.04,17.94,1.146,1.090,0.6079,0.4955,7.348,6.296,16204.6,18.203,0.8166,324.1,107.0
2026-07-22T05:00:00,12.968,12.790,16.26,16.94,1.149,1.098,0.4740,0.4718,6.962,6.341,16217.4,18.211,0.8166,324.3,107.0
2026-07-22T06:00:00,13.117,12.771,17.19,17.79,1.152,1.098,0.5466,0.4820,8.016,6.441,16230.2,18.231,0.8175,324.6,107.1
2026-07-22T07:00:00,13.040,12.669,17.22,18.06,1.159,1.097,0.5503,0.4818,7.888,6.261,16242.8,18.251,0.8183,324.9,107.2
2026-07-22T08:00:00,13.529,13.085,17.72,18.53,1.167,1.108,0.5923,0.4694,8.260,6.329,16255.9,18.277,0.8199,325.1,107.3
2026-07-22T09:00:00,13.754,13.222,18.40,19.13,1.166,1.114,0.5001,0.4769,7.596,6.374,16269.1,18.293,0.8202,325.4,107.4
2026-07-22T10:00:00,13.811,13.436,19.33,20.11,1.180,1.119,0.5419,0.4913,7.816,6.178,16282.6,18.315,0.8209,325.7,107.5
2026-07-22T11:00:00,14.212,13.773,19.54,20.44,1.206,1.150,0.5192,0.4830,8.032,6.449,16296.4,18.337,0.8214,325.9,107.6
2026-07-22T12:00:00,13.844,13.605,19.77,20.85,1.210,1.156,0.6054,0.4775,7.464,6.423,16310.0,18.351,0.8232,326.2,107.6
2026-07-22T13:00:00,13.882,13.352,20.51,21.70,1.243,1.182,0.5279,0.4837,6.448,6.571,16323.3,18.351,0.8237,326.5,107.7
2026-07-22T14:00:00,14.486,14.140,20.99,21.66,1.224,1.167,0.6068,0.4750,8.279,6.393,16337.5,18.377,0.8256,326.7,107.8
2026-07-22T15:00:00,14.993,14.673,21.05,21.79,1.225,1.174,0.5617,0.4942,8.208,6.402,16352.1,18.404,0.8266,327.0,107.9
2026-07-22T16:00:00,14.955,14.497,20.59,21.94,1.190,1.140,0.5385,0.4811,8.572,6.370,16366.6,18.436,0.8274,327.3,108.0
2026-07-22T17:00:00,14.051,13.695,20.18,20.73,1.206,1.149,0.5210,0.4714,7.185,6.360,16380.3,18.447,0.8281,327.6,108.1
2026-07-22T18:00:00,14.203,13.636,19.57,20.46,1.221,1.170,0.5426,0.4844,7.887,6.176,16394.0,18.470,0.8289,327.9,108.2
2026-07-22T19:00:00,14.090,13.752,20.23,20.99,1.233,1.181,0.5481,0.4817,7.809,6.427,16407.7,18.489,0.8298,328.2,108.3
2026-07-22T20:00:00,13.148,12.934,19.16,19.84,1.199,1.139,0.5093,0.4949,8.143,6.198,16420.6,18.515,0.8300,328.4,108.4
2026-07-22T21:00:00,13.515,13.360,18.46,19.41,1.158,1.094,0.6028,0.4977,7.877,6.229,16434.0,18.537,0.8314,328.7,108.5
2026-07-22T22:00:00,13.483,13.121,18.03,18.99,1.158,1.095,0.4809,0.4889,7.794,6.146,16447.1,18.558,0.8314,328.9,108.6
2026-07-22T23:00:00,12.871,12.579,17.31,18.55,1.176,1.124,0.5389,0.4939,7.774,6.108,16459.7,18.579,0.8320,329.2,108.6
2026-07-23T00:00:00,13.539,13.370,16.95,18.13,1.156,1.103,0.5058,0.4742,8.197,6.201,16473.1,18.606,0.8324,329.5,108.7
2026-07-23T01:00:00,12.481,12.197,17.27,18.03,1.157,1.100,0.5866,0.4849,7.454,6.175,16485.3,18.622,0.8336,329.7,108.8
2026-07-23T02:00:00,12.955,12.663,16.49,17.43,1.118,1.067,0.5617,0.4945,7.439,6.481,16497.9,18.634,0.8345,330.0,108.9
2026-07-23T03:00:00,13.365,12.838,16.81,17.13,1.124,1.073,0.5655,0.4666,7.925,6.289,16510.8,18.655,0.8358,330.2,109.0
2026-07-23T04:00:00,12.395,12.058,16.21,17.13,1.144,1.085,0.5621,0.5020,7.872,6.115,16522.8,18.676,0.8365,330.5,109.1
2026-07-23T05:00:00,12.403,12.152,17.51,17.86,1.125,1.071,0.5082,0.4761,7.166,6.170,16535.0,18.688,0.8369,330.7,109.1
2026-07-23T06:00:00,12.618,12.405,17.17,17.67,1.133,1.079,0.5258,0.5092,7.847,6.209,16547.4,18.708,0.8371,330.9,109.2
2026-07-23T07:00:00,12.837,12.590,17.49,18.15,1.173,1.123,0.6052,0.4830,7.918,6.123,16560.0,18.731,0.8386,331.2,109.3
2026-07-23T08:00:00,13.541,13.261,18.63,19.59,1.192,1.130,0.5710,0.4867,7.361,6.308,16573.2,18.745,0.8397,331.5,109.4
2026-07-23T09:00:00,13.519,13.226,18.59,19.76,1.207,1.148,0.5760,0.4758,7.222,6.360,16586.5,18.756,0.8411,331.7,109.5
2026-07-23T10:00:00,14.140,13.963,19.36,20.21,1.201,1.149,0.6063,0.4828,7.091,6.310,16600.4,18.767,0.8428,332.0,109.6
2026-07-23T11:00:00,13.318,12.893,19.42,20.12,1.204,1.140,0.5765,0.4756,7.912,6.116,16613.3,18.790,0.8441,332.3,109.6
2026-07-23T12:00:00,14.222,13.757,19.62,20.49,1.224,1.167,0.4940,0.4762,7.508,6.453,16627.1,18.805,0.8443,332.5,109.7
2026-07-23T13:00:00,14.139,13.864,20.41,20.99,1.233,1.180,0.5685,0.4841,8.964,6.251,16640.9,18.842,0.8455,332.8,109.8
2026-07-23T14:00:00,14.188,13.882,20.16,20.80,1.236,1.184,0.5515,0.4984,7.861,6.260,16654.8,18.865,0.8462,333.1,109.9
2026-07-23T15:00:00,14.170,13.760,20.26,21.00,1.200,1.140,0.4643,0.4951,7.336,6.435,16668.6,18.877,0.8462,333.4,110.0
2026-07-23T16:00:00,15.033,14.708,20.48,21.28,1.224,1.163,0.5544,0.4806,7.753,6.206,16683.3,18.900,0.8473,333.7,110.1
2026-07-23T17:00:00,14.277,13.906,20.50,21.35,1.195,1.139,0.5368,0.4737,6.997,6.218,16697.2,18.911,0.8482,333.9,110.2
2026-07-23T18:00:00,14.160,13.712,19.76,21.16,1.223,1.159,0.5974,0.5116,7.654,6.397,16710.9,18.928,0.8494,334.2,110.3
2026-07-23T19:00:00,13.877,13.574,19.40,19.98,1.199,1.147,0.5950,0.4895,6.683,6.307,16724.5,18.933,0.8508,334.5,110.4
2026-07-23T20:00:00,13.984,13.718,19.44,20.31,1.182,1.125,0.5683,0.5020,7.473,6.378,16738.2,18.948,0.8517,334.8,110.5
2026-07-23T21:00:00,12.964,12.574,18.32,18.93,1.177,1.120,0.4810,0.4712,7.771,6.330,16750.8,18.966,0.8518,335.0,110.6
2026-07-23T22:00:00,12.509,12.274,18.04,18.79,1.158,1.107,0.5566,0.4752,6.713,6.250,16763.0,18.972,0.8528,335.3,110.6
2026-07-23T23:00:00,13.044,12.737,17.74,18.44,1.175,1.121,0.5156,0.4893,7.053,6.266,16775.8,18.982,0.8532,335.5,110.7
2026-07-24T00:00:00,12.556,12.267,17.12,17.86,1.143,1.088,0.5158,0.4836,7.335,6.113,16788.0,18.997,0.8536,335.8,110.8
2026-07-24T01:00:00,12.433,12.130,16.14,17.03,1.155,1.101,0.5372,0.4595,7.669,6.134,16800.2,19.015,0.8545,336.0,110.9
2026-07-24T02:00:00,12.480,12.294,16.50,17.05,1.121,1.065,0.5766,0.4783,7.085,5.996,16812.5,19.029,0.8557,336.2,111.0
2026-07-24T03:00:00,13.079,12.733,15.29,16.08,1.155,1.091,0.4516,0.4615,7.615,6.547,16825.2,19.042,0.8557,336.5,111.0
2026-07-24T04:00:00,11.978,11.908,16.80,18.17,1.132,1.079,0.6138,0.4864,7.648,6.554,16837.1,19.055,0.8572,336.7,111.1
2026-07-24T05:00:00,12.037,11.726,16.92,17.43,1.132,1.078,0.5669,0.4950,7.130,6.250,16848.8,19.066,0.8581,337.0,111.2
2026-07-24T06:00:00,13.321,12.930,17.04,17.84,1.180,1.122,0.5974,0.5023,7.069,6.516,16861.8,19.073,0.8593,337.2,111.3
2026-07-24T07:00:00,13.459,13.073,17.65,18.60,1.180,1.124,0.5410,0.4751,7.568,6.633,16874.8,19.085,0.8602,337.5,111.4
2026-07-24T08:00:00,13.784,13.149,17.69,18.37,1.186,1.134,0.5500,0.4893,7.603,6.462,16888.0,19.100,0.8610,337.8,111.5
2026-07-24T09:00:00,13.005,12.613,18.12,18.80,1.168,1.118,0.5478,0.4813,7.243,6.384,16900.6,19.111,0.8618,338.0,111.5
2026-07-24T10:00:00,13.426,13.080,18.77,19.98,1.208,1.151,0.5463,0.4795,8.173,6.320,16913.7,19.135,0.8627,338.3,111.6
2026-07-24T11:00:00,14.653,14.268,19.90,21.12,1.203,1.152,0.5165,0.4955,7.737,6.256,16928.0,19.156,0.8630,338.6,111.7
2026-07-24T12:00:00,14.316,13.930,19.96,20.41,1.199,1.132,0.5290,0.4939,7.468,6.260,16941.9,19.173,0.8635,338.8,111.8
2026-07-24T13:00:00,14.720,14.304,20.09,20.70,1.217,1.167,0.5456,0.5041,8.347,6.341,16956.2,19.202,0.8641,339.1,111.9
2026-07-24T14:00:00,14.468,14.197,19.77,20.71,1.212,1.159,0.5970,0.4878,7.314,6.124,16970.4,19.219,0.8656,339.4,112.0
2026-07-24T15:00:00,14.534,14.199,19.96,20.80,1.237,1.181,0.5712,0.4913,7.287,6.250,16984.6,19.233,0.8668,339.7,112.1
2026-07-24T16:00:00,13.987,13.710,19.76,20.17,1.224,1.164,0.5288,0.4881,7.746,5.990,16998.3,19.258,0.8673,340.0,112.2
2026-07-24T17:00:00,14.601,14.301,20.04,20.84,1.200,1.132,0.5652,0.4807,7.493,6.142,17012.6,19.277,0.8685,340.3,112.3
2026-07-24T18:00:00,15.190,14.795,19.97,20.96,1.225,1.164,0.5123,0.4902,7.464,6.183,17027.4,19.296,0.8688,340.5,112.4
2026-07-24T19:00:00,13.364,12.827,19.31,20.11,1.144,1.092,0.5921,0.4771,7.911,6.429,17040.2,19.315,0.8703,340.8,112.5
2026-07-24T20:00:00,13.588,13.365,19.10,19.94,1.182,1.115,0.5214,0.4980,7.477,6.141,17053.6,19.333,0.8706,341.1,112.6
2026-07-24T21:00:00,13.795,13.431,18.74,19.78,1.154,1.098,0.5789,0.4799,7.878,6.246,17067.0,19.355,0.8720,341.3,112.6
2026-07-24T22:00:00,13.989,13.722,17.68,18.03,1.168,1.117,0.5339,0.4817,7.092,6.160,17080.7,19.367,0.8727,341.6,112.7
2026-07-24T23:00:00,13.077,12.723,17.02,17.37,1.167,1.111,0.5487,0.4780,6.921,6.179,17093.5,19.377,0.8736,341.9,112.8
2026-07-25T00:00:00,12.873,12.474,15.90,16.73,1.173,1.119,0.5770,0.4926,7.144,6.170,17105.9,19.389,0.8746,342.1,112.9
2026-07-25T01:00:00,12.794,12.480,17.13,18.44,1.156,1.104,0.5729,0.4945,7.868,6.196,17118.4,19.410,0.8756,342.4,113.0
2026-07-25T02:00:00,13.536,13.336,16.57,17.91,1.141,1.086,0.5196,0.4885,7.516,6.086,17131.7,19.429,0.8760,342.6,113.1
2026-07-25T03:00:00,13.112,12.684,16.87,17.65,1.126,1.073,0.5280,0.4614,7.315,6.043,17144.4,19.445,0.8769,342.9,113.2
2026-07-25T04:00:00,12.195,11.923,16.20,16.38,1.120,1.062,0.5217,0.4872,8.048,6.296,17156.4,19.466,0.8773,343.1,113.2
2026-07-25T05:00:00,12.780,12.404,15.87,16.81,1.147,1.093,0.5696,0.4791,7.540,6.280,17168.8,19.482,0.8784,343.4,113.3
2026-07-25T06:00:00,13.123,12.821,16.17,17.37,1.136,1.085,0.5527,0.4829,7.555,6.483,17181.6,19.495,0.8793,343.6,113.4
2026-07-25T07:00:00,13.269,12.964,17.60,18.29,1.149,1.091,0.4691,0.4980,7.957,6.242,17194.5,19.518,0.8793,343.9,113.5
2026-07-25T08:00:00,13.444,13.039,17.76,18.13,1.184,1.128,0.5395,0.4845,7.018,6.277,17207.6,19.527,0.8800,344.2,113.6
2026-07-25T09:00:00,13.492,13.129,18.39,19.40,1.181,1.126,0.5412,0.4847,7.370,6.274,17220.7,19.542,0.8808,344.4,113.7
2026-07-25T10:00:00,13.545,13.372,19.54,20.37,1.187,1.131,0.5805,0.4702,7.305,6.354,17234.1,19.554,0.8822,344.7,113.7
2026-07-25T11:00:00,13.645,13.359,19.86,20.70,1.227,1.174,0.6036,0.4767,7.529,6.216,17247.4,19.572,0.8839,344.9,113.8
2026-07-25T12:00:00,13.635,13.086,19.35,19.81,1.206,1.150,0.5436,0.4832,7.726,6.091,17260.5,19.593,0.8847,345.2,113.9
2026-07-25T13:00:00,14.384,14.000,20.63,21.87,1.201,1.148,0.5859,0.5011,6.766,6.437,17274.5,19.598,0.8859,345.5,114.0
2026-07-25T14:00:00,13.367,12.884,20.57,21.16,1.235,1.182,0.5042,0.4679,7.495,6.189,17287.4,19.615,0.8864,345.7,114.1
2026-07-25T15:00:00,14.428,13.932,20.23,21.52,1.196,1.134,0.5208,0.4908,8.156,6.575,17301.3,19.637,0.8868,346.0,114.2
2026-07-25T16:00:00,14.133,13.835,21.09,21.60,1.216,1.164,0.5594,0.4886,7.917,6.230,17315.2,19.660,0.8878,346.3,114.3
2026-07-25T17:00:00,14.300,13.964,20.66,21.33,1.215,1.162,0.5675,0.4718,7.853,6.010,17329.1,19.686,0.8891,346.6,114.4
2026-07-25T18:00:00,14.364,14.053,20.10,20.72,1.211,1.158,0.5820,0.4769,6.884,6.171,17343.2,19.696,0.8906,346.9,114.5
2026-07-25T19:00:00,12.624,12.386,19.75,20.89,1.209,1.156,0.4884,0.4807,7.559,6.061,17355.6,19.714,0.8907,347.1,114.5
2026-07-25T20:00:00,14.064,13.956,18.36,19.42,1.174,1.118,0.5335,0.4714,7.025,6.139,17369.5,19.727,0.8915,347.4,114.6
2026-07-25T21:00:00,13.435,13.289,18.40,18.81,1.181,1.126,0.5372,0.4879,7.294,6.072,17382.8,19.743,0.8922,347.7,114.7
2026-07-25T22:00:00,13.521,13.239,17.83,18.88,1.189,1.128,0.5231,0.4810,7.178,6.296,17396.1,19.755,0.8928,347.9,114.8
2026-07-25T23:00:00,13.371,12.786,17.63,18.60,1.134,1.079,0.5307,0.4884,8.431,6.095,17408.8,19.785,0.8933,348.2,114.9
2026-07-26T00:00:00,13.147,12.665,17.38,17.85,1.149,1.097,0.5741,0.4805,7.302,6.114,17421.5,19.800,0.8945,348.4,115.0
2026-07-26T01:00:00,13.855,13.619,17.27,18.03,1.164,1.113,0.5498,0.4744,8.386,6.132,17435.1,19.830,0.8955,348.7,115.1
2026-07-26T02:00:00,12.528,12.104,16.17,17.30,1.122,1.059,0.5384,0.4889,7.583,6.140,17447.2,19.848,0.8961,348.9,115.2
2026-07-26T03:00:00,12.036,11.764,17.26,18.27,1.117,1.063,0.5745,0.4849,7.802,6.369,17459.0,19.865,0.8972,349.2,115.2
2026-07-26T04:00:00,12.420,12.326,16.24,16.99,1.167,1.112,0.5430,0.4744,7.354,6.227,17471.3,19.879,0.8980,349.4,115.3
2026-07-26T05:00:00,11.568,11.244,16.09,16.82,1.160,1.109,0.5658,0.4819,7.706,6.379,17482.6,19.893,0.8990,349.7,115.4
2026-07-26T06:00:00,13.094,12.768,17.33,17.91,1.151,1.094,0.4757,0.4869,7.468,6.132,17495.3,19.911,0.8990,349.9,115.5
2026-07-26T07:00:00,13.161,12.770,17.26,17.79,1.161,1.101,0.5258,0.4855,7.999,6.121,17508.1,19.934,0.8995,350.2,115.6
2026-07-26T08:00:00,12.630,12.380,17.60,18.89,1.180,1.121,0.5123,0.4865,7.128,6.262,17520.5,19.945,0.8998,350.4,115.6
2026-07-26T09:00:00,12.980,12.694,19.11,20.02,1.191,1.133,0.5610,0.4682,7.383,6.367,17533.2,19.958,0.9010,350.7,115.7
2026-07-26T10:00:00,14.100,13.838,19.18,20.15,1.192,1.137,0.5786,0.4792,7.116,6.115,17547.0,19.972,0.9023,350.9,115.8
2026-07-26T11:00:00,14.151,13.702,19.19,20.36,1.168,1.101,0.5394,0.4831,7.386,6.182,17560.7,19.988,0.9031,351.2,115.9
2026-07-26T12:00:00,13.690,13.184,20.15,20.84,1.196,1.129,0.6141,0.4944,7.330,6.337,17573.9,20.002,0.9047,351.5,116.0
2026-07-26T13:00:00,14.759,14.443,19.70,20.52,1.251,1.191,0.5581,0.4875,7.427,6.026,17588.3,20.022,0.9057,351.8,116.1
2026-07-26T14:00:00,14.384,14.283,20.03,20.69,1.231,1.175,0.5771,0.4874,7.423,6.253,17602.6,20.038,0.9070,352.1,116.2
2026-07-26T15:00:00,14.565,14.270,20.73,21.85,1.206,1.155,0.5276,0.4453,7.892,6.302,17616.9,20.061,0.9082,352.3,116.3
2026-07-26T16:00:00,14.481,14.113,20.05,21.10,1.229,1.160,0.5480,0.4786,7.366,6.109,17631.0,20.079,0.9092,352.6,116.4
2026-07-26T17:00:00,14.717,14.197,20.14,20.92,1.197,1.143,0.4962,0.4648,7.607,6.406,17645.2,20.096,0.9096,352.9,116.5
2026-07-26T18:00:00,13.964,13.862,20.04,20.76,1.209,1.151,0.5137,0.4722,7.676,6.085,17659.1,20.118,0.9102,353.2,116.5
2026-07-26T19:00:00,13.864,13.658,19.86,20.60,1.204,1.153,0.5578,0.4811,7.442,6.114,17672.7,20.136,0.9112,353.5,116.6
2026-07-26T20:00:00,13.526,13.259,18.93,19.44,1.191,1.131,0.5841,0.4985,7.681,6.107,17686.0,20.157,0.9124,353.7,116.7
2026-07-26T21:00:00,13.743,13.272,18.23,18.65,1.160,1.106,0.5775,0.5040,8.335,6.300,17699.3,20.184,0.9133,354.0,116.8
2026-07-26T22:00:00,13.201,12.954,17.54,17.96,1.196,1.137,0.5811,0.4734,8.164,6.267,17712.2,20.209,0.9147,354.2,116.9
2026-07-26T23:00:00,13.017,12.554,17.26,17.81,1.172,1.122,0.5614,0.4920,7.362,6.081,17724.8,20.225,0.9156,354.5,117.0
2026-07-27T00:00:00,12.652,12.569,17.81,18.79,1.146,1.085,0.5474,0.4925,7.284,6.343,17737.3,20.237,0.9163,354.7,117.1
2026-07-27T01:00:00,11.745,11.493,16.46,17.09,1.140,1.082,0.5204,0.4817,7.888,6.220,17748.8,20.256,0.9167,355.0,117.1
2026-07-27T02:00:00,11.906,11.617,16.23,16.85,1.138,1.080,0.5338,0.4974,7.850,6.124,17760.4,20.276,0.9172,355.2,117.2
2026-07-27T03:00:00,12.524,12.038,15.85,16.43,1.145,1.081,0.5565,0.4664,8.474,6.380,17772.5,20.301,0.9182,355.4,117.3
2026-07-27T04:00:00,11.853,11.503,15.93,16.39,1.150,1.085,0.5062,0.4741,8.223,6.205,17784.0,20.324,0.9186,355.7,117.4
2026-07-27T05:00:00,11.646,11.452,16.62,17.27,1.157,1.104,0.5257,0.5002,7.766,5.973,17795.4,20.345,0.9189,355.9,117.4
2026-07-27T06:00:00,13.070,12.631,16.39,17.28,1.181,1.126,0.5483,0.4580,7.668,6.368,17808.1,20.361,0.9200,356.2,117.5
2026-07-27T07:00:00,13.197,12.792,17.51,18.23,1.115,1.061,0.5838,0.4948,8.001,6.139,17820.9,20.385,0.9212,356.4,117.6
2026-07-27T08:00:00,13.650,13.411,17.37,18.07,1.146,1.092,0.6038,0.4880,7.448,6.511,17834.3,20.397,0.9227,356.7,117.7
2026-07-27T09:00:00,13.512,13.179,18.74,19.44,1.179,1.120,0.6219,0.4693,7.913,6.181,17847.5,20.420,0.9247,356.9,117.8
2026-07-27T10:00:00,13.309,12.998,18.68,19.54,1.176,1.126,0.5494,0.4801,7.567,6.154,17860.5,20.439,0.9256,357.2,117.9
2026-07-27T11:00:00,13.764,13.416,19.48,20.33,1.177,1.104,0.5419,0.4877,7.436,6.133,17873.9,20.456,0.9264,357.5,118.0
2026-07-27T12:00:00,14.418,14.137,19.86,20.47,1.225,1.172,0.5471,0.4792,7.372,6.061,17888.0,20.475,0.9273,357.8,118.1
2026-07-27T13:00:00,13.830,13.595,20.47,21.29,1.226,1.167,0.5544,0.4793,7.853,6.026,17901.6,20.500,0.9284,358.0,118.2
2026-07-27T14:00:00,15.100,14.826,20.17,20.91,1.238,1.183,0.5229,0.4687,7.903,6.097,17916.4,20.526,0.9292,358.3,118.2
2026-07-27T15:00:00,13.954,13.646,19.51,20.12,1.198,1.143,0.5782,0.4798,7.999,6.218,17930.1,20.551,0.9305,358.6,118.3
2026-07-27T16:00:00,13.443,13.104,20.12,21.00,1.213,1.162,0.5912,0.4808,7.134,5.971,17943.2,20.566,0.9319,358.9,118.4
2026-07-27T17:00:00,14.304,14.063,19.98,20.67,1.220,1.169,0.5704,0.4834,7.579,6.031,17957.2,20.588,0.9332,359.1,118.5
2026-07-27T18:00:00,13.977,13.613,19.83,20.57,1.206,1.150,0.5574,0.4936,7.942,6.069,17970.9,20.613,0.9340,359.4,118.6
2026-07-27T19:00:00,13.807,13.488,19.20,19.86,1.214,1.148,0.5368,0.4730,8.244,6.412,17984.3,20.638,0.9349,359.7,118.7
2026-07-27T20:00:00,13.628,13.477,18.47,19.27,1.189,1.134,0.5123,0.4806,6.969,6.436,17997.8,20.645,0.9353,360.0,118.8
2026-07-27T21:00:00,13.664,13.258,17.88,18.71,1.172,1.110,0.5400,0.4605,7.989,5.924,18011.1,20.672,0.9364,360.2,118.9
2026-07-27T22:00:00,11.700,11.454,17.33,18.46,1.160,1.099,0.6084,0.5038,8.819,6.645,18022.5,20.697,0.9376,360.5,118.9
2026-07-27T23:00:00,13.224,12.869,17.27,18.37,1.166,1.112,0.5735,0.4624,7.754,6.294,18035.4,20.716,0.9390,360.7,119.0
2026-07-28T00:00:00,13.731,13.208,17.35,18.22,1.166,1.109,0.5790,0.4915,8.029,6.019,18048.6,20.743,0.9402,361.0,119.1
2026-07-28T01:00:00,12.632,12.242,16.02,16.85,1.146,1.087,0.5239,0.4805,7.775,6.071,18060.8,20.764,0.9407,361.2,119.2
2026-07-28T02:00:00,12.242,11.976,16.77,17.80,1.121,1.068,0.5217,0.4855,7.093,6.121,18072.8,20.775,0.9411,361.5,119.3
2026-07-28T03:00:00,12.840,12.496,15.91,16.12,1.119,1.068,0.5530,0.4712,7.311,6.483,18085.3,20.786,0.9421,361.7,119.4
2026-07-28T04:00:00,12.613,12.192,16.37,17.58,1.142,1.088,0.5717,0.5040,7.322,6.169,18097.5,20.800,0.9430,362.0,119.4
2026-07-28T05:00:00,12.734,12.501,17.20,17.94,1.137,1.086,0.5113,0.4587,7.472,6.131,18110.0,20.816,0.9436,362.2,119.5
2026-07-28T06:00:00,13.009,12.553,17.00,17.10,1.156,1.098,0.5076,0.4760,6.993,6.057,18122.6,20.828,0.9440,362.5,119.6
2026-07-28T07:00:00,13.169,12.700,18.03,19.03,1.174,1.107,0.6438,0.4899,7.538,6.074,18135.3,20.847,0.9460,362.7,119.7
2026-07-28T08:00:00,13.497,13.113,18.18,18.81,1.187,1.128,0.5831,0.4645,7.895,6.204,18148.4,20.869,0.9475,363.0,119.8
2026-07-28T09:00:00,13.270,12.925,17.89,18.85,1.184,1.131,0.5815,0.4823,7.250,6.058,18161.3,20.884,0.9488,363.2,119.9
2026-07-28T10:00:00,13.876,13.678,19.05,19.80,1.205,1.150,0.5424,0.4785,7.860,6.183,18175.0,20.907,0.9497,363.5,120.0
2026-07-28T11:00:00,14.289,14.055,19.79,20.77,1.215,1.162,0.5627,0.4764,7.177,6.215,18189.0,20.921,0.9509,363.8,120.0
2026-07-28T12:00:00,14.215,13.846,19.36,20.24,1.209,1.159,0.5475,0.4827,6.778,6.224,18202.9,20.928,0.9518,364.1,120.1
2026-07-28T13:00:00,13.272,12.897,19.44,20.44,1.205,1.144,0.4836,0.4761,7.230,5.960,18215.8,20.945,0.9519,364.3,120.2
2026-07-28T14:00:00,14.269,14.143,20.28,21.04,1.221,1.156,0.5514,0.4874,7.781,6.481,18229.9,20.963,0.9528,364.6,120.3
2026-07-28T15:00:00,14.739,14.435,20.82,21.97,1.221,1.166,0.5492,0.4852,7.399,6.063,18244.4,20.982,0.9537,364.9,120.4
2026-07-28T16:00:00,14.816,14.291,20.19,20.94,1.216,1.160,0.5503,0.4863,7.099,6.402,18258.6,20.992,0.9546,365.2,120.5
2026-07-28T17:00:00,14.639,14.210,19.62,20.32,1.222,1.160,0.5544,0.4811,6.734,5.880,18272.9,21.005,0.9557,365.5,120.6
2026-07-28T18:00:00,14.228,13.793,19.97,20.61,1.227,1.173,0.6159,0.4741,7.434,6.281,18286.7,21.020,0.9576,365.7,120.7
2026-07-28T19:00:00,13.998,13.676,19.07,20.11,1.188,1.134,0.5464,0.4735,8.049,5.919,18300.3,21.050,0.9586,366.0,120.8
2026-07-28T20:00:00,14.097,13.654,18.09,18.41,1.169,1.118,0.5099,0.4832,7.307,5.999,18314.0,21.067,0.9590,366.3,120.9
2026-07-28T21:00:00,13.777,13.414,18.52,19.53,1.199,1.148,0.4553,0.4874,7.495,6.087,18327.4,21.086,0.9590,366.5,121.0
2026-07-28T22:00:00,13.448,13.025,17.65,18.51,1.176,1.121,0.6002,0.4830,7.896,6.197,18340.4,21.108,0.9605,366.8,121.0
2026-07-28T23:00:00,13.682,13.300,17.98,18.87,1.160,1.102,0.5532,0.4920,7.707,6.066,18353.7,21.130,0.9613,367.1,121.1
2026-07-29T00:00:00,12.602,12.310,16.65,17.45,1.163,1.103,0.5706,0.4809,7.440,5.876,18366.0,21.150,0.9624,367.3,121.2
2026-07-29T01:00:00,13.684,13.358,16.51,17.71,1.125,1.072,0.5449,0.4781,8.493,6.037,18379.4,21.182,0.9633,367.6,121.3
2026-07-29T02:00:00,12.218,11.758,15.91,17.28,1.132,1.081,0.5738,0.4988,6.801,6.003,18391.1,21.192,0.9642,367.8,121.4
2026-07-29T03:00:00,12.923,12.642,15.30,16.66,1.176,1.119,0.5365,0.4719,7.462,6.266,18403.8,21.207,0.9650,368.1,121.5
2026-07-29T04:00:00,12.748,12.449,16.16,17.16,1.125,1.065,0.5734,0.4785,7.223,6.226,18416.2,21.219,0.9662,368.3,121.5
2026-07-29T05:00:00,12.943,12.491,16.20,17.20,1.153,1.100,0.5816,0.4744,8.540,6.440,18428.7,21.245,0.9676,368.6,121.6
2026-07-29T06:00:00,12.564,12.210,16.63,17.48,1.129,1.074,0.5558,0.4691,7.809,5.998,18440.9,21.268,0.9686,368.8,121.7
2026-07-29T07:00:00,12.887,12.455,17.02,18.24,1.173,1.118,0.5197,0.4755,7.469,6.114,18453.4,21.284,0.9692,369.1,121.8
2026-07-29T08:00:00,13.449,13.119,18.18,19.63,1.173,1.121,0.5340,0.4782,6.986,6.005,18466.5,21.297,0.9699,369.3,121.9
2026-07-29T09:00:00,13.050,12.638,18.32,19.38,1.159,1.102,0.5415,0.4794,7.745,6.141,18479.1,21.318,0.9707,369.6,122.0
2026-07-29T10:00:00,13.478,13.161,18.34,19.36,1.218,1.165,0.5206,0.4838,7.139,6.090,18492.3,21.331,0.9712,369.8,122.0
2026-07-29T11:00:00,13.824,13.587,19.01,20.08,1.210,1.153,0.5498,0.4956,7.534,6.093,18505.9,21.351,0.9719,370.1,122.1
2026-07-29T12:00:00,14.428,14.176,19.02,19.66,1.211,1.160,0.5343,0.4693,7.562,6.326,18520.1,21.369,0.9728,370.4,122.2
2026-07-29T13:00:00,14.849,14.361,20.06,21.30,1.218,1.161,0.5144,0.4727,8.141,5.950,18534.4,21.400,0.9734,370.7,122.3
2026-07-29T14:00:00,14.731,14.650,20.88,21.60,1.224,1.168,0.4992,0.4767,8.019,6.124,18549.1,21.428,0.9738,371.0,122.4
2026-07-29T15:00:00,14.939,14.748,19.89,20.63,1.204,1.151,0.4749,0.4936,6.864,6.033,18563.8,21.440,0.9738,371.3,122.5
2026-07-29T16:00:00,14.837,14.615,19.89,20.58,1.203,1.152,0.5672,0.4683,7.557,6.222,18578.4,21.460,0.9752,371.6,122.6
2026-07-29T17:00:00,13.922,13.356,19.32,20.35,1.206,1.150,0.5390,0.4737,7.516,6.033,18591.8,21.479,0.9761,371.8,122.7
2026-07-29T18:00:00,14.330,13.885,19.20,20.05,1.215,1.165,0.5555,0.4907,8.002,6.166,18605.7,21.505,0.9770,372.1,122.8
2026-07-29T19:00:00,13.447,13.012,18.61,19.38,1.214,1.153,0.5261,0.4829,7.425,6.034,18618.7,21.523,0.9775,372.4,122.9
2026-07-29T20:00:00,13.508,13.266,18.16,19.40,1.181,1.123,0.5447,0.4825,7.517,6.051,18632.0,21.542,0.9784,372.6,123.0
2026-07-29T21:00:00,12.908,12.634,18.77,19.25,1.190,1.131,0.5871,0.4753,7.266,6.308,18644.6,21.554,0.9798,372.9,123.1
2026-07-29T22:00:00,13.246,12.928,18.05,18.62,1.169,1.116,0.6003,0.4791,7.362,6.028,18657.5,21.572,0.9813,373.2,123.1
2026-07-29T23:00:00,12.771,12.372,17.46,18.41,1.153,1.103,0.5349,0.4756,6.905,6.260,18669.9,21.580,0.9821,373.4,123.2
2026-07-30T00:00:00,12.283,11.928,17.10,17.87,1.144,1.090,0.5671,0.4693,7.340,6.497,18681.8,21.590,0.9832,373.6,123.3
2026-07-30T01:00:00,12.486,12.200,16.15,16.87,1.131,1.081,0.5813,0.4682,7.329,6.191,18694.0,21.604,0.9846,373.9,123.4
2026-07-30T02:00:00,12.914,12.507,16.13,17.35,1.158,1.099,0.5791,0.4792,6.974,6.322,18706.5,21.612,0.9859,374.1,123.5
2026-07-30T03:00:00,12.966,12.650,16.11,17.02,1.110,1.059,0.5535,0.4648,7.853,6.222,18719.2,21.632,0.9870,374.4,123.5
2026-07-30T04:00:00,12.427,12.017,16.38,17.01,1.148,1.089,0.5873,0.4807,7.108,6.233,18731.2,21.643,0.9883,374.6,123.6
2026-07-30T05:00:00,13.080,12.554,16.85,17.79,1.146,1.089,0.5291,0.4865,6.833,6.247,18743.8,21.650,0.9888,374.9,123.7
2026-07-30T06:00:00,12.733,12.401,16.87,17.38,1.161,1.110,0.5466,0.4791,6.866,5.873,18756.2,21.663,0.9896,375.1,123.8
2026-07-30T07:00:00,13.561,13.241,16.78,17.89,1.183,1.121,0.5627,0.4721,6.989,6.251,18769.4,21.672,0.9908,375.4,123.9
2026-07-30T08:00:00,13.206,12.797,17.17,17.88,1.167,1.106,0.5775,0.4752,7.237,6.151,18782.2,21.686,0.9921,375.6,124.0
2026-07-30T09:00:00,13.818,13.513,18.76,20.28,1.166,1.113,0.5188,0.4783,8.096,6.268,18795.7,21.711,0.9927,375.9,124.1
2026-07-30T10:00:00,14.256,13.965,18.37,18.86,1.161,1.100,0.5965,0.4827,7.968,6.221,18809.7,21.735,0.9943,376.2,124.1
2026-07-30T11:00:00,14.248,13.845,19.24,19.98,1.174,1.121,0.5425,0.4524,7.710,6.130,18823.5,21.757,0.9955,376.5,124.2
2026-07-30T12:00:00,14.323,14.185,19.29,20.32,1.213,1.159,0.5539,0.4834,7.636,6.041,18837.7,21.780,0.9965,376.8,124.3
2026-07-30T13:00:00,14.670,14.307,20.21,21.13,1.212,1.149,0.5206,0.4740,7.825,6.212,18852.0,21.803,0.9972,377.0,124.4
2026-07-30T14:00:00,15.025,14.713,20.36,21.14,1.203,1.148,0.5277,0.4868,7.600,6.055,18866.7,21.826,0.9978,377.3,124.5
2026-07-30T15:00:00,14.532,14.243,20.42,21.25,1.203,1.145,0.5346,0.4686,7.632,6.096,18881.0,21.848,0.9987,377.6,124.6
2026-07-30T16:00:00,13.253,12.897,19.80,20.45,1.206,1.151,0.5834,0.4903,8.139,5.978,18893.9,21.875,0.9999,377.9,124.7
2026-07-30T17:00:00,14.147,13.890,20.48,21.65,1.220,1.170,0.5563,0.4805,7.991,6.156,18907.8,21.901,1.0010,378.2,124.8
2026-07-30T18:00:00,14.149,13.950,19.25,20.46,1.197,1.144,0.5128,0.4704,7.946,5.930,18921.7,21.929,1.0016,378.4,124.9
2026-07-30T19:00:00,13.550,13.319,18.73,19.53,1.187,1.129,0.5813,0.4633,7.964,6.198,18935.0,21.953,1.0032,378.7,125.0
2026-07-30T20:00:00,13.810,13.527,18.34,19.38,1.197,1.134,0.5938,0.4905,7.430,6.162,18948.5,21.970,1.0046,379.0,125.1
2026-07-30T21:00:00,12.486,12.319,18.14,18.79,1.188,1.136,0.4505,0.4725,8.005,6.340,18960.9,21.990,1.0046,379.2,125.1
2026-07-30T22:00:00,12.827,12.451,17.83,18.46,1.173,1.112,0.5252,0.4965,7.329,6.377,18973.3,22.002,1.0049,379.5,125.2
2026-07-30T23:00:00,14.065,13.770,17.34,17.96,1.184,1.132,0.6127,0.4790,7.780,5.750,18987.1,22.030,1.0068,379.7,125.3
2026-07-31T00:00:00,12.437,12.186,16.41,16.98,1.133,1.075,0.5233,0.4948,8.212,6.140,18999.3,22.055,1.0071,380.0,125.4
2026-07-31T01:00:00,12.857,12.726,16.32,16.80,1.152,1.098,0.4787,0.4687,8.270,6.124,19012.0,22.083,1.0072,380.2,125.5
2026-07-31T02:00:00,12.410,12.159,16.73,17.67,1.122,1.065,0.4773,0.4638,6.672,6.197,19024.2,22.088,1.0074,380.5,125.6
2026-07-31T03:00:00,13.221,13.047,16.54,16.94,1.158,1.103,0.5343,0.4643,7.241,6.049,19037.2,22.104,1.0083,380.7,125.6
2026-07-31T04:00:00,12.639,12.363,15.10,16.16,1.122,1.059,0.5332,0.4635,7.471,6.092,19049.6,22.121,1.0092,381.0,125.7
2026-07-31T05:00:00,13.681,13.290,16.26,16.77,1.105,1.047,0.5124,0.4810,7.534,6.031,19062.9,22.141,1.0096,381.3,125.8
2026-07-31T06:00:00,13.086,12.542,16.37,17.08,1.151,1.082,0.5182,0.4760,7.343,6.071,19075.4,22.157,1.0101,381.5,125.9
2026-07-31T07:00:00,13.111,12.627,16.69,17.56,1.172,1.113,0.5159,0.4622,7.378,5.941,19088.0,22.175,1.0108,381.8,126.0
2026-07-31T08:00:00,13.495,12.898,18.11,19.02,1.170,1.119,0.5499,0.4758,7.337,6.328,19100.9,22.188,1.0118,382.0,126.1
2026-07-31T09:00:00,13.009,12.774,17.77,18.77,1.167,1.108,0.5726,0.4848,7.188,6.292,19113.7,22.199,1.0129,382.3,126.2
2026-07-31T10:00:00,13.832,13.443,18.25,19.34,1.182,1.129,0.5648,0.4689,6.980,5.901,19127.1,22.214,1.0142,382.5,126.2
2026-07-31T11:00:00,13.705,13.435,18.80,19.57,1.227,1.168,0.5583,0.4712,7.875,6.159,19140.6,22.237,1.0153,382.8,126.3
2026-07-31T12:00:00,13.618,12.986,19.79,20.61,1.209,1.145,0.5545,0.4835,7.405,5.696,19153.6,22.259,1.0163,383.1,126.4
2026-07-31T13:00:00,13.252,12.844,20.64,21.62,1.210,1.154,0.6165,0.4964,7.399,6.117,19166.4,22.276,1.0178,383.3,126.5
2026-07-31T14:00:00,14.499,14.085,19.67,20.28,1.208,1.150,0.5348,0.4832,7.530,6.256,19180.5,22.294,1.0185,383.6,126.6
2026-07-31T15:00:00,14.126,13.778,19.63,20.28,1.200,1.140,0.5132,0.4857,7.507,5.894,19194.3,22.316,1.0189,383.9,126.7
2026-07-31T16:00:00,14.121,13.711,20.19,20.98,1.211,1.156,0.6002,0.4885,7.572,6.249,19208.0,22.334,1.0204,384.2,126.8
2026-07-31T17:00:00,14.631,14.486,19.45,20.13,1.223,1.169,0.5109,0.4867,7.403,6.275,19222.5,22.350,1.0208,384.4,126.9
2026-07-31T18:00:00,13.806,13.492,19.71,20.57,1.222,1.163,0.5085,0.4850,7.468,6.169,19236.0,22.368,1.0211,384.7,127.0
2026-07-31T19:00:00,14.158,13.865,18.87,19.68,1.182,1.129,0.4893,0.4908,7.218,5.986,19249.8,22.385,1.0211,385.0,127.0
2026-07-31T20:00:00,13.974,13.484,18.38,19.03,1.181,1.129,0.5650,0.4877,7.760,5.999,19263.3,22.409,1.0221,385.3,127.1
2026-07-31T21:00:00,14.120,13.740,17.82,18.41,1.166,1.112,0.5479,0.4954,7.163,6.174,19277.0,22.422,1.0229,385.5,127.2
2026-07-31T22:00:00,13.591,13.249,17.52,18.65,1.190,1.137,0.5447,0.4813,6.999,6.012,19290.3,22.435,1.0237,385.8,127.3
2026-07-31T23:00:00,13.123,12.768,17.49,18.41,1.162,1.107,0.5309,0.5106,8.534,5.842,19303.1,22.470,1.0240,386.1,127.4
2026-08-01T00:00:00,12.548,12.237,15.76,16.65,1.123,1.073,0.6067,0.4579,7.827,6.095,19315.3,22.491,1.0258,386.3,127.5
2026-08-01T01:00:00,12.510,12.279,16.67,17.23,1.151,1.094,0.5584,0.4761,7.088,6.016,19327.6,22.504,1.0268,386.6,127.6
2026-08-01T02:00:00,12.784,12.511,16.38,16.90,1.153,1.097,0.6202,0.4636,7.774,5.924,19340.1,22.527,1.0288,386.8,127.6
2026-08-01T03:00:00,12.956,12.649,16.25,17.09,1.157,1.106,0.5575,0.4807,7.207,6.175,19352.7,22.540,1.0297,387.1,127.7
2026-08-01T04:00:00,12.532,12.382,16.55,17.53,1.124,1.060,0.5654,0.4730,7.577,5.952,19365.1,22.560,1.0309,387.3,127.8
2026-08-01T05:00:00,12.774,12.642,16.46,17.49,1.142,1.086,0.5210,0.4702,7.143,6.201,19377.8,22.572,1.0315,387.6,127.9
2026-08-01T06:00:00,13.078,12.624,16.51,16.99,1.156,1.098,0.5509,0.4931,7.122,6.203,19390.4,22.584,1.0322,387.8,128.0
2026-08-01T07:00:00,13.828,13.341,16.90,18.15,1.135,1.072,0.5347,0.4817,7.245,6.067,19403.7,22.600,1.0329,388.1,128.1
2026-08-01T08:00:00,13.283,13.031,17.80,18.43,1.183,1.124,0.5597,0.4832,7.755,6.490,19416.8,22.616,1.0339,388.3,128.2
2026-08-01T09:00:00,14.111,13.640,18.04,18.23,1.180,1.124,0.5046,0.4757,7.620,6.170,19430.4,22.636,1.0343,388.6,128.2
2026-08-01T10:00:00,13.710,13.197,17.83,18.75,1.217,1.160,0.5487,0.4739,7.508,5.969,19443.6,22.656,1.0353,388.9,128.3
2026-08-01T11:00:00,14.335,13.963,18.39,19.06,1.204,1.153,0.5786,0.4779,7.211,6.188,19457.6,22.670,1.0367,389.2,128.4
2026-08-01T12:00:00,14.758,14.407,19.54,20.05,1.222,1.164,0.5974,0.4876,7.854,6.000,19472.0,22.697,1.0383,389.4,128.5
2026-08-01T13:00:00,14.510,14.110,19.22,19.70,1.205,1.148,0.5784,0.4706,7.042,6.008,19486.1,22.712,1.0398,389.7,128.6
2026-08-01T14:00:00,14.416,14.086,19.70,20.52,1.232,1.178,0.5212,0.4837,8.103,6.085,19500.2,22.740,1.0404,390.0,128.7
2026-08-01T15:00:00,14.764,14.349,19.78,21.12,1.227,1.164,0.6250,0.4582,7.552,6.321,19514.5,22.758,1.0428,390.3,128.8
2026-08-01T16:00:00,13.626,13.170,20.23,20.59,1.212,1.155,0.5224,0.4701,7.533,6.302,19527.7,22.774,1.0434,390.6,128.9
2026-08-01T17:00:00,14.199,13.831,19.28,20.40,1.203,1.146,0.5315,0.4731,7.136,6.022,19541.5,22.790,1.0443,390.8,129.0
2026-08-01T18:00:00,13.608,13.351,18.93,19.77,1.216,1.161,0.5660,0.4611,7.578,6.094,19554.9,22.809,1.0457,391.1,129.1
2026-08-01T19:00:00,12.955,12.580,19.57,20.52,1.181,1.125,0.5142,0.4780,7.241,6.212,19567.4,22.822,1.0461,391.3,129.1
2026-08-01T20:00:00,13.389,12.997,18.34,19.03,1.215,1.164,0.5576,0.4885,8.106,6.041,19580.4,22.849,1.0470,391.6,129.2
2026-08-01T21:00:00,13.248,12.886,18.14,19.28,1.198,1.146,0.5767,0.4871,6.730,6.237,19593.3,22.855,1.0482,391.9,129.3
2026-08-01T22:00:00,13.529,13.127,17.19,17.80,1.188,1.123,0.5570,0.4730,8.421,6.090,19606.5,22.886,1.0493,392.1,129.4
2026-08-01T23:00:00,13.016,12.750,16.09,17.28,1.171,1.112,0.5754,0.4870,8.310,6.206,19619.2,22.913,1.0504,392.4,129.5
2026-08-02T00:00:00,13.344,13.065,15.86,16.46,1.156,1.103,0.5524,0.4584,7.573,6.218,19632.3,22.931,1.0516,392.6,129.6
2026-08-02T01:00:00,13.537,13.386,16.35,17.52,1.178,1.119,0.5543,0.4537,7.681,5.958,19645.7,22.954,1.0530,392.9,129.7
2026-08-02T02:00:00,12.082,11.970,15.95,16.76,1.158,1.095,0.5034,0.4648,7.463,6.321,19657.6,22.967,1.0534,393.2,129.7
2026-08-02T03:00:00,11.818,11.471,16.03,17.11,1.147,1.094,0.5721,0.4954,6.828,6.333,19669.1,22.973,1.0543,393.4,129.8
2026-08-02T04:00:00,11.843,11.513,15.37,16.05,1.147,1.086,0.5215,0.4772,7.459,6.230,19680.6,22.987,1.0548,393.6,129.9
2026-08-02T05:00:00,13.471,13.298,15.70,16.77,1.131,1.073,0.6087,0.4711,7.036,6.114,19693.9,22.999,1.0566,393.9,130.0
2026-08-02T06:00:00,12.622,12.486,15.71,16.59,1.152,1.088,0.5639,0.4733,7.820,5.831,19706.4,23.024,1.0578,394.1,130.1
2026-08-02T07:00:00,12.752,12.210,17.72,17.86,1.175,1.123,0.5426,0.4741,8.106,5.914,19718.6,23.051,1.0586,394.4,130.1
2026-08-02T08:00:00,13.422,12.946,17.77,18.33,1.213,1.156,0.5191,0.4777,7.057,5.988,19731.6,23.065,1.0592,394.6,130.2
2026-08-02T09:00:00,13.029,12.695,18.05,19.38,1.178,1.123,0.5347,0.4788,7.260,6.124,19744.2,23.079,1.0599,394.9,130.3
2026-08-02T10:00:00,12.669,12.424,18.07,18.94,1.201,1.144,0.5046,0.4771,7.748,6.262,19756.7,23.098,1.0602,395.1,130.4
2026-08-02T11:00:00,13.635,13.155,18.63,19.56,1.236,1.177,0.5339,0.4831,7.063,6.313,19769.8,23.108,1.0609,395.4,130.5
2026-08-02T12:00:00,13.915,13.757,19.75,20.82,1.220,1.165,0.5768,0.4913,7.258,6.149,19783.6,23.123,1.0620,395.7,130.6
2026-08-02T13:00:00,13.989,13.732,18.99,19.67,1.207,1.151,0.5557,0.4751,7.071,5.941,19797.3,23.138,1.0632,395.9,130.7
2026-08-02T14:00:00,14.348,13.676,19.77,20.86,1.199,1.129,0.5857,0.4774,7.728,6.294,19811.0,23.158,1.0646,396.2,130.8
2026-08-02T15:00:00,13.989,13.450,20.12,21.07,1.210,1.144,0.5331,0.4846,7.669,6.055,19824.4,23.180,1.0653,396.5,130.8
2026-08-02T16:00:00,14.356,13.939,20.38,21.27,1.200,1.142,0.6123,0.4856,7.882,6.190,19838.4,23.203,1.0671,396.8,130.9
2026-08-02T17:00:00,13.783,13.476,19.77,20.81,1.217,1.164,0.5433,0.4785,7.285,6.023,19851.9,23.220,1.0679,397.0,131.0
2026-08-02T18:00:00,14.674,14.288,19.50,20.18,1.203,1.143,0.5476,0.4498,7.509,6.074,19866.1,23.241,1.0693,397.3,131.1
2026-08-02T19:00:00,14.141,13.576,19.11,19.87,1.199,1.148,0.5404,0.4773,7.018,5.783,19879.7,23.258,1.0702,397.6,131.2
2026-08-02T20:00:00,13.631,13.200,18.65,19.35,1.202,1.151,0.5546,0.4846,7.870,5.669,19892.9,23.287,1.0711,397.9,131.3
2026-08-02T21:00:00,14.016,13.648,17.99,18.81,1.194,1.141,0.4824,0.4766,7.284,5.967,19906.6,23.305,1.0712,398.1,131.4
2026-08-02T22:00:00,13.284,13.162,17.42,18.57,1.188,1.132,0.5753,0.4748,7.975,6.072,19919.7,23.330,1.0725,398.4,131.5
2026-08-02T23:00:00,13.718,13.271,17.01,17.61,1.156,1.095,0.5498,0.4904,6.756,6.061,19933.0,23.339,1.0733,398.7,131.6
2026-08-03T00:00:00,13.066,12.870,16.70,17.40,1.147,1.086,0.5647,0.4790,7.774,5.979,19945.9,23.362,1.0744,398.9,131.6
2026-08-03T01:00:00,13.660,13.157,16.45,17.52,1.152,1.098,0.4998,0.4900,7.669,5.989,19959.0,23.384,1.0745,399.2,131.7
2026-08-03T02:00:00,12.359,12.141,14.92,16.26,1.144,1.092,0.5374,0.4636,7.976,5.916,19971.2,23.409,1.0754,399.4,131.8
2026-08-03T03:00:00,11.631,11.375,15.74,16.22,1.128,1.076,0.5718,0.4837,6.842,6.020,19982.5,23.418,1.0764,399.7,131.9
2026-08-03T04:00:00,12.739,12.110,15.73,16.81,1.128,1.075,0.6060,0.4575,7.222,6.035,19994.7,23.433,1.0782,399.9,132.0
2026-08-03T05:00:00,12.450,12.030,15.98,16.91,1.151,1.097,0.5651,0.4795,7.783,6.384,20006.7,23.450,1.0793,400.1,132.0
2026-08-03T06:00:00,13.187,12.867,16.16,16.78,1.189,1.133,0.5662,0.4682,6.955,6.306,20019.5,23.458,1.0805,400.4,132.1
2026-08-03T07:00:00,12.784,12.320,16.44,17.27,1.158,1.107,0.5017,0.4433,7.132,6.335,20031.9,23.468,1.0812,400.6,132.2
2026-08-03T08:00:00,12.556,12.189,16.69,17.66,1.152,1.100,0.5350,0.4655,7.613,5.938,20044.1,23.488,1.0821,400.9,132.3
2026-08-03T09:00:00,13.026,12.619,17.65,18.79,1.175,1.116,0.5028,0.4667,7.626,6.310,20056.7,23.505,1.0825,401.1,132.4
2026-08-03T10:00:00,13.009,12.716,18.04,18.87,1.161,1.103,0.5034,0.4868,7.512,5.920,20069.4,23.525,1.0828,401.4,132.5
2026-08-03T11:00:00,14.091,13.735,18.73,19.51,1.190,1.131,0.4637,0.4855,7.416,6.091,20083.1,23.543,1.0828,401.7,132.5
2026-08-03T12:00:00,13.321,12.757,19.43,20.12,1.204,1.147,0.5916,0.4615,7.464,5.820,20095.9,23.564,1.0844,401.9,132.6
2026-08-03T13:00:00,13.885,13.593,19.18,19.85,1.242,1.188,0.5559,0.4620,7.360,5.771,20109.5,23.586,1.0857,402.2,132.7
2026-08-03T14:00:00,13.951,13.852,20.04,21.12,1.227,1.171,0.5228,0.4816,7.216,5.650,20123.3,23.607,1.0863,402.5,132.8
2026-08-03T15:00:00,14.019,13.466,19.60,20.28,1.221,1.171,0.5746,0.4858,8.145,6.087,20136.8,23.635,1.0875,402.7,132.9
2026-08-03T16:00:00,13.733,13.521,20.14,20.94,1.256,1.204,0.4958,0.4715,7.572,5.945,20150.3,23.657,1.0878,403.0,133.0
2026-08-03T17:00:00,14.761,14.201,18.56,19.29,1.210,1.155,0.6036,0.4702,7.110,6.012,20164.5,23.673,1.0897,403.3,133.1
2026-08-03T18:00:00,13.617,13.155,19.15,20.11,1.218,1.168,0.5967,0.4731,7.718,5.921,20177.7,23.696,1.0913,403.6,133.2
2026-08-03T19:00:00,13.939,13.400,19.20,20.22,1.209,1.159,0.5953,0.4917,7.959,6.028,20191.1,23.722,1.0927,403.8,133.3
2026-08-03T20:00:00,13.593,13.172,19.17,19.70,1.209,1.158,0.5504,0.4698,8.143,6.154,20204.2,23.748,1.0938,404.1,133.3
2026-08-03T21:00:00,13.792,13.776,17.73,18.72,1.176,1.112,0.5339,0.4730,7.880,6.371,20218.0,23.769,1.0946,404.4,133.4
2026-08-03T22:00:00,13.416,13.031,17.06,17.76,1.167,1.102,0.5165,0.4830,7.595,5.682,20231.1,23.794,1.0950,404.6,133.5
2026-08-03T23:00:00,12.755,12.416,16.61,17.45,1.190,1.135,0.5214,0.4633,8.130,6.015,20243.5,23.820,1.0957,404.9,133.6
2026-08-04T00:00:00,12.735,12.466,16.06,16.50,1.157,1.098,0.5598,0.4967,7.325,6.127,20255.9,23.835,1.0965,405.1,133.7
2026-08-04T01:00:00,11.814,11.616,16.56,17.16,1.151,1.097,0.5450,0.4879,7.730,5.908,20267.6,23.857,1.0972,405.4,133.8
2026-08-04T02:00:00,13.177,12.876,16.71,17.27,1.130,1.075,0.5611,0.4833,7.528,6.132,20280.4,23.875,1.0982,405.6,133.9
2026-08-04T03:00:00,12.849,12.514,15.86,17.03,1.126,1.062,0.5651,0.4687,7.443,6.141,20292.9,23.891,1.0994,405.9,133.9
2026-08-04T04:00:00,12.460,12.208,15.54,16.27,1.139,1.076,0.5286,0.4794,7.498,5.979,20305.1,23.909,1.1000,406.1,134.0
2026-08-04T05:00:00,11.605,11.213,16.07,17.03,1.157,1.099,0.5700,0.4572,7.693,5.870,20316.4,23.930,1.1013,406.3,134.1
2026-08-04T06:00:00,13.289,13.049,17.05,18.01,1.147,1.086,0.5685,0.4706,7.796,6.045,20329.4,23.953,1.1025,406.6,134.2
2026-08-04T07:00:00,13.668,13.353,16.35,17.10,1.139,1.086,0.5815,0.4797,8.712,5.968,20342.8,23.989,1.1039,406.9,134.3
2026-08-04T08:00:00,12.510,12.127,17.51,18.33,1.152,1.095,0.5672,0.4698,6.873,5.828,20354.9,24.002,1.1051,407.1,134.3
2026-08-04T09:00:00,13.225,12.974,18.08,18.82,1.204,1.152,0.5195,0.4613,7.759,6.229,20367.9,24.022,1.1058,407.4,134.4
2026-08-04T10:00:00,13.656,13.335,18.03,18.95,1.220,1.157,0.6028,0.4908,7.539,6.111,20381.2,24.041,1.1073,407.6,134.5
2026-08-04T11:00:00,14.859,14.668,18.81,19.32,1.183,1.114,0.5363,0.4676,6.748,5.975,20395.9,24.052,1.1083,407.9,134.6
2026-08-04T12:00:00,13.292,12.820,19.01,19.68,1.249,1.193,0.5203,0.4662,7.650,6.140,20408.7,24.072,1.1090,408.2,134.7
2026-08-04T13:00:00,13.987,13.678,18.94,19.59,1.237,1.181,0.5151,0.4655,7.449,5.895,20422.4,24.093,1.1097,408.4,134.8
2026-08-04T14:00:00,14.310,13.938,19.61,20.13,1.219,1.163,0.6170,0.4827,6.787,5.931,20436.3,24.105,1.1116,408.7,134.9
2026-08-04T15:00:00,13.986,13.700,19.19,19.90,1.222,1.166,0.5189,0.4730,7.717,6.190,20450.0,24.126,1.1122,409.0,135.0
2026-08-04T16:00:00,14.609,14.368,18.82,19.38,1.231,1.177,0.5401,0.4688,7.739,6.217,20464.4,24.148,1.1132,409.3,135.1
2026-08-04T17:00:00,15.024,14.491,19.56,19.94,1.181,1.130,0.5453,0.4852,7.647,6.039,20478.9,24.171,1.1141,409.6,135.2
2026-08-04T18:00:00,13.738,13.280,19.07,19.96,1.199,1.146,0.6053,0.4816,7.012,6.367,20492.1,24.179,1.1158,409.8,135.2
2026-08-04T19:00:00,14.066,13.536,18.44,19.41,1.193,1.131,0.5650,0.4572,7.121,5.985,20505.7,24.195,1.1172,410.1,135.3
2026-08-04T20:00:00,13.880,13.419,18.91,19.94,1.157,1.099,0.5759,0.4670,7.531,6.080,20519.1,24.214,1.1187,410.4,135.4
2026-08-04T21:00:00,13.755,13.295,17.48,18.22,1.170,1.120,0.5457,0.4863,7.609,6.099,20532.4,24.234,1.1195,410.6,135.5
2026-08-04T22:00:00,13.836,13.475,17.04,17.60,1.197,1.137,0.5818,0.4869,7.657,5.760,20545.9,24.260,1.1207,410.9,135.6
2026-08-04T23:00:00,13.461,13.106,16.24,17.17,1.146,1.094,0.5571,0.4679,7.776,6.097,20559.0,24.282,1.1219,411.2,135.7
2026-08-05T00:00:00,12.736,12.319,16.15,17.01,1.170,1.113,0.4739,0.4844,7.352,6.104,20571.3,24.297,1.1219,411.4,135.8
2026-08-05T01:00:00,13.129,12.801,15.65,16.64,1.146,1.090,0.5031,0.4706,8.159,6.268,20584.1,24.321,1.1223,411.7,135.9
2026-08-05T02:00:00,12.202,11.910,16.03,16.90,1.119,1.066,0.5444,0.4585,7.355,6.022,20596.0,24.337,1.1234,411.9,135.9
2026-08-05T03:00:00,12.488,12.300,15.94,16.74,1.133,1.077,0.5284,0.4869,7.139,6.021,20608.3,24.351,1.1239,412.2,136.0
2026-08-05T04:00:00,13.056,12.636,15.13,15.96,1.130,1.076,0.5604,0.4709,7.652,6.048,20620.9,24.371,1.1250,412.4,136.1
2026-08-05T05:00:00,12.467,12.035,15.30,16.06,1.153,1.098,0.5204,0.4848,7.448,6.029,20633.0,24.388,1.1254,412.7,136.2
2026-08-05T06:00:00,13.457,12.723,16.04,16.74,1.160,1.107,0.5721,0.4727,7.331,5.950,20645.7,24.406,1.1267,412.9,136.3
2026-08-05T07:00:00,13.054,12.982,16.19,16.57,1.168,1.110,0.5606,0.4717,7.878,5.977,20658.7,24.431,1.1278,413.2,136.3
2026-08-05T08:00:00,13.309,12.802,17.15,17.99,1.159,1.105,0.5755,0.4820,7.104,5.991,20671.5,24.445,1.1290,413.4,136.4
2026-08-05T09:00:00,13.365,13.157,17.41,18.18,1.176,1.113,0.5409,0.4832,8.141,6.102,20684.6,24.472,1.1298,413.7,136.5
2026-08-05T10:00:00,13.921,13.598,18.50,19.24,1.209,1.153,0.5905,0.4876,7.638,5.991,20698.2,24.494,1.1312,414.0,136.6
2026-08-05T11:00:00,15.007,14.907,18.64,19.16,1.219,1.160,0.5629,0.4714,7.712,5.716,20713.1,24.524,1.1326,414.3,136.7
2026-08-05T12:00:00,14.209,14.003,18.28,19.25,1.184,1.118,0.6004,0.4572,7.933,6.018,20727.1,24.551,1.1346,414.5,136.8
2026-08-05T13:00:00,14.686,14.082,19.31,19.76,1.223,1.165,0.5218,0.4660,7.433,6.103,20741.2,24.569,1.1354,414.8,136.9
2026-08-05T14:00:00,14.566,14.367,19.83,20.57,1.212,1.145,0.5627,0.4699,7.442,6.230,20755.6,24.587,1.1367,415.1,137.0
2026-08-05T15:00:00,14.571,14.159,19.05,19.95,1.181,1.120,0.5580,0.4886,7.242,6.201,20769.8,24.602,1.1377,415.4,137.1
2026-08-05T16:00:00,14.662,14.361,19.36,20.18,1.242,1.185,0.5312,0.4713,7.190,6.140,20784.1,24.617,1.1385,415.7,137.2
2026-08-05T17:00:00,14.434,14.200,19.44,20.08,1.221,1.170,0.5801,0.4782,8.015,5.930,20798.3,24.646,1.1400,416.0,137.3
2026-08-05T18:00:00,14.203,14.007,19.00,19.87,1.236,1.185,0.5702,0.4724,7.416,6.102,20812.3,24.665,1.1413,416.2,137.4
2026-08-05T19:00:00,13.861,13.522,18.19,19.47,1.215,1.157,0.5575,0.4929,6.979,5.884,20825.8,24.680,1.1422,416.5,137.5
2026-08-05T20:00:00,13.203,13.000,18.37,19.13,1.180,1.120,0.5670,0.4839,7.593,5.887,20838.8,24.702,1.1433,416.8,137.5
2026-08-05T21:00:00,13.252,12.736,18.03,18.53,1.166,1.114,0.5745,0.4783,8.255,6.162,20851.6,24.728,1.1445,417.0,137.6
2026-08-05T22:00:00,12.637,12.367,17.33,18.59,1.178,1.124,0.4947,0.4727,7.540,6.082,20863.9,24.746,1.1448,417.3,137.7
2026-08-05T23:00:00,12.712,12.392,17.34,18.09,1.167,1.099,0.5071,0.4790,7.696,5.837,20876.3,24.769,1.1451,417.5,137.8
2026-08-06T00:00:00,12.799,12.417,17.45,18.29,1.155,1.098,0.6027,0.4749,7.210,5.896,20888.8,24.786,1.1467,417.8,137.9
2026-08-06T01:00:00,12.869,12.576,15.62,16.71,1.162,1.107,0.5491,0.4834,7.659,5.978,20901.3,24.807,1.1476,418.0,137.9
2026-08-06T02:00:00,12.549,12.252,15.69,16.43,1.134,1.077,0.5714,0.4696,7.470,5.994,20913.6,24.825,1.1488,418.3,138.0
2026-08-06T03:00:00,12.658,12.404,16.12,16.44,1.164,1.107,0.5352,0.4909,7.526,5.801,20926.0,24.846,1.1494,418.5,138.1
2026-08-06T04:00:00,12.361,12.033,15.69,16.17,1.168,1.113,0.4563,0.4825,7.647,6.018,20938.0,24.866,1.1494,418.8,138.2
2026-08-06T05:00:00,12.766,12.532,15.96,16.71,1.143,1.085,0.5348,0.4772,7.699,6.088,20950.6,24.886,1.1501,419.0,138.3
2026-08-06T06:00:00,11.958,11.647,15.89,16.93,1.159,1.102,0.5418,0.4687,7.146,5.998,20962.2,24.900,1.1509,419.2,138.4
2026-08-06T07:00:00,13.356,13.060,16.73,17.92,1.169,1.117,0.5147,0.4805,7.433,6.147,20975.3,24.916,1.1514,419.5,138.4
2026-08-06T08:00:00,13.425,13.095,17.31,17.98,1.159,1.106,0.5472,0.4819,6.627,6.057,20988.4,24.924,1.1522,419.8,138.5
2026-08-06T09:00:00,13.829,13.261,18.23,18.98,1.173,1.120,0.5289,0.4555,6.757,5.902,21001.6,24.935,1.1532,420.0,138.6
2026-08-06T10:00:00,13.290,13.048,17.51,18.46,1.203,1.143,0.5685,0.4803,7.932,6.191,21014.7,24.958,1.1544,420.3,138.7
2026-08-06T11:00:00,14.279,13.776,19.63,20.15,1.184,1.132,0.5487,0.4783,7.181,5.967,21028.4,24.975,1.1553,420.6,138.8
2026-08-06T12:00:00,14.205,13.752,18.58,19.37,1.222,1.160,0.5446,0.4528,7.453,5.958,21042.2,24.995,1.1566,420.8,138.9
2026-08-06T13:00:00,14.882,14.591,20.24,20.62,1.216,1.159,0.5828,0.4655,7.094,6.076,21056.8,25.010,1.1583,421.1,139.0
2026-08-06T14:00:00,14.278,13.657,19.61,20.31,1.253,1.203,0.5992,0.4684,7.960,6.040,21070.4,25.036,1.1601,421.4,139.1
2026-08-06T15:00:00,14.486,14.130,18.63,19.68,1.212,1.142,0.5834,0.4917,7.463,5.829,21084.6,25.059,1.1614,421.7,139.2
2026-08-06T16:00:00,14.275,13.768,18.04,19.05,1.213,1.159,0.5414,0.4669,7.499,5.971,21098.3,25.080,1.1624,422.0,139.2
2026-08-06T17:00:00,14.017,13.690,19.22,20.20,1.236,1.180,0.5269,0.4528,7.760,6.136,21112.0,25.103,1.1634,422.2,139.3
2026-08-06T18:00:00,14.449,14.054,19.12,20.22,1.215,1.162,0.5331,0.4766,7.575,6.106,21126.1,25.123,1.1642,422.5,139.4
2026-08-06T19:00:00,13.453,13.038,18.91,19.47,1.214,1.157,0.5540,0.4635,7.537,6.116,21139.1,25.142,1.1654,422.8,139.5
2026-08-06T20:00:00,12.799,12.539,17.93,19.02,1.165,1.108,0.5397,0.4470,6.761,5.661,21151.7,25.156,1.1666,423.0,139.6
2026-08-06T21:00:00,13.382,13.018,17.93,19.02,1.208,1.157,0.6160,0.4801,7.272,6.159,21164.7,25.170,1.1683,423.3,139.7
2026-08-06T22:00:00,13.225,12.691,17.11,17.92,1.172,1.111,0.5033,0.4771,6.709,5.980,21177.4,25.179,1.1687,423.5,139.8
2026-08-06T23:00:00,13.422,13.064,16.78,17.57,1.160,1.099,0.5440,0.4769,7.196,6.034,21190.4,25.194,1.1695,423.8,139.9
2026-08-07T00:00:00,13.259,12.886,16.44,17.00,1.158,1.105,0.5448,0.4804,7.292,5.690,21203.3,25.215,1.1704,424.1,139.9
2026-08-07T01:00:00,13.096,12.658,15.61,16.19,1.138,1.081,0.5473,0.4653,6.999,6.098,21216.0,25.226,1.1714,424.3,140.0
2026-08-07T02:00:00,12.606,12.230,15.86,16.17,1.128,1.069,0.5348,0.4790,7.762,6.131,21228.2,25.246,1.1721,424.6,140.1
2026-08-07T03:00:00,13.270,12.907,15.91,16.51,1.141,1.088,0.5756,0.4605,7.643,5.795,21241.1,25.270,1.1736,424.8,140.2
2026-08-07T04:00:00,12.369,12.125,15.90,16.73,1.149,1.082,0.6208,0.4752,6.740,5.994,21253.2,25.279,1.1753,425.1,140.3
2026-08-07T05:00:00,12.189,11.846,16.25,16.68,1.154,1.099,0.4802,0.4594,7.593,5.944,21265.1,25.299,1.1756,425.3,140.3
2026-08-07T06:00:00,12.701,12.575,15.96,16.54,1.146,1.082,0.5423,0.4646,7.191,5.898,21277.7,25.315,1.1766,425.6,140.4
2026-08-07T07:00:00,13.424,13.239,16.99,17.64,1.179,1.126,0.5475,0.4747,7.289,5.874,21290.9,25.334,1.1775,425.8,140.5
2026-08-07T08:00:00,13.383,13.163,16.54,17.38,1.179,1.119,0.4960,0.4630,6.648,5.815,21304.1,25.345,1.1780,426.1,140.6
2026-08-07T09:00:00,13.710,13.238,17.78,18.66,1.183,1.119,0.5763,0.4870,7.681,6.003,21317.3,25.367,1.1791,426.3,140.7
2026-08-07T10:00:00,13.764,13.384,18.40,19.45,1.175,1.121,0.5660,0.4793,7.494,6.019,21330.7,25.387,1.1803,426.6,140.8
2026-08-07T11:00:00,13.440,13.032,17.97,18.71,1.196,1.137,0.5426,0.4798,7.618,5.728,21343.7,25.411,1.1811,426.9,140.9
2026-08-07T12:00:00,14.091,13.633,18.75,19.73,1.208,1.139,0.5533,0.4598,7.750,5.982,21357.3,25.435,1.1824,427.1,141.0
2026-08-07T13:00:00,15.371,15.084,18.64,19.38,1.212,1.153,0.5744,0.4635,7.146,5.789,21372.4,25.456,1.1841,427.4,141.1
2026-08-07T14:00:00,13.976,13.717,19.24,19.91,1.210,1.154,0.5153,0.4850,7.889,6.001,21386.1,25.482,1.1845,427.7,141.1
2026-08-07T15:00:00,15.164,14.740,18.86,20.01,1.211,1.156,0.5972,0.4825,7.293,6.041,21400.9,25.500,1.1862,428.0,141.2
2026-08-07T16:00:00,14.639,14.222,19.43,19.41,1.199,1.144,0.5801,0.4663,6.763,6.033,21415.1,25.511,1.1878,428.3,141.3
2026-08-07T17:00:00,13.994,13.783,19.37,20.21,1.195,1.138,0.5221,0.4715,7.591,6.001,21428.9,25.533,1.1885,428.6,141.4
2026-08-07T18:00:00,14.512,13.971,18.39,19.66,1.206,1.152,0.5095,0.4643,6.763,5.934,21442.9,25.544,1.1891,428.9,141.5
2026-08-07T19:00:00,14.454,13.934,18.36,19.35,1.206,1.142,0.5470,0.4676,7.645,6.121,21456.8,25.565,1.1902,429.1,141.6
2026-08-07T20:00:00,13.846,13.628,18.39,19.13,1.188,1.136,0.5885,0.4750,7.666,5.808,21470.4,25.591,1.1918,429.4,141.7
2026-08-07T21:00:00,13.146,12.964,17.73,18.59,1.168,1.114,0.5411,0.4705,6.942,5.822,21483.4,25.605,1.1927,429.7,141.8
2026-08-07T22:00:00,13.796,13.454,17.00,17.79,1.190,1.138,0.4851,0.4544,7.688,6.104,21496.8,25.627,1.1931,429.9,141.9
2026-08-07T23:00:00,12.491,12.169,16.96,17.73,1.182,1.130,0.6008,0.4791,7.178,6.100,21509.0,25.640,1.1946,430.2,142.0
2026-08-08T00:00:00,12.161,11.935,15.80,16.82,1.150,1.099,0.5324,0.4739,8.166,5.906,21520.9,25.667,1.1953,430.4,142.0
2026-08-08T01:00:00,12.502,12.275,15.45,16.20,1.162,1.100,0.5314,0.4724,7.062,5.984,21533.2,25.680,1.1960,430.7,142.1
2026-08-08T02:00:00,13.021,12.741,16.43,17.45,1.130,1.063,0.5176,0.4848,7.463,6.031,21546.0,25.698,1.1964,430.9,142.2
2026-08-08T03:00:00,12.257,11.904,15.16,15.69,1.136,1.074,0.5383,0.4649,7.354,5.963,21557.9,25.715,1.1973,431.2,142.3
2026-08-08T04:00:00,11.909,11.418,15.07,16.05,1.160,1.101,0.5894,0.4698,7.523,6.235,21569.3,25.729,1.1987,431.4,142.4
2026-08-08T05:00:00,12.998,12.680,15.46,15.98,1.129,1.074,0.4683,0.4502,7.342,6.076,21582.0,25.745,1.1989,431.6,142.4
2026-08-08T06:00:00,12.823,12.509,15.94,17.02,1.124,1.071,0.4675,0.4983,7.482,6.112,21594.5,25.763,1.1989,431.9,142.5
2026-08-08T07:00:00,13.120,12.719,16.00,16.21,1.148,1.086,0.5158,0.4817,7.632,5.915,21607.2,25.784,1.1993,432.1,142.6
2026-08-08T08:00:00,13.484,13.016,17.84,18.48,1.178,1.121,0.5534,0.4775,7.074,6.007,21620.2,25.798,1.2003,432.4,142.7
2026-08-08T09:00:00,13.583,13.275,17.32,17.81,1.195,1.143,0.6092,0.4624,6.698,6.204,21633.5,25.805,1.2023,432.7,142.8
2026-08-08T10:00:00,14.038,13.696,18.17,18.57,1.197,1.146,0.5142,0.4672,7.511,6.074,21647.2,25.825,1.2029,432.9,142.9
2026-08-08T11:00:00,13.848,13.602,18.80,19.67,1.214,1.164,0.5696,0.4642,7.163,6.162,21660.8,25.838,1.2043,433.2,143.0
2026-08-08T12:00:00,13.834,13.554,19.31,20.25,1.215,1.152,0.5482,0.4886,6.901,5.931,21674.3,25.851,1.2051,433.5,143.1
2026-08-08T13:00:00,14.237,13.764,19.85,20.53,1.234,1.180,0.4983,0.4685,7.709,6.104,21688.1,25.873,1.2056,433.8,143.1
2026-08-08T14:00:00,14.623,14.207,18.94,19.81,1.212,1.147,0.5388,0.4623,7.206,5.993,21702.3,25.891,1.2066,434.0,143.2
2026-08-08T15:00:00,13.939,13.596,19.16,19.79,1.233,1.169,0.5654,0.4610,7.218,5.921,21715.9,25.908,1.2081,434.3,143.3
2026-08-08T16:00:00,13.937,13.545,19.88,21.14,1.237,1.185,0.5408,0.4751,7.273,6.065,21729.4,25.925,1.2090,434.6,143.4
2026-08-08T17:00:00,15.490,15.112,19.45,20.29,1.197,1.140,0.4659,0.4739,7.666,5.811,21744.6,25.953,1.2090,434.9,143.5
2026-08-08T18:00:00,14.310,13.797,18.47,19.28,1.164,1.103,0.5451,0.4805,7.732,5.829,21758.4,25.979,1.2098,435.2,143.6
2026-08-08T19:00:00,15.320,14.979,18.40,18.89,1.196,1.146,0.5550,0.4683,7.738,5.888,21773.3,26.007,1.2111,435.5,143.7
2026-08-08T20:00:00,14.639,14.253,18.14,18.50,1.194,1.139,0.5189,0.4569,7.753,5.928,21787.6,26.033,1.2120,435.8,143.8
2026-08-08T21:00:00,13.690,13.355,17.83,18.23,1.179,1.126,0.5749,0.4792,7.965,5.718,21800.9,26.063,1.2133,436.0,143.9
2026-08-08T22:00:00,13.455,13.000,17.39,18.26,1.167,1.115,0.5568,0.4653,7.513,6.133,21813.9,26.081,1.2145,436.3,144.0
2026-08-08T23:00:00,13.334,13.048,16.48,16.88,1.148,1.093,0.5260,0.4648,7.112,5.872,21827.0,26.097,1.2153,436.5,144.1
2026-08-09T00:00:00,12.886,12.465,15.65,16.56,1.144,1.093,0.5574,0.4455,7.147,5.717,21839.5,26.115,1.2167,436.8,144.1
2026-08-09T01:00:00,13.440,13.111,15.10,16.43,1.150,1.096,0.6034,0.5004,7.474,5.898,21852.6,26.135,1.2180,437.1,144.2
2026-08-09T02:00:00,12.234,11.633,15.44,16.19,1.137,1.078,0.5098,0.4587,7.081,5.838,21864.2,26.150,1.2186,437.3,144.3
2026-08-09T03:00:00,12.249,12.003,16.14,17.18,1.131,1.076,0.4822,0.4740,7.865,5.888,21876.2,26.173,1.2187,437.5,144.4
2026-08-09T04:00:00,12.474,12.128,16.01,17.04,1.145,1.084,0.5014,0.4748,7.255,5.786,21888.3,26.191,1.2191,437.8,144.5
2026-08-09T05:00:00,13.041,12.794,15.40,16.26,1.152,1.091,0.5996,0.4507,7.700,5.891,21901.1,26.214,1.2210,438.0,144.5
2026-08-09T06:00:00,13.019,12.793,15.74,16.43,1.144,1.076,0.4946,0.4658,6.294,5.790,21913.9,26.221,1.2213,438.3,144.6
2026-08-09T07:00:00,13.244,13.032,17.07,18.03,1.182,1.119,0.5866,0.4781,7.299,6.136,21927.0,26.236,1.2227,438.5,144.7
2026-08-09T08:00:00,13.240,12.778,16.72,17.78,1.179,1.118,0.5455,0.4582,7.790,5.979,21939.7,26.259,1.2239,438.8,144.8
2026-08-09T09:00:00,13.318,13.085,17.40,18.15,1.166,1.115,0.5320,0.4713,7.406,6.051,21952.8,26.277,1.2247,439.1,144.9
2026-08-09T10:00:00,13.753,13.749,17.72,18.77,1.181,1.120,0.6095,0.4597,7.942,5.796,21966.6,26.306,1.2267,439.3,145.0
2026-08-09T11:00:00,14.372,14.071,18.79,19.38,1.165,1.111,0.5615,0.4559,6.923,5.575,21980.6,26.325,1.2282,439.6,145.1
2026-08-09T12:00:00,14.435,14.095,19.56,20.27,1.204,1.142,0.5654,0.4748,7.796,6.091,21994.7,26.349,1.2295,439.9,145.2
2026-08-09T13:00:00,14.419,14.078,18.59,19.21,1.208,1.151,0.5622,0.4730,7.492,5.874,22008.8,26.372,1.2307,440.2,145.3
2026-08-09T14:00:00,13.813,13.377,19.24,20.03,1.223,1.168,0.4864,0.4560,6.991,5.896,22022.2,26.387,1.2311,440.4,145.3
2026-08-09T15:00:00,14.510,14.130,19.44,20.03,1.202,1.144,0.5456,0.4608,7.791,5.630,22036.3,26.417,1.2323,440.7,145.4
2026-08-09T16:00:00,14.185,13.965,19.74,20.40,1.209,1.148,0.5208,0.4750,6.812,5.866,22050.3,26.431,1.2330,441.0,145.5
2026-08-09T17:00:00,14.486,14.399,19.64,20.81,1.233,1.176,0.5101,0.4711,7.734,5.757,22064.7,26.459,1.2335,441.3,145.6
2026-08-09T18:00:00,14.653,14.347,18.67,19.39,1.198,1.134,0.5736,0.4857,7.051,5.690,22079.0,26.479,1.2348,441.6,145.7
2026-08-09T19:00:00,13.299,13.133,19.01,19.94,1.195,1.138,0.5173,0.4543,7.255,5.901,22092.2,26.496,1.2356,441.8,145.8
2026-08-09T20:00:00,13.604,13.255,18.50,18.86,1.164,1.114,0.5644,0.4829,7.765,5.924,22105.4,26.521,1.2367,442.1,145.9
2026-08-09T21:00:00,13.517,13.295,16.95,17.87,1.158,1.098,0.5000,0.4716,7.415,5.617,22118.7,26.545,1.2371,442.4,146.0
2026-08-09T22:00:00,13.138,12.845,17.29,17.86,1.170,1.119,0.5647,0.4551,7.532,5.887,22131.6,26.566,1.2385,442.6,146.1
2026-08-09T23:00:00,12.995,12.779,16.90,18.09,1.189,1.132,0.5652,0.4594,7.266,5.681,22144.3,26.586,1.2398,442.9,146.2
2026-08-10T00:00:00,13.009,12.834,15.53,16.27,1.139,1.080,0.5244,0.4708,7.449,6.005,22157.2,26.605,1.2405,443.1,146.2
2026-08-10T01:00:00,12.668,12.499,16.22,16.87,1.131,1.080,0.5475,0.4703,7.425,5.738,22169.7,26.626,1.2415,443.4,146.3
2026-08-10T02:00:00,12.363,12.098,14.98,16.00,1.145,1.086,0.5822,0.4980,6.115,5.823,22181.8,26.629,1.2425,443.6,146.4
2026-08-10T03:00:00,12.880,12.513,16.36,17.32,1.125,1.064,0.5503,0.4654,7.731,5.984,22194.3,26.651,1.2436,443.9,146.5
2026-08-10T04:00:00,12.520,12.332,15.42,16.11,1.140,1.090,0.5291,0.4810,7.286,5.763,22206.6,26.670,1.2442,444.1,146.6
2026-08-10T05:00:00,12.326,11.966,16.31,17.18,1.133,1.079,0.5765,0.4725,8.049,6.043,22218.6,26.694,1.2454,444.4,146.6
2026-08-10T06:00:00,12.728,12.329,16.55,17.19,1.161,1.099,0.5991,0.4837,7.746,5.830,22230.9,26.717,1.2468,444.6,146.7
2026-08-10T07:00:00,13.045,12.752,16.55,17.66,1.155,1.087,0.6022,0.4590,8.032,5.746,22243.7,26.747,1.2487,444.9,146.8
2026-08-10T08:00:00,12.991,12.639,16.51,17.24,1.195,1.138,0.5684,0.4623,7.500,6.104,22256.3,26.764,1.2500,445.1,146.9
2026-08-10T09:00:00,13.793,13.482,17.30,18.13,1.135,1.085,0.5806,0.4919,7.718,5.615,22269.8,26.793,1.2512,445.4,147.0
2026-08-10T10:00:00,13.957,13.771,18.08,18.58,1.169,1.110,0.5808,0.4688,7.359,5.873,22283.5,26.813,1.2527,445.7,147.1
2026-08-10T11:00:00,13.739,13.364,18.76,19.54,1.207,1.153,0.5625,0.4616,7.342,6.095,22296.9,26.830,1.2541,445.9,147.2
2026-08-10T12:00:00,13.994,13.512,17.98,19.02,1.189,1.137,0.5621,0.4479,7.325,5.604,22310.4,26.853,1.2556,446.2,147.2
2026-08-10T13:00:00,14.547,14.314,19.46,20.18,1.237,1.186,0.5520,0.4652,7.527,6.011,22324.7,26.875,1.2569,446.5,147.3
2026-08-10T14:00:00,14.391,13.923,19.47,20.52,1.228,1.169,0.5217,0.4555,6.451,5.694,22338.7,26.885,1.2578,446.8,147.4
2026-08-10T15:00:00,13.846,13.682,18.62,19.69,1.213,1.156,0.5525,0.4614,7.135,5.899,22352.3,26.902,1.2591,447.0,147.5
2026-08-10T16:00:00,14.441,13.989,19.71,20.42,1.227,1.164,0.5138,0.5095,7.482,5.884,22366.3,26.924,1.2591,447.3,147.6
2026-08-10T17:00:00,13.676,13.345,18.65,19.61,1.219,1.166,0.5305,0.4615,7.534,5.679,22379.7,26.949,1.2600,447.6,147.7
2026-08-10T18:00:00,14.858,14.358,18.64,19.43,1.222,1.169,0.5271,0.4610,8.192,5.881,22394.0,26.982,1.2610,447.9,147.8
2026-08-10T19:00:00,14.083,13.829,18.15,19.05,1.170,1.111,0.5850,0.4552,7.211,6.086,22407.9,26.998,1.2628,448.2,147.9
2026-08-10T20:00:00,13.781,13.416,17.73,18.64,1.199,1.132,0.5580,0.4779,7.275,5.888,22421.3,27.017,1.2639,448.4,148.0
2026-08-10T21:00:00,13.056,12.722,17.12,17.97,1.160,1.099,0.5545,0.4820,7.563,5.954,22434.0,27.037,1.2648,448.7,148.1
2026-08-10T22:00:00,14.070,13.625,17.29,18.28,1.159,1.102,0.5161,0.4638,7.299,5.918,22447.6,27.056,1.2655,449.0,148.2
2026-08-10T23:00:00,13.258,12.819,16.33,17.22,1.163,1.113,0.4855,0.4663,7.002,5.738,22460.4,27.072,1.2657,449.2,148.2
2026-08-11T00:00:00,13.432,12.861,16.05,16.59,1.166,1.107,0.5161,0.4940,7.972,5.693,22473.3,27.101,1.2660,449.5,148.3
2026-08-11T01:00:00,13.766,13.442,15.10,15.88,1.151,1.093,0.5182,0.4772,6.854,5.835,22486.7,27.115,1.2666,449.7,148.4
2026-08-11T02:00:00,11.803,11.453,15.72,16.56,1.149,1.094,0.5554,0.4635,8.009,5.471,22498.2,27.144,1.2676,450.0,148.5
2026-08-11T03:00:00,12.546,12.203,15.47,16.45,1.148,1.094,0.5347,0.4661,7.436,5.809,22510.4,27.164,1.2685,450.2,148.6
2026-08-11T04:00:00,12.919,12.681,15.64,16.69,1.156,1.095,0.5241,0.4736,6.986,5.988,22523.1,27.177,1.2691,450.5,148.7
2026-08-11T05:00:00,12.663,12.539,15.57,16.06,1.160,1.103,0.5481,0.4775,7.356,5.887,22535.6,27.195,1.2700,450.7,148.7
2026-08-11T06:00:00,13.180,12.799,15.85,16.42,1.149,1.082,0.5237,0.4654,7.737,5.807,22548.4,27.220,1.2707,451.0,148.8
2026-08-11T07:00:00,12.788,12.679,16.60,17.64,1.151,1.092,0.5497,0.4786,7.605,5.880,22561.1,27.242,1.2716,451.2,148.9
2026-08-11T08:00:00,12.543,12.208,16.78,17.33,1.174,1.110,0.5248,0.4416,6.758,5.826,22573.3,27.253,1.2726,451.5,149.0
2026-08-11T09:00:00,14.242,13.844,17.80,18.62,1.181,1.124,0.5395,0.4608,6.578,5.967,22587.2,27.261,1.2737,451.7,149.1
2026-08-11T10:00:00,13.817,13.250,18.01,18.82,1.185,1.131,0.5201,0.4745,8.054,6.016,22600.4,27.288,1.2743,452.0,149.2
2026-08-11T11:00:00,13.972,13.669,18.85,19.26,1.190,1.123,0.5017,0.4927,8.441,6.068,22614.1,27.321,1.2745,452.3,149.3
2026-08-11T12:00:00,15.070,14.688,18.54,19.75,1.213,1.157,0.5646,0.4691,7.226,5.663,22628.8,27.344,1.2759,452.6,149.3
2026-08-11T13:00:00,14.027,13.710,18.77,19.62,1.233,1.182,0.5240,0.4725,6.930,5.898,22642.5,27.358,1.2766,452.8,149.4
2026-08-11T14:00:00,13.890,13.596,19.00,19.86,1.213,1.155,0.6035,0.4796,7.765,5.829,22656.1,27.384,1.2783,453.1,149.5
2026-08-11T15:00:00,14.605,14.013,19.97,21.12,1.215,1.152,0.5075,0.4540,6.131,5.509,22670.1,27.393,1.2790,453.4,149.6
2026-08-11T16:00:00,14.304,13.984,18.91,19.43,1.209,1.158,0.6169,0.4815,7.696,6.075,22684.1,27.416,1.2809,453.7,149.7
2026-08-11T17:00:00,13.897,13.511,18.95,19.65,1.212,1.161,0.5748,0.4843,7.294,5.803,22697.6,27.436,1.2821,454.0,149.8
2026-08-11T18:00:00,14.250,13.857,18.78,19.93,1.220,1.160,0.5500,0.4854,7.157,6.439,22711.4,27.446,1.2830,454.2,149.9
2026-08-11T19:00:00,14.223,13.809,19.05,19.92,1.194,1.136,0.5464,0.4863,7.584,5.757,22725.2,27.471,1.2838,454.5,150.0
2026-08-11T20:00:00,13.207,12.927,17.84,18.67,1.185,1.130,0.6122,0.4478,7.873,5.741,22738.2,27.499,1.2860,454.8,150.1
2026-08-11T21:00:00,13.590,13.221,17.13,17.80,1.187,1.125,0.4902,0.4797,7.618,5.729,22751.4,27.524,1.2861,455.0,150.2
2026-08-11T22:00:00,14.036,13.610,16.60,17.24,1.169,1.118,0.5165,0.4718,7.192,6.159,22765.0,27.538,1.2867,455.3,150.2
2026-08-11T23:00:00,13.121,12.792,16.82,17.79,1.141,1.086,0.5374,0.4904,7.206,6.121,22777.8,27.551,1.2873,455.6,150.3
2026-08-12T00:00:00,12.547,12.188,15.75,17.07,1.129,1.071,0.5388,0.4691,7.881,5.775,22790.0,27.577,1.2882,455.8,150.4
2026-08-12T01:00:00,12.808,12.496,15.79,16.37,1.107,1.047,0.5614,0.4814,7.274,5.756,22802.5,27.596,1.2892,456.0,150.5
2026-08-12T02:00:00,12.754,12.451,15.87,16.80,1.147,1.086,0.5185,0.4608,8.009,5.777,22814.9,27.624,1.2899,456.3,150.6
2026-08-12T03:00:00,12.950,12.532,15.54,16.32,1.153,1.099,0.5215,0.4720,7.014,5.776,22827.5,27.639,1.2905,456.5,150.7
2026-08-12T04:00:00,13.096,12.799,16.05,16.72,1.133,1.078,0.4747,0.4648,6.731,5.903,22840.3,27.650,1.2906,456.8,150.7
2026-08-12T05:00:00,11.765,11.339,15.20,16.51,1.150,1.081,0.5818,0.4606,7.280,5.810,22851.6,27.667,1.2920,457.0,150.8
2026-08-12T06:00:00,12.803,12.511,16.37,17.54,1.128,1.069,0.5963,0.4680,7.069,5.801,22864.1,27.683,1.2936,457.3,150.9
2026-08-12T07:00:00,13.718,13.524,16.94,17.51,1.153,1.091,0.5313,0.4611,7.859,5.891,22877.6,27.709,1.2946,457.6,151.0
2026-08-12T08:00:00,13.504,13.160,15.81,16.67,1.173,1.117,0.5111,0.4574,6.823,5.998,22890.8,27.720,1.2953,457.8,151.1
2026-08-12T09:00:00,13.906,13.572,17.69,18.91,1.171,1.114,0.5650,0.4638,7.271,5.777,22904.4,27.740,1.2966,458.1,151.2
2026-08-12T10:00:00,13.318,13.102,16.96,17.72,1.159,1.106,0.5368,0.4650,7.763,5.894,22917.5,27.765,1.2976,458.3,151.3
2026-08-12T11:00:00,14.101,13.835,17.88,18.89,1.202,1.140,0.5783,0.4631,6.593,5.991,22931.3,27.773,1.2992,458.6,151.3
2026-08-12T12:00:00,13.736,13.289,18.37,19.17,1.212,1.157,0.5748,0.4596,7.537,6.114,22944.6,27.792,1.3007,458.9,151.4
2026-08-12T13:00:00,14.497,14.215,18.53,19.25,1.223,1.170,0.5739,0.4624,8.083,5.863,22958.8,27.824,1.3023,459.2,151.5
2026-08-12T14:00:00,15.044,14.919,19.03,19.99,1.210,1.154,0.5813,0.4546,7.432,5.834,22973.7,27.847,1.3042,459.5,151.6
2026-08-12T15:00:00,14.054,13.721,18.93,19.45,1.217,1.158,0.5674,0.4746,7.070,5.616,22987.4,27.867,1.3055,459.7,151.7
2026-08-12T16:00:00,14.841,14.237,19.40,20.18,1.230,1.170,0.5872,0.4662,8.371,5.853,23001.7,27.903,1.3072,460.0,151.8
2026-08-12T17:00:00,14.328,14.074,19.68,19.97,1.234,1.184,0.5859,0.4764,7.394,5.491,23015.8,27.930,1.3087,460.3,151.9
2026-08-12T18:00:00,13.529,13.168,17.89,18.12,1.221,1.169,0.5791,0.4715,6.682,5.904,23028.9,27.940,1.3101,460.6,152.0
2026-08-12T19:00:00,14.110,13.652,18.03,18.98,1.197,1.146,0.5364,0.4695,7.109,5.624,23042.6,27.960,1.3111,460.9,152.1
2026-08-12T20:00:00,13.147,12.836,17.71,18.71,1.181,1.120,0.5305,0.4575,7.777,5.575,23055.4,27.989,1.3120,461.1,152.2
2026-08-12T21:00:00,13.340,13.024,17.81,18.94,1.168,1.116,0.5418,0.4701,7.383,5.856,23068.4,28.009,1.3129,461.4,152.3
2026-08-12T22:00:00,13.421,13.298,16.44,17.50,1.170,1.114,0.5816,0.4699,7.412,5.854,23081.7,28.029,1.3144,461.6,152.3
2026-08-12T23:00:00,13.124,12.962,16.67,17.24,1.157,1.100,0.5635,0.4849,8.069,5.745,23094.7,28.059,1.3154,461.9,152.4
2026-08-13T00:00:00,13.417,13.160,15.24,16.07,1.172,1.122,0.5473,0.4462,7.244,5.731,23107.9,28.079,1.3168,462.2,152.5
2026-08-13T01:00:00,12.861,12.554,15.41,16.39,1.165,1.110,0.5276,0.4668,7.424,5.866,23120.4,28.099,1.3175,462.4,152.6
2026-08-13T02:00:00,13.430,13.108,14.31,15.06,1.131,1.080,0.5193,0.4529,7.627,5.666,23133.5,28.125,1.3184,462.7,152.7
2026-08-13T03:00:00,13.132,12.781,15.35,16.51,1.137,1.083,0.5662,0.4731,7.155,5.958,23146.3,28.140,1.3196,462.9,152.8
2026-08-13T04:00:00,12.627,12.345,15.12,15.84,1.135,1.076,0.4774,0.4467,7.479,5.749,23158.6,28.161,1.3200,463.2,152.8
2026-08-13T05:00:00,12.826,12.450,15.09,16.26,1.154,1.100,0.5608,0.4594,8.649,5.943,23171.1,28.195,1.3212,463.4,152.9
2026-08-13T06:00:00,11.871,11.530,15.95,17.07,1.158,1.107,0.5494,0.4691,7.361,5.996,23182.6,28.211,1.3222,463.7,153.0
2026-08-13T07:00:00,12.906,12.749,16.22,16.91,1.156,1.102,0.5401,0.4652,7.512,5.753,23195.4,28.233,1.3231,463.9,153.1
2026-08-13T08:00:00,13.956,13.639,16.41,17.57,1.186,1.125,0.5735,0.4828,7.103,5.610,23209.0,28.253,1.3243,464.2,153.2
2026-08-13T09:00:00,14.364,14.160,16.90,17.60,1.174,1.111,0.5671,0.4705,8.485,5.791,23223.2,28.292,1.3257,464.5,153.3
2026-08-13T10:00:00,13.695,13.185,18.31,19.21,1.183,1.131,0.4905,0.4656,7.730,5.713,23236.4,28.318,1.3260,464.7,153.4
2026-08-13T11:00:00,14.377,14.125,18.73,19.46,1.232,1.175,0.5292,0.4718,6.804,5.753,23250.5,28.333,1.3268,465.0,153.5
2026-08-13T12:00:00,13.927,13.460,19.20,19.89,1.212,1.156,0.5233,0.4942,7.275,5.672,23263.9,28.355,1.3272,465.3,153.5
2026-08-13T13:00:00,14.615,14.290,18.86,19.81,1.222,1.172,0.5145,0.4654,7.712,5.734,23278.2,28.383,1.3279,465.6,153.6
2026-08-13T14:00:00,14.149,13.658,19.75,20.87,1.206,1.147,0.5546,0.4616,7.772,5.781,23291.9,28.410,1.3292,465.8,153.7
2026-08-13T15:00:00,14.595,14.247,18.64,19.27,1.240,1.179,0.5727,0.4759,7.357,5.955,23306.1,28.430,1.3306,466.1,153.8
2026-08-13T16:00:00,13.921,13.710,18.86,20.20,1.236,1.185,0.5552,0.4887,7.539,5.970,23319.8,28.452,1.3315,466.4,153.9
2026-08-13T17:00:00,13.698,13.339,19.04,19.67,1.248,1.189,0.5108,0.4764,7.261,5.713,23333.2,28.472,1.3320,466.7,154.0
2026-08-13T18:00:00,14.731,14.254,18.72,19.37,1.216,1.161,0.5396,0.4528,6.767,5.919,23347.4,28.484,1.3332,466.9,154.1
2026-08-13T19:00:00,13.827,13.415,18.21,19.24,1.191,1.136,0.5275,0.4783,6.971,5.841,23360.9,28.499,1.3339,467.2,154.2
2026-08-13T20:00:00,13.771,13.481,18.21,19.15,1.173,1.115,0.5780,0.4608,8.033,6.074,23374.3,28.526,1.3354,467.5,154.3
2026-08-13T21:00:00,13.536,13.398,16.87,17.80,1.176,1.117,0.4991,0.4664,6.892,6.159,23387.7,28.536,1.3359,467.8,154.4
2026-08-13T22:00:00,12.693,12.365,16.21,16.94,1.137,1.083,0.5567,0.4695,7.150,5.770,23400.1,28.553,1.3370,468.0,154.4
2026-08-13T23:00:00,13.177,12.949,16.41,16.95,1.175,1.116,0.5526,0.4546,7.546,5.905,23413.0,28.574,1.3382,468.3,154.5
2026-08-14T00:00:00,12.634,12.230,15.50,16.52,1.151,1.085,0.5724,0.4565,7.927,5.722,23425.3,28.601,1.3396,468.5,154.6
2026-08-14T01:00:00,12.894,12.539,15.83,16.38,1.134,1.071,0.5031,0.4999,7.350,5.677,23437.8,28.622,1.3397,468.8,154.7
2026-08-14T02:00:00,12.048,11.805,15.83,16.68,1.141,1.078,0.5635,0.4735,6.946,5.847,23449.6,28.635,1.3407,469.0,154.8
2026-08-14T03:00:00,11.750,11.621,15.49,16.33,1.125,1.075,0.6221,0.4574,7.423,5.492,23461.2,28.657,1.3427,469.2,154.8
2026-08-14T04:00:00,13.211,12.616,15.25,16.46,1.155,1.097,0.5264,0.4447,8.010,5.653,23473.9,28.687,1.3437,469.5,154.9
2026-08-14T05:00:00,14.296,14.022,16.05,16.72,1.173,1.117,0.5570,0.4738,6.985,5.971,23487.9,28.701,1.3449,469.8,155.0
2026-08-14T06:00:00,13.685,13.380,15.36,15.80,1.150,1.093,0.5781,0.4842,7.065,5.790,23501.3,28.718,1.3461,470.0,155.1
2026-08-14T07:00:00,13.123,13.018,15.98,16.68,1.180,1.120,0.5640,0.4674,7.074,5.779,23514.3,28.735,1.3474,470.3,155.2
2026-08-14T08:00:00,13.104,12.660,17.32,18.13,1.185,1.127,0.5125,0.4490,7.029,5.827,23526.9,28.750,1.3482,470.5,155.3
2026-08-14T09:00:00,14.055,13.759,17.18,17.53,1.174,1.121,0.5210,0.4625,8.210,5.832,23540.7,28.783,1.3490,470.8,155.4
2026-08-14T10:00:00,13.696,13.323,17.47,18.59,1.191,1.135,0.5858,0.4832,7.540,5.801,23554.0,28.806,1.3503,471.1,155.5
2026-08-14T11:00:00,14.290,13.843,17.94,18.90,1.169,1.112,0.5476,0.4732,7.936,5.837,23567.9,28.835,1.3514,471.4,155.5
2026-08-14T12:00:00,14.644,14.308,18.33,19.01,1.228,1.172,0.4765,0.4705,6.772,5.737,23582.2,28.850,1.3515,471.6,155.6
2026-08-14T13:00:00,13.936,13.566,19.20,20.22,1.229,1.165,0.5636,0.4729,7.740,5.966,23595.7,28.874,1.3527,471.9,155.7
2026-08-14T14:00:00,14.440,14.079,18.43,19.36,1.238,1.186,0.5103,0.4480,7.679,6.076,23609.8,28.897,1.3536,472.2,155.8
2026-08-14T15:00:00,15.207,14.698,18.74,19.13,1.234,1.178,0.5770,0.4667,7.092,5.520,23624.5,28.920,1.3552,472.5,155.9
2026-08-14T16:00:00,14.224,13.989,19.45,20.11,1.229,1.161,0.5942,0.4489,8.346,5.844,23638.5,28.955,1.3572,472.8,156.0
2026-08-14T17:00:00,14.923,14.334,18.83,19.29,1.220,1.164,0.6039,0.4723,7.450,5.795,23652.8,28.979,1.3591,473.1,156.1
2026-08-14T18:00:00,14.941,14.457,18.97,19.64,1.205,1.147,0.5186,0.4657,7.450,5.625,23667.3,29.005,1.3599,473.3,156.2
2026-08-14T19:00:00,13.774,13.257,18.35,19.63,1.214,1.157,0.5814,0.4729,7.798,5.671,23680.6,29.033,1.3613,473.6,156.3
2026-08-14T20:00:00,13.748,13.488,17.25,18.13,1.175,1.119,0.5637,0.4763,6.962,5.981,23694.0,29.047,1.3625,473.9,156.4
2026-08-14T21:00:00,13.323,13.037,17.04,17.67,1.182,1.131,0.5572,0.4443,7.571,5.605,23707.1,29.072,1.3640,474.1,156.5
2026-08-14T22:00:00,13.179,12.959,16.74,17.78,1.152,1.094,0.5562,0.4708,6.998,5.961,23720.0,29.086,1.3651,474.4,156.6
2026-08-14T23:00:00,12.740,12.465,16.02,16.65,1.152,1.102,0.5565,0.4804,7.420,5.776,23732.5,29.106,1.3660,474.7,156.6
2026-08-15T00:00:00,13.085,12.752,15.98,16.40,1.159,1.103,0.5413,0.4745,7.317,5.636,23745.3,29.128,1.3669,474.9,156.7
2026-08-15T01:00:00,12.381,12.077,15.02,16.30,1.169,1.111,0.5436,0.4463,6.884,5.744,23757.3,29.141,1.3680,475.1,156.8
2026-08-15T02:00:00,12.759,12.221,14.59,15.24,1.120,1.064,0.5310,0.4748,6.788,5.583,23769.6,29.156,1.3687,475.4,156.9
2026-08-15T03:00:00,12.684,12.342,14.56,15.30,1.147,1.084,0.5271,0.4822,7.325,5.890,23781.9,29.174,1.3693,475.6,157.0
2026-08-15T04:00:00,12.167,12.045,15.00,16.31,1.129,1.076,0.5880,0.4767,7.556,5.753,23793.9,29.195,1.3706,475.9,157.0
2026-08-15T05:00:00,12.491,12.134,14.84,15.25,1.146,1.093,0.5484,0.4540,7.392,5.848,23806.1,29.214,1.3718,476.1,157.1
2026-08-15T06:00:00,13.110,12.871,16.10,16.87,1.131,1.076,0.5377,0.4623,6.976,5.654,23818.9,29.231,1.3727,476.4,157.2
2026-08-15T07:00:00,12.685,12.217,15.49,15.73,1.152,1.102,0.5596,0.4871,7.573,5.646,23831.2,29.255,1.3736,476.6,157.3
2026-08-15T08:00:00,13.666,13.048,15.80,16.21,1.174,1.115,0.5614,0.4707,7.852,5.622,23844.2,29.284,1.3748,476.9,157.4
2026-08-15T09:00:00,13.832,13.412,17.20,18.21,1.185,1.125,0.5805,0.4647,7.260,5.817,23857.6,29.303,1.3764,477.2,157.5
2026-08-15T10:00:00,14.155,14.062,16.91,17.84,1.196,1.136,0.5631,0.4651,7.487,5.934,23871.7,29.325,1.3777,477.4,157.6
2026-08-15T11:00:00,13.821,13.381,18.71,19.62,1.189,1.132,0.5693,0.4729,7.365,5.777,23885.1,29.346,1.3790,477.7,157.6
2026-08-15T12:00:00,14.999,14.809,18.70,19.52,1.222,1.167,0.5877,0.4521,7.425,5.958,23899.9,29.368,1.3810,478.0,157.7
2026-08-15T13:00:00,14.103,13.666,19.20,20.07,1.224,1.166,0.5080,0.4466,7.318,5.789,23913.5,29.389,1.3819,478.3,157.8
2026-08-15T14:00:00,14.464,14.193,19.12,19.89,1.195,1.131,0.5638,0.4663,7.964,5.821,23927.7,29.419,1.3833,478.6,157.9
2026-08-15T15:00:00,14.292,13.768,18.83,19.68,1.216,1.161,0.5481,0.4631,6.568,5.813,23941.5,29.430,1.3844,478.8,158.0
2026-08-15T16:00:00,14.627,14.139,18.22,19.03,1.218,1.157,0.5583,0.4643,7.162,5.875,23955.6,29.448,1.3858,479.1,158.1
2026-08-15T17:00:00,14.462,14.070,19.02,20.16,1.202,1.147,0.5545,0.4555,7.170,5.653,23969.7,29.469,1.3871,479.4,158.2
2026-08-15T18:00:00,14.505,14.073,18.97,19.44,1.217,1.157,0.5815,0.4708,7.004,5.518,23983.8,29.490,1.3887,479.7,158.3
2026-08-15T19:00:00,14.258,13.955,18.25,18.89,1.184,1.127,0.5237,0.4499,7.242,5.627,23997.7,29.513,1.3897,480.0,158.4
2026-08-15T20:00:00,14.238,13.943,18.34,18.87,1.199,1.144,0.5957,0.4672,7.187,6.050,24011.7,29.529,1.3915,480.2,158.5
2026-08-15T21:00:00,13.337,12.974,17.53,18.13,1.178,1.113,0.5175,0.4769,6.773,6.063,24024.7,29.538,1.3921,480.5,158.6
2026-08-15T22:00:00,13.615,13.320,16.91,17.68,1.167,1.112,0.4973,0.4706,7.231,5.782,24038.0,29.557,1.3924,480.8,158.7
2026-08-15T23:00:00,13.618,13.259,16.01,16.59,1.138,1.081,0.5548,0.4582,7.747,5.862,24051.2,29.582,1.3937,481.0,158.7
2026-08-16T00:00:00,12.499,12.221,16.03,16.15,1.178,1.118,0.5298,0.4347,7.647,5.974,24063.5,29.603,1.3948,481.3,158.8
2026-08-16T01:00:00,12.381,11.966,15.61,16.33,1.154,1.094,0.5385,0.4861,7.996,5.681,24075.4,29.630,1.3955,481.5,158.9
2026-08-16T02:00:00,12.165,11.733,14.65,15.22,1.102,1.046,0.5958,0.4683,6.635,5.769,24087.2,29.640,1.3970,481.7,159.0
2026-08-16T03:00:00,12.662,12.277,14.86,15.79,1.132,1.074,0.5050,0.4702,7.897,5.640,24099.4,29.668,1.3974,482.0,159.1
2026-08-16T04:00:00,11.644,11.432,14.75,15.81,1.158,1.095,0.6004,0.4539,7.677,5.707,24110.9,29.691,1.3991,482.2,159.1
2026-08-16T05:00:00,12.273,12.045,15.58,16.66,1.128,1.074,0.5803,0.4713,6.785,5.559,24122.9,29.705,1.4004,482.5,159.2
2026-08-16T06:00:00,13.342,13.090,16.14,16.80,1.146,1.094,0.5394,0.4604,7.627,5.932,24136.0,29.728,1.4014,482.7,159.3
2026-08-16T07:00:00,13.900,13.482,15.47,16.05,1.145,1.091,0.5812,0.4689,7.353,5.813,24149.5,29.748,1.4029,483.0,159.4
2026-08-16T08:00:00,13.367,13.007,15.94,16.99,1.149,1.092,0.5680,0.4623,8.077,6.076,24162.5,29.774,1.4043,483.2,159.5
2026-08-16T09:00:00,12.864,12.277,17.22,17.46,1.179,1.116,0.5318,0.4772,6.786,5.439,24174.8,29.791,1.4050,483.5,159.6
2026-08-16T10:00:00,13.764,13.392,17.29,18.15,1.170,1.112,0.5106,0.4528,7.235,5.610,24188.2,29.813,1.4058,483.8,159.6
2026-08-16T11:00:00,14.402,14.103,17.51,17.98,1.193,1.139,0.4947,0.4465,7.824,5.603,24202.3,29.844,1.4064,484.0,159.7
2026-08-16T12:00:00,14.803,14.431,18.60,19.36,1.225,1.174,0.5242,0.4548,7.253,5.513,24216.7,29.869,1.4074,484.3,159.8
2026-08-16T13:00:00,13.175,12.975,19.28,20.30,1.227,1.174,0.5522,0.4544,7.510,5.886,24229.7,29.890,1.4087,484.6,159.9
2026-08-16T14:00:00,14.651,14.386,18.64,19.46,1.224,1.172,0.6467,0.4555,6.822,5.633,24244.0,29.907,1.4115,484.9,160.0
2026-08-16T15:00:00,13.791,13.328,18.71,19.46,1.231,1.181,0.5467,0.4616,6.920,5.659,24257.4,29.924,1.4126,485.1,160.1
2026-08-16T16:00:00,12.941,12.541,18.07,18.29,1.229,1.175,0.6073,0.4799,6.739,5.818,24269.9,29.936,1.4142,485.4,160.2
2026-08-16T17:00:00,14.714,14.293,17.94,18.54,1.229,1.177,0.5723,0.4572,7.798,5.587,24284.2,29.967,1.4158,485.7,160.3
2026-08-16T18:00:00,14.544,14.354,18.51,19.11,1.174,1.123,0.5149,0.4473,7.282,5.685,24298.6,29.990,1.4168,486.0,160.4
2026-08-16T19:00:00,14.237,13.780,17.16,17.57,1.190,1.136,0.4952,0.4672,7.308,5.711,24312.3,30.012,1.4172,486.2,160.5
2026-08-16T20:00:00,12.964,12.528,18.57,19.26,1.207,1.148,0.5346,0.4544,7.434,5.705,24324.9,30.034,1.4182,486.5,160.5
2026-08-16T21:00:00,14.128,13.951,16.77,17.84,1.177,1.112,0.5553,0.4618,7.142,5.520,24338.8,30.056,1.4195,486.8,160.6
2026-08-16T22:00:00,13.941,13.520,15.96,16.83,1.160,1.104,0.5296,0.4603,7.416,5.831,24352.3,30.078,1.4204,487.0,160.7
2026-08-16T23:00:00,12.991,12.790,16.19,17.26,1.164,1.112,0.5886,0.4735,7.794,5.739,24365.1,30.104,1.4219,487.3,160.8
2026-08-17T00:00:00,12.624,12.408,16.21,16.87,1.150,1.089,0.5778,0.4608,7.098,5.675,24377.5,30.122,1.4234,487.6,160.9
2026-08-17T01:00:00,12.987,12.664,15.17,15.87,1.114,1.059,0.5492,0.4624,7.099,5.849,24390.2,30.138,1.4245,487.8,161.0
2026-08-17T02:00:00,12.731,12.436,14.18,14.68,1.141,1.088,0.4824,0.4740,6.875,5.647,24402.6,30.153,1.4246,488.1,161.1
2026-08-17T03:00:00,11.986,11.824,15.62,16.48,1.152,1.094,0.5816,0.4739,6.723,5.792,24414.5,30.164,1.4258,488.3,161.1
2026-08-17T04:00:00,12.716,12.312,14.72,15.95,1.139,1.080,0.5405,0.4666,8.218,5.429,24426.8,30.198,1.4267,488.5,161.2
2026-08-17T05:00:00,13.087,12.751,15.12,16.36,1.171,1.118,0.4986,0.4652,7.743,5.664,24439.5,30.225,1.4272,488.8,161.3
2026-08-17T06:00:00,12.667,12.417,15.91,17.04,1.167,1.109,0.5392,0.4658,6.789,5.517,24451.9,30.241,1.4281,489.0,161.4
2026-08-17T07:00:00,12.323,12.079,16.28,16.91,1.161,1.105,0.5694,0.4536,7.067,5.846,24464.0,30.255,1.4295,489.3,161.5
2026-08-17T08:00:00,13.728,13.550,16.36,17.23,1.149,1.099,0.5812,0.4717,6.725,5.764,24477.6,30.268,1.4310,489.6,161.6
2026-08-17T09:00:00,13.105,12.774,16.64,17.58,1.158,1.100,0.5233,0.4453,7.048,5.598,24490.3,30.287,1.4320,489.8,161.6
2026-08-17T10:00:00,13.430,12.971,16.90,17.69,1.212,1.141,0.5577,0.4828,7.192,5.831,24503.3,30.305,1.4329,490.1,161.7
2026-08-17T11:00:00,14.110,13.965,18.07,18.88,1.202,1.151,0.5650,0.4711,7.219,5.907,24517.3,30.323,1.4342,490.3,161.8
2026-08-17T12:00:00,13.933,13.604,17.82,19.11,1.211,1.160,0.5357,0.4871,6.932,5.884,24530.9,30.337,1.4349,490.6,161.9
2026-08-17T13:00:00,15.114,14.689,18.80,19.89,1.239,1.181,0.5164,0.4413,7.413,5.895,24545.6,30.359,1.4360,490.9,162.0
2026-08-17T14:00:00,15.175,14.888,18.62,19.16,1.212,1.146,0.5515,0.4600,7.152,5.788,24560.5,30.380,1.4374,491.2,162.1
2026-08-17T15:00:00,14.853,14.566,19.36,20.28,1.204,1.138,0.5696,0.4557,7.517,5.874,24575.0,30.404,1.4390,491.5,162.2
2026-08-17T16:00:00,14.601,14.397,19.14,19.73,1.234,1.182,0.6244,0.4709,6.990,5.607,24589.4,30.424,1.4412,491.8,162.3
2026-08-17T17:00:00,14.655,14.144,18.46,19.37,1.228,1.173,0.5618,0.4621,6.944,5.518,24603.6,30.444,1.4426,492.1,162.4
2026-08-17T18:00:00,13.656,13.306,17.80,18.57,1.225,1.170,0.5575,0.4664,7.628,5.727,24616.9,30.469,1.4439,492.3,162.5
2026-08-17T19:00:00,14.446,14.159,18.45,19.49,1.163,1.100,0.5358,0.4582,8.277,5.535,24631.0,30.508,1.4450,492.6,162.6
2026-08-17T20:00:00,14.443,14.202,17.19,17.89,1.199,1.146,0.5849,0.4504,6.931,5.792,24645.2,30.524,1.4469,492.9,162.7
2026-08-17T21:00:00,13.839,13.407,16.89,17.69,1.209,1.150,0.5503,0.4559,7.419,5.649,24658.6,30.548,1.4481,493.2,162.7
2026-08-17T22:00:00,13.392,13.074,17.21,17.93,1.181,1.125,0.5764,0.4578,6.996,5.698,24671.7,30.565,1.4497,493.4,162.8
2026-08-17T23:00:00,12.971,12.856,15.91,16.57,1.178,1.119,0.5570,0.4492,7.574,5.935,24684.6,30.586,1.4511,493.7,162.9
2026-08-18T00:00:00,12.302,12.072,15.58,16.36,1.160,1.108,0.5609,0.4607,6.848,5.911,24696.6,30.597,1.4523,493.9,163.0
2026-08-18T01:00:00,12.832,12.576,14.94,15.96,1.138,1.086,0.5103,0.4664,7.168,5.813,24709.2,30.614,1.4528,494.2,163.1
2026-08-18T02:00:00,12.387,12.145,14.73,15.17,1.125,1.063,0.5106,0.4549,7.307,5.569,24721.4,30.635,1.4535,494.4,163.2
2026-08-18T03:00:00,12.389,12.283,15.25,16.02,1.144,1.090,0.6054,0.4634,6.528,5.840,24733.7,30.644,1.4553,494.7,163.2
2026-08-18T04:00:00,12.776,12.555,15.04,15.40,1.135,1.080,0.5496,0.4600,7.509,5.637,24746.2,30.667,1.4564,494.9,163.3
2026-08-18T05:00:00,12.226,11.906,15.21,16.22,1.132,1.071,0.5279,0.4705,8.053,6.022,24758.1,30.691,1.4571,495.2,163.4
2026-08-18T06:00:00,14.256,13.936,15.22,16.28,1.159,1.097,0.5303,0.4680,7.737,5.614,24772.0,30.721,1.4579,495.4,163.5
2026-08-18T07:00:00,13.084,12.820,16.01,16.75,1.185,1.133,0.5504,0.4752,7.244,5.585,24784.9,30.742,1.4589,495.7,163.6
2026-08-18T08:00:00,12.988,12.673,16.36,17.10,1.170,1.118,0.5803,0.4587,8.299,5.270,24797.5,30.781,1.4604,496.0,163.7
2026-08-18T09:00:00,13.732,13.349,16.83,17.50,1.163,1.111,0.6300,0.4709,6.804,5.493,24810.9,30.798,1.4626,496.2,163.8
2026-08-18T10:00:00,14.789,14.542,17.32,18.13,1.185,1.131,0.5699,0.4868,7.166,5.744,24825.4,30.819,1.4638,496.5,163.8
2026-08-18T11:00:00,14.127,13.590,18.11,19.28,1.208,1.154,0.4823,0.4584,7.330,5.496,24839.0,30.844,1.4641,496.8,163.9
2026-08-18T12:00:00,13.458,13.094,18.55,19.02,1.225,1.165,0.5556,0.4577,6.100,5.904,24852.1,30.846,1.4654,497.0,164.0
2026-08-18T13:00:00,14.594,14.214,18.92,19.84,1.210,1.158,0.5051,0.4464,7.442,5.518,24866.3,30.874,1.4662,497.3,164.1
2026-08-18T14:00:00,14.150,13.620,19.22,19.80,1.215,1.165,0.5210,0.4801,7.389,5.744,24880.0,30.896,1.4668,497.6,164.2
2026-08-18T15:00:00,13.407,13.001,18.43,19.24,1.223,1.171,0.5422,0.4753,7.678,5.562,24893.0,30.924,1.4676,497.9,164.3
2026-08-18T16:00:00,14.474,14.186,19.26,20.37,1.209,1.153,0.5857,0.4583,6.782,5.834,24907.1,30.937,1.4694,498.1,164.4
2026-08-18T17:00:00,13.228,12.760,19.72,20.18,1.191,1.128,0.5326,0.4780,7.850,5.779,24919.9,30.963,1.4701,498.4,164.5
2026-08-18T18:00:00,14.174,13.531,18.37,19.37,1.208,1.149,0.5676,0.4845,6.615,5.618,24933.4,30.977,1.4713,498.7,164.6
2026-08-18T19:00:00,13.162,12.755,18.10,19.15,1.187,1.135,0.4908,0.4560,8.249,5.739,24946.2,31.009,1.4717,498.9,164.6
2026-08-18T20:00:00,14.605,14.304,17.14,18.10,1.198,1.148,0.4984,0.4562,7.115,5.988,24960.5,31.025,1.4723,499.2,164.7
2026-08-18T21:00:00,13.561,13.245,15.96,16.43,1.176,1.113,0.5708,0.4588,7.544,5.916,24973.7,31.047,1.4738,499.5,164.8
2026-08-18T22:00:00,12.898,12.661,16.81,18.00,1.165,1.111,0.5729,0.4793,7.170,5.873,24986.4,31.063,1.4750,499.7,164.9
2026-08-18T23:00:00,13.303,12.768,16.18,17.19,1.159,1.108,0.5257,0.4327,6.936,5.871,24999.2,31.077,1.4762,500.0,165.0
2026-08-19T00:00:00,12.895,12.348,14.80,15.69,1.138,1.086,0.5518,0.4595,7.232,5.552,25011.5,31.097,1.4773,500.2,165.1
2026-08-19T01:00:00,12.114,11.764,15.41,15.93,1.140,1.089,0.5116,0.4517,7.184,5.635,25023.3,31.116,1.4780,500.5,165.2
2026-08-19T02:00:00,13.311,13.057,14.17,15.19,1.147,1.096,0.5838,0.4768,7.576,5.736,25036.3,31.140,1.4794,500.7,165.2
2026-08-19T03:00:00,12.360,12.043,14.60,15.64,1.168,1.115,0.5633,0.4529,7.439,5.583,25048.4,31.162,1.4807,501.0,165.3
2026-08-19T04:00:00,12.285,12.058,15.08,15.51,1.116,1.064,0.5468,0.4591,6.630,5.628,25060.4,31.174,1.4818,501.2,165.4
2026-08-19T05:00:00,12.682,12.194,15.54,16.52,1.143,1.092,0.5263,0.4641,7.512,6.078,25072.6,31.192,1.4826,501.5,165.5
2026-08-19T06:00:00,12.535,12.136,15.44,16.36,1.151,1.097,0.5474,0.4503,7.721,5.775,25084.8,31.215,1.4837,501.7,165.6
2026-08-19T07:00:00,13.491,13.264,15.69,16.53,1.157,1.093,0.5829,0.4774,7.288,5.922,25098.0,31.233,1.4851,502.0,165.6
2026-08-19T08:00:00,13.586,13.197,17.18,18.23,1.179,1.126,0.5407,0.4589,7.270,5.548,25111.2,31.256,1.4862,502.2,165.7
2026-08-19T09:00:00,13.793,13.475,16.60,17.29,1.188,1.127,0.5553,0.4786,7.748,5.824,25124.7,31.282,1.4872,502.5,165.8
2026-08-19T10:00:00,12.732,12.430,18.14,18.85,1.176,1.115,0.6184,0.4573,7.439,5.493,25137.1,31.306,1.4892,502.7,165.9
2026-08-19T11:00:00,14.580,14.138,17.39,18.27,1.204,1.152,0.5866,0.4583,7.428,5.772,25151.3,31.330,1.4911,503.0,166.0
2026-08-19T12:00:00,14.030,13.662,18.43,19.26,1.205,1.149,0.5069,0.4619,7.415,5.591,25164.9,31.354,1.4917,503.3,166.1
2026-08-19T13:00:00,14.493,13.984,18.23,18.66,1.188,1.127,0.5512,0.4693,6.978,5.882,25178.9,31.370,1.4928,503.6,166.2
2026-08-19T14:00:00,13.644,13.357,19.10,19.21,1.197,1.145,0.6081,0.4560,6.967,5.583,25192.3,31.388,1.4949,503.8,166.3
2026-08-19T15:00:00,14.637,14.160,18.89,20.26,1.221,1.157,0.5581,0.4750,7.153,5.732,25206.4,31.408,1.4960,504.1,166.4
2026-08-19T16:00:00,14.747,14.202,18.43,19.08,1.220,1.168,0.4707,0.4640,6.848,5.746,25220.6,31.424,1.4961,504.4,166.5
2026-08-19T17:00:00,14.068,13.752,18.68,19.32,1.232,1.179,0.5590,0.4737,7.025,5.450,25234.4,31.446,1.4973,504.7,166.5
2026-08-19T18:00:00,14.202,13.919,18.73,19.68,1.204,1.152,0.5505,0.4567,7.446,5.775,25248.3,31.469,1.4986,505.0,166.6
2026-08-19T19:00:00,14.103,13.842,17.91,18.89,1.178,1.122,0.5872,0.4581,7.755,5.717,25262.1,31.497,1.5004,505.2,166.7
2026-08-19T20:00:00,13.820,13.571,17.22,17.82,1.170,1.113,0.5929,0.4841,7.207,5.633,25275.7,31.519,1.5019,505.5,166.8
2026-08-19T21:00:00,12.940,12.747,16.80,17.80,1.172,1.115,0.5500,0.4628,6.921,5.553,25288.5,31.536,1.5030,505.8,166.9
2026-08-19T22:00:00,13.652,13.291,15.96,16.53,1.156,1.101,0.5620,0.4465,7.868,5.870,25301.8,31.563,1.5045,506.0,167.0
2026-08-19T23:00:00,13.824,13.487,16.71,17.44,1.143,1.081,0.5211,0.4626,6.565,5.858,25315.2,31.572,1.5053,506.3,167.1
2026-08-20T00:00:00,13.225,12.967,14.34,15.05,1.145,1.091,0.5786,0.4651,7.239,5.752,25328.2,31.591,1.5068,506.6,167.2
2026-08-20T01:00:00,12.981,12.703,15.06,16.11,1.156,1.085,0.5667,0.4657,7.148,5.664,25340.9,31.610,1.5081,506.8,167.2
2026-08-20T02:00:00,12.172,11.887,15.68,16.56,1.128,1.071,0.5763,0.4736,7.532,5.982,25352.8,31.629,1.5093,507.1,167.3
2026-08-20T03:00:00,12.787,12.317,14.41,15.07,1.150,1.089,0.5464,0.4843,7.032,5.659,25365.1,31.646,1.5100,507.3,167.4
2026-08-20T04:00:00,12.347,12.231,14.44,15.49,1.144,1.091,0.5828,0.4673,7.273,5.901,25377.3,31.662,1.5115,507.5,167.5
2026-08-20T05:00:00,12.656,12.338,14.92,15.66,1.161,1.110,0.5207,0.4746,7.535,5.555,25389.7,31.687,1.5120,507.8,167.6
2026-08-20T06:00:00,13.404,12.998,15.38,16.62,1.157,1.104,0.5417,0.4472,7.205,6.062,25402.7,31.702,1.5133,508.1,167.7
2026-08-20T07:00:00,13.142,12.839,14.97,15.79,1.148,1.094,0.5850,0.4556,6.880,5.783,25415.5,31.716,1.5149,508.3,167.7
2026-08-20T08:00:00,13.680,13.255,16.62,17.33,1.167,1.112,0.5300,0.4725,6.989,5.861,25428.8,31.731,1.5157,508.6,167.8
2026-08-20T09:00:00,13.285,12.886,16.58,17.44,1.197,1.142,0.5300,0.4569,7.504,5.590,25441.7,31.755,1.5166,508.8,167.9
2026-08-20T10:00:00,13.640,13.326,17.27,18.01,1.192,1.140,0.5295,0.4618,6.559,5.698,25455.0,31.767,1.5175,509.1,168.0
2026-08-20T11:00:00,13.847,13.652,17.81,18.67,1.205,1.148,0.5280,0.4594,6.899,5.569,25468.6,31.785,1.5185,509.4,168.1
2026-08-20T12:00:00,13.769,13.491,17.83,18.37,1.185,1.134,0.5608,0.4781,7.394,5.533,25482.1,31.810,1.5196,509.6,168.2
2026-08-20T13:00:00,13.614,13.284,19.32,19.95,1.208,1.157,0.5356,0.4665,7.824,5.823,25495.4,31.837,1.5205,509.9,168.3
2026-08-20T14:00:00,14.986,14.842,18.88,19.69,1.227,1.174,0.5904,0.4571,7.084,5.601,25510.3,31.859,1.5225,510.2,168.4
2026-08-20T15:00:00,13.912,13.490,19.17,20.33,1.226,1.168,0.4975,0.4518,6.615,5.764,25523.7,31.870,1.5231,510.5,168.5
2026-08-20T16:00:00,14.831,14.418,18.67,19.17,1.212,1.156,0.5023,0.4711,7.980,5.715,25538.2,31.903,1.5235,510.8,168.6
2026-08-20T17:00:00,14.064,13.834,17.95,19.02,1.220,1.170,0.5617,0.4536,7.269,5.460,25552.0,31.928,1.5250,511.0,168.6
2026-08-20T18:00:00,13.758,13.472,17.95,19.05,1.187,1.137,0.5463,0.4630,7.007,5.677,25565.5,31.946,1.5261,511.3,168.7
2026-08-20T19:00:00,14.325,13.985,17.37,18.04,1.195,1.141,0.5568,0.4535,7.454,5.553,25579.5,31.972,1.5276,511.6,168.8
2026-08-20T20:00:00,13.734,13.356,17.21,17.65,1.216,1.164,0.5317,0.4628,6.801,5.729,25592.8,31.987,1.5285,511.9,168.9
2026-08-20T21:00:00,13.541,13.061,16.41,17.01,1.220,1.168,0.6107,0.4564,7.128,5.564,25605.9,32.007,1.5305,512.1,169.0
2026-08-20T22:00:00,12.750,12.397,16.97,17.65,1.150,1.092,0.5394,0.4626,7.367,5.638,25618.3,32.028,1.5315,512.4,169.1
2026-08-20T23:00:00,12.618,12.236,16.45,17.32,1.141,1.083,0.5391,0.4580,7.135,5.540,25630.5,32.048,1.5325,512.6,169.2
2026-08-21T00:00:00,13.776,13.522,15.54,16.32,1.147,1.087,0.6319,0.4565,7.651,5.606,25644.0,32.076,1.5348,512.9,169.3
2026-08-21T01:00:00,13.908,13.498,14.66,15.39,1.120,1.067,0.5904,0.4690,7.515,5.722,25657.5,32.100,1.5365,513.2,169.3
2026-08-21T02:00:00,12.926,12.639,14.18,14.90,1.148,1.085,0.5255,0.4477,7.179,5.427,25670.2,32.122,1.5375,513.4,169.4
2026-08-21T03:00:00,12.981,12.641,15.15,15.61,1.147,1.079,0.5724,0.4613,7.464,5.623,25682.8,32.145,1.5389,513.7,169.5
2026-08-21T04:00:00,12.461,12.086,14.56,15.50,1.120,1.067,0.5759,0.4608,7.653,5.699,25694.9,32.169,1.5403,513.9,169.6
2026-08-21T05:00:00,11.510,11.181,14.64,15.55,1.161,1.101,0.5735,0.4688,6.896,5.599,25706.1,32.183,1.5414,514.1,169.7
2026-08-21T06:00:00,12.898,12.418,16.03,17.21,1.150,1.088,0.5880,0.4574,7.189,6.092,25718.5,32.197,1.5431,514.4,169.7
2026-08-21T07:00:00,13.143,12.749,15.76,16.81,1.154,1.097,0.5399,0.4855,8.518,5.739,25731.2,32.232,1.5437,514.6,169.8
2026-08-21T08:00:00,13.118,12.700,16.18,17.25,1.171,1.115,0.5661,0.4735,7.327,5.877,25743.9,32.251,1.5449,514.9,169.9
2026-08-21T09:00:00,13.048,12.856,16.36,17.07,1.165,1.108,0.5613,0.4672,7.477,5.543,25756.8,32.276,1.5461,515.1,170.0
2026-08-21T10:00:00,14.031,13.553,16.36,17.25,1.174,1.116,0.5120,0.4779,7.321,5.588,25770.3,32.299,1.5466,515.4,170.1
2026-08-21T11:00:00,14.139,13.932,17.92,18.83,1.203,1.145,0.6181,0.4526,7.325,5.486,25784.3,32.325,1.5489,515.7,170.2
2026-08-21T12:00:00,14.536,14.265,18.14,18.84,1.183,1.131,0.5197,0.4682,7.470,5.568,25798.5,32.352,1.5496,516.0,170.3
2026-08-21T13:00:00,14.594,14.391,18.45,18.86,1.213,1.144,0.5508,0.4592,7.707,5.714,25812.9,32.381,1.5510,516.3,170.4
2026-08-21T14:00:00,14.143,14.033,18.07,18.99,1.226,1.172,0.5834,0.4496,7.563,5.855,25827.0,32.405,1.5528,516.5,170.5
2026-08-21T15:00:00,14.254,13.903,18.24,18.80,1.234,1.176,0.5679,0.4645,7.721,5.716,25840.9,32.433,1.5543,516.8,170.5
2026-08-21T16:00:00,14.457,13.908,18.73,19.44,1.219,1.165,0.5464,0.4563,7.434,5.848,25854.8,32.455,1.5555,517.1,170.6
2026-08-21T17:00:00,14.089,13.696,18.34,19.22,1.216,1.151,0.5197,0.4652,7.184,5.779,25868.5,32.474,1.5563,517.4,170.7
2026-08-21T18:00:00,14.463,14.318,18.03,18.94,1.217,1.165,0.5686,0.4665,7.596,5.685,25882.8,32.501,1.5577,517.7,170.8
2026-08-21T19:00:00,13.624,13.267,17.55,18.31,1.194,1.136,0.6133,0.4812,6.887,5.647,25896.1,32.518,1.5595,517.9,170.9
2026-08-21T20:00:00,13.689,13.340,17.24,18.09,1.235,1.184,0.5661,0.4498,7.613,5.935,25909.4,32.540,1.5610,518.2,171.0
2026-08-21T21:00:00,13.194,12.881,16.25,16.90,1.171,1.113,0.5050,0.4565,7.625,5.601,25922.3,32.566,1.5617,518.4,171.1
2026-08-21T22:00:00,13.651,13.341,16.04,16.77,1.155,1.094,0.5634,0.4542,7.215,5.637,25935.6,32.587,1.5631,518.7,171.2
2026-08-21T23:00:00,13.352,13.060,14.83,16.04,1.201,1.150,0.5048,0.4825,7.031,5.653,25948.7,32.605,1.5634,519.0,171.3
2026-08-22T00:00:00,12.398,11.976,15.31,15.60,1.137,1.085,0.4717,0.4817,6.745,5.734,25960.7,32.617,1.5634,519.2,171.3
2026-08-22T01:00:00,12.094,11.691,14.11,14.96,1.154,1.094,0.5381,0.4410,6.820,5.868,25972.3,32.628,1.5645,519.4,171.4
2026-08-22T02:00:00,12.621,12.196,14.84,15.62,1.141,1.091,0.5419,0.4743,7.565,5.892,25984.5,32.649,1.5654,519.7,171.5
2026-08-22T03:00:00,12.960,12.658,13.86,14.68,1.145,1.091,0.5488,0.4421,7.179,5.612,25997.2,32.669,1.5667,519.9,171.6
2026-08-22T04:00:00,12.577,12.218,14.91,15.96,1.139,1.084,0.5572,0.4641,7.538,5.650,26009.4,32.692,1.5679,520.2,171.7
2026-08-22T05:00:00,13.567,13.416,14.59,15.41,1.141,1.089,0.5168,0.4738,7.300,5.502,26022.8,32.716,1.5684,520.5,171.8
2026-08-22T06:00:00,13.056,12.818,15.35,16.35,1.146,1.095,0.5414,0.4608,7.412,5.566,26035.7,32.739,1.5695,520.7,171.8
2026-08-22T07:00:00,12.580,12.216,15.86,17.03,1.179,1.121,0.5389,0.4871,7.395,5.578,26047.9,32.762,1.5701,521.0,171.9
2026-08-22T08:00:00,14.596,14.497,15.44,16.41,1.186,1.136,0.5334,0.4568,7.326,5.536,26062.4,32.788,1.5712,521.2,172.0
2026-08-22T09:00:00,13.372,13.084,16.42,17.20,1.177,1.125,0.5600,0.4601,7.029,5.534,26075.5,32.807,1.5725,521.5,172.1
2026-08-22T10:00:00,13.113,12.799,17.76,18.27,1.194,1.144,0.5876,0.4821,6.684,5.680,26088.3,32.820,1.5739,521.8,172.2
2026-08-22T11:00:00,13.916,13.698,17.42,18.14,1.204,1.148,0.5512,0.4579,7.294,5.685,26101.9,32.842,1.5751,522.0,172.3
2026-08-22T12:00:00,14.997,14.637,18.55,19.31,1.219,1.160,0.5427,0.4572,7.219,5.843,26116.6,32.862,1.5764,522.3,172.4
2026-08-22T13:00:00,14.279,13.991,18.20,18.84,1.240,1.182,0.5293,0.4552,7.311,5.742,26130.6,32.884,1.5774,522.6,172.5
2026-08-22T14:00:00,14.091,13.780,19.05,20.13,1.189,1.131,0.5229,0.4647,7.452,5.749,26144.4,32.908,1.5782,522.9,172.6
2026-08-22T15:00:00,14.618,14.200,18.91,18.92,1.193,1.139,0.5492,0.4510,7.627,5.774,26158.6,32.934,1.5796,523.2,172.6
2026-08-22T16:00:00,14.230,14.121,18.23,18.92,1.221,1.162,0.5001,0.4594,6.749,5.708,26172.7,32.949,1.5802,523.5,172.7
2026-08-22T17:00:00,13.766,13.333,17.89,18.79,1.198,1.137,0.5040,0.4895,7.721,5.500,26186.0,32.978,1.5804,523.7,172.8
2026-08-22T18:00:00,14.222,13.858,18.20,19.52,1.222,1.170,0.5289,0.4509,7.422,5.540,26199.9,33.004,1.5815,524.0,172.9
2026-08-22T19:00:00,13.685,13.242,17.03,18.00,1.181,1.127,0.5210,0.4622,7.074,5.612,26213.1,33.024,1.5823,524.3,173.0
2026-08-22T20:00:00,14.411,14.067,17.02,18.23,1.173,1.121,0.5712,0.4577,8.094,5.485,26227.2,33.060,1.5839,524.5,173.1
2026-08-22T21:00:00,12.957,12.687,16.62,17.42,1.182,1.117,0.5288,0.4676,7.031,5.454,26239.9,33.080,1.5846,524.8,173.2
2026-08-22T22:00:00,13.288,12.712,16.08,16.88,1.180,1.115,0.5456,0.4747,7.150,5.444,26252.6,33.102,1.5855,525.1,173.3
2026-08-22T23:00:00,12.344,11.945,15.60,16.54,1.153,1.099,0.5738,0.4460,6.530,5.674,26264.5,33.112,1.5871,525.3,173.3
2026-08-23T00:00:00,12.714,12.372,15.30,15.58,1.158,1.098,0.5835,0.4619,6.696,5.803,26276.9,33.123,1.5886,525.5,173.4
2026-08-23T01:00:00,12.426,12.220,15.37,15.72,1.149,1.095,0.5433,0.4738,7.110,5.513,26289.1,33.143,1.5894,525.8,173.5
2026-08-23T02:00:00,12.929,12.736,14.07,14.86,1.121,1.064,0.5605,0.4466,7.624,5.651,26301.8,33.168,1.5909,526.0,173.6
2026-08-23T03:00:00,12.366,12.073,14.67,14.96,1.129,1.078,0.5310,0.4638,6.924,5.660,26313.9,33.183,1.5917,526.3,173.7
2026-08-23T04:00:00,13.004,12.721,14.59,14.65,1.167,1.108,0.5605,0.4614,6.707,5.604,26326.6,33.197,1.5929,526.5,173.8
2026-08-23T05:00:00,11.955,11.562,15.35,16.81,1.157,1.103,0.4558,0.4517,6.822,5.555,26338.2,33.212,1.5930,526.8,173.8
2026-08-23T06:00:00,12.798,12.474,14.84,15.52,1.161,1.107,0.5731,0.4410,6.849,5.278,26350.7,33.232,1.5946,527.0,173.9
2026-08-23T07:00:00,12.615,12.349,15.17,15.46,1.162,1.100,0.5395,0.4594,7.378,5.688,26363.0,33.252,1.5956,527.3,174.0
2026-08-23T08:00:00,13.229,13.016,16.36,16.90,1.163,1.105,0.5880,0.4821,7.048,5.591,26376.0,33.271,1.5970,527.5,174.1
2026-08-23T09:00:00,13.313,12.820,17.01,17.89,1.213,1.157,0.5489,0.4649,7.196,5.633,26388.9,33.291,1.5981,527.8,174.2
2026-08-23T10:00:00,14.334,13.780,17.50,17.92,1.177,1.127,0.5685,0.4562,6.479,5.822,26402.6,33.301,1.5996,528.1,174.3
2026-08-23T11:00:00,13.826,13.670,18.36,18.82,1.206,1.150,0.5222,0.4631,7.620,5.724,26416.3,33.326,1.6004,528.3,174.3
2026-08-23T12:00:00,14.695,14.365,18.37,19.32,1.201,1.144,0.5245,0.4723,7.819,5.752,26430.7,33.356,1.6012,528.6,174.4
2026-08-23T13:00:00,13.373,12.996,18.10,18.60,1.197,1.146,0.6117,0.4867,7.508,5.695,26443.7,33.380,1.6028,528.9,174.5
2026-08-23T14:00:00,14.998,14.831,18.62,19.57,1.230,1.160,0.5669,0.4742,7.870,5.600,26458.5,33.413,1.6042,529.2,174.6
2026-08-23T15:00:00,14.102,13.475,18.06,18.89,1.210,1.154,0.5495,0.4526,7.509,5.550,26472.0,33.440,1.6055,529.4,174.7
2026-08-23T16:00:00,14.495,14.213,17.80,18.50,1.217,1.162,0.6263,0.4588,6.916,5.372,26486.2,33.462,1.6079,529.7,174.8
2026-08-23T17:00:00,13.822,13.503,18.46,19.27,1.205,1.154,0.5182,0.4580,7.731,5.663,26499.7,33.490,1.6087,530.0,174.9
2026-08-23T18:00:00,13.347,13.111,17.61,18.42,1.179,1.126,0.5796,0.4733,7.890,5.698,26512.8,33.518,1.6101,530.3,175.0
2026-08-23T19:00:00,13.728,13.462,17.23,17.92,1.183,1.128,0.5855,0.4618,7.259,5.535,26526.3,33.542,1.6117,530.5,175.1
2026-08-23T20:00:00,13.588,13.266,16.98,17.69,1.172,1.117,0.5796,0.4630,6.910,5.291,26539.5,33.563,1.6133,530.8,175.2
2026-08-23T21:00:00,14.107,13.688,15.91,16.72,1.160,1.108,0.5066,0.4356,7.314,5.571,26553.2,33.587,1.6143,531.1,175.3
2026-08-23T22:00:00,13.672,13.259,16.05,16.41,1.175,1.108,0.4827,0.4570,7.094,5.593,26566.5,33.607,1.6146,531.3,175.3
2026-08-23T23:00:00,13.094,12.825,15.18,15.72,1.176,1.118,0.5204,0.4719,6.995,5.583,26579.3,33.625,1.6152,531.6,175.4
2026-08-24T00:00:00,12.890,12.319,15.32,16.36,1.113,1.054,0.5479,0.4662,7.797,5.501,26591.6,33.653,1.6162,531.8,175.5
2026-08-24T01:00:00,12.646,12.148,15.60,16.49,1.176,1.119,0.6302,0.4729,8.215,5.845,26603.8,33.682,1.6181,532.1,175.6
2026-08-24T02:00:00,12.773,12.352,14.89,15.63,1.144,1.092,0.5003,0.4717,7.161,5.760,26616.1,33.699,1.6185,532.3,175.7
2026-08-24T03:00:00,12.461,12.035,15.08,15.88,1.113,1.055,0.5008,0.4621,7.236,5.830,26628.2,33.716,1.6190,532.6,175.7
2026-08-24T04:00:00,13.007,12.722,14.70,15.13,1.171,1.119,0.5029,0.4626,7.491,5.691,26640.9,33.739,1.6195,532.8,175.8
2026-08-24T05:00:00,12.941,12.581,14.46,15.55,1.138,1.088,0.5231,0.4667,7.247,5.586,26653.5,33.760,1.6202,533.1,175.9
2026-08-24T06:00:00,13.336,12.926,14.96,15.76,1.142,1.091,0.5860,0.4698,7.712,5.482,26666.4,33.789,1.6217,533.3,176.0
2026-08-24T07:00:00,12.669,12.166,15.76,16.82,1.164,1.096,0.5497,0.4440,7.790,5.665,26678.6,33.815,1.6230,533.6,176.1
2026-08-24T08:00:00,12.620,12.332,16.16,17.04,1.175,1.124,0.5521,0.4652,7.750,5.324,26690.9,33.845,1.6240,533.8,176.2
2026-08-24T09:00:00,13.703,13.320,16.95,18.14,1.146,1.095,0.5323,0.4711,7.263,5.319,26704.2,33.871,1.6249,534.1,176.2
2026-08-24T10:00:00,14.061,13.619,17.14,17.96,1.178,1.124,0.5753,0.4508,7.500,5.729,26717.8,33.895,1.6266,534.4,176.3
2026-08-24T11:00:00,14.452,14.087,17.46,18.32,1.199,1.143,0.5963,0.4778,6.773,5.425,26731.9,33.914,1.6282,534.6,176.4
2026-08-24T12:00:00,14.164,13.829,17.69,18.11,1.209,1.158,0.5980,0.4605,6.649,5.696,26745.7,33.927,1.6301,534.9,176.5
2026-08-24T13:00:00,15.586,14.999,18.27,19.44,1.200,1.146,0.5179,0.4568,7.139,5.647,26760.7,33.949,1.6310,535.2,176.6
2026-08-24T14:00:00,14.308,13.792,18.75,19.72,1.207,1.141,0.5228,0.4443,7.921,5.358,26774.5,33.985,1.6321,535.5,176.7
2026-08-24T15:00:00,14.119,13.848,18.36,19.22,1.229,1.175,0.5196,0.4698,7.669,5.646,26788.4,34.013,1.6328,535.8,176.8
2026-08-24T16:00:00,13.363,13.113,18.96,19.85,1.197,1.147,0.5462,0.4456,7.557,5.364,26801.5,34.041,1.6341,536.0,176.9
2026-08-24T17:00:00,14.073,13.601,18.07,18.90,1.224,1.169,0.5411,0.4544,7.092,5.695,26815.1,34.060,1.6353,536.3,177.0
2026-08-24T18:00:00,14.234,13.885,18.27,18.48,1.203,1.152,0.5711,0.4502,7.329,5.498,26829.0,34.086,1.6370,536.6,177.1
2026-08-24T19:00:00,13.291,13.063,17.29,18.38,1.195,1.134,0.5635,0.4486,7.571,5.546,26842.0,34.112,1.6385,536.8,177.2
2026-08-24T20:00:00,13.488,13.118,16.68,18.06,1.206,1.148,0.5749,0.4527,7.318,5.831,26855.2,34.132,1.6401,537.1,177.2
2026-08-24T21:00:00,13.536,13.233,16.23,17.18,1.175,1.120,0.5513,0.4628,7.041,5.531,26868.4,34.152,1.6413,537.4,177.3
2026-08-24T22:00:00,13.557,13.380,16.34,17.20,1.174,1.119,0.5720,0.4727,7.245,5.433,26881.8,34.176,1.6426,537.6,177.4
2026-08-24T23:00:00,13.360,12.838,15.10,15.75,1.173,1.114,0.5875,0.4302,7.308,5.671,26894.6,34.197,1.6446,537.9,177.5
2026-08-25T00:00:00,12.502,12.015,15.75,16.24,1.154,1.095,0.5565,0.4549,7.236,5.518,26906.6,34.218,1.6458,538.1,177.6
2026-08-25T01:00:00,13.012,12.564,14.72,15.44,1.141,1.078,0.5304,0.4522,7.912,5.329,26919.2,34.250,1.6468,538.4,177.7
2026-08-25T02:00:00,13.004,12.640,14.33,15.08,1.150,1.093,0.5532,0.4644,6.514,5.813,26931.8,34.259,1.6479,538.6,177.8
2026-08-25T03:00:00,12.988,12.735,14.57,15.68,1.137,1.076,0.4906,0.4483,7.641,5.649,26944.6,34.284,1.6485,538.9,177.8
2026-08-25T04:00:00,12.283,12.028,14.45,15.18,1.145,1.077,0.5075,0.4594,7.031,5.508,26956.6,34.303,1.6491,539.1,177.9
2026-08-25T05:00:00,11.836,11.665,14.27,15.55,1.136,1.076,0.5501,0.4754,7.115,5.462,26968.3,34.322,1.6499,539.4,178.0
2026-08-25T06:00:00,12.637,12.284,14.89,16.48,1.193,1.136,0.5289,0.4704,6.687,5.745,26980.5,34.333,1.6506,539.6,178.1
2026-08-25T07:00:00,13.028,12.651,15.77,16.75,1.175,1.118,0.5611,0.4531,7.064,5.605,26993.2,34.352,1.6520,539.9,178.2
2026-08-25T08:00:00,12.859,12.497,16.22,17.13,1.177,1.127,0.5393,0.4549,7.091,5.273,27005.7,34.375,1.6531,540.1,178.2
2026-08-25T09:00:00,13.289,12.864,15.85,16.82,1.162,1.108,0.5629,0.4599,7.336,5.502,27018.6,34.398,1.6544,540.4,178.3
2026-08-25T10:00:00,13.308,12.954,17.32,18.29,1.175,1.117,0.5145,0.4509,7.607,5.601,27031.5,34.424,1.6552,540.6,178.4
2026-08-25T11:00:00,13.347,13.027,18.12,18.83,1.196,1.141,0.6014,0.4770,7.093,5.552,27044.5,34.444,1.6568,540.9,178.5
2026-08-25T12:00:00,14.465,14.030,17.58,18.07,1.181,1.127,0.5905,0.4598,7.483,5.707,27058.6,34.469,1.6587,541.2,178.6
2026-08-25T13:00:00,14.356,14.208,18.44,19.00,1.201,1.147,0.5363,0.4618,7.318,5.657,27072.8,34.493,1.6597,541.5,178.7
2026-08-25T14:00:00,14.603,14.338,18.40,19.11,1.230,1.175,0.5600,0.4610,7.157,5.638,27087.1,34.515,1.6611,541.7,178.8
2026-08-25T15:00:00,14.555,14.350,18.76,19.62,1.216,1.161,0.5090,0.4480,6.389,5.559,27101.5,34.526,1.6620,542.0,178.9
2026-08-25T16:00:00,14.606,14.344,18.72,19.37,1.201,1.142,0.5623,0.4362,6.658,5.615,27115.8,34.541,1.6638,542.3,179.0
2026-08-25T17:00:00,15.049,14.574,18.37,18.64,1.194,1.140,0.5064,0.4698,6.878,5.594,27130.4,34.560,1.6644,542.6,179.1
2026-08-25T18:00:00,14.219,13.715,18.25,18.71,1.216,1.165,0.5316,0.4521,7.927,5.437,27144.1,34.594,1.6655,542.9,179.2
2026-08-25T19:00:00,14.421,13.980,17.28,18.09,1.205,1.141,0.5289,0.4723,7.396,5.485,27158.1,34.621,1.6662,543.2,179.2
2026-08-25T20:00:00,14.036,13.736,17.06,17.99,1.180,1.127,0.5710,0.4612,7.017,5.461,27171.8,34.642,1.6677,543.4,179.3
2026-08-25T21:00:00,13.395,13.126,15.85,16.65,1.169,1.117,0.5018,0.4696,7.125,5.751,27184.9,34.660,1.6682,543.7,179.4
2026-08-25T22:00:00,13.451,13.075,15.98,16.73,1.175,1.123,0.5413,0.4851,6.711,5.382,27198.0,34.678,1.6689,544.0,179.5
2026-08-25T23:00:00,13.146,12.869,15.14,15.58,1.150,1.090,0.6169,0.4715,7.631,5.313,27210.9,34.708,1.6708,544.2,179.6
2026-08-26T00:00:00,14.351,14.137,15.50,16.53,1.134,1.073,0.5160,0.4582,7.728,5.618,27225.0,34.737,1.6716,544.5,179.7
2026-08-26T01:00:00,13.492,13.024,14.94,15.58,1.148,1.077,0.5482,0.4530,7.768,5.489,27238.0,34.767,1.6728,544.8,179.8
2026-08-26T02:00:00,12.553,12.303,13.78,14.48,1.131,1.080,0.5185,0.4661,7.875,5.516,27250.3,34.796,1.6735,545.0,179.9
2026-08-26T03:00:00,13.549,13.216,14.20,15.07,1.134,1.083,0.5274,0.4532,7.088,5.407,27263.6,34.818,1.6745,545.3,179.9
2026-08-26T04:00:00,12.410,12.034,15.02,15.72,1.137,1.077,0.5861,0.4455,7.065,5.342,27275.6,34.839,1.6762,545.5,180.0
2026-08-26T05:00:00,11.652,11.277,14.69,15.31,1.145,1.093,0.5031,0.4812,7.042,5.637,27286.9,34.855,1.6764,545.7,180.1
2026-08-26T06:00:00,12.157,11.924,14.84,16.10,1.140,1.087,0.5364,0.4512,6.988,5.794,27298.8,34.869,1.6774,546.0,180.2
2026-08-26T07:00:00,13.162,12.822,15.74,17.02,1.144,1.093,0.4804,0.4512,7.127,5.864,27311.6,34.885,1.6778,546.2,180.3
2026-08-26T08:00:00,13.141,12.815,15.61,15.97,1.154,1.103,0.5579,0.4644,7.495,5.538,27324.4,34.910,1.6790,546.5,180.3
2026-08-26T09:00:00,13.373,13.041,16.42,17.16,1.181,1.124,0.5648,0.4654,7.544,5.570,27337.5,34.936,1.6803,546.7,180.4
2026-08-26T10:00:00,13.343,13.105,16.44,17.26,1.180,1.125,0.5471,0.4323,7.043,5.634,27350.6,34.955,1.6818,547.0,180.5
2026-08-26T11:00:00,14.086,13.628,17.21,17.97,1.202,1.152,0.5524,0.4578,7.773,5.466,27364.2,34.986,1.6831,547.3,180.6
2026-08-26T12:00:00,14.907,14.486,17.62,18.16,1.239,1.184,0.5439,0.4492,7.623,5.485,27378.7,35.017,1.6844,547.6,180.7
2026-08-26T13:00:00,13.866,13.459,18.35,18.89,1.222,1.169,0.4989,0.4600,7.100,5.714,27392.2,35.036,1.6850,547.8,180.8
2026-08-26T14:00:00,14.429,13.848,18.13,19.15,1.223,1.168,0.5786,0.4458,7.364,5.702,27406.0,35.059,1.6868,548.1,180.9
2026-08-26T15:00:00,14.140,13.626,19.19,20.42,1.218,1.159,0.6184,0.4485,6.803,5.668,27419.6,35.074,1.6891,548.4,181.0
2026-08-26T16:00:00,14.100,13.659,18.47,19.63,1.214,1.161,0.5427,0.4736,7.433,5.735,27433.3,35.097,1.6901,548.7,181.1
2026-08-26T17:00:00,13.549,13.321,18.24,19.29,1.176,1.120,0.5510,0.4661,6.947,5.578,27446.6,35.116,1.6912,548.9,181.1
2026-08-26T18:00:00,14.430,13.943,17.81,18.40,1.195,1.141,0.5204,0.4491,7.674,5.553,27460.6,35.145,1.6922,549.2,181.2
2026-08-26T19:00:00,14.098,13.819,17.46,18.03,1.185,1.124,0.5578,0.4373,7.451,5.338,27474.4,35.174,1.6939,549.5,181.3
2026-08-26T20:00:00,13.028,12.552,16.70,17.28,1.201,1.144,0.5653,0.4761,6.959,5.408,27486.9,35.194,1.6950,549.7,181.4
2026-08-26T21:00:00,13.907,13.555,15.88,16.94,1.193,1.125,0.5346,0.4590,7.325,5.687,27500.5,35.216,1.6960,550.0,181.5
2026-08-26T22:00:00,13.255,13.029,15.61,16.35,1.181,1.120,0.5314,0.4566,6.564,5.557,27513.5,35.229,1.6970,550.3,181.6
2026-08-26T23:00:00,13.361,12.893,15.41,16.34,1.122,1.066,0.5776,0.4612,6.998,5.682,27526.4,35.246,1.6985,550.5,181.7
2026-08-27T00:00:00,12.865,12.499,15.01,15.94,1.135,1.081,0.5626,0.4666,7.235,5.665,27538.9,35.266,1.6997,550.8,181.8
2026-08-27T01:00:00,12.666,12.347,14.83,15.59,1.135,1.081,0.5230,0.4654,7.539,5.531,27551.2,35.291,1.7004,551.0,181.8
2026-08-27T02:00:00,13.174,12.773,13.89,14.97,1.136,1.077,0.5808,0.4542,7.158,5.616,27564.0,35.310,1.7020,551.3,181.9
2026-08-27T03:00:00,12.299,12.064,13.95,14.30,1.174,1.124,0.5427,0.4758,7.230,5.324,27576.1,35.333,1.7028,551.5,182.0
2026-08-27T04:00:00,12.922,12.465,15.38,16.18,1.155,1.104,0.5526,0.4542,7.869,5.347,27588.5,35.365,1.7040,551.8,182.1
2026-08-27T05:00:00,12.683,12.300,14.16,14.58,1.136,1.077,0.5851,0.4680,6.847,5.509,27600.8,35.381,1.7055,552.0,182.2
2026-08-27T06:00:00,13.819,13.633,14.67,15.45,1.168,1.113,0.5078,0.4463,7.905,5.588,27614.5,35.413,1.7063,552.3,182.3
2026-08-27T07:00:00,12.590,12.207,15.50,16.26,1.152,1.074,0.5894,0.4762,7.113,5.816,27626.7,35.429,1.7077,552.5,182.3
2026-08-27T08:00:00,13.235,12.973,15.87,16.40,1.161,1.108,0.5328,0.4351,7.798,5.688,27639.7,35.456,1.7090,552.8,182.4
2026-08-27T09:00:00,13.457,13.182,15.67,16.54,1.198,1.147,0.5657,0.4585,7.459,5.398,27652.8,35.483,1.7104,553.1,182.5
2026-08-27T10:00:00,13.707,13.415,16.57,17.00,1.226,1.175,0.5773,0.4545,8.093,5.480,27666.3,35.518,1.7120,553.3,182.6
2026-08-27T11:00:00,13.153,12.726,17.82,18.50,1.199,1.145,0.5826,0.4457,7.467,5.606,27679.0,35.542,1.7138,553.6,182.7
2026-08-27T12:00:00,14.297,13.745,17.88,18.75,1.229,1.167,0.5641,0.4674,7.271,5.691,27692.7,35.564,1.7151,553.9,182.8
2026-08-27T13:00:00,14.011,13.739,18.47,19.34,1.219,1.158,0.5621,0.4587,6.465,5.547,27706.5,35.576,1.7165,554.1,182.9
2026-08-27T14:00:00,14.189,13.778,18.52,19.96,1.220,1.166,0.5223,0.4574,8.012,5.299,27720.2,35.614,1.7174,554.4,183.0
2026-08-27T15:00:00,14.170,13.731,18.61,19.13,1.227,1.174,0.5376,0.4595,7.607,5.473,27734.0,35.643,1.7185,554.7,183.0
2026-08-27T16:00:00,14.174,13.909,18.16,19.03,1.227,1.173,0.5372,0.4405,7.144,5.390,27747.9,35.667,1.7198,555.0,183.1
2026-08-27T17:00:00,14.847,14.309,17.79,18.46,1.211,1.157,0.5258,0.4646,7.016,5.565,27762.2,35.688,1.7207,555.2,183.2
2026-08-27T18:00:00,13.734,13.405,17.94,18.61,1.195,1.142,0.5498,0.4676,6.891,5.665,27775.6,35.704,1.7218,555.5,183.3
2026-08-27T19:00:00,13.974,13.521,17.21,17.66,1.177,1.126,0.5455,0.4707,7.216,5.417,27789.1,35.729,1.7228,555.8,183.4
2026-08-27T20:00:00,14.294,13.935,16.36,17.13,1.178,1.126,0.5300,0.4696,7.005,5.482,27803.1,35.750,1.7237,556.1,183.5
2026-08-27T21:00:00,13.706,13.156,16.47,17.19,1.197,1.142,0.5640,0.4425,7.551,5.435,27816.2,35.778,1.7253,556.3,183.6
2026-08-27T22:00:00,13.276,12.997,16.56,16.93,1.156,1.099,0.4747,0.4637,7.299,5.548,27829.2,35.801,1.7254,556.6,183.7
2026-08-27T23:00:00,13.612,13.136,15.85,16.62,1.144,1.084,0.5001,0.4684,7.987,5.522,27842.3,35.833,1.7258,556.8,183.8
2026-08-28T00:00:00,12.978,12.675,15.21,15.83,1.142,1.085,0.5393,0.4499,7.263,5.454,27855.0,35.856,1.7270,557.1,183.8
2026-08-28T01:00:00,11.952,11.748,14.81,15.35,1.135,1.073,0.5264,0.4460,6.649,5.565,27866.8,35.869,1.7279,557.3,183.9
2026-08-28T02:00:00,13.119,12.773,14.69,15.35,1.130,1.078,0.5487,0.4518,8.213,5.627,27879.5,35.902,1.7291,557.6,184.0
2026-08-28T03:00:00,13.007,12.611,14.91,15.46,1.170,1.117,0.5445,0.4509,7.674,5.108,27892.2,35.934,1.7303,557.8,184.1
2026-08-28T04:00:00,11.872,11.562,14.29,14.46,1.169,1.118,0.5629,0.4569,6.948,5.569,27903.7,35.950,1.7315,558.1,184.2
2026-08-28T05:00:00,13.244,12.806,14.13,15.22,1.138,1.088,0.5617,0.4725,7.079,5.442,27916.5,35.971,1.7327,558.3,184.2
2026-08-28T06:00:00,11.811,11.418,14.79,15.66,1.152,1.100,0.5768,0.4562,7.103,5.484,27927.9,35.989,1.7341,558.6,184.3
2026-08-28T07:00:00,13.230,12.962,15.42,16.57,1.143,1.090,0.5265,0.4530,7.859,5.232,27940.9,36.023,1.7350,558.8,184.4
2026-08-28T08:00:00,13.215,12.975,15.86,16.72,1.160,1.109,0.5213,0.4556,7.000,5.089,27953.9,36.048,1.7359,559.1,184.5
2026-08-28T09:00:00,13.050,12.682,16.49,17.12,1.206,1.139,0.5651,0.4615,7.680,5.307,27966.6,36.078,1.7372,559.3,184.6
2026-08-28T10:00:00,13.966,13.787,16.83,17.87,1.189,1.131,0.5492,0.4609,7.013,5.633,27980.3,36.097,1.7384,559.6,184.7
2026-08-28T11:00:00,13.935,13.595,17.15,17.67,1.182,1.129,0.5943,0.4583,7.256,5.385,27993.9,36.123,1.7403,559.9,184.8
2026-08-28T12:00:00,14.471,13.860,17.42,18.42,1.216,1.158,0.5865,0.4495,7.394,5.474,28007.8,36.149,1.7422,560.2,184.9
2026-08-28T13:00:00,13.829,13.410,17.63,18.72,1.231,1.178,0.5353,0.4631,7.457,5.482,28021.2,36.176,1.7431,560.4,184.9
2026-08-28T14:00:00,14.808,14.284,17.54,18.55,1.179,1.117,0.5214,0.4424,7.232,5.573,28035.5,36.200,1.7442,560.7,185.0
2026-08-28T15:00:00,14.802,14.371,17.57,18.63,1.213,1.159,0.5439,0.4535,7.762,5.760,28049.9,36.228,1.7455,561.0,185.1
2026-08-28T16:00:00,14.196,13.964,18.51,19.22,1.192,1.129,0.6077,0.4581,7.232,5.575,28063.8,36.252,1.7476,561.3,185.2
2026-08-28T17:00:00,14.914,14.611,17.78,18.49,1.198,1.144,0.5338,0.4545,7.458,5.884,28078.4,36.275,1.7488,561.6,185.3
2026-08-28T18:00:00,14.617,14.257,18.15,18.93,1.225,1.174,0.5147,0.4568,7.470,5.608,28092.7,36.301,1.7496,561.9,185.4
2026-08-28T19:00:00,14.347,13.971,17.00,17.73,1.200,1.140,0.5735,0.4695,7.269,5.377,28106.7,36.327,1.7511,562.1,185.5
2026-08-28T20:00:00,14.049,13.791,16.96,17.61,1.209,1.157,0.5894,0.4445,7.034,5.447,28120.5,36.349,1.7531,562.4,185.6
2026-08-28T21:00:00,12.632,12.387,16.38,17.09,1.188,1.137,0.5011,0.4374,6.979,5.541,28132.8,36.367,1.7539,562.7,185.7
2026-08-28T22:00:00,13.241,13.036,16.65,17.35,1.199,1.147,0.5313,0.4517,6.844,5.521,28145.9,36.384,1.7549,562.9,185.8
2026-08-28T23:00:00,13.410,12.943,14.47,15.08,1.113,1.061,0.5801,0.4657,8.066,5.339,28158.8,36.420,1.7564,563.2,185.8
2026-08-29T00:00:00,11.938,11.718,14.40,15.20,1.141,1.087,0.5329,0.4717,7.873,5.569,28170.5,36.447,1.7571,563.4,185.9
2026-08-29T01:00:00,13.548,13.127,15.16,15.73,1.146,1.089,0.5349,0.4553,7.869,5.615,28183.7,36.476,1.7581,563.7,186.0
2026-08-29T02:00:00,12.847,12.762,14.28,14.82,1.161,1.100,0.5622,0.4736,7.900,5.506,28196.4,36.507,1.7593,563.9,186.1
2026-08-29T03:00:00,12.571,12.318,14.57,15.15,1.161,1.103,0.5603,0.4655,7.137,5.351,28208.8,36.529,1.7604,564.2,186.2
2026-08-29T04:00:00,13.142,12.880,14.58,15.59,1.120,1.059,0.4860,0.4396,7.432,5.365,28221.6,36.556,1.7610,564.4,186.3
2026-08-29T05:00:00,11.249,10.814,14.30,15.48,1.163,1.099,0.5380,0.4507,7.282,5.424,28232.4,36.576,1.7620,564.6,186.3
2026-08-29T06:00:00,12.739,12.445,14.77,15.53,1.142,1.090,0.5106,0.4511,7.204,5.570,28244.9,36.596,1.7627,564.9,186.4
2026-08-29T07:00:00,13.086,12.805,15.01,16.45,1.167,1.115,0.5005,0.4487,6.658,5.449,28257.7,36.611,1.7634,565.2,186.5
2026-08-29T08:00:00,12.971,12.596,15.97,16.99,1.164,1.108,0.5920,0.4665,6.511,5.516,28270.3,36.624,1.7650,565.4,186.6
2026-08-29T09:00:00,13.697,13.536,16.22,17.29,1.196,1.137,0.5329,0.4449,6.469,5.360,28283.8,36.639,1.7662,565.7,186.7
2026-08-29T10:00:00,13.023,12.839,17.15,18.11,1.203,1.147,0.5358,0.4529,6.958,5.529,28296.7,36.657,1.7672,565.9,186.8
2026-08-29T11:00:00,13.848,13.621,17.32,17.93,1.218,1.165,0.5292,0.4322,7.557,5.472,28310.3,36.686,1.7685,566.2,186.8
2026-08-29T12:00:00,14.442,14.111,17.41,18.25,1.200,1.145,0.5246,0.4587,7.645,5.661,28324.4,36.714,1.7695,566.5,186.9
2026-08-29T13:00:00,14.448,14.424,18.08,19.20,1.206,1.155,0.5439,0.4472,7.456,5.416,28338.8,36.743,1.7709,566.8,187.0
2026-08-29T14:00:00,14.323,14.017,18.53,19.27,1.211,1.159,0.5326,0.4603,6.948,5.159,28352.8,36.768,1.7719,567.1,187.1
2026-08-29T15:00:00,14.859,14.448,18.17,18.54,1.239,1.183,0.5441,0.4553,7.271,5.360,28367.3,36.796,1.7732,567.3,187.2
2026-08-29T16:00:00,14.262,13.997,17.95,18.92,1.198,1.147,0.5474,0.4597,7.587,5.356,28381.3,36.827,1.7744,567.6,187.3
2026-08-29T17:00:00,14.795,14.360,18.38,18.83,1.235,1.177,0.6205,0.4770,7.267,5.598,28395.6,36.851,1.7765,567.9,187.4
2026-08-29T18:00:00,14.109,13.983,17.57,18.63,1.231,1.168,0.5286,0.4712,7.446,5.457,28409.6,36.879,1.7773,568.2,187.5
2026-08-29T19:00:00,13.703,13.412,17.17,18.24,1.201,1.147,0.5702,0.4651,6.512,5.354,28423.0,36.894,1.7787,568.5,187.6
2026-08-29T20:00:00,14.098,13.800,17.12,17.69,1.207,1.155,0.4856,0.4543,7.728,5.481,28436.8,36.925,1.7791,568.7,187.7
2026-08-29T21:00:00,13.873,13.582,16.18,16.81,1.185,1.132,0.5165,0.4530,6.200,5.548,28450.4,36.934,1.7800,569.0,187.8
2026-08-29T22:00:00,11.946,11.670,15.70,16.50,1.174,1.114,0.5358,0.4520,6.639,5.276,28462.1,36.950,1.7809,569.2,187.8
2026-08-29T23:00:00,13.258,12.699,15.63,16.38,1.160,1.108,0.5565,0.4623,7.492,5.621,28474.8,36.974,1.7821,569.5,187.9
2026-08-30T00:00:00,13.257,13.036,14.87,15.72,1.151,1.085,0.4879,0.4581,6.931,5.417,28487.8,36.994,1.7825,569.8,188.0
2026-08-30T01:00:00,11.970,11.647,15.27,16.23,1.136,1.072,0.5659,0.4535,6.824,5.310,28499.5,37.011,1.7838,570.0,188.1
2026-08-30T02:00:00,12.150,11.846,14.37,15.78,1.136,1.074,0.5646,0.4582,6.937,5.630,28511.3,37.027,1.7851,570.2,188.2
2026-08-30T03:00:00,12.712,12.205,14.38,15.27,1.140,1.089,0.5147,0.4546,7.581,5.439,28523.5,37.053,1.7858,570.5,188.3
2026-08-30T04:00:00,13.099,12.730,14.11,14.98,1.130,1.068,0.5433,0.4577,7.318,5.196,28536.3,37.080,1.7869,570.7,188.3
2026-08-30T05:00:00,12.618,12.276,14.81,15.65,1.146,1.089,0.5400,0.4673,7.240,5.445,28548.5,37.102,1.7878,571.0,188.4
2026-08-30T06:00:00,13.120,12.849,15.24,15.88,1.175,1.115,0.5859,0.4378,7.022,5.635,28561.4,37.120,1.7897,571.2,188.5
2026-08-30T07:00:00,13.082,12.667,15.41,16.14,1.158,1.100,0.5282,0.4332,6.999,5.749,28574.0,37.136,1.7909,571.5,188.6
2026-08-30T08:00:00,12.778,12.322,15.74,16.24,1.184,1.130,0.5620,0.4481,7.051,5.412,28586.4,37.156,1.7923,571.7,188.7
2026-08-30T09:00:00,13.855,13.388,15.84,16.82,1.178,1.126,0.5443,0.4682,7.218,5.531,28599.8,37.178,1.7933,572.0,188.8
2026-08-30T10:00:00,13.823,13.447,16.22,16.99,1.204,1.144,0.5237,0.4546,7.069,5.620,28613.2,37.198,1.7943,572.3,188.8
2026-08-30T11:00:00,12.682,12.342,17.07,18.05,1.173,1.123,0.6051,0.4594,7.575,5.388,28625.5,37.225,1.7961,572.5,188.9
2026-08-30T12:00:00,14.113,13.722,18.52,19.33,1.204,1.154,0.5605,0.4585,7.829,5.368,28639.3,37.259,1.7975,572.8,189.0
2026-08-30T13:00:00,13.890,13.538,18.08,18.70,1.206,1.148,0.5192,0.4654,7.405,5.303,28652.8,37.287,1.7982,573.1,189.1
2026-08-30T14:00:00,13.871,13.737,17.80,18.96,1.239,1.178,0.5113,0.4555,7.145,5.291,28666.5,37.313,1.7990,573.3,189.2
2026-08-30T15:00:00,14.653,14.435,17.79,18.90,1.220,1.167,0.5284,0.4557,7.172,5.287,28681.0,37.340,1.8000,573.6,189.3
2026-08-30T16:00:00,14.423,14.069,18.07,18.61,1.217,1.161,0.5908,0.4584,7.254,5.561,28695.0,37.364,1.8019,573.9,189.4
2026-08-30T17:00:00,14.457,14.114,18.46,19.11,1.226,1.172,0.5647,0.4370,7.285,5.412,28709.2,37.390,1.8037,574.2,189.5
2026-08-30T18:00:00,14.021,13.563,17.37,17.87,1.209,1.156,0.5456,0.4556,6.996,5.529,28722.7,37.410,1.8049,574.5,189.6
2026-08-30T19:00:00,14.665,14.396,17.14,17.90,1.188,1.134,0.5040,0.4431,7.098,5.537,28737.1,37.432,1.8058,574.7,189.7
2026-08-30T20:00:00,14.425,13.947,17.76,18.37,1.194,1.139,0.5498,0.4519,6.935,5.397,28751.1,37.454,1.8071,575.0,189.8
2026-08-30T21:00:00,13.616,13.231,16.16,16.69,1.176,1.123,0.5044,0.4517,6.509,5.520,28764.3,37.467,1.8078,575.3,189.8
2026-08-30T22:00:00,13.832,13.467,15.00,15.69,1.171,1.118,0.5435,0.4686,6.572,5.341,28777.8,37.484,1.8088,575.6,189.9
2026-08-30T23:00:00,12.992,12.660,15.11,15.83,1.163,1.112,0.5499,0.4395,7.076,5.234,28790.4,37.507,1.8102,575.8,190.0
2026-08-31T00:00:00,13.527,13.328,14.44,15.48,1.136,1.080,0.5890,0.4419,7.562,5.337,28803.8,37.536,1.8122,576.1,190.1
2026-08-31T01:00:00,13.040,12.709,13.81,14.87,1.131,1.080,0.5450,0.4400,7.468,5.580,28816.5,37.560,1.8135,576.3,190.2
2026-08-31T02:00:00,13.046,12.436,13.94,14.60,1.135,1.077,0.5918,0.4174,6.844,5.611,28828.9,37.576,1.8157,576.6,190.3
2026-08-31T03:00:00,13.678,13.172,13.23,13.96,1.126,1.074,0.5573,0.4668,7.153,5.600,28842.1,37.596,1.8169,576.8,190.4
2026-08-31T04:00:00,12.684,12.406,14.22,14.88,1.152,1.093,0.4982,0.4472,7.729,5.650,28854.5,37.622,1.8175,577.1,190.4
2026-08-31T05:00:00,12.302,11.938,15.02,14.92,1.149,1.094,0.5376,0.4543,6.665,5.464,28866.4,37.636,1.8185,577.3,190.5
2026-08-31T06:00:00,12.861,12.615,15.56,16.71,1.162,1.106,0.4784,0.4476,8.204,5.496,28879.0,37.671,1.8189,577.6,190.6
2026-08-31T07:00:00,13.302,12.816,14.42,15.03,1.149,1.091,0.5371,0.4602,6.879,5.513,28891.8,37.688,1.8199,577.8,190.7
2026-08-31T08:00:00,13.506,13.154,15.85,16.21,1.172,1.119,0.5609,0.4359,7.708,5.237,28905.0,37.721,1.8215,578.1,190.8
2026-08-31T09:00:00,13.105,12.730,16.65,17.41,1.171,1.104,0.5199,0.4622,7.971,5.569,28917.7,37.751,1.8223,578.4,190.9
2026-08-31T10:00:00,13.931,13.564,16.88,17.50,1.184,1.116,0.5457,0.4560,7.341,5.293,28931.3,37.779,1.8235,578.6,190.9
2026-08-31T11:00:00,13.693,13.556,17.21,18.02,1.212,1.147,0.5758,0.4447,7.693,5.286,28944.8,37.812,1.8253,578.9,191.0
2026-08-31T12:00:00,13.928,13.724,17.26,18.37,1.207,1.155,0.5308,0.4520,7.416,5.614,28958.6,37.836,1.8263,579.2,191.1
2026-08-31T13:00:00,14.220,13.854,17.44,18.24,1.229,1.174,0.5372,0.4592,6.962,5.420,28972.4,37.858,1.8274,579.4,191.2
2026-08-31T14:00:00,13.751,13.529,18.72,19.41,1.214,1.163,0.5678,0.4404,7.038,5.321,28986.0,37.881,1.8291,579.7,191.3
2026-08-31T15:00:00,14.921,14.479,17.29,17.83,1.221,1.170,0.5919,0.4343,7.527,5.385,29000.4,37.912,1.8314,580.0,191.4
2026-08-31T16:00:00,14.535,14.155,18.36,19.17,1.242,1.178,0.5772,0.4608,7.495,5.534,29014.6,37.940,1.8331,580.3,191.5
2026-08-31T17:00:00,14.713,14.231,17.79,18.61,1.202,1.150,0.6108,0.4506,6.664,5.310,29028.8,37.959,1.8354,580.6,191.6
2026-08-31T18:00:00,14.044,13.866,17.73,18.58,1.223,1.167,0.5947,0.4654,6.614,5.430,29042.7,37.975,1.8371,580.9,191.7
2026-08-31T19:00:00,13.794,13.479,17.30,18.09,1.211,1.150,0.5358,0.4690,6.508,5.516,29056.2,37.989,1.8381,581.1,191.8
2026-08-31T20:00:00,13.825,13.495,15.39,16.04,1.206,1.147,0.5468,0.4555,6.950,5.423,29069.7,38.009,1.8393,581.4,191.9
2026-08-31T21:00:00,13.161,12.948,16.52,17.50,1.198,1.147,0.5507,0.4662,7.839,5.612,29082.6,38.038,1.8404,581.7,191.9
2026-08-31T22:00:00,13.581,13.299,14.88,15.85,1.176,1.116,0.5024,0.4526,7.128,5.583,29095.9,38.059,1.8410,581.9,192.0
2026-08-31T23:00:00,13.440,13.085,14.84,15.42,1.162,1.100,0.4964,0.4463,7.684,5.713,29109.0,38.084,1.8417,582.2,192.1
2026-09-01T00:00:00,12.488,12.116,15.43,16.07,1.180,1.120,0.6402,0.4602,6.968,5.307,29121.1,38.105,1.8439,582.4,192.2
2026-09-01T01:00:00,12.075,11.800,14.41,14.92,1.148,1.084,0.5102,0.4486,7.039,5.065,29132.9,38.128,1.8446,582.7,192.3
2026-09-01T02:00:00,12.000,11.655,14.35,14.94,1.126,1.068,0.5912,0.4575,7.347,5.369,29144.6,38.151,1.8462,582.9,192.4
2026-09-01T03:00:00,12.449,11.993,13.40,14.42,1.154,1.102,0.5332,0.4519,7.859,5.602,29156.6,38.178,1.8471,583.1,192.4
2026-09-01T04:00:00,12.147,11.918,14.81,15.91,1.122,1.069,0.5548,0.4677,7.391,5.143,29168.5,38.205,1.8482,583.4,192.5
2026-09-01T05:00:00,13.066,12.768,13.86,15.03,1.171,1.116,0.6052,0.4500,7.227,5.511,29181.2,38.227,1.8502,583.6,192.6
2026-09-01T06:00:00,13.693,13.320,15.03,15.60,1.153,1.096,0.5786,0.4619,7.034,5.359,29194.6,38.249,1.8517,583.9,192.7
2026-09-01T07:00:00,12.921,12.615,14.53,15.14,1.182,1.119,0.5533,0.4463,7.136,5.409,29207.2,38.271,1.8531,584.1,192.8
2026-09-01T08:00:00,12.556,12.219,15.99,16.87,1.175,1.113,0.5233,0.4724,6.561,5.404,29219.4,38.285,1.8537,584.4,192.8
2026-09-01T09:00:00,12.022,11.553,16.03,17.06,1.188,1.124,0.5466,0.4637,7.411,5.411,29230.9,38.308,1.8546,584.6,192.9
2026-09-01T10:00:00,13.444,13.364,16.60,17.56,1.217,1.166,0.5658,0.4583,7.246,5.391,29244.3,38.333,1.8561,584.9,193.0
2026-09-01T11:00:00,14.025,13.672,16.97,17.69,1.181,1.130,0.5335,0.4443,6.832,5.424,29258.0,38.352,1.8573,585.2,193.1
2026-09-01T12:00:00,14.855,14.594,17.89,18.62,1.190,1.139,0.5457,0.4367,7.106,5.410,29272.6,38.377,1.8589,585.5,193.2
2026-09-01T13:00:00,14.823,14.373,18.21,18.99,1.237,1.184,0.5458,0.4457,7.053,5.287,29287.0,38.402,1.8603,585.7,193.3
2026-09-01T14:00:00,14.821,14.309,17.86,18.71,1.215,1.157,0.5541,0.4458,7.729,5.381,29301.3,38.436,1.8619,586.0,193.4
2026-09-01T15:00:00,14.001,13.582,18.67,19.55,1.256,1.197,0.5586,0.4624,7.263,5.360,29314.8,38.462,1.8632,586.3,193.5
2026-09-01T16:00:00,14.425,14.132,18.44,19.49,1.229,1.175,0.5576,0.4390,6.601,5.690,29329.0,38.475,1.8649,586.6,193.6
2026-09-01T17:00:00,14.242,13.960,17.21,17.90,1.184,1.133,0.5440,0.4488,7.782,5.273,29342.9,38.510,1.8662,586.9,193.7
2026-09-01T18:00:00,14.659,14.374,17.20,18.05,1.211,1.153,0.5339,0.4355,6.722,5.370,29357.3,38.529,1.8676,587.1,193.8
2026-09-01T19:00:00,13.824,13.659,16.83,17.55,1.224,1.173,0.4585,0.4503,7.216,5.248,29371.0,38.556,1.8677,587.4,193.8
2026-09-01T20:00:00,13.909,13.411,17.06,18.02,1.190,1.130,0.6050,0.4582,7.282,5.295,29384.4,38.583,1.8697,587.7,193.9
2026-09-01T21:00:00,13.449,13.158,17.00,17.69,1.155,1.092,0.5624,0.4696,6.790,5.811,29397.5,38.595,1.8709,588.0,194.0
2026-09-01T22:00:00,13.583,13.379,16.00,16.69,1.169,1.116,0.5900,0.4563,7.193,5.463,29410.9,38.619,1.8727,588.2,194.1
2026-09-01T23:00:00,13.272,12.882,14.53,15.79,1.169,1.116,0.5232,0.4461,7.229,5.333,29423.8,38.643,1.8737,588.5,194.2
2026-09-02T00:00:00,13.080,12.719,14.59,15.18,1.136,1.081,0.5319,0.4388,7.157,5.371,29436.5,38.666,1.8749,588.7,194.3
2026-09-02T01:00:00,12.456,12.067,15.03,15.83,1.155,1.104,0.5226,0.4533,6.481,5.235,29448.6,38.681,1.8757,589.0,194.4
2026-09-02T02:00:00,12.491,12.128,14.40,15.23,1.156,1.094,0.5707,0.4549,7.085,5.519,29460.7,38.700,1.8771,589.2,194.4
2026-09-02T03:00:00,12.518,12.232,13.76,14.60,1.141,1.088,0.5861,0.4436,6.876,5.403,29472.9,38.718,1.8789,589.5,194.5
2026-09-02T04:00:00,12.787,12.451,14.16,14.89,1.149,1.099,0.5323,0.4523,7.001,5.419,29485.4,38.737,1.8799,589.7,194.6
2026-09-02T05:00:00,12.826,12.493,13.89,14.81,1.145,1.083,0.5881,0.4624,7.265,5.381,29497.9,38.761,1.8814,590.0,194.7
2026-09-02T06:00:00,12.775,12.435,14.43,15.42,1.128,1.077,0.5312,0.4494,6.830,5.394,29510.3,38.779,1.8824,590.2,194.8
2026-09-02T07:00:00,13.583,13.397,14.78,15.92,1.129,1.077,0.5514,0.4581,6.772,5.443,29523.7,38.797,1.8837,590.5,194.9
2026-09-02T08:00:00,13.436,13.100,14.60,14.98,1.164,1.109,0.5295,0.4492,7.275,5.405,29536.8,38.821,1.8847,590.7,194.9
2026-09-02T09:00:00,13.487,13.151,15.90,16.96,1.177,1.115,0.5365,0.4567,7.346,5.334,29550.0,38.848,1.8858,591.0,195.0
2026-09-02T10:00:00,14.859,14.497,16.87,17.32,1.205,1.153,0.5849,0.4377,7.674,5.279,29564.5,38.882,1.8879,591.3,195.1
2026-09-02T11:00:00,13.904,13.559,17.12,17.28,1.227,1.173,0.5211,0.4561,7.273,5.444,29578.0,38.907,1.8888,591.6,195.2
2026-09-02T12:00:00,13.593,13.064,17.06,17.97,1.217,1.166,0.5698,0.4515,6.946,5.397,29591.1,38.927,1.8904,591.8,195.3
2026-09-02T13:00:00,14.572,13.930,17.56,18.19,1.204,1.152,0.5779,0.4588,7.327,5.376,29605.0,38.955,1.8920,592.1,195.4
2026-09-02T14:00:00,14.221,13.867,16.98,17.75,1.208,1.152,0.5531,0.4550,7.133,5.517,29618.9,38.977,1.8934,592.4,195.5
2026-09-02T15:00:00,14.092,13.743,18.38,19.15,1.200,1.147,0.5318,0.4302,6.999,5.288,29632.6,39.000,1.8948,592.7,195.6
2026-09-02T16:00:00,14.586,14.121,17.74,18.94,1.207,1.156,0.5118,0.4456,6.472,5.350,29646.7,39.016,1.8957,592.9,195.7
2026-09-02T17:00:00,14.563,14.178,17.78,18.98,1.202,1.149,0.5197,0.4557,7.048,5.276,29660.9,39.041,1.8966,593.2,195.8
2026-09-02T18:00:00,13.555,13.073,17.50,18.28,1.224,1.167,0.4843,0.4297,6.819,5.465,29674.0,39.059,1.8973,593.5,195.8
2026-09-02T19:00:00,14.450,14.118,16.79,17.67,1.198,1.147,0.5840,0.4562,7.655,5.390,29688.1,39.091,1.8991,593.8,195.9
2026-09-02T20:00:00,13.732,13.537,16.30,16.92,1.170,1.118,0.5801,0.4522,7.161,5.291,29701.7,39.116,1.9009,594.0,196.0
2026-09-02T21:00:00,12.733,12.393,16.62,17.63,1.185,1.132,0.5353,0.4369,6.924,5.369,29714.0,39.136,1.9021,594.3,196.1
2026-09-02T22:00:00,13.322,13.081,15.56,16.67,1.173,1.116,0.5898,0.4474,7.066,5.528,29727.1,39.156,1.9039,594.5,196.2
2026-09-02T23:00:00,12.257,12.051,14.73,15.43,1.142,1.085,0.5059,0.4616,6.381,5.377,29739.2,39.168,1.9045,594.8,196.3
2026-09-03T00:00:00,13.078,12.941,14.75,15.70,1.126,1.072,0.5809,0.4579,7.186,5.389,29752.1,39.191,1.9061,595.0,196.4
2026-09-03T01:00:00,12.676,12.227,13.74,14.10,1.136,1.078,0.5957,0.4593,6.966,5.015,29764.3,39.215,1.9077,595.3,196.4
2026-09-03T02:00:00,12.106,11.770,13.75,14.79,1.156,1.103,0.5774,0.4563,6.884,5.400,29776.1,39.232,1.9092,595.5,196.5
2026-09-03T03:00:00,13.191,12.769,13.83,14.57,1.110,1.056,0.5705,0.4589,7.476,5.380,29788.9,39.259,1.9106,595.8,196.6
2026-09-03T04:00:00,11.860,11.534,13.87,14.59,1.135,1.084,0.5967,0.4561,6.817,5.450,29800.4,39.275,1.9122,596.0,196.7
2026-09-03T05:00:00,12.696,12.228,14.43,15.64,1.147,1.093,0.5489,0.4609,8.095,5.398,29812.6,39.308,1.9133,596.3,196.8
2026-09-03T06:00:00,12.561,12.153,14.62,15.19,1.157,1.102,0.5557,0.4531,6.805,5.450,29824.8,39.324,1.9145,596.5,196.8
2026-09-03T07:00:00,12.388,12.042,15.24,15.99,1.152,1.092,0.5675,0.4652,7.479,5.560,29836.8,39.348,1.9158,596.7,196.9
2026-09-03T08:00:00,13.941,13.540,15.43,16.18,1.153,1.099,0.5346,0.4572,6.913,5.447,29850.4,39.367,1.9168,597.0,197.0
2026-09-03T09:00:00,13.714,13.498,16.18,17.41,1.167,1.108,0.5912,0.4448,7.766,5.693,29863.9,39.395,1.9188,597.3,197.1
2026-09-03T10:00:00,13.822,13.537,16.30,16.98,1.173,1.121,0.5579,0.4617,7.551,5.434,29877.4,39.424,1.9201,597.5,197.2
2026-09-03T11:00:00,14.059,13.671,17.21,18.18,1.205,1.150,0.5884,0.4737,7.841,5.409,29891.1,39.457,1.9217,597.8,197.3
2026-09-03T12:00:00,13.870,13.608,17.11,18.03,1.214,1.161,0.6226,0.4366,7.413,5.188,29904.7,39.488,1.9242,598.1,197.4
2026-09-03T13:00:00,15.114,14.763,17.99,19.00,1.238,1.182,0.5141,0.4348,7.144,5.175,29919.5,39.517,1.9254,598.4,197.5
2026-09-03T14:00:00,14.479,14.144,16.81,17.48,1.228,1.170,0.5519,0.4815,7.498,5.605,29933.6,39.543,1.9264,598.7,197.6
2026-09-03T15:00:00,14.884,14.416,18.19,19.31,1.247,1.192,0.5545,0.4496,6.921,5.195,29948.0,39.568,1.9279,599.0,197.7
2026-09-03T16:00:00,15.357,15.165,18.40,19.17,1.227,1.168,0.5297,0.4665,7.824,5.346,29963.2,39.606,1.9288,599.3,197.8
2026-09-03T17:00:00,14.194,13.760,18.44,19.48,1.218,1.163,0.4836,0.4677,7.038,5.367,29976.9,39.629,1.9290,599.5,197.8
2026-09-03T18:00:00,13.951,13.342,16.87,17.65,1.212,1.151,0.6011,0.4442,7.101,5.604,29990.3,39.649,1.9311,599.8,197.9
2026-09-03T19:00:00,13.868,13.519,16.98,18.09,1.230,1.167,0.5281,0.4567,8.035,5.229,30003.8,39.687,1.9321,600.1,198.0
2026-09-03T20:00:00,13.167,13.014,17.19,17.76,1.179,1.115,0.5339,0.4589,7.600,5.173,30016.8,39.718,1.9331,600.3,198.1
2026-09-03T21:00:00,13.747,13.338,15.89,16.87,1.188,1.138,0.5410,0.4493,7.004,5.271,30030.2,39.741,1.9343,600.6,198.2
2026-09-03T22:00:00,13.300,12.814,15.86,17.09,1.180,1.128,0.5285,0.4544,7.322,5.610,30043.0,39.763,1.9352,600.9,198.3
2026-09-03T23:00:00,12.689,12.270,15.13,15.53,1.170,1.109,0.5239,0.4653,7.147,5.497,30055.2,39.784,1.9360,601.1,198.4
2026-09-04T00:00:00,13.552,13.114,14.42,14.82,1.151,1.101,0.4764,0.4434,6.321,5.144,30068.4,39.799,1.9364,601.4,198.5
2026-09-04T01:00:00,13.239,12.685,14.35,15.34,1.143,1.091,0.5994,0.4626,6.657,5.480,30081.0,39.814,1.9381,601.6,198.5
2026-09-04T02:00:00,12.407,12.082,14.29,15.25,1.134,1.072,0.6097,0.4526,7.529,5.348,30093.1,39.840,1.9400,601.9,198.6
2026-09-04T03:00:00,12.616,12.188,13.66,14.52,1.149,1.098,0.4985,0.4483,7.168,5.493,30105.3,39.861,1.9406,602.1,198.7
2026-09-04T04:00:00,12.865,12.484,14.70,15.67,1.132,1.076,0.5282,0.4579,6.956,5.422,30117.8,39.880,1.9415,602.4,198.8
2026-09-04T05:00:00,13.048,12.693,14.34,15.20,1.146,1.092,0.5164,0.4478,7.029,5.280,30130.5,39.902,1.9424,602.6,198.9
2026-09-04T06:00:00,13.154,12.745,14.38,15.49,1.147,1.097,0.5767,0.4682,6.837,5.554,30143.2,39.919,1.9438,602.9,198.9
2026-09-04T07:00:00,13.221,12.830,15.35,16.11,1.150,1.097,0.5059,0.4706,7.576,5.353,30156.1,39.947,1.9442,603.1,199.0
2026-09-04T08:00:00,13.578,13.368,15.19,15.62,1.155,1.104,0.5242,0.4507,6.896,5.464,30169.4,39.966,1.9452,603.4,199.1
2026-09-04T09:00:00,13.061,12.813,16.28,17.10,1.157,1.105,0.5310,0.4547,6.844,5.453,30182.2,39.984,1.9462,603.6,199.2
2026-09-04T10:00:00,13.778,13.344,16.56,17.64,1.209,1.152,0.5406,0.4645,7.847,5.280,30195.6,40.018,1.9472,603.9,199.3
2026-09-04T11:00:00,14.325,14.005,16.87,17.71,1.190,1.136,0.5378,0.4209,7.843,5.146,30209.6,40.056,1.9488,604.2,199.4
2026-09-04T12:00:00,13.794,13.483,16.92,17.44,1.213,1.156,0.5435,0.4646,6.969,5.420,30223.1,40.077,1.9499,604.5,199.5
2026-09-04T13:00:00,14.566,14.174,18.03,19.07,1.196,1.144,0.5485,0.4371,6.961,5.377,30237.2,40.099,1.9515,604.7,199.6
2026-09-04T14:00:00,14.667,14.322,18.75,19.29,1.237,1.182,0.5368,0.4357,7.447,5.616,30251.6,40.126,1.9529,605.0,199.7
2026-09-04T15:00:00,14.881,14.349,18.23,18.94,1.211,1.154,0.5391,0.4515,7.417,5.374,30265.9,40.155,1.9542,605.3,199.8
2026-09-04T16:00:00,14.509,14.074,18.11,18.71,1.191,1.136,0.5532,0.4443,6.532,5.305,30280.0,40.172,1.9557,605.6,199.8
2026-09-04T17:00:00,13.617,13.269,17.32,18.06,1.205,1.146,0.5601,0.4402,7.136,5.199,30293.3,40.198,1.9573,605.9,199.9
2026-09-04T18:00:00,14.201,13.974,17.92,18.57,1.196,1.131,0.5547,0.4619,6.932,5.333,30307.2,40.220,1.9586,606.1,200.0
2026-09-04T19:00:00,14.330,13.888,16.65,17.78,1.222,1.157,0.5249,0.4675,7.183,5.209,30321.1,40.248,1.9594,606.4,200.1
2026-09-04T20:00:00,14.189,13.825,16.50,17.18,1.206,1.155,0.5621,0.4470,7.532,5.557,30335.0,40.275,1.9610,606.7,200.2
2026-09-04T21:00:00,13.881,13.366,15.66,16.20,1.170,1.118,0.5157,0.4380,7.325,5.480,30348.3,40.300,1.9620,607.0,200.3
2026-09-04T22:00:00,13.356,12.839,15.40,16.21,1.166,1.105,0.4968,0.4570,8.391,5.308,30361.2,40.339,1.9625,607.2,200.4
2026-09-04T23:00:00,13.165,12.594,14.70,15.49,1.176,1.121,0.5739,0.4627,7.278,5.420,30373.8,40.363,1.9639,607.5,200.5
2026-09-05T00:00:00,13.342,13.061,14.56,14.99,1.163,1.107,0.5587,0.4413,7.633,5.524,30386.8,40.390,1.9655,607.7,200.6
