timestamp,flow_in_m3h,flow_out_m3h,temp_in_c,temp_out_c,pressure_in_bar,pressure_out_bar,p_in_mgL,p_out_mgL,n_in_mgL,n_out_mgL,water_treated_m3_cum,n_removed_kg_cum,p_removed_kg_cum,electricity_kwh_cum,co2_kg_cum
2026-06-01T00:00:00,11.001,10.756,20.68,21.81,1.168,1.116,0.4334,0.4379,7.198,6.751,10.8,0.005,0.0000,0.2,0.1
2026-06-01T01:00:00,9.737,9.581,20.70,21.63,1.128,1.077,0.5004,0.4437,7.209,6.683,20.3,0.010,0.0005,0.4,0.1
2026-06-01T02:00:00,10.582,10.204,19.56,20.78,1.127,1.073,0.4878,0.4505,6.849,6.516,30.5,0.013,0.0009,0.6,0.2
2026-06-01T03:00:00,10.054,9.891,19.59,20.34,1.134,1.076,0.4895,0.4591,7.550,6.877,40.4,0.020,0.0012,0.8,0.3
2026-06-01T04:00:00,10.078,9.982,19.92,20.24,1.148,1.098,0.4804,0.4404,7.223,6.790,50.4,0.024,0.0016,1.0,0.3
2026-06-01T05:00:00,10.871,10.560,20.04,20.59,1.146,1.095,0.5331,0.4434,7.588,6.721,61.0,0.033,0.0026,1.2,0.4
2026-06-01T06:00:00,9.792,9.463,20.18,20.45,1.126,1.074,0.4881,0.4427,7.208,6.616,70.4,0.039,0.0030,1.4,0.5
2026-06-01T07:00:00,10.098,9.964,20.88,21.54,1.169,1.104,0.4495,0.4362,7.491,6.608,80.4,0.048,0.0031,1.6,0.5
2026-06-01T08:00:00,11.293,11.028,20.66,21.50,1.181,1.129,0.4638,0.4428,7.316,6.710,91.4,0.054,0.0034,1.8,0.6
2026-06-01T09:00:00,10.495,10.188,20.98,21.63,1.173,1.117,0.3869,0.4293,7.562,6.426,101.6,0.066,0.0034,2.0,0.7
2026-06-01T10:00:00,11.217,10.970,22.66,23.46,1.200,1.142,0.4331,0.4543,6.760,6.775,112.6,0.066,0.0034,2.3,0.7
2026-06-01T11:00:00,10.611,10.288,22.91,23.95,1.197,1.137,0.4525,0.4351,7.437,6.674,122.9,0.074,0.0035,2.5,0.8
2026-06-01T12:00:00,11.625,11.371,22.80,23.72,1.202,1.151,0.4986,0.4558,7.057,6.744,134.2,0.077,0.0040,2.7,0.9
2026-06-01T13:00:00,10.864,10.656,23.93,24.65,1.224,1.174,0.4530,0.4327,7.925,6.610,144.9,0.091,0.0042,2.9,1.0
2026-06-01T14:00:00,11.033,10.709,23.91,24.90,1.202,1.148,0.4774,0.4490,7.754,6.686,155.6,0.103,0.0045,3.1,1.0
2026-06-01T15:00:00,11.778,11.495,23.41,23.68,1.212,1.155,0.4882,0.4413,7.206,6.407,167.1,0.112,0.0051,3.3,1.1
2026-06-01T16:00:00,11.570,11.248,23.65,24.62,1.235,1.184,0.4743,0.4381,8.568,6.743,178.4,0.133,0.0055,3.6,1.2
2026-06-01T17:00:00,11.466,11.255,23.17,24.13,1.210,1.139,0.4281,0.4504,6.488,6.526,189.6,0.133,0.0055,3.8,1.3
2026-06-01T18:00:00,11.585,11.482,23.19,24.23,1.172,1.118,0.5029,0.4481,7.140,6.702,201.1,0.138,0.0061,4.0,1.3
2026-06-01T19:00:00,11.500,11.173,23.48,24.68,1.181,1.124,0.4753,0.4628,7.525,6.907,212.3,0.145,0.0063,4.2,1.4
2026-06-01T20:00:00,11.126,10.736,22.19,23.11,1.189,1.137,0.4179,0.4646,7.440,6.695,223.0,0.153,0.0063,4.5,1.5
2026-06-01T21:00:00,10.969,10.692,21.38,22.35,1.203,1.152,0.4841,0.4447,7.057,6.625,233.7,0.157,0.0067,4.7,1.5
2026-06-01T22:00:00,10.461,10.325,21.15,21.39,1.184,1.130,0.4477,0.4328,7.202,6.715,244.0,0.162,0.0068,4.9,1.6
2026-06-01T23:00:00,11.259,11.124,21.37,21.93,1.165,1.108,0.4850,0.4379,7.343,6.677,255.1,0.170,0.0074,5.1,1.7
2026-06-02T00:00:00,9.925,9.613,20.92,21.51,1.157,1.100,0.4757,0.4448,7.795,6.649,264.8,0.181,0.0077,5.3,1.7
2026-06-02T01:00:00,10.444,10.171,19.73,20.56,1.165,1.114,0.4585,0.4474,7.952,6.784,274.9,0.193,0.0078,5.5,1.8
2026-06-02T02:00:00,9.609,9.312,19.04,19.79,1.145,1.085,0.4702,0.4595,7.239,6.669,284.2,0.198,0.0079,5.7,1.9
2026-06-02T03:00:00,10.643,10.392,19.48,20.35,1.146,1.085,0.4319,0.4531,7.952,6.698,294.6,0.211,0.0079,5.9,1.9
2026-06-02T04:00:00,9.884,9.586,20.60,21.04,1.123,1.066,0.4198,0.4523,7.191,6.635,304.2,0.216,0.0079,6.1,2.0
2026-06-02T05:00:00,11.016,10.701,19.79,20.22,1.138,1.081,0.4744,0.4379,7.687,6.445,314.9,0.229,0.0083,6.3,2.1
2026-06-02T06:00:00,10.402,10.206,20.36,20.46,1.101,1.051,0.5006,0.4504,7.711,6.574,325.1,0.241,0.0088,6.5,2.1
2026-06-02T07:00:00,10.187,9.895,20.40,21.06,1.163,1.102,0.4532,0.4392,7.792,6.768,335.0,0.251,0.0089,6.7,2.2
2026-06-02T08:00:00,11.050,10.794,20.83,21.79,1.179,1.125,0.4501,0.4369,7.058,6.632,345.8,0.256,0.0091,6.9,2.3
2026-06-02T09:00:00,10.497,10.303,21.58,22.60,1.188,1.132,0.4127,0.4556,7.659,6.632,356.1,0.266,0.0091,7.1,2.4
2026-06-02T10:00:00,11.177,10.843,22.02,23.22,1.183,1.132,0.4929,0.4376,7.361,6.696,367.0,0.274,0.0097,7.3,2.4
2026-06-02T11:00:00,11.145,10.816,22.43,23.32,1.216,1.154,0.4558,0.4422,7.477,6.643,377.8,0.283,0.0098,7.6,2.5
2026-06-02T12:00:00,11.644,11.292,23.65,24.12,1.210,1.157,0.4585,0.4414,8.225,6.781,389.1,0.299,0.0100,7.8,2.6
2026-06-02T13:00:00,11.979,11.777,23.58,24.22,1.223,1.163,0.4587,0.4391,7.362,6.498,400.8,0.309,0.0102,8.0,2.6
2026-06-02T14:00:00,11.319,10.996,24.01,25.36,1.243,1.187,0.4996,0.4453,7.469,6.642,411.8,0.318,0.0108,8.2,2.7
2026-06-02T15:00:00,11.706,11.397,23.72,24.52,1.235,1.175,0.4590,0.4466,7.196,6.681,423.2,0.324,0.0110,8.5,2.8
2026-06-02T16:00:00,11.659,11.268,23.88,24.38,1.228,1.168,0.4526,0.4358,7.665,6.638,434.5,0.336,0.0112,8.7,2.9
2026-06-02T17:00:00,10.957,10.614,23.22,24.40,1.227,1.175,0.4247,0.4459,6.891,6.663,445.1,0.338,0.0112,8.9,2.9
2026-06-02T18:00:00,11.444,11.145,22.69,23.32,1.210,1.151,0.4599,0.4472,8.295,6.748,456.3,0.355,0.0113,9.1,3.0
2026-06-02T19:00:00,12.119,11.708,22.50,23.23,1.169,1.117,0.4652,0.4518,6.932,6.529,468.0,0.360,0.0115,9.4,3.1
2026-06-02T20:00:00,11.063,10.886,22.12,22.92,1.183,1.132,0.4863,0.4440,7.368,6.551,478.9,0.369,0.0119,9.6,3.2
2026-06-02T21:00:00,10.921,10.635,21.38,22.28,1.163,1.112,0.4727,0.4514,7.994,6.799,489.5,0.382,0.0121,9.8,3.2
2026-06-02T22:00:00,10.353,10.109,20.73,21.55,1.179,1.127,0.4738,0.4416,7.432,6.641,499.6,0.390,0.0125,10.0,3.3
2026-06-02T23:00:00,10.198,9.925,20.64,21.61,1.158,1.102,0.4713,0.4478,7.813,6.845,509.5,0.399,0.0127,10.2,3.4
2026-06-03T00:00:00,10.485,10.233,19.92,20.79,1.148,1.078,0.5124,0.4452,7.405,6.710,519.8,0.406,0.0134,10.4,3.4
2026-06-03T01:00:00,9.799,9.618,20.33,20.84,1.116,1.053,0.4292,0.4278,7.643,6.297,529.4,0.419,0.0134,10.6,3.5
2026-06-03T02:00:00,9.643,9.339,20.19,20.81,1.135,1.071,0.4492,0.4399,7.092,6.688,538.7,0.423,0.0135,10.8,3.6
2026-06-03T03:00:00,9.717,9.512,19.32,20.37,1.169,1.103,0.5106,0.4288,6.998,6.876,548.2,0.424,0.0143,11.0,3.6
2026-06-03T04:00:00,10.210,9.946,19.11,20.27,1.150,1.091,0.4832,0.4377,7.581,6.778,558.2,0.432,0.0147,11.2,3.7
2026-06-03T05:00:00,10.088,9.989,20.19,20.95,1.155,1.104,0.5398,0.4346,6.741,6.783,568.2,0.432,0.0158,11.4,3.7
2026-06-03T06:00:00,9.695,9.523,20.70,21.07,1.152,1.099,0.5067,0.4509,7.466,6.677,577.7,0.440,0.0163,11.6,3.8
2026-06-03T07:00:00,10.462,10.223,21.12,21.87,1.176,1.117,0.4826,0.4451,6.976,6.594,587.9,0.444,0.0167,11.8,3.9
2026-06-03T08:00:00,10.504,10.321,21.92,22.70,1.168,1.099,0.4664,0.4342,7.618,6.814,598.2,0.452,0.0170,12.0,3.9
2026-06-03T09:00:00,11.041,10.815,22.51,23.09,1.195,1.132,0.4176,0.4508,7.567,6.520,609.0,0.463,0.0170,12.2,4.0
2026-06-03T10:00:00,11.156,10.813,21.76,22.94,1.211,1.146,0.5175,0.4285,7.247,6.348,619.9,0.473,0.0180,12.4,4.1
2026-06-03T11:00:00,10.999,10.765,23.25,24.23,1.206,1.140,0.4510,0.4360,7.398,6.507,630.6,0.483,0.0181,12.6,4.2
2026-06-03T12:00:00,11.090,10.901,22.47,23.36,1.237,1.181,0.4716,0.4607,7.933,6.846,641.5,0.494,0.0183,12.8,4.2
2026-06-03T13:00:00,11.106,10.816,22.94,23.73,1.207,1.154,0.4911,0.4335,7.263,6.630,652.3,0.501,0.0189,13.0,4.3
2026-06-03T14:00:00,11.476,11.369,24.18,25.42,1.210,1.152,0.4962,0.4488,7.703,6.901,663.7,0.510,0.0194,13.3,4.4
2026-06-03T15:00:00,11.760,11.349,24.38,25.34,1.226,1.165,0.4430,0.4578,7.520,6.577,675.1,0.521,0.0194,13.5,4.5
2026-06-03T16:00:00,11.428,10.958,23.47,24.38,1.224,1.170,0.4783,0.4529,7.543,6.787,686.0,0.529,0.0197,13.7,4.5
2026-06-03T17:00:00,11.219,10.993,24.07,24.65,1.209,1.156,0.4531,0.4564,7.768,6.839,697.0,0.540,0.0197,13.9,4.6
2026-06-03T18:00:00,11.284,11.062,23.27,23.86,1.214,1.161,0.4498,0.4464,7.201,6.742,708.1,0.545,0.0197,14.2,4.7
2026-06-03T19:00:00,11.697,11.581,21.86,22.89,1.184,1.124,0.4535,0.4346,7.524,6.621,719.6,0.555,0.0200,14.4,4.7
2026-06-03T20:00:00,10.884,10.625,21.84,22.25,1.180,1.125,0.4672,0.4518,7.940,6.535,730.3,0.570,0.0201,14.6,4.8
2026-06-03T21:00:00,10.637,10.316,21.33,21.98,1.184,1.121,0.5437,0.4434,7.409,6.432,740.6,0.580,0.0212,14.8,4.9
2026-06-03T22:00:00,10.402,10.188,21.37,22.47,1.173,1.118,0.4415,0.4375,8.230,6.511,750.8,0.598,0.0212,15.0,5.0
2026-06-03T23:00:00,10.196,9.927,20.98,21.85,1.171,1.120,0.4421,0.4527,7.190,6.429,760.7,0.605,0.0212,15.2,5.0
2026-06-04T00:00:00,10.108,9.783,19.96,20.63,1.165,1.115,0.4622,0.4424,7.491,6.444,770.5,0.615,0.0214,15.4,5.1
2026-06-04T01:00:00,9.892,9.662,19.54,20.72,1.151,1.096,0.4673,0.4528,7.777,6.756,780.2,0.625,0.0215,15.6,5.1
2026-06-04T02:00:00,9.633,9.451,19.68,20.61,1.158,1.104,0.4640,0.4319,7.685,6.693,789.6,0.635,0.0218,15.8,5.2
2026-06-04T03:00:00,9.576,9.421,20.14,21.02,1.123,1.067,0.5172,0.4434,7.615,6.482,799.0,0.645,0.0225,16.0,5.3
2026-06-04T04:00:00,10.808,10.538,19.74,20.39,1.117,1.057,0.4529,0.4316,7.862,6.744,809.6,0.657,0.0228,16.2,5.3
2026-06-04T05:00:00,10.285,9.878,20.02,21.00,1.155,1.104,0.5075,0.4554,7.628,6.740,819.4,0.666,0.0233,16.4,5.4
2026-06-04T06:00:00,10.112,9.854,20.20,20.98,1.146,1.087,0.4459,0.4459,8.254,6.647,829.3,0.682,0.0233,16.6,5.5
2026-06-04T07:00:00,10.911,10.825,20.51,21.37,1.143,1.089,0.4611,0.4379,7.219,6.408,840.1,0.690,0.0235,16.8,5.5
2026-06-04T08:00:00,9.877,9.767,21.68,22.64,1.192,1.132,0.4936,0.4449,7.901,6.605,849.9,0.703,0.0240,17.0,5.6
2026-06-04T09:00:00,11.559,11.226,22.11,22.85,1.190,1.133,0.4043,0.4306,7.505,6.730,861.1,0.712,0.0240,17.2,5.7
2026-06-04T10:00:00,10.356,10.121,21.94,22.76,1.173,1.113,0.4739,0.4389,6.930,6.647,871.2,0.715,0.0243,17.4,5.8
2026-06-04T11:00:00,11.346,11.163,22.69,23.34,1.181,1.118,0.4198,0.4342,7.551,6.407,882.4,0.727,0.0243,17.6,5.8
2026-06-04T12:00:00,11.333,11.055,23.16,23.68,1.220,1.161,0.4994,0.4407,7.810,6.898,893.4,0.738,0.0250,17.9,5.9
2026-06-04T13:00:00,11.465,11.065,22.53,23.44,1.208,1.150,0.4456,0.4553,7.957,6.729,904.5,0.751,0.0250,18.1,6.0
2026-06-04T14:00:00,11.196,10.917,23.75,24.53,1.211,1.149,0.4585,0.4477,7.458,6.544,915.4,0.761,0.0251,18.3,6.0
2026-06-04T15:00:00,11.665,11.303,23.55,23.93,1.239,1.182,0.4304,0.4501,7.486,6.615,926.7,0.771,0.0251,18.5,6.1
2026-06-04T16:00:00,10.964,10.714,23.34,24.39,1.222,1.171,0.4353,0.4429,7.675,6.819,937.4,0.780,0.0251,18.7,6.2
2026-06-04T17:00:00,11.637,11.396,21.88,22.60,1.232,1.173,0.4874,0.4288,7.152,6.485,948.8,0.788,0.0258,19.0,6.3
2026-06-04T18:00:00,11.064,10.838,23.46,24.07,1.207,1.156,0.4427,0.4541,7.370,6.606,959.7,0.796,0.0258,19.2,6.3
2026-06-04T19:00:00,10.799,10.544,23.52,24.23,1.208,1.149,0.4729,0.4435,7.373,6.622,970.2,0.804,0.0261,19.4,6.4
2026-06-04T20:00:00,11.084,10.884,22.12,23.07,1.185,1.118,0.5107,0.4389,7.669,6.619,981.1,0.815,0.0269,19.6,6.5
2026-06-04T21:00:00,10.467,10.216,22.35,23.13,1.171,1.112,0.4399,0.4456,7.523,6.709,991.3,0.824,0.0269,19.8,6.5
2026-06-04T22:00:00,9.985,9.741,21.33,22.26,1.176,1.109,0.4879,0.4443,7.299,6.682,1001.1,0.830,0.0273,20.0,6.6
2026-06-04T23:00:00,10.261,10.103,20.62,21.31,1.201,1.150,0.4843,0.4422,7.143,6.700,1011.2,0.834,0.0277,20.2,6.7
2026-06-05T00:00:00,10.349,9.971,20.92,22.11,1.198,1.143,0.4967,0.4501,7.408,6.607,1021.1,0.842,0.0282,20.4,6.7
2026-06-05T01:00:00,10.026,9.888,19.61,20.26,1.132,1.078,0.4333,0.4421,8.138,6.618,1031.0,0.857,0.0282,20.6,6.8
2026-06-05T02:00:00,9.925,9.578,18.89,19.56,1.133,1.081,0.4629,0.4356,7.085,6.352,1040.6,0.864,0.0284,20.8,6.9
2026-06-05T03:00:00,9.971,9.730,19.46,20.03,1.171,1.117,0.4398,0.4344,7.024,6.607,1050.3,0.868,0.0285,21.0,6.9
2026-06-05T04:00:00,10.088,9.846,19.11,20.07,1.137,1.081,0.4695,0.4434,7.394,6.494,1060.2,0.877,0.0288,21.2,7.0
2026-06-05T05:00:00,10.466,10.127,20.17,21.25,1.148,1.095,0.4589,0.4585,7.416,6.674,1070.3,0.885,0.0288,21.4,7.1
2026-06-05T06:00:00,10.385,10.052,20.63,21.20,1.143,1.086,0.4604,0.4656,7.699,6.448,1080.4,0.897,0.0288,21.6,7.1
2026-06-05T07:00:00,10.504,10.217,20.05,20.34,1.152,1.097,0.4474,0.4269,7.002,6.585,1090.6,0.901,0.0290,21.8,7.2
2026-06-05T08:00:00,10.487,10.246,21.56,21.96,1.158,1.108,0.4673,0.4454,7.629,6.453,1100.8,0.913,0.0292,22.0,7.3
2026-06-05T09:00:00,10.900,10.634,21.73,22.67,1.174,1.120,0.4571,0.4307,7.563,6.689,1111.5,0.923,0.0295,22.2,7.3
2026-06-05T10:00:00,10.853,10.777,21.68,22.91,1.195,1.142,0.5129,0.4257,7.034,6.515,1122.2,0.928,0.0304,22.4,7.4
2026-06-05T11:00:00,11.434,11.173,21.82,22.82,1.196,1.131,0.5023,0.4309,7.632,6.630,1133.4,0.940,0.0312,22.7,7.5
2026-06-05T12:00:00,11.019,10.784,23.39,24.15,1.174,1.119,0.4747,0.4554,7.533,6.749,1144.2,0.948,0.0314,22.9,7.6
2026-06-05T13:00:00,11.507,11.160,23.06,24.25,1.214,1.157,0.4697,0.4495,7.888,6.615,1155.4,0.962,0.0316,23.1,7.6
2026-06-05T14:00:00,11.869,11.635,23.33,24.10,1.219,1.158,0.4532,0.4332,7.314,6.683,1167.0,0.970,0.0319,23.3,7.7
2026-06-05T15:00:00,11.236,10.917,23.85,24.19,1.236,1.185,0.4669,0.4503,7.400,6.479,1177.9,0.980,0.0321,23.6,7.8
2026-06-05T16:00:00,10.545,10.289,23.77,24.78,1.194,1.132,0.4895,0.4451,7.419,6.606,1188.2,0.988,0.0325,23.8,7.8
2026-06-05T17:00:00,11.352,10.958,23.04,23.42,1.219,1.167,0.4587,0.4330,7.885,6.465,1199.1,1.004,0.0328,24.0,7.9
2026-06-05T18:00:00,11.855,11.633,23.12,23.44,1.218,1.168,0.4230,0.4378,7.337,6.449,1210.8,1.014,0.0328,24.2,8.0
2026-06-05T19:00:00,11.539,11.244,23.80,24.78,1.194,1.141,0.4987,0.4452,7.843,6.654,1222.0,1.027,0.0334,24.4,8.1
2026-06-05T20:00:00,10.841,10.478,22.48,23.28,1.175,1.125,0.4794,0.4603,7.218,6.766,1232.5,1.032,0.0336,24.7,8.1
2026-06-05T21:00:00,10.353,10.036,21.65,22.45,1.146,1.085,0.4646,0.4482,7.713,6.349,1242.5,1.046,0.0338,24.9,8.2
2026-06-05T22:00:00,10.424,10.254,20.84,21.96,1.193,1.136,0.4543,0.4325,7.545,6.444,1252.8,1.057,0.0340,25.1,8.3
2026-06-05T23:00:00,10.875,10.682,21.51,22.50,1.168,1.117,0.4623,0.4509,7.774,6.494,1263.5,1.071,0.0341,25.3,8.3
2026-06-06T00:00:00,10.674,10.232,19.92,20.78,1.164,1.104,0.4608,0.4285,7.746,6.436,1273.7,1.084,0.0344,25.5,8.4
2026-06-06T01:00:00,9.972,9.733,19.85,20.67,1.131,1.078,0.5110,0.4431,7.378,6.698,1283.4,1.091,0.0351,25.7,8.5
2026-06-06T02:00:00,10.148,9.995,20.06,20.89,1.148,1.092,0.5241,0.4569,7.503,6.732,1293.4,1.098,0.0358,25.9,8.5
2026-06-06T03:00:00,10.379,9.997,18.89,19.47,1.122,1.061,0.5087,0.4344,7.373,6.672,1303.4,1.105,0.0365,26.1,8.6
2026-06-06T04:00:00,10.184,9.937,20.08,20.70,1.149,1.094,0.4708,0.4391,7.610,6.483,1313.4,1.117,0.0368,26.3,8.7
2026-06-06T05:00:00,10.960,10.719,19.50,20.12,1.149,1.093,0.4317,0.4473,7.197,6.493,1324.1,1.124,0.0368,26.5,8.7
2026-06-06T06:00:00,10.785,10.402,20.62,21.33,1.134,1.081,0.4798,0.4353,7.568,6.626,1334.5,1.134,0.0373,26.7,8.8
2026-06-06T07:00:00,9.962,9.730,20.70,21.25,1.156,1.098,0.5099,0.4642,7.243,6.389,1344.2,1.142,0.0377,26.9,8.9
2026-06-06T08:00:00,9.663,9.317,21.27,22.31,1.180,1.130,0.4774,0.4403,7.613,6.672,1353.5,1.151,0.0381,27.1,8.9
2026-06-06T09:00:00,10.644,10.380,20.97,22.02,1.168,1.118,0.4471,0.4498,7.331,6.517,1363.9,1.159,0.0381,27.3,9.0
2026-06-06T10:00:00,10.738,10.507,22.53,23.51,1.195,1.140,0.4670,0.4484,7.366,6.645,1374.4,1.167,0.0383,27.5,9.1
2026-06-06T11:00:00,11.602,11.132,22.26,22.52,1.172,1.118,0.4295,0.4459,7.322,6.526,1385.6,1.176,0.0383,27.7,9.1
2026-06-06T12:00:00,11.361,11.305,22.58,23.27,1.219,1.167,0.4326,0.4339,7.423,6.739,1396.9,1.184,0.0383,27.9,9.2
2026-06-06T13:00:00,11.243,10.936,23.32,24.48,1.190,1.137,0.4887,0.4381,7.497,6.877,1407.8,1.190,0.0388,28.2,9.3
2026-06-06T14:00:00,11.013,10.653,23.20,24.04,1.206,1.154,0.4653,0.4354,7.644,6.355,1418.5,1.204,0.0392,28.4,9.4
2026-06-06T15:00:00,12.047,11.733,23.42,24.63,1.208,1.156,0.4300,0.4418,6.770,6.331,1430.2,1.209,0.0392,28.6,9.4
2026-06-06T16:00:00,11.611,11.094,22.51,23.30,1.240,1.186,0.4991,0.4360,7.450,6.550,1441.3,1.219,0.0399,28.8,9.5
2026-06-06T17:00:00,11.351,11.191,23.58,24.10,1.206,1.148,0.5114,0.4282,7.030,6.362,1452.5,1.227,0.0408,29.0,9.6
2026-06-06T18:00:00,11.351,11.056,22.98,24.04,1.217,1.161,0.4638,0.4324,7.075,6.684,1463.5,1.231,0.0411,29.3,9.7
2026-06-06T19:00:00,11.157,10.860,22.61,23.68,1.198,1.147,0.4793,0.4672,6.871,6.577,1474.4,1.234,0.0413,29.5,9.7
2026-06-06T20:00:00,10.829,10.599,22.36,23.48,1.189,1.135,0.4973,0.4506,7.970,6.413,1485.0,1.251,0.0418,29.7,9.8
2026-06-06T21:00:00,10.648,10.431,20.74,21.57,1.154,1.095,0.5145,0.4290,7.743,6.502,1495.4,1.264,0.0427,29.9,9.9
2026-06-06T22:00:00,10.069,9.770,20.72,21.20,1.145,1.092,0.4514,0.4347,7.285,6.699,1505.2,1.269,0.0428,30.1,9.9
2026-06-06T23:00:00,10.953,10.673,19.85,20.70,1.172,1.118,0.4764,0.4376,7.642,6.505,1515.9,1.282,0.0432,30.3,10.0
2026-06-07T00:00:00,10.228,9.988,19.70,20.54,1.145,1.087,0.5079,0.4506,7.717,6.613,1525.8,1.293,0.0438,30.5,10.1
2026-06-07T01:00:00,10.032,9.708,19.78,20.44,1.166,1.103,0.4934,0.4442,7.345,6.727,1535.6,1.299,0.0443,30.7,10.1
2026-06-07T02:00:00,9.871,9.597,19.62,20.47,1.142,1.091,0.5235,0.4600,7.514,6.687,1545.2,1.307,0.0449,30.9,10.2
2026-06-07T03:00:00,9.893,9.586,19.42,19.75,1.147,1.097,0.4726,0.4289,6.953,6.500,1554.7,1.311,0.0453,31.1,10.3
2026-06-07T04:00:00,10.202,9.997,19.02,20.51,1.142,1.081,0.4827,0.4359,7.518,6.171,1564.7,1.324,0.0458,31.3,10.3
2026-06-07T05:00:00,10.248,10.026,19.82,21.04,1.131,1.079,0.4540,0.4480,7.211,6.516,1574.8,1.331,0.0458,31.5,10.4
2026-06-07T06:00:00,10.011,9.675,20.46,21.37,1.163,1.112,0.4428,0.4296,7.514,6.557,1584.4,1.341,0.0460,31.7,10.5
2026-06-07T07:00:00,10.168,9.899,19.73,19.93,1.156,1.097,0.4375,0.4652,7.515,6.162,1594.3,1.354,0.0460,31.9,10.5
2026-06-07T08:00:00,10.733,10.617,20.99,21.41,1.186,1.120,0.4397,0.4314,7.976,6.465,1605.0,1.370,0.0461,32.1,10.6
2026-06-07T09:00:00,10.614,10.423,21.22,22.12,1.181,1.129,0.4995,0.4690,7.401,6.529,1615.4,1.379,0.0464,32.3,10.7
2026-06-07T10:00:00,10.933,10.623,21.99,22.96,1.187,1.127,0.4723,0.4477,6.999,6.561,1626.0,1.384,0.0466,32.5,10.7
2026-06-07T11:00:00,11.562,11.391,22.73,23.36,1.179,1.127,0.4332,0.4262,7.920,6.604,1637.4,1.399,0.0467,32.7,10.8
2026-06-07T12:00:00,11.676,11.411,22.50,23.15,1.186,1.131,0.5240,0.4523,6.992,6.505,1648.8,1.404,0.0475,33.0,10.9
2026-06-07T13:00:00,11.337,11.171,23.76,24.60,1.249,1.194,0.4542,0.4465,6.982,6.427,1660.0,1.411,0.0476,33.2,11.0
2026-06-07T14:00:00,11.148,10.857,22.59,23.58,1.207,1.147,0.4678,0.4556,7.443,6.926,1670.8,1.416,0.0477,33.4,11.0
2026-06-07T15:00:00,11.709,11.428,23.19,24.41,1.210,1.158,0.4739,0.4612,7.378,6.440,1682.3,1.427,0.0479,33.6,11.1
2026-06-07T16:00:00,11.945,11.663,23.35,24.04,1.221,1.166,0.4788,0.4406,7.604,6.301,1693.9,1.442,0.0483,33.9,11.2
2026-06-07T17:00:00,11.660,11.316,23.12,23.95,1.216,1.151,0.4377,0.4452,7.058,6.570,1705.2,1.448,0.0483,34.1,11.3
2026-06-07T18:00:00,11.621,11.225,23.14,24.21,1.216,1.166,0.4259,0.4515,6.498,6.735,1716.5,1.448,0.0483,34.3,11.3
2026-06-07T19:00:00,10.764,10.429,23.13,24.33,1.208,1.145,0.4755,0.4397,8.105,6.421,1726.9,1.465,0.0487,34.5,11.4
2026-06-07T20:00:00,11.169,10.993,22.02,22.91,1.182,1.130,0.4762,0.4417,7.195,6.333,1737.9,1.475,0.0491,34.8,11.5
2026-06-07T21:00:00,11.204,10.964,22.03,22.70,1.157,1.107,0.4600,0.4413,6.842,6.461,1748.8,1.479,0.0493,35.0,11.5
2026-06-07T22:00:00,11.053,10.644,20.72,21.21,1.179,1.121,0.4723,0.4393,7.697,6.530,1759.5,1.491,0.0496,35.2,11.6
2026-06-07T23:00:00,10.455,10.145,20.95,21.76,1.166,1.100,0.5061,0.4443,7.448,6.600,1769.6,1.500,0.0503,35.4,11.7
2026-06-08T00:00:00,10.170,9.870,19.84,21.37,1.175,1.120,0.3899,0.4334,6.989,6.552,1779.5,1.504,0.0503,35.6,11.7
2026-06-08T01:00:00,9.388,9.186,19.53,20.89,1.171,1.117,0.4649,0.4389,7.212,6.691,1788.7,1.509,0.0505,35.8,11.8
2026-06-08T02:00:00,9.888,9.625,19.51,20.23,1.146,1.081,0.4734,0.4435,7.601,6.425,1798.3,1.520,0.0508,36.0,11.9
2026-06-08T03:00:00,10.086,9.801,19.62,20.40,1.121,1.060,0.4893,0.4441,7.069,6.725,1808.1,1.524,0.0512,36.2,11.9
2026-06-08T04:00:00,10.013,9.734,19.85,20.81,1.142,1.087,0.4547,0.4263,7.670,6.701,1817.8,1.533,0.0515,36.4,12.0
2026-06-08T05:00:00,10.164,9.838,19.59,19.80,1.160,1.099,0.4623,0.4424,7.265,6.416,1827.7,1.541,0.0517,36.6,12.1
2026-06-08T06:00:00,9.934,9.630,20.16,20.82,1.134,1.084,0.5170,0.4195,7.833,6.623,1837.3,1.553,0.0527,36.7,12.1
2026-06-08T07:00:00,10.212,9.948,20.05,21.24,1.148,1.080,0.4742,0.4465,7.771,6.420,1847.3,1.567,0.0529,36.9,12.2
2026-06-08T08:00:00,10.450,10.135,20.49,21.13,1.178,1.119,0.4561,0.4316,7.673,6.658,1857.4,1.577,0.0532,37.1,12.3
2026-06-08T09:00:00,10.539,10.278,21.76,22.66,1.192,1.142,0.4956,0.4334,7.369,6.368,1867.7,1.587,0.0538,37.4,12.3
2026-06-08T10:00:00,11.469,11.141,21.74,22.53,1.195,1.139,0.5075,0.4428,7.254,6.508,1878.8,1.595,0.0545,37.6,12.4
2026-06-08T11:00:00,11.069,10.755,22.55,23.32,1.171,1.119,0.4627,0.4412,7.232,6.689,1889.6,1.601,0.0548,37.8,12.5
2026-06-08T12:00:00,11.366,10.892,23.17,23.96,1.217,1.157,0.4884,0.4427,7.025,6.676,1900.5,1.605,0.0553,38.0,12.5
2026-06-08T13:00:00,11.169,10.991,23.09,23.65,1.194,1.137,0.4497,0.4516,7.592,6.338,1911.5,1.619,0.0553,38.2,12.6
2026-06-08T14:00:00,11.204,10.932,23.54,24.41,1.224,1.173,0.4451,0.4250,7.859,6.525,1922.4,1.633,0.0555,38.4,12.7
2026-06-08T15:00:00,11.204,11.005,23.12,23.85,1.221,1.169,0.4119,0.4320,7.224,6.586,1933.4,1.640,0.0555,38.7,12.8
2026-06-08T16:00:00,11.126,10.886,23.65,24.22,1.214,1.162,0.4529,0.4322,6.631,6.524,1944.3,1.642,0.0557,38.9,12.8
2026-06-08T17:00:00,11.458,11.225,22.72,23.71,1.209,1.152,0.4734,0.4510,7.360,6.611,1955.5,1.650,0.0560,39.1,12.9
2026-06-08T18:00:00,11.263,10.860,23.11,23.43,1.198,1.144,0.4914,0.4565,7.525,6.553,1966.4,1.661,0.0563,39.3,13.0
2026-06-08T19:00:00,11.080,10.777,21.89,22.43,1.198,1.146,0.5092,0.4380,7.086,6.639,1977.1,1.665,0.0571,39.5,13.0
2026-06-08T20:00:00,11.012,10.578,21.94,22.84,1.185,1.131,0.4617,0.4401,7.962,6.442,1987.7,1.681,0.0573,39.8,13.1
2026-06-08T21:00:00,11.012,10.900,21.84,23.10,1.184,1.121,0.4411,0.4148,7.621,6.380,1998.6,1.695,0.0576,40.0,13.2
2026-06-08T22:00:00,10.256,9.904,21.24,21.88,1.188,1.124,0.4214,0.4424,8.298,6.363,2008.5,1.714,0.0576,40.2,13.3
2026-06-08T23:00:00,10.609,10.220,20.73,21.82,1.150,1.093,0.5067,0.4366,7.090,6.613,2018.7,1.719,0.0583,40.4,13.3
2026-06-09T00:00:00,10.409,9.917,20.22,21.30,1.141,1.081,0.4516,0.4395,7.212,6.356,2028.7,1.728,0.0585,40.6,13.4
2026-06-09T01:00:00,10.646,10.381,19.79,20.75,1.177,1.118,0.4763,0.4411,7.362,6.725,2039.0,1.734,0.0588,40.8,13.5
2026-06-09T02:00:00,9.790,9.651,19.41,20.40,1.141,1.085,0.4850,0.4482,7.711,6.524,2048.7,1.746,0.0592,41.0,13.5
2026-06-09T03:00:00,9.550,9.404,19.62,20.37,1.135,1.068,0.4981,0.4346,7.154,6.358,2058.1,1.753,0.0598,41.2,13.6
2026-06-09T04:00:00,10.511,10.190,19.57,20.15,1.121,1.070,0.4992,0.4395,7.579,6.416,2068.3,1.765,0.0604,41.4,13.7
2026-06-09T05:00:00,10.381,10.165,19.72,20.47,1.167,1.104,0.4926,0.4308,7.328,6.435,2078.5,1.774,0.0610,41.6,13.7
2026-06-09T06:00:00,9.578,9.286,19.73,20.56,1.152,1.081,0.4797,0.4449,7.617,6.640,2087.7,1.783,0.0613,41.8,13.8
2026-06-09T07:00:00,10.005,9.850,19.75,20.84,1.162,1.101,0.5143,0.4298,7.236,6.684,2097.6,1.788,0.0622,42.0,13.8
2026-06-09T08:00:00,10.602,10.399,20.24,20.86,1.162,1.103,0.4403,0.4423,7.144,6.646,2108.0,1.794,0.0622,42.2,13.9
2026-06-09T09:00:00,11.653,11.357,20.94,22.02,1.187,1.129,0.4122,0.4242,6.855,6.566,2119.3,1.797,0.0622,42.4,14.0
2026-06-09T10:00:00,11.155,10.874,21.84,22.86,1.191,1.139,0.5095,0.4440,7.358,6.503,2130.2,1.806,0.0629,42.6,14.1
2026-06-09T11:00:00,10.722,10.391,21.68,22.86,1.198,1.146,0.4602,0.4303,7.702,6.297,2140.6,1.821,0.0632,42.8,14.1
2026-06-09T12:00:00,11.319,10.976,22.60,23.79,1.221,1.167,0.4257,0.4546,6.987,6.325,2151.6,1.828,0.0632,43.0,14.2
2026-06-09T13:00:00,11.453,11.265,23.18,23.88,1.232,1.172,0.4605,0.4316,7.441,6.262,2162.9,1.841,0.0635,43.3,14.3
2026-06-09T14:00:00,11.586,11.283,23.73,24.40,1.237,1.168,0.4659,0.4494,7.633,6.449,2174.1,1.855,0.0637,43.5,14.3
2026-06-09T15:00:00,11.290,10.953,23.10,24.15,1.245,1.195,0.4614,0.4359,7.749,6.448,2185.1,1.869,0.0640,43.7,14.4
2026-06-09T16:00:00,11.885,11.610,23.67,24.54,1.237,1.183,0.4152,0.4392,7.406,6.491,2196.7,1.880,0.0640,43.9,14.5
2026-06-09T17:00:00,11.213,10.954,22.63,23.50,1.203,1.144,0.4665,0.4393,7.398,6.356,2207.7,1.891,0.0643,44.2,14.6
2026-06-09T18:00:00,11.410,11.173,23.12,23.95,1.225,1.163,0.4465,0.4402,7.994,6.304,2218.8,1.910,0.0644,44.4,14.6
2026-06-09T19:00:00,11.311,10.949,23.51,24.50,1.186,1.134,0.4912,0.4574,7.354,6.451,2229.8,1.920,0.0647,44.6,14.7
2026-06-09T20:00:00,11.628,11.371,22.20,23.15,1.201,1.148,0.5050,0.4407,8.080,6.654,2241.1,1.936,0.0655,44.8,14.8
2026-06-09T21:00:00,10.753,10.420,20.99,21.71,1.153,1.099,0.4322,0.4521,7.785,6.328,2251.6,1.951,0.0655,45.0,14.9
2026-06-09T22:00:00,11.010,10.597,20.46,21.30,1.200,1.144,0.4967,0.4491,6.824,6.565,2262.2,1.954,0.0660,45.2,14.9
2026-06-09T23:00:00,9.772,9.413,20.15,20.65,1.181,1.122,0.4869,0.4216,7.583,6.350,2271.6,1.966,0.0666,45.4,15.0
2026-06-10T00:00:00,9.594,9.584,20.24,21.34,1.157,1.101,0.4985,0.4527,7.251,6.413,2281.2,1.974,0.0670,45.6,15.1
2026-06-10T01:00:00,10.631,10.228,20.24,21.36,1.144,1.089,0.4540,0.4441,7.209,6.166,2291.4,1.984,0.0671,45.8,15.1
2026-06-10T02:00:00,9.981,9.750,20.08,20.83,1.118,1.066,0.4919,0.4283,7.526,6.465,2301.1,1.995,0.0677,46.0,15.2
2026-06-10T03:00:00,9.616,9.364,20.08,21.14,1.147,1.094,0.4928,0.4369,7.282,6.514,2310.5,2.002,0.0683,46.2,15.2
2026-06-10T04:00:00,10.053,9.779,18.93,19.86,1.158,1.106,0.4922,0.4421,7.242,6.444,2320.3,2.010,0.0687,46.4,15.3
2026-06-10T05:00:00,9.746,9.489,19.79,20.74,1.137,1.072,0.4659,0.4343,7.209,6.332,2329.8,2.018,0.0690,46.6,15.4
2026-06-10T06:00:00,10.285,9.966,19.33,20.36,1.137,1.083,0.4766,0.4600,7.161,6.721,2339.7,2.022,0.0692,46.8,15.4
2026-06-10T07:00:00,10.513,10.296,20.55,21.37,1.153,1.090,0.4442,0.4578,7.529,6.579,2350.0,2.032,0.0692,47.0,15.5
2026-06-10T08:00:00,10.716,10.495,21.34,21.87,1.153,1.096,0.4406,0.4417,7.070,6.291,2360.5,2.040,0.0692,47.2,15.6
2026-06-10T09:00:00,11.075,10.798,20.94,22.27,1.175,1.118,0.4983,0.4368,7.556,6.518,2371.3,2.051,0.0699,47.4,15.7
2026-06-10T10:00:00,10.473,10.167,22.16,22.73,1.215,1.161,0.4712,0.4299,7.272,6.431,2381.5,2.060,0.0703,47.6,15.7
2026-06-10T11:00:00,10.913,10.568,21.62,22.50,1.173,1.119,0.4654,0.4412,6.933,6.485,2392.1,2.065,0.0706,47.8,15.8
2026-06-10T12:00:00,10.976,10.736,22.73,23.89,1.201,1.150,0.4780,0.4389,6.904,6.258,2402.8,2.072,0.0710,48.1,15.9
2026-06-10T13:00:00,12.081,11.728,23.68,24.38,1.202,1.146,0.4776,0.4543,6.951,6.427,2414.5,2.078,0.0712,48.3,15.9
2026-06-10T14:00:00,11.934,11.730,23.97,24.75,1.216,1.165,0.5069,0.4382,7.231,6.578,2426.3,2.086,0.0721,48.5,16.0
2026-06-10T15:00:00,11.708,11.458,23.28,23.71,1.240,1.189,0.4586,0.4542,7.902,6.498,2437.7,2.102,0.0721,48.8,16.1
2026-06-10T16:00:00,11.158,10.971,23.01,23.74,1.234,1.180,0.4536,0.4603,7.198,6.365,2448.7,2.111,0.0721,49.0,16.2
2026-06-10T17:00:00,12.121,11.693,23.16,23.69,1.220,1.164,0.4612,0.4486,7.343,6.556,2460.4,2.120,0.0722,49.2,16.2
2026-06-10T18:00:00,11.227,10.937,22.66,23.58,1.209,1.152,0.4927,0.4406,7.733,6.596,2471.3,2.132,0.0728,49.4,16.3
2026-06-10T19:00:00,11.147,11.084,22.75,23.57,1.212,1.160,0.5251,0.4410,7.772,6.384,2482.4,2.148,0.0738,49.6,16.4
2026-06-10T20:00:00,10.714,10.337,21.63,22.73,1.202,1.138,0.4629,0.4288,7.936,6.532,2492.7,2.162,0.0741,49.9,16.5
2026-06-10T21:00:00,10.325,9.942,21.21,21.71,1.184,1.123,0.4647,0.4537,7.560,6.183,2502.7,2.176,0.0742,50.1,16.5
2026-06-10T22:00:00,10.786,10.637,20.87,22.13,1.166,1.111,0.4850,0.4387,7.441,6.467,2513.3,2.186,0.0747,50.3,16.6
2026-06-10T23:00:00,10.523,10.079,20.04,20.82,1.149,1.091,0.4369,0.4450,7.304,6.351,2523.4,2.196,0.0747,50.5,16.7
2026-06-11T00:00:00,10.017,9.746,19.65,20.30,1.135,1.075,0.4939,0.4457,7.124,6.305,2533.1,2.204,0.0752,50.7,16.7
2026-06-11T01:00:00,9.717,9.421,19.06,19.94,1.153,1.093,0.4983,0.4459,7.011,6.387,2542.6,2.210,0.0757,50.9,16.8
2026-06-11T02:00:00,9.847,9.652,19.58,20.65,1.148,1.092,0.4695,0.4370,6.807,6.368,2552.2,2.214,0.0760,51.0,16.8
2026-06-11T03:00:00,10.557,10.418,19.30,19.78,1.151,1.091,0.5118,0.4541,7.183,6.224,2562.6,2.224,0.0766,51.3,16.9
2026-06-11T04:00:00,9.581,9.352,19.46,20.03,1.143,1.092,0.5460,0.4212,7.346,6.525,2572.0,2.232,0.0777,51.4,17.0
2026-06-11T05:00:00,10.430,10.144,19.60,20.37,1.158,1.094,0.4671,0.4554,7.647,6.413,2582.1,2.244,0.0779,51.6,17.0
2026-06-11T06:00:00,9.993,9.789,19.73,20.28,1.142,1.091,0.4657,0.4294,7.397,6.449,2591.9,2.253,0.0782,51.8,17.1
2026-06-11T07:00:00,10.294,10.025,20.34,21.55,1.140,1.089,0.3876,0.4434,7.858,6.511,2601.9,2.267,0.0782,52.0,17.2
2026-06-11T08:00:00,10.370,10.159,20.35,20.81,1.168,1.116,0.4766,0.4428,7.805,6.464,2612.1,2.281,0.0786,52.2,17.2
2026-06-11T09:00:00,10.817,10.554,20.52,21.43,1.198,1.144,0.4551,0.4370,7.412,6.513,2622.7,2.290,0.0788,52.5,17.3
2026-06-11T10:00:00,10.898,10.635,22.28,22.92,1.178,1.117,0.4607,0.4385,7.262,6.306,2633.3,2.300,0.0790,52.7,17.4
2026-06-11T11:00:00,10.997,10.614,22.48,23.43,1.216,1.166,0.4818,0.4348,7.981,6.327,2643.9,2.318,0.0795,52.9,17.4
2026-06-11T12:00:00,11.114,10.787,23.08,24.12,1.191,1.137,0.5047,0.4292,7.600,6.408,2654.7,2.331,0.0803,53.1,17.5
2026-06-11T13:00:00,11.649,11.328,22.91,23.50,1.213,1.163,0.4736,0.4281,7.206,6.584,2666.0,2.338,0.0808,53.3,17.6
2026-06-11T14:00:00,12.167,11.997,23.04,23.84,1.231,1.171,0.5235,0.4344,8.230,6.208,2678.0,2.362,0.0819,53.6,17.7
2026-06-11T15:00:00,11.754,11.473,23.33,23.95,1.212,1.159,0.4675,0.4483,7.349,6.419,2689.5,2.373,0.0821,53.8,17.8
2026-06-11T16:00:00,11.396,10.987,22.96,24.18,1.198,1.146,0.4702,0.4455,7.813,6.566,2700.5,2.386,0.0824,54.0,17.8
2026-06-11T17:00:00,11.377,11.171,22.89,24.07,1.209,1.156,0.4464,0.4385,6.970,6.448,2711.6,2.392,0.0825,54.2,17.9
2026-06-11T18:00:00,11.488,11.184,23.10,24.19,1.210,1.160,0.4733,0.4237,7.513,6.336,2722.8,2.405,0.0830,54.5,18.0
2026-06-11T19:00:00,11.295,10.929,22.19,22.53,1.169,1.114,0.5016,0.4362,7.273,6.510,2733.8,2.414,0.0837,54.7,18.0
2026-06-11T20:00:00,10.860,10.517,21.74,22.58,1.194,1.142,0.4898,0.4217,6.946,6.259,2744.3,2.421,0.0845,54.9,18.1
2026-06-11T21:00:00,10.265,9.968,21.63,22.85,1.184,1.121,0.4178,0.4469,7.981,6.565,2754.2,2.435,0.0845,55.1,18.2
2026-06-11T22:00:00,10.468,10.285,20.67,21.59,1.157,1.106,0.4878,0.4333,7.339,6.416,2764.5,2.445,0.0850,55.3,18.2
2026-06-11T23:00:00,10.889,10.632,20.25,21.39,1.173,1.117,0.4818,0.4390,6.865,6.451,2775.2,2.449,0.0855,55.5,18.3
2026-06-12T00:00:00,10.279,10.063,19.61,20.43,1.147,1.096,0.4916,0.4420,7.197,6.496,2785.2,2.456,0.0860,55.7,18.4
2026-06-12T01:00:00,9.830,9.523,19.35,20.24,1.148,1.087,0.4459,0.4403,7.433,6.588,2794.7,2.464,0.0860,55.9,18.4
2026-06-12T02:00:00,10.067,9.902,19.31,19.99,1.146,1.092,0.4785,0.4348,7.370,6.523,2804.6,2.472,0.0865,56.1,18.5
2026-06-12T03:00:00,10.401,10.236,18.89,19.66,1.146,1.092,0.4773,0.4527,7.383,6.516,2814.9,2.481,0.0867,56.3,18.6
2026-06-12T04:00:00,10.149,9.889,19.29,20.19,1.134,1.076,0.4600,0.4335,7.922,6.564,2824.8,2.495,0.0870,56.5,18.6
2026-06-12T05:00:00,10.032,9.893,19.68,20.44,1.124,1.057,0.5030,0.4212,6.754,6.399,2834.7,2.498,0.0878,56.7,18.7
2026-06-12T06:00:00,10.965,10.812,20.18,20.64,1.157,1.098,0.4768,0.4352,6.875,6.539,2845.5,2.502,0.0882,56.9,18.8
2026-06-12T07:00:00,10.443,10.087,19.97,20.61,1.147,1.094,0.4477,0.4541,7.275,6.443,2855.6,2.510,0.0882,57.1,18.8
2026-06-12T08:00:00,11.225,10.944,20.08,20.52,1.162,1.105,0.4616,0.4290,7.731,6.549,2866.5,2.523,0.0886,57.3,18.9
2026-06-12T09:00:00,10.719,10.604,21.66,22.82,1.179,1.124,0.5001,0.4451,7.823,6.656,2877.1,2.536,0.0892,57.5,19.0
2026-06-12T10:00:00,10.689,10.408,22.03,22.98,1.173,1.117,0.4632,0.4251,7.174,6.471,2887.5,2.543,0.0896,57.8,19.1
2026-06-12T11:00:00,10.912,10.550,22.08,22.58,1.193,1.138,0.4777,0.4439,7.115,6.285,2898.1,2.552,0.0899,58.0,19.1
2026-06-12T12:00:00,12.006,11.566,23.18,24.11,1.199,1.149,0.4582,0.4449,7.045,6.181,2909.6,2.562,0.0901,58.2,19.2
2026-06-12T13:00:00,11.511,11.143,22.77,23.43,1.205,1.145,0.4725,0.4332,7.151,6.436,2920.8,2.570,0.0905,58.4,19.3
2026-06-12T14:00:00,11.475,11.124,22.42,23.38,1.227,1.171,0.4925,0.4386,7.756,6.473,2931.9,2.584,0.0911,58.6,19.4
2026-06-12T15:00:00,11.042,10.927,23.17,23.96,1.210,1.159,0.5127,0.4431,7.507,6.443,2942.8,2.595,0.0919,58.9,19.4
2026-06-12T16:00:00,11.844,11.460,23.15,23.69,1.218,1.165,0.4919,0.4391,6.901,6.272,2954.3,2.603,0.0925,59.1,19.5
2026-06-12T17:00:00,10.599,10.320,23.74,24.17,1.217,1.153,0.4375,0.4426,8.129,6.279,2964.6,2.622,0.0925,59.3,19.6
2026-06-12T18:00:00,11.229,10.946,22.24,23.42,1.181,1.117,0.4147,0.4192,7.188,6.421,2975.6,2.630,0.0925,59.5,19.6
2026-06-12T19:00:00,10.647,10.451,21.93,22.15,1.201,1.150,0.5068,0.4493,7.015,6.455,2986.0,2.636,0.0931,59.7,19.7
2026-06-12T20:00:00,11.005,10.683,21.83,22.73,1.180,1.129,0.4910,0.4234,7.284,6.423,2996.7,2.645,0.0938,59.9,19.8
2026-06-12T21:00:00,10.429,10.251,21.21,22.07,1.177,1.125,0.4657,0.4491,7.368,6.308,3006.9,2.656,0.0940,60.1,19.8
2026-06-12T22:00:00,10.723,10.407,20.80,21.37,1.163,1.099,0.4513,0.4348,7.986,6.270,3017.3,2.674,0.0941,60.3,19.9
2026-06-12T23:00:00,10.637,10.274,20.61,21.41,1.149,1.087,0.5150,0.4562,7.367,6.508,3027.6,2.683,0.0947,60.6,20.0
2026-06-13T00:00:00,9.990,9.785,19.58,20.42,1.172,1.110,0.4678,0.4523,7.847,6.202,3037.4,2.699,0.0949,60.7,20.0
2026-06-13T01:00:00,9.478,9.294,19.60,20.03,1.151,1.095,0.4802,0.4453,7.801,6.741,3046.7,2.709,0.0952,60.9,20.1
2026-06-13T02:00:00,9.867,9.527,18.53,19.26,1.132,1.070,0.4818,0.4421,7.903,6.433,3056.2,2.723,0.0956,61.1,20.2
2026-06-13T03:00:00,10.361,9.958,19.63,20.66,1.142,1.091,0.4498,0.4421,6.541,6.547,3066.2,2.723,0.0957,61.3,20.2
2026-06-13T04:00:00,9.753,9.528,19.03,19.90,1.145,1.092,0.5106,0.4403,7.774,6.377,3075.7,2.736,0.0964,61.5,20.3
2026-06-13T05:00:00,10.383,10.108,19.11,20.35,1.108,1.048,0.4759,0.4269,7.108,6.330,3085.8,2.744,0.0968,61.7,20.4
2026-06-13T06:00:00,10.098,9.814,20.34,21.16,1.160,1.102,0.5202,0.4405,6.941,6.687,3095.6,2.746,0.0976,61.9,20.4
2026-06-13T07:00:00,10.828,10.655,19.40,20.61,1.171,1.117,0.4778,0.4228,7.500,6.306,3106.3,2.759,0.0982,62.1,20.5
2026-06-13T08:00:00,10.328,9.905,21.30,22.08,1.134,1.067,0.4743,0.4357,7.425,6.458,3116.2,2.769,0.0986,62.3,20.6
2026-06-13T09:00:00,10.674,10.360,21.53,21.89,1.187,1.120,0.4843,0.4425,7.707,6.630,3126.6,2.780,0.0990,62.5,20.6
2026-06-13T10:00:00,11.000,10.789,21.88,22.78,1.183,1.131,0.4778,0.4381,7.300,6.551,3137.3,2.788,0.0995,62.7,20.7
2026-06-13T11:00:00,11.270,11.041,22.19,23.19,1.214,1.148,0.5443,0.4563,8.148,6.434,3148.4,2.807,0.1004,63.0,20.8
2026-06-13T12:00:00,11.181,10.967,22.42,23.30,1.227,1.167,0.4902,0.4287,7.416,6.700,3159.4,2.815,0.1011,63.2,20.9
2026-06-13T13:00:00,10.894,10.630,22.31,22.70,1.201,1.142,0.4459,0.4322,7.362,6.377,3170.0,2.825,0.1012,63.4,20.9
2026-06-13T14:00:00,11.082,10.846,23.32,24.26,1.248,1.195,0.5058,0.4490,7.552,6.684,3180.8,2.835,0.1019,63.6,21.0
2026-06-13T15:00:00,11.756,11.529,22.98,23.99,1.243,1.189,0.4530,0.4126,7.606,6.248,3192.4,2.850,0.1023,63.8,21.1
2026-06-13T16:00:00,11.889,11.682,22.81,23.50,1.215,1.153,0.4522,0.4432,7.305,6.447,3204.0,2.860,0.1024,64.1,21.1
2026-06-13T17:00:00,11.209,11.017,23.04,24.23,1.215,1.162,0.5074,0.4375,7.459,6.419,3215.1,2.872,0.1032,64.3,21.2
2026-06-13T18:00:00,11.802,11.465,22.51,23.20,1.218,1.159,0.5280,0.4322,7.395,6.463,3226.5,2.882,0.1043,64.5,21.3
2026-06-13T19:00:00,11.524,11.237,21.23,21.87,1.199,1.146,0.4188,0.4560,7.525,6.130,3237.8,2.898,0.1043,64.8,21.4
2026-06-13T20:00:00,10.627,10.163,21.80,22.17,1.191,1.137,0.5350,0.4359,7.534,6.459,3247.9,2.909,0.1053,65.0,21.4
2026-06-13T21:00:00,11.253,10.907,21.60,22.91,1.213,1.155,0.4785,0.4428,7.011,6.520,3258.8,2.914,0.1057,65.2,21.5
2026-06-13T22:00:00,10.653,10.628,19.91,20.76,1.182,1.107,0.4636,0.4401,7.766,6.563,3269.5,2.927,0.1060,65.4,21.6
2026-06-13T23:00:00,10.158,10.030,19.85,20.60,1.146,1.095,0.4820,0.4372,7.234,6.382,3279.5,2.936,0.1064,65.6,21.6
2026-06-14T00:00:00,10.303,10.245,20.09,21.12,1.122,1.064,0.4820,0.4303,6.872,6.634,3289.7,2.938,0.1069,65.8,21.7
2026-06-14T01:00:00,9.954,9.715,18.92,19.43,1.126,1.075,0.5039,0.4304,7.326,6.546,3299.4,2.946,0.1076,66.0,21.8
2026-06-14T02:00:00,10.013,9.945,19.16,20.11,1.127,1.067,0.4996,0.4412,7.071,6.687,3309.4,2.950,0.1082,66.2,21.8
2026-06-14T03:00:00,10.078,9.829,19.42,20.69,1.125,1.072,0.5104,0.4341,7.337,6.358,3319.2,2.959,0.1090,66.4,21.9
2026-06-14T04:00:00,9.663,9.427,19.14,19.91,1.130,1.071,0.4906,0.4447,7.632,6.349,3328.6,2.971,0.1094,66.6,22.0
2026-06-14T05:00:00,10.503,10.123,19.75,20.18,1.130,1.073,0.4547,0.4268,7.163,6.446,3338.8,2.979,0.1097,66.8,22.0
2026-06-14T06:00:00,10.634,10.405,19.49,20.08,1.152,1.087,0.4842,0.4362,7.474,6.463,3349.2,2.989,0.1102,67.0,22.1
2026-06-14T07:00:00,10.503,10.222,19.54,20.62,1.148,1.092,0.4574,0.4343,7.809,6.410,3359.4,3.003,0.1104,67.2,22.2
2026-06-14T08:00:00,10.220,10.020,21.08,21.91,1.179,1.126,0.5070,0.4456,7.243,6.494,3369.4,3.011,0.1110,67.4,22.2
2026-06-14T09:00:00,10.891,10.622,21.07,22.13,1.186,1.117,0.4868,0.4296,7.361,6.237,3380.0,3.023,0.1116,67.6,22.3
2026-06-14T10:00:00,10.826,10.653,21.32,22.01,1.180,1.128,0.4205,0.4498,7.083,6.497,3390.7,3.029,0.1116,67.8,22.4
2026-06-14T11:00:00,10.945,10.665,22.39,23.63,1.196,1.145,0.4986,0.4538,7.343,6.406,3401.4,3.039,0.1121,68.0,22.4
2026-06-14T12:00:00,11.159,11.011,22.42,23.28,1.211,1.161,0.4774,0.4362,7.108,6.473,3412.4,3.046,0.1126,68.2,22.5
2026-06-14T13:00:00,10.740,10.522,23.31,24.08,1.228,1.166,0.4170,0.4386,7.050,6.466,3422.9,3.052,0.1126,68.5,22.6
2026-06-14T14:00:00,12.637,12.362,23.42,24.12,1.247,1.192,0.4466,0.4412,7.242,6.376,3435.3,3.063,0.1126,68.7,22.7
2026-06-14T15:00:00,11.532,11.360,23.59,24.21,1.188,1.132,0.4739,0.4360,7.918,6.375,3446.6,3.080,0.1131,68.9,22.7
2026-06-14T16:00:00,11.270,10.796,22.74,23.42,1.224,1.168,0.4552,0.4423,7.769,6.292,3457.4,3.096,0.1132,69.1,22.8
2026-06-14T17:00:00,11.806,11.477,23.00,23.98,1.227,1.166,0.5093,0.4394,7.331,6.628,3468.9,3.104,0.1140,69.4,22.9
2026-06-14T18:00:00,11.265,10.978,22.31,23.04,1.210,1.157,0.4261,0.4370,7.105,6.479,3479.9,3.111,0.1140,69.6,23.0
2026-06-14T19:00:00,10.909,10.805,21.89,22.47,1.203,1.147,0.4102,0.4347,7.490,6.001,3490.7,3.127,0.1140,69.8,23.0
2026-06-14T20:00:00,11.203,10.874,20.97,21.81,1.190,1.134,0.4349,0.4359,7.774,6.300,3501.5,3.143,0.1140,70.0,23.1
2026-06-14T21:00:00,10.746,10.499,21.26,21.66,1.195,1.137,0.4817,0.4399,7.344,6.291,3512.0,3.154,0.1145,70.2,23.2
2026-06-14T22:00:00,11.031,10.739,20.53,21.47,1.167,1.115,0.4761,0.4351,6.897,6.645,3522.8,3.157,0.1149,70.5,23.3
2026-06-14T23:00:00,10.467,10.195,19.85,21.12,1.152,1.098,0.4723,0.4229,6.997,6.361,3533.0,3.164,0.1154,70.7,23.3
2026-06-15T00:00:00,10.382,10.237,19.07,19.60,1.156,1.098,0.4496,0.4331,7.222,6.412,3543.2,3.172,0.1156,70.9,23.4
2026-06-15T01:00:00,10.546,10.206,19.15,20.38,1.173,1.122,0.4492,0.4255,7.820,6.183,3553.4,3.189,0.1158,71.1,23.5
2026-06-15T02:00:00,10.707,10.507,19.09,19.81,1.156,1.099,0.4407,0.4224,7.847,6.381,3563.9,3.204,0.1160,71.3,23.5
2026-06-15T03:00:00,10.007,9.660,18.09,18.75,1.146,1.085,0.4591,0.4219,7.865,6.299,3573.6,3.219,0.1164,71.5,23.6
2026-06-15T04:00:00,9.665,9.355,18.56,19.25,1.140,1.082,0.4620,0.4401,7.347,6.314,3582.9,3.229,0.1166,71.7,23.6
2026-06-15T05:00:00,10.415,10.151,19.61,20.36,1.144,1.091,0.4434,0.4423,6.966,6.343,3593.1,3.235,0.1166,71.9,23.7
2026-06-15T06:00:00,9.834,9.681,19.40,20.31,1.150,1.093,0.4811,0.4393,7.486,6.714,3602.8,3.243,0.1170,72.1,23.8
2026-06-15T07:00:00,10.076,9.811,20.17,20.87,1.146,1.093,0.4908,0.4326,7.359,6.237,3612.6,3.254,0.1176,72.3,23.8
2026-06-15T08:00:00,10.295,10.039,20.56,21.66,1.163,1.100,0.4993,0.4216,7.714,6.277,3622.6,3.268,0.1183,72.5,23.9
2026-06-15T09:00:00,11.084,11.020,21.13,21.94,1.187,1.129,0.4758,0.4396,7.161,6.191,3633.6,3.279,0.1187,72.7,24.0
2026-06-15T10:00:00,10.814,10.574,21.73,22.31,1.196,1.145,0.4247,0.4365,6.962,6.548,3644.2,3.283,0.1187,72.9,24.1
2026-06-15T11:00:00,11.207,10.923,21.94,22.63,1.211,1.152,0.5106,0.4360,7.053,6.482,3655.1,3.289,0.1195,73.1,24.1
2026-06-15T12:00:00,11.580,11.283,22.84,23.50,1.211,1.154,0.4724,0.4348,7.190,6.124,3666.4,3.301,0.1200,73.3,24.2
2026-06-15T13:00:00,11.145,10.769,22.53,23.45,1.219,1.156,0.4758,0.4316,7.161,6.293,3677.2,3.311,0.1204,73.5,24.3
2026-06-15T14:00:00,11.089,10.771,22.82,23.49,1.228,1.168,0.5178,0.4413,7.413,6.313,3688.0,3.323,0.1213,73.8,24.3
2026-06-15T15:00:00,11.261,11.048,23.12,23.63,1.225,1.171,0.4455,0.4438,6.941,6.367,3699.0,3.329,0.1213,74.0,24.4
2026-06-15T16:00:00,12.186,11.992,23.64,24.27,1.206,1.139,0.4754,0.4329,7.483,6.325,3711.0,3.343,0.1218,74.2,24.5
2026-06-15T17:00:00,12.020,11.667,22.75,23.35,1.221,1.161,0.4984,0.4209,6.838,6.142,3722.7,3.351,0.1227,74.5,24.6
2026-06-15T18:00:00,11.146,10.927,22.38,23.57,1.221,1.165,0.4691,0.4380,7.521,6.293,3733.6,3.364,0.1230,74.7,24.6
2026-06-15T19:00:00,11.411,11.323,22.06,22.39,1.201,1.146,0.4248,0.4189,7.639,6.295,3744.9,3.380,0.1231,74.9,24.7
2026-06-15T20:00:00,10.823,10.668,22.08,23.10,1.204,1.152,0.4532,0.4531,7.192,6.283,3755.6,3.389,0.1231,75.1,24.8
2026-06-15T21:00:00,10.767,10.395,21.13,21.52,1.175,1.122,0.4254,0.4308,7.697,6.326,3766.0,3.404,0.1231,75.3,24.9
2026-06-15T22:00:00,10.826,10.530,20.85,21.36,1.143,1.091,0.4809,0.4394,7.859,6.500,3776.5,3.418,0.1235,75.5,24.9
2026-06-15T23:00:00,10.393,10.030,19.84,20.88,1.170,1.101,0.4808,0.4378,7.792,6.215,3786.5,3.434,0.1240,75.7,25.0
2026-06-16T00:00:00,10.588,10.449,19.43,20.22,1.157,1.104,0.4188,0.4461,6.839,6.282,3797.0,3.440,0.1240,75.9,25.1
2026-06-16T01:00:00,10.776,10.565,19.25,19.69,1.160,1.103,0.4505,0.4445,7.353,6.310,3807.6,3.451,0.1240,76.2,25.1
2026-06-16T02:00:00,9.863,9.649,18.72,19.64,1.131,1.072,0.4951,0.4392,7.378,6.298,3817.2,3.461,0.1246,76.3,25.2
2026-06-16T03:00:00,9.982,9.562,18.34,19.22,1.143,1.090,0.4703,0.4383,7.938,6.364,3826.8,3.476,0.1249,76.5,25.3
2026-06-16T04:00:00,9.723,9.500,18.79,19.49,1.142,1.092,0.4797,0.4456,7.054,6.391,3836.3,3.482,0.1252,76.7,25.3
2026-06-16T05:00:00,10.947,10.717,19.57,20.63,1.141,1.088,0.4765,0.4452,7.771,6.291,3847.0,3.498,0.1255,76.9,25.4
2026-06-16T06:00:00,10.930,10.739,19.73,20.38,1.165,1.112,0.4339,0.4443,7.427,6.403,3857.7,3.509,0.1255,77.2,25.5
2026-06-16T07:00:00,10.413,10.070,20.00,20.69,1.153,1.088,0.5195,0.4439,7.189,6.299,3867.8,3.518,0.1263,77.4,25.5
2026-06-16T08:00:00,10.390,10.119,20.21,20.95,1.174,1.122,0.4693,0.4289,7.230,6.514,3877.9,3.525,0.1267,77.6,25.6
2026-06-16T09:00:00,10.745,10.356,20.15,20.70,1.183,1.127,0.4649,0.4294,6.384,6.477,3888.3,3.525,0.1271,77.8,25.7
2026-06-16T10:00:00,11.117,10.811,21.74,22.71,1.188,1.131,0.4627,0.4357,6.706,6.314,3899.1,3.530,0.1274,78.0,25.7
2026-06-16T11:00:00,11.227,11.069,22.12,23.30,1.199,1.143,0.4823,0.4502,7.421,6.195,3910.2,3.543,0.1277,78.2,25.8
2026-06-16T12:00:00,11.354,11.035,22.98,24.38,1.208,1.150,0.4962,0.4419,7.050,6.283,3921.2,3.552,0.1283,78.4,25.9
2026-06-16T13:00:00,11.775,11.415,22.48,22.99,1.189,1.131,0.4835,0.4241,7.371,6.303,3932.6,3.564,0.1290,78.7,26.0
2026-06-16T14:00:00,11.396,11.140,23.68,24.51,1.216,1.157,0.4151,0.4245,7.983,6.147,3943.7,3.584,0.1290,78.9,26.0
2026-06-16T15:00:00,11.790,11.358,22.84,23.30,1.240,1.190,0.4813,0.4358,7.537,6.461,3955.1,3.596,0.1295,79.1,26.1
2026-06-16T16:00:00,11.514,11.200,22.24,22.72,1.219,1.166,0.4867,0.4424,7.639,6.352,3966.3,3.611,0.1300,79.3,26.2
2026-06-16T17:00:00,10.843,10.586,22.71,23.98,1.202,1.146,0.4453,0.4319,6.763,6.422,3976.9,3.615,0.1302,79.5,26.2
2026-06-16T18:00:00,11.590,11.458,23.04,23.39,1.192,1.138,0.4457,0.4296,7.443,6.362,3988.3,3.627,0.1303,79.8,26.3
2026-06-16T19:00:00,11.872,11.575,21.73,22.23,1.206,1.148,0.5327,0.4570,7.237,6.486,3999.9,3.636,0.1312,80.0,26.4
2026-06-16T20:00:00,10.826,10.530,21.17,22.06,1.207,1.157,0.4865,0.4464,7.610,6.451,4010.4,3.648,0.1316,80.2,26.5
2026-06-16T21:00:00,10.841,10.518,20.92,21.49,1.195,1.141,0.4203,0.4204,7.371,6.455,4021.0,3.657,0.1316,80.4,26.5
2026-06-16T22:00:00,10.434,10.171,20.75,21.58,1.161,1.111,0.4605,0.4357,7.185,6.353,4031.1,3.666,0.1319,80.6,26.6
2026-06-16T23:00:00,9.673,9.494,20.04,20.88,1.154,1.097,0.4924,0.4288,7.959,6.506,4040.6,3.680,0.1325,80.8,26.7
2026-06-17T00:00:00,10.176,9.908,19.32,20.07,1.138,1.084,0.4861,0.4452,7.767,6.252,4050.5,3.695,0.1329,81.0,26.7
2026-06-17T01:00:00,10.048,9.832,18.65,19.75,1.132,1.077,0.4522,0.4590,7.981,6.464,4060.4,3.710,0.1329,81.2,26.8
2026-06-17T02:00:00,9.930,9.702,19.17,19.68,1.147,1.092,0.4527,0.4492,7.248,6.259,4070.1,3.719,0.1329,81.4,26.9
2026-06-17T03:00:00,10.559,10.115,18.42,19.04,1.131,1.065,0.4506,0.4332,7.520,6.252,4080.2,3.732,0.1331,81.6,26.9
2026-06-17T04:00:00,10.067,9.752,18.86,19.35,1.130,1.077,0.4569,0.4406,7.953,6.485,4089.9,3.746,0.1333,81.8,27.0
2026-06-17T05:00:00,10.569,10.253,19.89,20.58,1.170,1.106,0.4616,0.4404,7.255,6.520,4100.2,3.754,0.1335,82.0,27.1
2026-06-17T06:00:00,10.117,9.838,19.41,20.49,1.158,1.092,0.4452,0.4250,7.198,6.206,4110.0,3.764,0.1337,82.2,27.1
2026-06-17T07:00:00,10.533,10.151,20.13,21.34,1.181,1.129,0.5217,0.4350,7.807,6.116,4120.2,3.781,0.1346,82.4,27.2
2026-06-17T08:00:00,10.484,10.263,20.66,21.98,1.157,1.096,0.4653,0.4401,6.789,6.442,4130.4,3.784,0.1348,82.6,27.3
2026-06-17T09:00:00,10.353,10.112,20.72,21.52,1.192,1.136,0.4539,0.4316,7.233,6.547,4140.6,3.791,0.1351,82.8,27.3
2026-06-17T10:00:00,10.709,10.458,21.53,22.66,1.196,1.137,0.4818,0.4309,7.171,6.350,4151.0,3.800,0.1356,83.0,27.4
2026-06-17T11:00:00,11.205,10.964,21.42,22.01,1.214,1.161,0.4305,0.4449,6.699,6.318,4162.0,3.804,0.1356,83.2,27.5
2026-06-17T12:00:00,11.103,10.679,22.17,23.29,1.210,1.160,0.4682,0.4541,7.747,6.295,4172.7,3.820,0.1357,83.5,27.5
2026-06-17T13:00:00,11.090,10.823,23.13,23.60,1.207,1.153,0.4258,0.4403,7.584,6.553,4183.5,3.831,0.1357,83.7,27.6
2026-06-17T14:00:00,10.891,10.619,22.72,23.46,1.231,1.164,0.5227,0.4420,7.569,6.559,4194.1,3.841,0.1366,83.9,27.7
2026-06-17T15:00:00,11.788,11.614,23.22,23.61,1.229,1.168,0.5258,0.4444,7.278,6.156,4205.7,3.854,0.1375,84.1,27.8
2026-06-17T16:00:00,11.632,11.371,23.21,24.14,1.221,1.170,0.4482,0.4308,7.744,6.476,4217.1,3.869,0.1377,84.3,27.8
2026-06-17T17:00:00,11.914,11.549,23.27,23.94,1.206,1.150,0.4350,0.4146,7.549,6.088,4228.6,3.886,0.1380,84.6,27.9
2026-06-17T18:00:00,10.780,10.429,22.47,22.33,1.219,1.160,0.4378,0.4465,7.583,6.548,4239.1,3.897,0.1380,84.8,28.0
2026-06-17T19:00:00,11.565,11.165,21.63,22.70,1.201,1.145,0.4661,0.4445,7.101,6.409,4250.2,3.904,0.1382,85.0,28.1
2026-06-17T20:00:00,10.893,10.660,21.63,22.36,1.193,1.138,0.4649,0.4243,7.032,6.205,4260.9,3.913,0.1386,85.2,28.1
2026-06-17T21:00:00,11.893,11.521,20.15,21.23,1.167,1.112,0.4695,0.4361,7.609,6.249,4272.4,3.929,0.1390,85.4,28.2
2026-06-17T22:00:00,10.455,10.287,19.91,20.80,1.201,1.147,0.4514,0.4247,7.494,6.255,4282.7,3.942,0.1393,85.7,28.3
2026-06-17T23:00:00,9.720,9.456,20.05,20.86,1.161,1.104,0.4598,0.4360,7.332,6.070,4292.2,3.953,0.1395,85.8,28.3
2026-06-18T00:00:00,10.731,10.601,19.55,20.52,1.140,1.083,0.5036,0.4291,7.022,6.507,4302.8,3.959,0.1403,86.1,28.4
2026-06-18T01:00:00,10.278,10.167,19.46,19.99,1.147,1.083,0.4868,0.4412,7.539,6.364,4312.9,3.971,0.1408,86.3,28.5
2026-06-18T02:00:00,10.249,9.886,19.51,20.21,1.114,1.050,0.3970,0.4272,7.355,6.339,4322.8,3.981,0.1408,86.5,28.5
2026-06-18T03:00:00,10.003,9.771,18.86,19.53,1.147,1.084,0.4747,0.4204,7.373,6.176,4332.6,3.993,0.1413,86.7,28.6
2026-06-18T04:00:00,9.691,9.474,18.35,19.11,1.153,1.099,0.3867,0.4330,7.285,6.357,4342.0,4.001,0.1413,86.8,28.7
2026-06-18T05:00:00,10.399,10.025,19.30,19.98,1.134,1.080,0.5188,0.4301,7.535,6.240,4352.1,4.014,0.1422,87.0,28.7
2026-06-18T06:00:00,10.030,9.791,19.55,20.58,1.154,1.096,0.5201,0.4458,7.198,6.273,4361.9,4.023,0.1429,87.2,28.8
2026-06-18T07:00:00,10.459,10.251,19.24,20.00,1.140,1.088,0.4937,0.4406,7.712,6.320,4372.1,4.038,0.1435,87.4,28.9
2026-06-18T08:00:00,9.944,9.773,20.36,20.80,1.159,1.102,0.4842,0.4500,7.591,6.477,4381.9,4.049,0.1438,87.6,28.9
2026-06-18T09:00:00,10.785,10.457,20.53,21.54,1.192,1.133,0.4670,0.4321,6.745,6.213,4392.3,4.054,0.1442,87.8,29.0
2026-06-18T10:00:00,11.243,10.981,20.61,21.69,1.199,1.147,0.4582,0.4469,6.987,6.132,4403.3,4.064,0.1443,88.1,29.1
2026-06-18T11:00:00,11.071,10.943,21.56,22.50,1.203,1.145,0.4805,0.4363,6.970,6.337,4414.3,4.070,0.1448,88.3,29.1
2026-06-18T12:00:00,11.216,10.906,22.08,23.16,1.184,1.127,0.4994,0.4410,7.386,6.248,4425.2,4.083,0.1454,88.5,29.2
2026-06-18T13:00:00,11.733,11.468,22.88,23.74,1.239,1.187,0.5031,0.4432,7.785,6.561,4436.6,4.097,0.1461,88.7,29.3
2026-06-18T14:00:00,11.394,11.126,23.07,23.96,1.206,1.142,0.4835,0.4379,6.800,6.404,4447.8,4.101,0.1466,89.0,29.4
2026-06-18T15:00:00,11.872,11.589,22.22,23.20,1.209,1.156,0.5218,0.4405,7.267,6.550,4459.4,4.110,0.1476,89.2,29.4
2026-06-18T16:00:00,10.445,10.144,22.42,23.06,1.239,1.184,0.4972,0.4341,7.269,6.110,4469.5,4.121,0.1482,89.4,29.5
2026-06-18T17:00:00,11.693,11.326,23.01,23.91,1.211,1.139,0.4775,0.4366,7.390,6.266,4480.8,4.134,0.1487,89.6,29.6
2026-06-18T18:00:00,11.201,10.991,21.55,22.21,1.205,1.150,0.4607,0.4297,7.006,6.173,4491.8,4.143,0.1490,89.8,29.6
2026-06-18T19:00:00,11.451,11.108,21.85,23.00,1.214,1.156,0.4643,0.4406,7.667,6.149,4502.9,4.160,0.1493,90.1,29.7
2026-06-18T20:00:00,11.641,11.256,20.76,21.43,1.199,1.148,0.4585,0.4378,7.137,6.438,4514.2,4.168,0.1495,90.3,29.8
2026-06-18T21:00:00,10.763,10.552,20.74,21.33,1.173,1.119,0.3975,0.4246,7.119,6.528,4524.7,4.174,0.1495,90.5,29.9
2026-06-18T22:00:00,11.136,10.874,20.50,21.47,1.170,1.109,0.5035,0.4367,7.467,6.493,4535.6,4.185,0.1502,90.7,29.9
2026-06-18T23:00:00,10.270,10.148,19.64,20.69,1.174,1.109,0.4902,0.4292,7.489,6.282,4545.8,4.197,0.1508,90.9,30.0
2026-06-19T00:00:00,9.771,9.514,19.21,20.08,1.177,1.121,0.4705,0.4320,7.275,6.418,4555.3,4.205,0.1512,91.1,30.1
2026-06-19T01:00:00,9.814,9.589,19.32,20.22,1.131,1.070,0.4872,0.4349,7.797,5.925,4564.9,4.223,0.1517,91.3,30.1
2026-06-19T02:00:00,10.003,9.797,18.84,20.21,1.137,1.083,0.4568,0.4293,7.086,6.279,4574.7,4.231,0.1520,91.5,30.2
2026-06-19T03:00:00,10.397,10.142,18.83,19.44,1.126,1.072,0.4898,0.4421,7.590,6.290,4584.8,4.244,0.1525,91.7,30.3
2026-06-19T04:00:00,9.472,9.280,19.41,20.18,1.144,1.084,0.4370,0.4611,7.166,6.213,4594.1,4.253,0.1525,91.9,30.3
2026-06-19T05:00:00,10.589,10.362,19.02,20.11,1.184,1.126,0.4999,0.4348,7.650,6.343,4604.4,4.267,0.1531,92.1,30.4
2026-06-19T06:00:00,10.489,10.095,19.00,20.01,1.139,1.085,0.4438,0.4519,7.232,6.521,4614.5,4.274,0.1531,92.3,30.5
2026-06-19T07:00:00,10.275,10.025,19.90,21.00,1.161,1.102,0.4415,0.4335,7.488,6.143,4624.6,4.287,0.1532,92.5,30.5
2026-06-19T08:00:00,10.371,10.136,20.26,20.82,1.175,1.122,0.4906,0.4384,7.395,6.332,4634.7,4.298,0.1537,92.7,30.6
2026-06-19T09:00:00,11.116,10.885,20.17,20.91,1.179,1.127,0.5034,0.4307,6.539,6.176,4645.6,4.302,0.1545,92.9,30.7
2026-06-19T10:00:00,10.946,10.614,21.58,22.60,1.181,1.122,0.4645,0.4259,7.164,6.140,4656.2,4.313,0.1550,93.1,30.7
2026-06-19T11:00:00,10.999,10.659,21.91,22.01,1.185,1.128,0.4983,0.4413,6.884,6.208,4666.9,4.320,0.1556,93.3,30.8
2026-06-19T12:00:00,11.208,10.988,22.26,23.57,1.179,1.127,0.4379,0.4467,7.494,6.299,4677.8,4.333,0.1556,93.6,30.9
2026-06-19T13:00:00,10.826,10.744,22.89,23.36,1.211,1.153,0.4345,0.4230,7.406,6.173,4688.6,4.347,0.1557,93.8,30.9
2026-06-19T14:00:00,11.488,11.066,22.51,23.20,1.228,1.177,0.4874,0.4368,7.481,6.534,4699.7,4.357,0.1562,94.0,31.0
2026-06-19T15:00:00,11.001,10.749,22.64,23.85,1.224,1.166,0.4349,0.4331,7.289,6.613,4710.4,4.364,0.1563,94.2,31.1
2026-06-19T16:00:00,11.565,11.316,22.46,23.55,1.230,1.179,0.4718,0.4394,7.409,6.623,4721.7,4.373,0.1566,94.4,31.2
2026-06-19T17:00:00,11.076,10.683,22.65,23.36,1.216,1.164,0.4857,0.4567,7.176,6.242,4732.4,4.383,0.1569,94.6,31.2
2026-06-19T18:00:00,11.582,11.006,22.07,22.61,1.198,1.136,0.4554,0.4283,7.509,6.351,4743.4,4.396,0.1572,94.9,31.3
2026-06-19T19:00:00,11.260,10.964,22.14,23.02,1.177,1.127,0.4392,0.4415,6.979,6.277,4754.4,4.404,0.1572,95.1,31.4
2026-06-19T20:00:00,10.809,10.487,21.55,22.43,1.165,1.112,0.4700,0.4352,6.635,6.257,4764.9,4.408,0.1576,95.3,31.4
2026-06-19T21:00:00,10.425,10.212,21.08,22.01,1.176,1.120,0.4551,0.4303,7.776,6.327,4775.1,4.422,0.1579,95.5,31.5
2026-06-19T22:00:00,10.884,10.605,20.95,21.91,1.177,1.126,0.4804,0.4278,7.044,6.275,4785.7,4.431,0.1584,95.7,31.6
2026-06-19T23:00:00,9.632,9.421,19.64,20.33,1.167,1.117,0.4011,0.4358,7.330,6.183,4795.1,4.441,0.1584,95.9,31.6
2026-06-20T00:00:00,10.285,9.996,18.59,19.59,1.139,1.079,0.4637,0.4308,6.103,5.979,4805.1,4.443,0.1587,96.1,31.7
2026-06-20T01:00:00,10.290,9.995,18.80,19.99,1.136,1.076,0.4703,0.4419,7.189,6.103,4815.1,4.453,0.1590,96.3,31.8
2026-06-20T02:00:00,10.192,9.868,19.38,19.85,1.126,1.075,0.4529,0.4223,7.770,6.369,4825.0,4.467,0.1593,96.5,31.8
2026-06-20T03:00:00,10.085,9.932,18.49,19.04,1.125,1.061,0.4744,0.4364,7.379,6.639,4834.9,4.475,0.1597,96.7,31.9
2026-06-20T04:00:00,10.114,9.943,18.39,19.39,1.119,1.063,0.4392,0.4369,6.734,6.411,4844.8,4.478,0.1597,96.9,32.0
2026-06-20T05:00:00,10.572,10.303,18.99,19.67,1.142,1.088,0.5066,0.4215,7.242,6.019,4855.1,4.490,0.1606,97.1,32.0
2026-06-20T06:00:00,10.658,10.583,19.99,20.78,1.178,1.122,0.5313,0.4471,7.248,6.119,4865.7,4.502,0.1615,97.3,32.1
2026-06-20T07:00:00,11.030,10.654,19.47,19.88,1.165,1.113,0.4039,0.4494,7.297,6.566,4876.4,4.510,0.1615,97.5,32.2
2026-06-20T08:00:00,10.124,9.834,20.01,21.05,1.209,1.140,0.4362,0.4345,7.199,6.362,4886.2,4.518,0.1615,97.7,32.2
2026-06-20T09:00:00,10.152,9.890,20.87,21.81,1.198,1.141,0.4390,0.4338,7.100,6.610,4896.1,4.523,0.1616,97.9,32.3
2026-06-20T10:00:00,11.060,11.071,21.48,22.08,1.187,1.136,0.4858,0.4411,7.052,6.283,4907.2,4.532,0.1621,98.1,32.4
2026-06-20T11:00:00,11.412,11.134,21.82,22.79,1.198,1.142,0.4890,0.4132,7.738,6.382,4918.3,4.547,0.1629,98.4,32.5
2026-06-20T12:00:00,11.161,10.974,21.97,22.56,1.215,1.150,0.4707,0.4366,7.123,6.420,4929.3,4.555,0.1633,98.6,32.5
2026-06-20T13:00:00,11.558,11.191,21.89,22.63,1.210,1.152,0.4439,0.4464,7.203,6.296,4940.5,4.565,0.1633,98.8,32.6
2026-06-20T14:00:00,10.919,10.678,22.66,23.86,1.215,1.154,0.4623,0.4411,7.177,6.234,4951.1,4.575,0.1635,99.0,32.7
2026-06-20T15:00:00,11.371,11.056,22.24,23.00,1.212,1.159,0.4972,0.4506,7.089,6.287,4962.2,4.584,0.1640,99.2,32.8
2026-06-20T16:00:00,10.982,10.630,22.49,22.89,1.219,1.165,0.4544,0.4311,7.551,6.238,4972.8,4.598,0.1643,99.5,32.8
2026-06-20T17:00:00,11.402,11.112,22.36,22.74,1.209,1.148,0.4736,0.4581,7.178,6.396,4983.9,4.606,0.1644,99.7,32.9
2026-06-20T18:00:00,11.085,10.872,22.15,23.25,1.182,1.132,0.4378,0.4258,7.118,6.506,4994.8,4.613,0.1646,99.9,33.0
2026-06-20T19:00:00,11.252,10.915,21.32,21.87,1.194,1.139,0.4768,0.4331,7.592,6.262,5005.7,4.628,0.1650,100.1,33.0
2026-06-20T20:00:00,10.960,10.714,21.65,22.19,1.194,1.133,0.5072,0.4409,7.465,6.346,5016.4,4.639,0.1658,100.3,33.1
2026-06-20T21:00:00,11.106,10.841,20.83,21.37,1.189,1.129,0.4634,0.4565,6.737,6.186,5027.3,4.645,0.1658,100.5,33.2
2026-06-20T22:00:00,10.600,10.219,19.96,20.80,1.165,1.112,0.4941,0.4284,7.462,6.060,5037.5,4.660,0.1665,100.8,33.2
2026-06-20T23:00:00,11.095,10.926,20.16,20.60,1.156,1.095,0.4596,0.4252,7.441,6.348,5048.4,4.672,0.1669,101.0,33.3
2026-06-21T00:00:00,10.371,10.042,19.66,20.60,1.137,1.086,0.4676,0.4223,6.914,6.297,5058.5,4.678,0.1673,101.2,33.4
2026-06-21T01:00:00,10.112,10.041,19.04,20.08,1.151,1.081,0.4938,0.4317,7.086,6.186,5068.5,4.687,0.1680,101.4,33.5
2026-06-21T02:00:00,10.202,9.950,18.65,19.42,1.127,1.062,0.4665,0.4293,7.866,6.240,5078.5,4.703,0.1683,101.6,33.5
2026-06-21T03:00:00,9.722,9.468,19.10,19.79,1.149,1.094,0.4928,0.4146,7.099,6.230,5087.9,4.711,0.1691,101.8,33.6
2026-06-21T04:00:00,9.742,9.404,18.27,18.99,1.117,1.061,0.4866,0.4361,7.311,6.228,5097.3,4.722,0.1695,101.9,33.6
2026-06-21T05:00:00,9.699,9.515,19.50,20.28,1.131,1.079,0.4688,0.4268,7.231,6.454,5106.8,4.729,0.1699,102.1,33.7
2026-06-21T06:00:00,10.146,9.894,18.85,19.65,1.166,1.100,0.4683,0.4356,7.120,6.228,5116.7,4.738,0.1703,102.3,33.8
2026-06-21T07:00:00,10.135,9.813,19.55,20.05,1.158,1.107,0.4728,0.4357,7.581,6.188,5126.6,4.751,0.1706,102.5,33.8
2026-06-21T08:00:00,11.122,10.820,20.21,21.31,1.154,1.100,0.4652,0.4411,7.123,6.487,5137.4,4.758,0.1709,102.7,33.9
2026-06-21T09:00:00,10.523,10.335,20.32,21.09,1.164,1.099,0.4803,0.4246,7.413,6.177,5147.7,4.771,0.1715,103.0,34.0
2026-06-21T10:00:00,10.966,10.743,22.30,22.97,1.200,1.139,0.4464,0.4472,7.202,6.259,5158.5,4.781,0.1715,103.2,34.0
2026-06-21T11:00:00,10.801,10.569,21.98,22.66,1.193,1.138,0.4844,0.4270,7.547,6.328,5169.0,4.794,0.1721,103.4,34.1
2026-06-21T12:00:00,11.559,11.309,22.69,23.59,1.198,1.138,0.4448,0.4285,6.804,6.068,5180.3,4.802,0.1723,103.6,34.2
2026-06-21T13:00:00,11.204,11.052,22.32,23.27,1.229,1.175,0.4240,0.4309,7.603,5.951,5191.4,4.821,0.1723,103.8,34.3
2026-06-21T14:00:00,11.830,11.399,23.02,23.72,1.221,1.163,0.4539,0.4483,6.468,6.435,5202.8,4.821,0.1723,104.1,34.3
2026-06-21T15:00:00,10.952,10.492,22.51,22.92,1.200,1.147,0.5025,0.4423,7.358,6.288,5213.3,4.832,0.1730,104.3,34.4
2026-06-21T16:00:00,11.249,10.886,23.42,23.88,1.209,1.151,0.4894,0.4496,6.799,6.322,5224.2,4.838,0.1734,104.5,34.5
2026-06-21T17:00:00,11.044,10.767,22.08,22.92,1.207,1.145,0.4542,0.4206,6.869,6.349,5234.9,4.843,0.1737,104.7,34.6
2026-06-21T18:00:00,10.578,10.279,22.26,23.07,1.222,1.162,0.4305,0.4418,7.106,6.101,5245.2,4.853,0.1737,104.9,34.6
2026-06-21T19:00:00,11.406,11.285,21.37,21.96,1.193,1.139,0.5431,0.4259,7.076,6.253,5256.5,4.863,0.1751,105.1,34.7
2026-06-21T20:00:00,10.909,10.607,21.31,22.36,1.205,1.152,0.4665,0.4354,7.243,6.212,5267.1,4.874,0.1754,105.3,34.8
2026-06-21T21:00:00,10.597,10.228,20.59,21.29,1.203,1.148,0.4734,0.4482,7.229,6.327,5277.3,4.883,0.1757,105.5,34.8
2026-06-21T22:00:00,10.911,10.605,20.22,20.93,1.174,1.111,0.4886,0.4388,7.606,6.337,5287.9,4.896,0.1762,105.8,34.9
2026-06-21T23:00:00,10.588,10.450,20.18,21.07,1.133,1.072,0.4085,0.4484,7.590,6.271,5298.4,4.910,0.1762,106.0,35.0
2026-06-22T00:00:00,10.061,9.720,19.17,20.28,1.165,1.099,0.4903,0.4337,7.686,6.361,5308.1,4.923,0.1767,106.2,35.0
2026-06-22T01:00:00,10.811,10.621,19.20,19.66,1.142,1.080,0.4581,0.4462,6.804,6.204,5318.7,4.929,0.1769,106.4,35.1
2026-06-22T02:00:00,10.477,10.170,18.62,19.26,1.145,1.095,0.4119,0.4601,6.339,6.324,5328.9,4.930,0.1769,106.6,35.2
2026-06-22T03:00:00,10.507,10.277,18.45,19.22,1.131,1.080,0.4600,0.4263,7.247,6.323,5339.2,4.939,0.1772,106.8,35.2
2026-06-22T04:00:00,10.648,10.273,18.00,18.68,1.145,1.079,0.5089,0.4315,7.031,6.295,5349.4,4.947,0.1780,107.0,35.3
2026-06-22T05:00:00,9.475,9.206,19.34,20.57,1.141,1.081,0.4538,0.4429,6.836,6.035,5358.6,4.954,0.1781,107.2,35.4
2026-06-22T06:00:00,10.213,9.996,19.28,19.97,1.135,1.085,0.5065,0.4201,7.255,6.261,5368.6,4.964,0.1790,107.4,35.4
2026-06-22T07:00:00,11.048,10.798,20.23,20.65,1.151,1.099,0.4878,0.4366,7.428,6.218,5379.4,4.977,0.1795,107.6,35.5
2026-06-22T08:00:00,10.276,9.886,19.94,20.94,1.181,1.128,0.4594,0.4261,6.376,6.391,5389.3,4.977,0.1798,107.8,35.6
2026-06-22T09:00:00,11.218,10.973,20.20,20.86,1.190,1.137,0.4923,0.4366,7.730,6.309,5400.3,4.993,0.1805,108.0,35.6
2026-06-22T10:00:00,11.669,11.451,21.03,21.63,1.213,1.150,0.5353,0.4234,7.624,6.447,5411.8,5.006,0.1817,108.2,35.7
2026-06-22T11:00:00,10.936,10.772,22.32,23.62,1.200,1.149,0.4364,0.4279,6.940,6.226,5422.5,5.014,0.1818,108.5,35.8
2026-06-22T12:00:00,11.177,10.836,22.29,23.40,1.174,1.122,0.4637,0.4298,7.618,6.412,5433.4,5.027,0.1822,108.7,35.9
2026-06-22T13:00:00,11.307,11.122,22.75,23.64,1.218,1.153,0.4867,0.4331,6.991,6.410,5444.5,5.033,0.1828,108.9,35.9
2026-06-22T14:00:00,11.821,11.459,22.34,23.33,1.229,1.172,0.4715,0.4370,7.774,6.265,5455.9,5.051,0.1832,109.1,36.0
2026-06-22T15:00:00,10.582,10.207,22.39,23.71,1.207,1.150,0.4628,0.4264,6.452,6.371,5466.1,5.051,0.1836,109.3,36.1
2026-06-22T16:00:00,11.807,11.479,22.04,23.26,1.230,1.166,0.4638,0.4195,7.249,6.374,5477.6,5.061,0.1841,109.6,36.2
2026-06-22T17:00:00,11.220,10.961,22.28,23.71,1.224,1.171,0.4446,0.4385,6.353,6.320,5488.6,5.062,0.1841,109.8,36.2
2026-06-22T18:00:00,10.912,10.646,22.07,22.38,1.218,1.165,0.5114,0.4208,7.161,6.059,5499.2,5.073,0.1851,110.0,36.3
2026-06-22T19:00:00,10.853,10.703,22.59,22.82,1.191,1.135,0.4916,0.4464,7.583,6.504,5509.9,5.085,0.1856,110.2,36.4
2026-06-22T20:00:00,10.782,10.451,21.82,22.63,1.198,1.143,0.4252,0.4266,7.569,6.224,5520.4,5.099,0.1856,110.4,36.4
2026-06-22T21:00:00,10.715,10.460,20.50,21.55,1.182,1.130,0.5398,0.4317,7.607,6.267,5530.8,5.113,0.1867,110.6,36.5
2026-06-22T22:00:00,10.241,10.218,19.73,20.20,1.149,1.085,0.4979,0.4391,7.180,6.338,5541.1,5.122,0.1873,110.8,36.6
2026-06-22T23:00:00,9.671,9.386,19.83,20.40,1.166,1.102,0.4705,0.4520,7.203,6.573,5550.5,5.128,0.1875,111.0,36.6
2026-06-23T00:00:00,9.748,9.534,19.34,20.63,1.167,1.115,0.4708,0.4293,7.321,6.162,5560.0,5.139,0.1879,111.2,36.7
2026-06-23T01:00:00,9.413,9.279,18.92,19.86,1.149,1.088,0.5363,0.4281,7.052,6.368,5569.3,5.145,0.1889,111.4,36.8
2026-06-23T02:00:00,10.169,9.882,18.72,19.63,1.160,1.095,0.4321,0.4337,7.384,6.446,5579.1,5.154,0.1889,111.6,36.8
2026-06-23T03:00:00,10.594,10.392,17.92,18.75,1.112,1.057,0.4126,0.4272,7.732,6.403,5589.5,5.168,0.1889,111.8,36.9
2026-06-23T04:00:00,10.544,10.272,18.55,19.06,1.144,1.080,0.4681,0.4412,6.908,6.316,5599.8,5.174,0.1892,112.0,37.0
2026-06-23T05:00:00,10.983,10.707,18.72,19.33,1.128,1.074,0.4455,0.4365,7.040,6.313,5610.5,5.182,0.1893,112.2,37.0
2026-06-23T06:00:00,10.166,9.901,19.18,19.48,1.151,1.100,0.4670,0.4370,7.346,6.382,5620.4,5.191,0.1896,112.4,37.1
2026-06-23T07:00:00,10.423,10.019,19.71,20.50,1.139,1.078,0.4581,0.4292,7.729,6.238,5630.4,5.206,0.1899,112.6,37.2
2026-06-23T08:00:00,10.303,10.035,19.59,20.39,1.161,1.109,0.4489,0.4276,7.122,6.428,5640.5,5.213,0.1901,112.8,37.2
2026-06-23T09:00:00,11.169,10.851,20.59,21.51,1.162,1.105,0.4955,0.4249,7.123,6.456,5651.3,5.221,0.1908,113.0,37.3
2026-06-23T10:00:00,10.890,10.587,21.66,22.34,1.156,1.101,0.4179,0.4441,6.560,6.233,5661.9,5.224,0.1908,113.2,37.4
2026-06-23T11:00:00,11.101,10.824,21.20,22.22,1.200,1.144,0.4516,0.4385,7.264,6.033,5672.7,5.237,0.1910,113.5,37.4
2026-06-23T12:00:00,11.594,11.208,22.08,22.89,1.222,1.168,0.4314,0.4241,7.074,6.378,5683.9,5.245,0.1911,113.7,37.5
2026-06-23T13:00:00,11.771,11.570,21.75,22.27,1.193,1.137,0.4542,0.4472,7.260,6.215,5695.5,5.257,0.1911,113.9,37.6
2026-06-23T14:00:00,11.137,10.781,21.82,22.69,1.205,1.149,0.5459,0.4240,7.516,6.345,5706.3,5.270,0.1925,114.1,37.7
2026-06-23T15:00:00,11.827,11.620,22.65,23.23,1.199,1.140,0.4309,0.4332,7.391,6.272,5717.9,5.283,0.1925,114.4,37.7
2026-06-23T16:00:00,11.264,11.136,22.10,22.89,1.211,1.159,0.4911,0.4169,6.821,6.198,5729.1,5.290,0.1933,114.6,37.8
2026-06-23T17:00:00,11.775,11.533,22.97,23.80,1.231,1.167,0.5028,0.4365,7.086,6.402,5740.6,5.298,0.1940,114.8,37.9
2026-06-23T18:00:00,11.645,11.277,21.35,22.24,1.218,1.162,0.4721,0.4412,7.491,6.119,5751.9,5.313,0.1944,115.0,38.0
2026-06-23T19:00:00,11.763,11.449,21.20,22.03,1.216,1.165,0.4814,0.4477,7.332,6.293,5763.3,5.325,0.1948,115.3,38.0
2026-06-23T20:00:00,11.145,10.763,21.24,22.06,1.198,1.144,0.4789,0.4429,6.984,6.138,5774.1,5.334,0.1952,115.5,38.1
2026-06-23T21:00:00,10.547,10.243,20.80,21.86,1.171,1.121,0.4611,0.4333,7.536,6.243,5784.3,5.347,0.1954,115.7,38.2
2026-06-23T22:00:00,10.777,10.334,19.31,20.01,1.131,1.063,0.4775,0.4334,6.746,6.525,5794.7,5.350,0.1959,115.9,38.2
2026-06-23T23:00:00,10.547,10.363,19.13,19.97,1.167,1.110,0.4827,0.4260,6.972,6.283,5805.0,5.357,0.1965,116.1,38.3
2026-06-24T00:00:00,10.666,10.426,19.62,20.17,1.135,1.084,0.4682,0.4373,7.984,6.243,5815.4,5.375,0.1968,116.3,38.4
2026-06-24T01:00:00,10.513,10.184,19.04,20.05,1.150,1.089,0.4692,0.4356,7.269,6.182,5825.6,5.386,0.1972,116.5,38.4
2026-06-24T02:00:00,9.733,9.594,18.45,19.64,1.120,1.065,0.4546,0.4343,7.095,6.227,5835.2,5.394,0.1974,116.7,38.5
2026-06-24T03:00:00,10.314,10.097,19.37,20.12,1.128,1.076,0.5033,0.4359,7.051,6.264,5845.3,5.402,0.1980,116.9,38.6
2026-06-24T04:00:00,9.267,9.020,19.30,19.99,1.141,1.089,0.4703,0.4229,7.304,6.197,5854.3,5.412,0.1985,117.1,38.6
2026-06-24T05:00:00,9.903,9.603,18.18,19.36,1.137,1.085,0.4253,0.4280,7.248,5.963,5863.9,5.425,0.1985,117.3,38.7
2026-06-24T06:00:00,10.123,9.843,19.26,20.20,1.160,1.108,0.4941,0.4272,6.482,6.336,5873.8,5.426,0.1991,117.5,38.8
2026-06-24T07:00:00,10.326,10.131,19.42,20.16,1.135,1.084,0.5194,0.4507,7.496,6.377,5883.9,5.437,0.1998,117.7,38.8
2026-06-24T08:00:00,9.919,9.693,20.62,21.68,1.161,1.109,0.4781,0.4207,6.134,6.342,5893.6,5.437,0.2004,117.9,38.9
2026-06-24T09:00:00,11.218,10.892,20.26,21.21,1.186,1.130,0.4841,0.4350,7.315,5.987,5904.5,5.452,0.2009,118.1,39.0
2026-06-24T10:00:00,11.040,10.842,20.37,21.09,1.172,1.121,0.4952,0.4349,6.754,5.984,5915.3,5.460,0.2016,118.3,39.0
2026-06-24T11:00:00,11.170,10.906,21.69,22.41,1.215,1.162,0.4751,0.4140,7.148,6.070,5926.2,5.472,0.2022,118.5,39.1
2026-06-24T12:00:00,11.577,11.260,22.28,22.74,1.218,1.163,0.4710,0.4375,6.997,6.196,5937.5,5.481,0.2026,118.8,39.2
2026-06-24T13:00:00,11.582,11.362,22.51,23.34,1.212,1.160,0.4784,0.4283,7.004,6.198,5948.9,5.490,0.2032,119.0,39.3
2026-06-24T14:00:00,11.902,11.381,22.73,24.00,1.230,1.174,0.5154,0.4407,7.105,5.995,5960.2,5.503,0.2040,119.2,39.3
2026-06-24T15:00:00,12.603,12.454,22.30,22.82,1.199,1.148,0.4207,0.4136,7.142,6.242,5972.7,5.514,0.2041,119.5,39.4
2026-06-24T16:00:00,11.575,11.269,22.68,23.29,1.205,1.153,0.4820,0.4365,7.347,6.259,5984.0,5.526,0.2046,119.7,39.5
2026-06-24T17:00:00,11.419,10.970,21.97,22.72,1.177,1.121,0.4698,0.4264,7.419,6.344,5994.9,5.538,0.2051,119.9,39.6
2026-06-24T18:00:00,11.715,11.225,22.58,23.47,1.225,1.164,0.4343,0.4328,7.396,6.143,6006.2,5.552,0.2051,120.1,39.6
2026-06-24T19:00:00,11.072,10.907,21.35,21.79,1.175,1.121,0.4444,0.4287,7.207,6.129,6017.1,5.564,0.2053,120.3,39.7
2026-06-24T20:00:00,11.028,10.844,21.51,22.12,1.177,1.114,0.4871,0.4304,7.306,5.998,6027.9,5.578,0.2059,120.6,39.8
2026-06-24T21:00:00,11.201,10.885,20.86,21.70,1.200,1.150,0.4718,0.4384,6.739,6.151,6038.8,5.585,0.2063,120.8,39.9
2026-06-24T22:00:00,10.304,10.020,19.36,20.37,1.178,1.126,0.4656,0.4265,7.371,6.379,6048.8,5.594,0.2067,121.0,39.9
2026-06-24T23:00:00,10.241,10.022,19.81,20.61,1.168,1.114,0.4734,0.4408,7.599,6.133,6058.8,5.609,0.2070,121.2,40.0
2026-06-25T00:00:00,10.045,9.745,18.77,19.51,1.151,1.099,0.4185,0.4292,7.594,6.109,6068.6,5.624,0.2070,121.4,40.1
2026-06-25T01:00:00,9.837,9.625,19.19,20.20,1.153,1.091,0.5150,0.4235,7.208,6.531,6078.2,5.630,0.2079,121.6,40.1
2026-06-25T02:00:00,9.803,9.606,18.47,19.19,1.162,1.109,0.4696,0.4481,7.336,6.208,6087.8,5.641,0.2081,121.8,40.2
2026-06-25T03:00:00,10.836,10.334,19.00,20.27,1.115,1.065,0.4381,0.4229,8.135,6.156,6098.2,5.661,0.2082,122.0,40.2
2026-06-25T04:00:00,9.468,9.326,18.51,19.50,1.157,1.095,0.4550,0.4275,7.525,6.424,6107.5,5.672,0.2085,122.1,40.3
2026-06-25T05:00:00,10.181,9.960,18.51,19.30,1.123,1.065,0.4568,0.4404,6.182,6.117,6117.4,5.672,0.2086,122.3,40.4
2026-06-25T06:00:00,10.477,10.135,18.87,19.48,1.160,1.109,0.4732,0.4378,7.247,6.201,6127.6,5.683,0.2090,122.6,40.4
2026-06-25T07:00:00,10.465,10.205,18.81,19.81,1.145,1.090,0.4663,0.4303,7.384,6.017,6137.8,5.697,0.2094,122.8,40.5
2026-06-25T08:00:00,10.826,10.565,19.58,20.39,1.205,1.136,0.4318,0.4326,6.432,6.383,6148.3,5.697,0.2094,123.0,40.6
2026-06-25T09:00:00,10.656,10.565,20.76,21.90,1.159,1.103,0.5283,0.4194,6.627,6.250,6158.9,5.701,0.2105,123.2,40.6
2026-06-25T10:00:00,11.438,11.182,21.59,22.50,1.174,1.122,0.4926,0.4163,6.777,6.404,6170.1,5.706,0.2114,123.4,40.7
2026-06-25T11:00:00,10.902,10.594,21.25,22.19,1.185,1.130,0.4727,0.4300,7.119,6.091,6180.7,5.716,0.2118,123.6,40.8
2026-06-25T12:00:00,11.763,11.431,22.13,23.08,1.219,1.168,0.4769,0.4266,7.181,6.401,6192.1,5.725,0.2124,123.8,40.9
2026-06-25T13:00:00,11.157,10.992,21.43,22.42,1.222,1.158,0.4535,0.4284,7.702,6.308,6203.1,5.741,0.2127,124.1,40.9
2026-06-25T14:00:00,11.946,11.559,21.53,22.40,1.225,1.165,0.4655,0.4394,6.983,6.267,6214.7,5.749,0.2130,124.3,41.0
2026-06-25T15:00:00,12.002,11.663,22.62,23.01,1.205,1.150,0.4568,0.4179,7.303,5.963,6226.3,5.765,0.2134,124.5,41.1
2026-06-25T16:00:00,11.647,11.216,22.72,23.31,1.204,1.149,0.4796,0.4286,7.846,6.115,6237.5,5.784,0.2140,124.8,41.2
2026-06-25T17:00:00,11.618,11.310,22.45,22.85,1.211,1.155,0.4437,0.4421,7.934,6.288,6248.9,5.803,0.2140,125.0,41.2
2026-06-25T18:00:00,11.435,11.111,21.29,22.05,1.203,1.146,0.4245,0.4246,6.663,6.247,6260.0,5.807,0.2140,125.2,41.3
2026-06-25T19:00:00,11.142,11.004,21.55,22.76,1.201,1.145,0.4864,0.4409,6.271,6.161,6271.0,5.808,0.2145,125.4,41.4
2026-06-25T20:00:00,11.398,11.126,21.53,22.17,1.192,1.124,0.4859,0.4330,7.212,5.978,6282.1,5.822,0.2151,125.6,41.5
2026-06-25T21:00:00,11.546,11.376,20.19,21.13,1.176,1.122,0.4414,0.4341,6.647,6.096,6293.5,5.828,0.2152,125.9,41.5
2026-06-25T22:00:00,10.910,10.707,19.67,20.70,1.177,1.121,0.5139,0.4239,6.608,6.184,6304.2,5.833,0.2162,126.1,41.6
2026-06-25T23:00:00,10.269,10.036,19.22,19.72,1.164,1.113,0.4436,0.4189,7.871,6.118,6314.2,5.851,0.2164,126.3,41.7
2026-06-26T00:00:00,10.694,10.378,18.54,19.27,1.118,1.060,0.4576,0.4217,7.592,6.001,6324.6,5.867,0.2168,126.5,41.7
2026-06-26T01:00:00,10.614,10.318,18.58,19.84,1.152,1.094,0.4709,0.4337,7.115,6.190,6334.9,5.877,0.2172,126.7,41.8
2026-06-26T02:00:00,9.865,9.566,19.19,20.06,1.122,1.064,0.4404,0.4335,7.310,6.113,6344.5,5.888,0.2172,126.9,41.9
2026-06-26T03:00:00,10.423,10.234,18.56,19.60,1.150,1.090,0.4564,0.4405,7.047,6.118,6354.7,5.898,0.2174,127.1,41.9
2026-06-26T04:00:00,10.098,9.908,18.21,18.98,1.149,1.092,0.4768,0.4426,6.737,5.786,6364.6,5.907,0.2177,127.3,42.0
2026-06-26T05:00:00,10.469,10.241,18.19,18.89,1.132,1.080,0.4725,0.4232,7.639,6.330,6374.9,5.920,0.2182,127.5,42.1
2026-06-26T06:00:00,10.198,9.919,19.10,20.02,1.155,1.098,0.4618,0.4367,7.682,6.345,6384.8,5.934,0.2185,127.7,42.1
2026-06-26T07:00:00,10.714,10.436,19.21,20.07,1.149,1.095,0.4797,0.4194,7.517,6.295,6395.2,5.946,0.2191,127.9,42.2
2026-06-26T08:00:00,9.878,9.707,19.01,19.55,1.198,1.146,0.4676,0.4399,7.265,6.057,6404.9,5.958,0.2194,128.1,42.3
2026-06-26T09:00:00,10.734,10.449,19.75,20.50,1.156,1.105,0.4747,0.4329,7.693,6.253,6415.4,5.973,0.2198,128.3,42.3
2026-06-26T10:00:00,11.298,10.903,20.87,21.77,1.170,1.116,0.4505,0.4262,7.286,6.111,6426.3,5.986,0.2201,128.5,42.4
2026-06-26T11:00:00,10.974,10.690,20.89,21.80,1.230,1.180,0.4617,0.4136,7.154,6.220,6437.0,5.996,0.2206,128.7,42.5
2026-06-26T12:00:00,11.676,11.383,22.12,22.48,1.241,1.187,0.5184,0.4270,7.102,6.197,6448.3,6.006,0.2216,129.0,42.6
2026-06-26T13:00:00,11.478,11.280,22.08,22.65,1.217,1.163,0.4665,0.4275,7.447,6.222,6459.6,6.020,0.2221,129.2,42.6
2026-06-26T14:00:00,11.819,11.372,21.74,22.57,1.222,1.159,0.4253,0.4210,7.073,6.167,6471.0,6.030,0.2221,129.4,42.7
2026-06-26T15:00:00,12.131,11.816,22.28,23.33,1.231,1.157,0.4350,0.4379,7.460,6.372,6482.8,6.043,0.2221,129.7,42.8
2026-06-26T16:00:00,11.931,11.833,23.20,24.38,1.222,1.165,0.4160,0.4097,7.575,6.466,6494.6,6.056,0.2222,129.9,42.9
2026-06-26T17:00:00,11.258,10.966,22.18,22.69,1.199,1.144,0.4575,0.4322,7.878,6.197,6505.6,6.075,0.2225,130.1,42.9
2026-06-26T18:00:00,11.590,11.450,22.29,23.29,1.184,1.131,0.4638,0.4437,6.909,6.058,6517.1,6.085,0.2227,130.3,43.0
2026-06-26T19:00:00,10.791,10.613,21.16,21.97,1.180,1.128,0.4877,0.4230,6.887,6.343,6527.7,6.090,0.2234,130.6,43.1
2026-06-26T20:00:00,11.458,11.234,20.61,21.55,1.231,1.179,0.4704,0.4358,7.265,6.264,6538.9,6.102,0.2238,130.8,43.2
2026-06-26T21:00:00,11.030,10.711,20.57,21.37,1.192,1.135,0.4189,0.4496,8.405,6.191,6549.6,6.125,0.2238,131.0,43.2
2026-06-26T22:00:00,10.763,10.617,19.43,20.09,1.149,1.098,0.4873,0.4296,7.287,6.375,6560.2,6.135,0.2244,131.2,43.3
2026-06-26T23:00:00,10.097,9.877,19.10,19.90,1.164,1.113,0.4531,0.4206,7.590,6.236,6570.1,6.148,0.2247,131.4,43.4
2026-06-27T00:00:00,9.453,9.183,18.32,19.18,1.148,1.084,0.4346,0.4299,7.486,6.087,6579.3,6.161,0.2248,131.6,43.4
2026-06-27T01:00:00,9.818,9.571,18.54,18.76,1.148,1.095,0.4969,0.4299,6.787,6.201,6588.9,6.167,0.2254,131.8,43.5
2026-06-27T02:00:00,10.549,10.260,18.48,18.98,1.154,1.092,0.4823,0.4276,7.204,6.152,6599.1,6.178,0.2260,132.0,43.6
2026-06-27T03:00:00,9.813,9.440,17.96,18.83,1.105,1.046,0.4279,0.4325,7.933,6.341,6608.6,6.193,0.2260,132.2,43.6
2026-06-27T04:00:00,10.302,10.251,17.79,18.80,1.141,1.086,0.4315,0.4430,7.245,6.450,6618.8,6.201,0.2260,132.4,43.7
2026-06-27T05:00:00,10.590,10.339,18.74,19.50,1.150,1.092,0.4800,0.4321,7.467,6.054,6629.2,6.215,0.2265,132.6,43.8
2026-06-27T06:00:00,10.134,9.870,18.45,19.06,1.142,1.089,0.4652,0.4264,6.924,6.184,6639.0,6.223,0.2268,132.8,43.8
2026-06-27T07:00:00,10.703,10.527,19.80,20.65,1.180,1.125,0.4437,0.4308,7.421,6.162,6649.6,6.236,0.2270,133.0,43.9
2026-06-27T08:00:00,10.188,10.027,20.05,20.67,1.196,1.144,0.5023,0.4403,6.304,6.029,6659.6,6.239,0.2276,133.2,44.0
2026-06-27T09:00:00,11.013,10.712,20.77,21.92,1.194,1.140,0.4643,0.4273,7.070,6.164,6670.3,6.248,0.2280,133.4,44.0
2026-06-27T10:00:00,11.031,10.735,20.27,20.72,1.181,1.116,0.4665,0.4218,7.117,5.928,6681.0,6.261,0.2285,133.6,44.1
2026-06-27T11:00:00,10.615,10.215,21.49,22.19,1.207,1.154,0.4790,0.4266,7.272,6.075,6691.2,6.273,0.2290,133.8,44.2
2026-06-27T12:00:00,10.994,10.780,21.89,22.52,1.209,1.148,0.4702,0.4319,7.151,6.049,6702.0,6.285,0.2294,134.0,44.2
2026-06-27T13:00:00,11.618,11.262,21.95,22.43,1.233,1.160,0.4420,0.4434,6.872,6.251,6713.3,6.292,0.2294,134.3,44.3
2026-06-27T14:00:00,11.218,11.007,22.12,22.89,1.233,1.177,0.4840,0.4381,7.405,6.038,6724.3,6.307,0.2299,134.5,44.4
2026-06-27T15:00:00,11.939,11.575,22.35,23.06,1.201,1.141,0.4636,0.4235,6.766,6.085,6735.9,6.315,0.2304,134.7,44.5
2026-06-27T16:00:00,11.490,11.220,21.88,22.69,1.257,1.198,0.4614,0.4235,7.518,6.209,6747.1,6.330,0.2308,134.9,44.5
2026-06-27T17:00:00,11.799,11.480,22.35,23.23,1.235,1.181,0.4375,0.4273,7.137,6.081,6758.6,6.342,0.2309,135.2,44.6
2026-06-27T18:00:00,11.744,11.402,22.25,22.73,1.202,1.139,0.5155,0.4360,6.753,6.096,6770.0,6.350,0.2318,135.4,44.7
2026-06-27T19:00:00,11.705,11.269,21.55,22.33,1.210,1.154,0.4538,0.4292,7.034,5.921,6781.2,6.362,0.2321,135.6,44.8
2026-06-27T20:00:00,11.186,10.721,20.87,21.97,1.198,1.141,0.4830,0.4238,6.726,6.301,6792.0,6.367,0.2328,135.8,44.8
2026-06-27T21:00:00,10.479,10.157,20.54,21.85,1.178,1.122,0.5047,0.4400,7.544,6.377,6802.1,6.378,0.2334,136.0,44.9
2026-06-27T22:00:00,10.802,10.611,19.88,20.75,1.151,1.087,0.4793,0.4212,7.462,5.996,6812.7,6.394,0.2340,136.3,45.0
2026-06-27T23:00:00,9.782,9.585,19.41,19.82,1.156,1.101,0.4680,0.4252,6.906,6.184,6822.3,6.401,0.2344,136.4,45.0
2026-06-28T00:00:00,10.112,9.747,18.01,18.77,1.160,1.088,0.5140,0.4205,7.181,6.068,6832.1,6.412,0.2354,136.6,45.1
2026-06-28T01:00:00,9.555,9.255,19.07,20.10,1.139,1.086,0.4664,0.4279,6.654,6.044,6841.3,6.417,0.2357,136.8,45.2
2026-06-28T02:00:00,11.156,10.873,18.10,18.44,1.121,1.062,0.4145,0.4399,7.206,6.077,6852.2,6.430,0.2357,137.0,45.2
2026-06-28T03:00:00,10.163,9.872,18.07,18.70,1.149,1.099,0.5187,0.4264,6.755,6.100,6862.1,6.436,0.2366,137.2,45.3
2026-06-28T04:00:00,10.303,10.094,18.31,19.11,1.147,1.092,0.4684,0.4138,6.765,6.503,6872.2,6.439,0.2372,137.4,45.4
2026-06-28T05:00:00,10.305,10.019,17.74,18.63,1.131,1.080,0.4310,0.4226,6.959,6.005,6882.2,6.448,0.2373,137.6,45.4
2026-06-28T06:00:00,10.669,10.313,19.06,20.21,1.139,1.085,0.4805,0.4320,6.826,6.116,6892.5,6.456,0.2378,137.8,45.5
2026-06-28T07:00:00,9.981,9.734,19.24,20.19,1.148,1.089,0.4623,0.4118,7.366,6.446,6902.2,6.465,0.2382,138.0,45.6
2026-06-28T08:00:00,10.436,9.959,19.50,20.20,1.155,1.103,0.4183,0.4370,6.923,6.193,6912.2,6.472,0.2382,138.2,45.6
2026-06-28T09:00:00,10.232,9.910,20.45,20.78,1.184,1.132,0.5198,0.4298,6.751,6.421,6922.1,6.475,0.2391,138.4,45.7
2026-06-28T10:00:00,10.637,10.342,20.97,21.37,1.196,1.143,0.4689,0.4305,7.361,6.028,6932.4,6.489,0.2395,138.6,45.8
2026-06-28T11:00:00,10.698,10.425,21.69,23.07,1.197,1.140,0.4774,0.4170,7.740,6.232,6942.9,6.505,0.2402,138.9,45.8
2026-06-28T12:00:00,10.949,10.789,21.47,22.41,1.222,1.159,0.4901,0.4336,6.809,6.081,6953.6,6.513,0.2408,139.1,45.9
2026-06-28T13:00:00,11.443,11.086,21.94,22.70,1.214,1.155,0.4277,0.4236,7.280,6.359,6964.7,6.523,0.2408,139.3,46.0
2026-06-28T14:00:00,11.815,11.489,22.52,22.93,1.228,1.174,0.4340,0.4361,7.652,5.948,6976.2,6.542,0.2408,139.5,46.0
2026-06-28T15:00:00,11.912,11.611,22.72,23.00,1.208,1.152,0.4739,0.4284,6.646,6.198,6987.8,6.548,0.2414,139.8,46.1
2026-06-28T16:00:00,11.541,11.349,22.16,22.91,1.242,1.186,0.5518,0.4358,8.100,5.998,6999.2,6.571,0.2427,140.0,46.2
2026-06-28T17:00:00,11.781,11.685,22.04,22.70,1.195,1.141,0.4608,0.4276,6.853,6.143,7010.9,6.580,0.2431,140.2,46.3
2026-06-28T18:00:00,11.935,11.652,21.50,22.40,1.221,1.169,0.4890,0.4298,7.428,6.013,7022.5,6.596,0.2437,140.5,46.3
2026-06-28T19:00:00,11.320,11.250,21.05,21.44,1.205,1.147,0.4334,0.4199,7.206,5.935,7033.8,6.610,0.2439,140.7,46.4
2026-06-28T20:00:00,11.767,11.328,21.04,21.98,1.211,1.156,0.4462,0.4255,7.154,6.256,7045.1,6.621,0.2441,140.9,46.5
2026-06-28T21:00:00,10.983,10.682,20.49,21.45,1.179,1.125,0.4743,0.4312,6.745,6.424,7055.8,6.624,0.2446,141.1,46.6
2026-06-28T22:00:00,10.284,10.013,19.74,20.26,1.163,1.112,0.5066,0.4289,7.130,6.003,7065.8,6.635,0.2454,141.3,46.6
2026-06-28T23:00:00,10.509,10.167,19.05,19.84,1.134,1.078,0.5196,0.4307,7.330,6.099,7076.0,6.648,0.2463,141.5,46.7
2026-06-29T00:00:00,10.361,10.100,19.13,19.84,1.147,1.092,0.4339,0.4309,6.915,5.865,7086.1,6.658,0.2463,141.7,46.8
2026-06-29T01:00:00,10.021,9.911,17.73,18.26,1.137,1.087,0.4508,0.4262,6.602,6.186,7096.0,6.663,0.2465,141.9,46.8
2026-06-29T02:00:00,10.627,10.486,18.93,19.56,1.131,1.076,0.4416,0.4276,6.705,6.068,7106.5,6.669,0.2467,142.1,46.9
2026-06-29T03:00:00,10.392,10.057,18.32,19.26,1.112,1.056,0.5035,0.4356,8.102,6.341,7116.5,6.687,0.2474,142.3,47.0
2026-06-29T04:00:00,10.024,9.769,18.58,19.21,1.160,1.106,0.4404,0.4460,7.766,6.340,7126.3,6.701,0.2474,142.5,47.0
2026-06-29T05:00:00,10.364,10.210,19.02,19.66,1.153,1.099,0.5188,0.4312,7.486,6.232,7136.5,6.714,0.2483,142.7,47.1
2026-06-29T06:00:00,10.530,10.360,18.62,19.68,1.134,1.078,0.4399,0.4370,6.888,6.182,7146.9,6.721,0.2483,142.9,47.2
2026-06-29T07:00:00,10.273,9.957,19.31,20.15,1.147,1.090,0.4442,0.4243,6.574,6.150,7156.8,6.725,0.2485,143.1,47.2
2026-06-29T08:00:00,10.066,9.734,18.91,19.91,1.192,1.133,0.4270,0.4174,7.252,5.908,7166.5,6.738,0.2486,143.3,47.3
2026-06-29T09:00:00,10.736,10.552,20.30,20.95,1.179,1.120,0.4790,0.4151,7.181,6.011,7177.1,6.751,0.2493,143.5,47.4
2026-06-29T10:00:00,10.682,10.483,20.15,20.81,1.207,1.144,0.4808,0.4383,7.279,6.082,7187.6,6.763,0.2497,143.8,47.4
2026-06-29T11:00:00,11.012,10.705,21.11,22.05,1.188,1.133,0.4928,0.4444,6.124,6.100,7198.3,6.764,0.2502,144.0,47.5
2026-06-29T12:00:00,11.334,10.995,21.13,21.81,1.206,1.155,0.4621,0.4331,7.026,5.979,7209.3,6.775,0.2506,144.2,47.6
2026-06-29T13:00:00,11.629,11.322,22.77,23.73,1.204,1.153,0.4318,0.4312,7.459,6.131,7220.6,6.790,0.2506,144.4,47.7
2026-06-29T14:00:00,11.602,11.215,22.26,22.87,1.203,1.148,0.4323,0.4312,7.217,5.920,7231.8,6.805,0.2506,144.6,47.7
2026-06-29T15:00:00,11.443,11.154,22.70,23.37,1.222,1.165,0.4756,0.4358,7.552,6.197,7243.0,6.820,0.2510,144.9,47.8
2026-06-29T16:00:00,11.491,11.123,22.66,23.88,1.245,1.191,0.5184,0.4224,7.481,5.956,7254.1,6.837,0.2521,145.1,47.9
2026-06-29T17:00:00,12.407,12.074,21.69,22.73,1.194,1.138,0.4649,0.4343,7.345,6.065,7266.2,6.852,0.2525,145.3,48.0
2026-06-29T18:00:00,11.289,10.974,20.85,21.67,1.210,1.156,0.4590,0.4460,6.927,5.999,7277.1,6.862,0.2526,145.5,48.0
2026-06-29T19:00:00,11.546,11.216,20.82,21.28,1.219,1.162,0.4761,0.4201,7.632,6.289,7288.4,6.877,0.2532,145.8,48.1
2026-06-29T20:00:00,10.986,10.607,21.17,22.02,1.189,1.136,0.4851,0.4179,7.381,5.996,7299.0,6.892,0.2539,146.0,48.2
2026-06-29T21:00:00,10.905,10.770,20.21,21.08,1.169,1.116,0.4373,0.4248,6.760,6.216,7309.7,6.898,0.2541,146.2,48.2
2026-06-29T22:00:00,10.237,10.010,20.25,21.03,1.190,1.135,0.4920,0.4426,7.655,5.907,7319.7,6.915,0.2546,146.4,48.3
2026-06-29T23:00:00,10.243,9.934,19.40,20.38,1.158,1.107,0.5091,0.4205,7.120,6.048,7329.7,6.926,0.2554,146.6,48.4
2026-06-30T00:00:00,10.260,10.020,19.50,20.40,1.135,1.078,0.4424,0.4119,7.028,6.276,7339.7,6.934,0.2558,146.8,48.4
2026-06-30T01:00:00,9.963,9.699,18.09,19.09,1.132,1.078,0.4331,0.4441,7.207,6.238,7349.4,6.943,0.2558,147.0,48.5
2026-06-30T02:00:00,10.603,10.209,18.58,19.00,1.135,1.076,0.4710,0.4264,6.364,6.152,7359.6,6.945,0.2562,147.2,48.6
2026-06-30T03:00:00,9.668,9.462,18.15,18.96,1.139,1.085,0.4435,0.4367,6.346,6.207,7369.1,6.947,0.2563,147.4,48.6
2026-06-30T04:00:00,10.523,10.320,18.09,18.99,1.129,1.062,0.4941,0.4400,7.404,6.206,7379.4,6.959,0.2568,147.6,48.7
2026-06-30T05:00:00,9.340,9.195,18.38,19.43,1.121,1.060,0.4361,0.4252,7.427,6.126,7388.6,6.971,0.2569,147.8,48.8
2026-06-30T06:00:00,9.531,9.255,18.72,19.76,1.139,1.078,0.4477,0.4328,7.508,5.993,7397.8,6.985,0.2571,148.0,48.8
2026-06-30T07:00:00,10.558,10.276,20.08,20.83,1.129,1.074,0.4588,0.4256,7.098,6.236,7408.1,6.994,0.2574,148.2,48.9
2026-06-30T08:00:00,10.390,9.990,19.54,20.18,1.154,1.102,0.4643,0.4318,7.281,6.035,7418.1,7.006,0.2577,148.4,49.0
2026-06-30T09:00:00,10.309,10.162,20.39,21.52,1.182,1.120,0.4595,0.4216,7.281,6.215,7428.3,7.017,0.2581,148.6,49.0
2026-06-30T10:00:00,11.233,10.831,20.05,20.98,1.189,1.126,0.4708,0.4312,7.141,6.146,7439.1,7.028,0.2585,148.8,49.1
2026-06-30T11:00:00,11.584,11.153,22.19,22.96,1.174,1.117,0.4568,0.4216,7.404,5.876,7450.3,7.045,0.2589,149.0,49.2
2026-06-30T12:00:00,10.974,10.818,21.48,22.03,1.196,1.136,0.4499,0.4005,6.705,5.985,7461.1,7.053,0.2595,149.2,49.2
2026-06-30T13:00:00,12.241,11.928,21.77,22.24,1.204,1.136,0.4865,0.4183,7.616,6.082,7473.0,7.071,0.2603,149.5,49.3
2026-06-30T14:00:00,11.416,11.105,21.81,22.82,1.213,1.151,0.4348,0.4321,6.989,5.923,7484.1,7.083,0.2603,149.7,49.4
2026-06-30T15:00:00,10.498,10.283,21.78,22.76,1.257,1.200,0.4605,0.4300,7.098,6.093,7494.4,7.093,0.2606,149.9,49.5
2026-06-30T16:00:00,10.920,10.562,22.80,23.88,1.230,1.171,0.4548,0.4332,7.240,6.203,7504.9,7.104,0.2609,150.1,49.5
2026-06-30T17:00:00,10.994,10.718,21.41,22.22,1.204,1.145,0.4376,0.4339,7.030,6.085,7515.7,7.114,0.2609,150.3,49.6
2026-06-30T18:00:00,11.161,10.932,21.29,22.04,1.205,1.152,0.4357,0.4263,7.392,6.316,7526.6,7.126,0.2610,150.5,49.7
2026-06-30T19:00:00,10.737,10.296,21.22,22.15,1.201,1.145,0.4489,0.4396,7.102,6.122,7536.9,7.136,0.2611,150.7,49.7
2026-06-30T20:00:00,11.552,11.193,21.65,22.43,1.166,1.108,0.4967,0.4434,6.435,6.135,7548.1,7.139,0.2617,151.0,49.8
2026-06-30T21:00:00,10.739,10.423,20.10,21.07,1.185,1.119,0.4931,0.4310,7.651,6.148,7558.5,7.155,0.2623,151.2,49.9
2026-06-30T22:00:00,10.030,9.793,20.20,21.24,1.178,1.124,0.4367,0.4293,6.311,5.935,7568.3,7.159,0.2624,151.4,50.0
2026-06-30T23:00:00,10.205,9.972,19.19,20.23,1.167,1.109,0.4417,0.4398,7.456,5.948,7578.3,7.174,0.2624,151.6,50.0
2026-07-01T00:00:00,10.067,9.916,19.09,20.17,1.170,1.113,0.5076,0.4367,6.946,6.155,7588.2,7.182,0.2631,151.8,50.1
2026-07-01T01:00:00,9.867,9.604,18.02,18.41,1.142,1.076,0.4846,0.4248,6.729,6.388,7597.8,7.185,0.2637,152.0,50.1
2026-07-01T02:00:00,9.621,9.393,18.46,18.92,1.136,1.078,0.4638,0.4310,6.550,5.857,7607.2,7.191,0.2640,152.1,50.2
2026-07-01T03:00:00,10.585,10.296,18.09,18.80,1.134,1.072,0.4495,0.4368,7.257,6.035,7617.5,7.204,0.2641,152.3,50.3
2026-07-01T04:00:00,10.281,9.950,17.83,18.37,1.134,1.079,0.4154,0.4185,7.306,6.080,7627.4,7.216,0.2641,152.5,50.3
2026-07-01T05:00:00,10.546,10.392,18.28,19.58,1.145,1.088,0.4516,0.4279,6.776,5.896,7637.8,7.225,0.2644,152.8,50.4
2026-07-01T06:00:00,10.357,9.898,18.69,19.20,1.160,1.101,0.4669,0.4233,7.379,6.019,7647.7,7.239,0.2648,153.0,50.5
2026-07-01T07:00:00,10.181,9.983,19.09,19.54,1.146,1.092,0.4677,0.4296,6.305,6.090,7657.7,7.241,0.2652,153.2,50.5
2026-07-01T08:00:00,10.985,10.633,18.56,19.31,1.146,1.089,0.4549,0.4250,6.463,6.254,7668.3,7.243,0.2655,153.4,50.6
2026-07-01T09:00:00,10.939,10.679,19.82,19.99,1.172,1.110,0.5391,0.4391,7.092,6.322,7679.0,7.251,0.2666,153.6,50.7
2026-07-01T10:00:00,10.808,10.561,20.55,21.14,1.163,1.102,0.5205,0.4344,7.303,6.097,7689.6,7.264,0.2675,153.8,50.8
2026-07-01T11:00:00,10.719,10.610,21.34,22.22,1.235,1.174,0.4351,0.4298,6.723,6.107,7700.2,7.271,0.2675,154.0,50.8
2026-07-01T12:00:00,11.351,11.016,22.15,22.75,1.205,1.147,0.4634,0.4324,6.478,6.035,7711.2,7.276,0.2679,154.2,50.9
2026-07-01T13:00:00,11.923,11.646,21.67,22.27,1.227,1.162,0.4829,0.4342,7.218,6.073,7722.9,7.289,0.2685,154.5,51.0
2026-07-01T14:00:00,11.900,11.848,22.93,23.76,1.191,1.137,0.4638,0.4395,7.219,5.912,7734.7,7.304,0.2687,154.7,51.0
2026-07-01T15:00:00,11.839,11.726,22.37,23.59,1.222,1.168,0.4919,0.4398,7.274,6.022,7746.4,7.319,0.2694,154.9,51.1
2026-07-01T16:00:00,11.631,11.209,21.82,22.98,1.223,1.156,0.4722,0.4338,6.827,5.752,7757.6,7.331,0.2698,155.2,51.2
2026-07-01T17:00:00,11.765,11.403,22.24,23.44,1.209,1.150,0.4515,0.4270,7.373,6.015,7769.0,7.347,0.2701,155.4,51.3
2026-07-01T18:00:00,10.619,10.348,21.10,21.79,1.230,1.173,0.4898,0.4265,7.622,6.171,7779.4,7.362,0.2707,155.6,51.3
2026-07-01T19:00:00,11.068,10.705,21.14,22.16,1.199,1.142,0.5147,0.4152,7.133,6.091,7790.1,7.373,0.2718,155.8,51.4
2026-07-01T20:00:00,11.433,11.021,20.29,21.22,1.193,1.136,0.4974,0.4168,6.852,6.100,7801.1,7.381,0.2727,156.0,51.5
2026-07-01T21:00:00,11.669,11.370,20.28,21.46,1.180,1.120,0.4191,0.4323,6.933,5.958,7812.5,7.392,0.2727,156.2,51.6
2026-07-01T22:00:00,10.616,10.204,19.13,20.44,1.143,1.086,0.4816,0.4296,7.098,6.203,7822.7,7.401,0.2732,156.5,51.6
2026-07-01T23:00:00,10.260,10.050,19.45,20.25,1.166,1.114,0.4552,0.4382,7.914,5.986,7832.7,7.421,0.2734,156.7,51.7
2026-07-02T00:00:00,10.882,10.633,18.28,19.11,1.159,1.103,0.4488,0.4316,6.732,6.222,7843.4,7.426,0.2736,156.9,51.8
2026-07-02T01:00:00,10.554,10.346,18.62,19.50,1.162,1.108,0.4795,0.4269,7.171,5.898,7853.7,7.439,0.2741,157.1,51.8
2026-07-02T02:00:00,10.256,10.061,18.25,19.16,1.162,1.096,0.4735,0.4184,6.788,6.177,7863.8,7.445,0.2747,157.3,51.9
2026-07-02T03:00:00,10.430,9.991,17.91,18.58,1.180,1.125,0.4898,0.4505,6.579,6.047,7873.8,7.451,0.2751,157.5,52.0
2026-07-02T04:00:00,10.257,10.063,18.30,18.67,1.142,1.090,0.4195,0.4396,7.692,6.007,7883.8,7.468,0.2751,157.7,52.0
2026-07-02T05:00:00,9.645,9.429,18.22,18.63,1.169,1.117,0.4822,0.4279,6.890,6.040,7893.3,7.476,0.2756,157.9,52.1
2026-07-02T06:00:00,10.605,10.487,19.36,20.62,1.144,1.093,0.4500,0.4167,7.003,6.022,7903.7,7.486,0.2759,158.1,52.2
2026-07-02T07:00:00,10.569,10.143,18.62,19.24,1.165,1.099,0.4360,0.4422,7.585,6.140,7913.9,7.501,0.2759,158.3,52.2
2026-07-02T08:00:00,10.026,9.730,19.77,20.77,1.184,1.133,0.4705,0.4253,7.339,6.360,7923.6,7.510,0.2764,158.5,52.3
2026-07-02T09:00:00,11.157,10.865,20.27,21.43,1.166,1.114,0.4950,0.4241,7.361,6.141,7934.5,7.523,0.2771,158.7,52.4
2026-07-02T10:00:00,10.213,9.873,20.40,21.39,1.197,1.140,0.5277,0.4355,7.876,6.154,7944.4,7.540,0.2780,158.9,52.4
2026-07-02T11:00:00,11.340,10.911,20.91,21.64,1.213,1.154,0.4578,0.4164,7.258,6.110,7955.3,7.553,0.2785,159.1,52.5
2026-07-02T12:00:00,12.004,11.658,21.31,22.19,1.210,1.159,0.4592,0.4332,6.713,6.135,7966.9,7.560,0.2788,159.3,52.6
2026-07-02T13:00:00,10.928,10.617,21.31,21.74,1.208,1.148,0.4779,0.4258,6.686,6.213,7977.5,7.565,0.2793,159.6,52.7
2026-07-02T14:00:00,11.782,11.398,22.32,23.21,1.211,1.159,0.5005,0.4358,7.154,5.985,7988.9,7.578,0.2801,159.8,52.7
2026-07-02T15:00:00,11.286,11.051,22.47,23.20,1.222,1.167,0.4876,0.4431,7.332,5.950,8000.0,7.593,0.2806,160.0,52.8
2026-07-02T16:00:00,11.554,11.245,21.93,22.45,1.226,1.169,0.4472,0.4288,7.237,6.245,8011.2,7.604,0.2808,160.2,52.9
2026-07-02T17:00:00,11.132,10.799,21.51,22.55,1.209,1.155,0.5165,0.4249,7.479,6.044,8022.0,7.620,0.2818,160.4,52.9
2026-07-02T18:00:00,11.813,11.496,20.70,21.69,1.194,1.140,0.4163,0.4253,7.387,6.011,8033.5,7.636,0.2818,160.7,53.0
2026-07-02T19:00:00,11.135,10.919,21.01,21.87,1.194,1.144,0.4571,0.4142,6.829,5.854,8044.5,7.646,0.2822,160.9,53.1
2026-07-02T20:00:00,11.403,11.089,20.02,20.98,1.183,1.132,0.4380,0.4301,6.977,6.016,8055.5,7.657,0.2823,161.1,53.2
2026-07-02T21:00:00,11.251,10.931,19.12,20.00,1.144,1.089,0.4495,0.4253,7.540,5.995,8066.5,7.674,0.2826,161.3,53.2
2026-07-02T22:00:00,10.858,10.627,19.55,20.47,1.158,1.108,0.4535,0.4126,7.078,5.923,8077.1,7.686,0.2830,161.5,53.3
2026-07-02T23:00:00,10.513,10.149,18.80,19.89,1.176,1.117,0.4914,0.4308,7.231,6.085,8087.3,7.698,0.2836,161.7,53.4
2026-07-03T00:00:00,10.332,10.038,18.67,19.02,1.154,1.096,0.4826,0.4176,7.597,6.182,8097.3,7.712,0.2843,161.9,53.4
2026-07-03T01:00:00,10.072,9.722,17.97,18.70,1.148,1.086,0.4770,0.4342,6.664,6.121,8107.0,7.717,0.2847,162.1,53.5
2026-07-03T02:00:00,9.555,9.308,17.46,18.06,1.130,1.074,0.4752,0.4195,6.962,6.103,8116.3,7.725,0.2852,162.3,53.6
2026-07-03T03:00:00,10.532,10.120,17.61,18.37,1.160,1.106,0.4896,0.4459,6.991,5.971,8126.4,7.736,0.2857,162.5,53.6
2026-07-03T04:00:00,10.009,9.711,18.65,19.23,1.141,1.085,0.4592,0.4207,7.218,5.982,8136.1,7.748,0.2860,162.7,53.7
2026-07-03T05:00:00,9.745,9.568,18.24,18.89,1.151,1.093,0.4547,0.4314,6.572,5.995,8145.7,7.753,0.2863,162.9,53.8
2026-07-03T06:00:00,10.238,9.993,18.50,19.67,1.105,1.048,0.4407,0.4247,7.096,6.111,8155.7,7.763,0.2864,163.1,53.8
2026-07-03T07:00:00,10.107,9.853,19.24,20.23,1.175,1.116,0.4449,0.4469,6.661,6.159,8165.6,7.768,0.2864,163.3,53.9
2026-07-03T08:00:00,10.864,10.552,20.30,21.05,1.167,1.108,0.4237,0.4358,7.158,6.040,8176.1,7.780,0.2864,163.5,54.0
2026-07-03T09:00:00,10.921,10.672,20.73,21.21,1.162,1.100,0.5026,0.4131,7.359,5.935,8186.8,7.795,0.2874,163.7,54.0
2026-07-03T10:00:00,11.348,11.144,20.96,21.74,1.183,1.128,0.4219,0.4216,7.197,6.020,8197.9,7.808,0.2874,164.0,54.1
2026-07-03T11:00:00,11.212,10.897,21.09,21.86,1.188,1.135,0.4831,0.4245,7.261,6.093,8208.8,7.821,0.2880,164.2,54.2
2026-07-03T12:00:00,11.656,11.297,21.08,22.50,1.210,1.148,0.5253,0.4260,7.394,6.056,8220.1,7.836,0.2891,164.4,54.3
2026-07-03T13:00:00,11.411,10.906,22.08,22.89,1.204,1.146,0.4744,0.4273,6.911,5.962,8231.0,7.846,0.2897,164.6,54.3
2026-07-03T14:00:00,11.736,11.476,22.15,23.15,1.195,1.138,0.4468,0.4258,7.541,5.677,8242.5,7.868,0.2899,164.9,54.4
2026-07-03T15:00:00,10.797,10.521,21.03,21.59,1.221,1.167,0.5157,0.4257,6.951,6.186,8253.0,7.876,0.2908,165.1,54.5
2026-07-03T16:00:00,12.056,11.821,21.81,22.34,1.210,1.159,0.4535,0.4208,7.572,5.851,8264.8,7.896,0.2912,165.3,54.5
2026-07-03T17:00:00,11.173,10.821,21.85,23.08,1.201,1.145,0.4746,0.4263,6.731,6.141,8275.7,7.902,0.2918,165.5,54.6
2026-07-03T18:00:00,11.140,10.821,21.78,22.16,1.214,1.160,0.4680,0.4135,7.812,5.887,8286.5,7.923,0.2923,165.7,54.7
2026-07-03T19:00:00,10.276,10.029,21.17,21.96,1.199,1.139,0.5210,0.4264,7.527,6.021,8296.5,7.938,0.2933,165.9,54.8
2026-07-03T20:00:00,10.699,10.548,20.74,21.47,1.179,1.113,0.5013,0.4382,7.288,5.929,8307.1,7.953,0.2940,166.1,54.8
2026-07-03T21:00:00,10.722,10.533,19.55,20.28,1.145,1.088,0.4845,0.4261,7.302,5.838,8317.6,7.968,0.2946,166.4,54.9
2026-07-03T22:00:00,10.495,10.237,19.29,19.87,1.172,1.118,0.4646,0.4319,7.188,5.789,8327.8,7.982,0.2949,166.6,55.0
2026-07-03T23:00:00,10.952,10.616,19.36,20.12,1.161,1.098,0.4634,0.4149,6.878,5.955,8338.5,7.992,0.2954,166.8,55.0
2026-07-04T00:00:00,10.577,10.174,18.32,19.41,1.183,1.132,0.5205,0.4254,6.421,5.957,8348.6,7.997,0.2964,167.0,55.1
2026-07-04T01:00:00,10.236,10.022,18.44,19.35,1.129,1.073,0.5055,0.4258,6.941,5.807,8358.6,8.008,0.2972,167.2,55.2
2026-07-04T02:00:00,10.559,10.334,18.18,19.11,1.130,1.066,0.4646,0.4168,7.237,6.050,8369.0,8.021,0.2977,167.4,55.2
2026-07-04T03:00:00,9.919,9.572,17.75,18.50,1.143,1.088,0.4385,0.4311,7.678,6.021,8378.6,8.036,0.2978,167.6,55.3
2026-07-04T04:00:00,9.820,9.553,18.13,19.07,1.125,1.073,0.4509,0.4347,6.982,5.724,8388.1,8.048,0.2979,167.8,55.4
2026-07-04T05:00:00,10.414,10.124,18.57,19.38,1.146,1.086,0.4859,0.4278,6.432,6.201,8398.2,8.051,0.2985,168.0,55.4
2026-07-04T06:00:00,10.467,10.360,19.33,20.39,1.128,1.071,0.4482,0.4293,7.361,5.873,8408.6,8.066,0.2987,168.2,55.5
2026-07-04T07:00:00,10.561,10.339,17.95,18.49,1.173,1.121,0.4235,0.4078,6.791,5.968,8418.9,8.075,0.2989,168.4,55.6
2026-07-04T08:00:00,10.295,9.971,19.57,19.81,1.172,1.115,0.4496,0.4187,6.755,6.257,8428.9,8.080,0.2992,168.6,55.6
2026-07-04T09:00:00,10.988,10.639,19.26,19.94,1.169,1.110,0.4638,0.4159,7.149,6.022,8439.5,8.092,0.2997,168.8,55.7
2026-07-04T10:00:00,11.245,10.903,20.69,21.48,1.201,1.148,0.5016,0.4197,6.523,6.017,8450.4,8.097,0.3006,169.0,55.8
2026-07-04T11:00:00,11.899,11.589,20.44,21.81,1.200,1.143,0.4635,0.4311,6.857,6.163,8462.0,8.105,0.3009,169.2,55.8
2026-07-04T12:00:00,11.622,11.280,21.56,21.89,1.208,1.154,0.4344,0.4153,6.003,5.928,8473.3,8.106,0.3012,169.5,55.9
2026-07-04T13:00:00,11.745,11.556,21.64,22.43,1.227,1.164,0.4873,0.4192,7.211,6.070,8484.9,8.119,0.3019,169.7,56.0
2026-07-04T14:00:00,11.147,10.810,22.46,23.12,1.202,1.151,0.4368,0.4236,6.965,6.001,8495.7,8.130,0.3021,169.9,56.1
2026-07-04T15:00:00,10.947,10.669,21.26,22.01,1.210,1.144,0.4626,0.4178,7.742,6.002,8506.3,8.148,0.3026,170.1,56.1
2026-07-04T16:00:00,12.037,11.725,21.13,22.04,1.218,1.161,0.4459,0.4241,6.830,6.101,8518.1,8.157,0.3028,170.4,56.2
2026-07-04T17:00:00,11.755,11.395,21.68,22.51,1.207,1.156,0.4972,0.4195,7.201,6.194,8529.5,8.168,0.3037,170.6,56.3
2026-07-04T18:00:00,10.786,10.561,21.46,22.85,1.202,1.152,0.4688,0.4290,7.375,5.993,8540.0,8.183,0.3041,170.8,56.4
2026-07-04T19:00:00,11.136,10.799,20.89,21.50,1.244,1.191,0.5141,0.4172,6.491,6.312,8550.8,8.185,0.3052,171.0,56.4
2026-07-04T20:00:00,10.964,10.662,20.51,21.32,1.186,1.128,0.4350,0.4092,7.456,5.904,8561.5,8.201,0.3054,171.2,56.5
2026-07-04T21:00:00,10.855,10.644,19.19,20.15,1.185,1.125,0.5154,0.4320,6.953,6.009,8572.1,8.211,0.3063,171.4,56.6
2026-07-04T22:00:00,10.482,10.390,19.04,20.39,1.200,1.137,0.4665,0.4203,7.528,5.930,8582.5,8.228,0.3068,171.7,56.6
2026-07-04T23:00:00,9.664,9.174,18.98,19.54,1.147,1.092,0.5173,0.4151,6.889,6.011,8591.7,8.236,0.3078,171.8,56.7
2026-07-05T00:00:00,10.210,9.843,18.32,19.10,1.170,1.110,0.4452,0.4296,7.078,6.295,8601.5,8.244,0.3079,172.0,56.8
2026-07-05T01:00:00,10.471,10.142,18.13,19.23,1.147,1.092,0.5178,0.4185,7.257,6.146,8611.7,8.255,0.3089,172.2,56.8
2026-07-05T02:00:00,9.915,9.671,17.56,18.39,1.121,1.068,0.4883,0.4290,6.594,5.830,8621.4,8.262,0.3095,172.4,56.9
2026-07-05T03:00:00,10.349,10.124,17.78,18.62,1.144,1.093,0.4894,0.4287,7.422,6.118,8631.5,8.276,0.3101,172.6,57.0
2026-07-05T04:00:00,9.942,9.781,17.63,17.97,1.136,1.084,0.4922,0.4265,6.859,5.934,8641.3,8.285,0.3107,172.8,57.0
2026-07-05T05:00:00,9.893,9.790,17.94,18.49,1.167,1.110,0.4871,0.4424,7.602,5.751,8651.1,8.303,0.3112,173.0,57.1
2026-07-05T06:00:00,10.602,10.445,18.62,19.60,1.175,1.122,0.4775,0.4319,6.936,6.088,8661.5,8.312,0.3117,173.2,57.2
2026-07-05T07:00:00,10.903,10.700,18.84,20.14,1.173,1.122,0.4763,0.4313,6.700,5.797,8672.2,8.321,0.3121,173.4,57.2
2026-07-05T08:00:00,10.581,10.204,19.58,20.24,1.179,1.126,0.4584,0.4166,7.396,6.082,8682.4,8.335,0.3126,173.6,57.3
2026-07-05T09:00:00,11.365,11.060,19.54,19.94,1.190,1.123,0.4584,0.4189,6.151,5.880,8693.5,8.338,0.3130,173.9,57.4
2026-07-05T10:00:00,11.088,10.866,20.22,20.67,1.190,1.139,0.4229,0.4265,7.272,6.024,8704.3,8.351,0.3130,174.1,57.4
2026-07-05T11:00:00,11.130,10.881,20.97,22.03,1.236,1.181,0.4596,0.4186,6.830,5.884,8715.2,8.362,0.3135,174.3,57.5
2026-07-05T12:00:00,11.184,10.861,21.06,21.39,1.208,1.157,0.4446,0.4377,7.073,5.704,8726.1,8.376,0.3135,174.5,57.6
2026-07-05T13:00:00,11.926,11.564,21.65,22.39,1.251,1.198,0.4399,0.4354,7.586,6.165,8737.6,8.393,0.3136,174.8,57.7
2026-07-05T14:00:00,11.791,11.535,22.12,23.15,1.235,1.180,0.4993,0.4278,7.028,6.166,8749.2,8.403,0.3144,175.0,57.7
2026-07-05T15:00:00,11.919,11.734,21.22,21.91,1.213,1.144,0.4987,0.4347,7.217,6.078,8760.9,8.416,0.3152,175.2,57.8
2026-07-05T16:00:00,11.073,10.703,21.34,22.20,1.211,1.160,0.4900,0.4189,6.768,5.803,8771.6,8.426,0.3159,175.4,57.9
2026-07-05T17:00:00,11.312,11.042,21.06,21.82,1.225,1.168,0.4890,0.4217,7.185,5.783,8782.6,8.442,0.3167,175.7,58.0
2026-07-05T18:00:00,11.472,11.114,21.22,21.88,1.203,1.146,0.4564,0.4356,7.322,6.183,8793.8,8.455,0.3169,175.9,58.0
2026-07-05T19:00:00,11.835,11.697,21.30,21.95,1.196,1.141,0.4658,0.4296,7.189,6.178,8805.5,8.466,0.3173,176.1,58.1
2026-07-05T20:00:00,10.803,10.560,19.71,20.40,1.196,1.131,0.4860,0.4231,6.730,6.071,8816.0,8.473,0.3180,176.3,58.2
2026-07-05T21:00:00,10.402,10.101,19.57,20.24,1.204,1.150,0.4624,0.4245,7.439,5.913,8826.1,8.489,0.3184,176.5,58.3
2026-07-05T22:00:00,10.767,10.404,19.46,20.68,1.158,1.106,0.4835,0.4255,7.134,5.944,8836.5,8.501,0.3190,176.7,58.3
2026-07-05T23:00:00,11.260,10.821,18.98,19.90,1.163,1.113,0.4592,0.4115,7.734,6.088,8847.3,8.519,0.3195,176.9,58.4
2026-07-06T00:00:00,10.268,9.962,17.61,18.18,1.146,1.095,0.4896,0.4245,6.953,5.855,8857.3,8.530,0.3201,177.1,58.5
2026-07-06T01:00:00,9.881,9.502,18.22,18.43,1.156,1.105,0.4144,0.4139,6.979,5.803,8866.8,8.541,0.3201,177.3,58.5
2026-07-06T02:00:00,10.029,9.740,17.96,18.93,1.155,1.097,0.4438,0.4251,6.677,6.057,8876.5,8.547,0.3203,177.5,58.6
2026-07-06T03:00:00,10.636,10.417,17.75,18.91,1.121,1.068,0.5497,0.4342,7.184,5.899,8887.0,8.561,0.3215,177.7,58.7
2026-07-06T04:00:00,9.655,9.420,17.65,18.28,1.136,1.084,0.4825,0.4149,6.677,6.279,8896.4,8.564,0.3222,177.9,58.7
2026-07-06T05:00:00,9.846,9.568,18.16,18.51,1.133,1.076,0.4728,0.4091,6.766,5.788,8905.9,8.574,0.3228,178.1,58.8
2026-07-06T06:00:00,10.096,9.947,18.22,18.98,1.140,1.086,0.4796,0.4437,6.717,6.051,8915.9,8.580,0.3231,178.3,58.8
2026-07-06T07:00:00,10.371,10.081,18.40,19.24,1.171,1.118,0.4435,0.4284,7.187,6.042,8926.0,8.592,0.3233,178.5,58.9
2026-07-06T08:00:00,10.941,10.715,19.67,20.50,1.149,1.096,0.4994,0.4417,6.765,6.148,8936.7,8.598,0.3239,178.7,59.0
2026-07-06T09:00:00,11.431,11.297,19.48,19.90,1.178,1.125,0.5082,0.4387,7.466,6.116,8948.0,8.614,0.3247,179.0,59.1
2026-07-06T10:00:00,11.808,11.480,20.47,21.22,1.186,1.133,0.4200,0.4099,7.672,6.050,8959.5,8.632,0.3248,179.2,59.1
2026-07-06T11:00:00,11.442,11.111,20.98,21.91,1.206,1.153,0.4326,0.4232,6.432,5.895,8970.6,8.638,0.3249,179.4,59.2
2026-07-06T12:00:00,11.194,10.869,21.30,22.53,1.188,1.131,0.4496,0.4228,7.008,5.888,8981.4,8.650,0.3252,179.6,59.3
2026-07-06T13:00:00,11.600,11.360,21.63,22.06,1.194,1.131,0.4800,0.4193,7.225,5.961,8992.8,8.665,0.3259,179.9,59.4
2026-07-06T14:00:00,11.638,11.068,21.76,22.36,1.235,1.181,0.4867,0.4181,6.548,6.046,9003.9,8.670,0.3266,180.1,59.4
2026-07-06T15:00:00,11.238,10.884,20.64,21.47,1.245,1.187,0.5028,0.4253,7.273,5.926,9014.8,8.685,0.3275,180.3,59.5
2026-07-06T16:00:00,11.249,11.040,21.41,22.40,1.211,1.159,0.4563,0.4233,7.592,5.872,9025.8,8.704,0.3278,180.5,59.6
2026-07-06T17:00:00,10.824,10.622,21.31,21.97,1.224,1.165,0.4612,0.4232,7.203,5.848,9036.4,8.718,0.3283,180.7,59.6
2026-07-06T18:00:00,10.725,10.345,20.95,21.47,1.177,1.127,0.4323,0.4112,6.929,5.864,9046.8,8.729,0.3285,180.9,59.7
2026-07-06T19:00:00,11.392,11.060,21.43,22.24,1.197,1.142,0.4965,0.4182,6.776,6.216,9057.8,8.736,0.3293,181.2,59.8
2026-07-06T20:00:00,11.258,11.085,20.37,21.26,1.184,1.128,0.4341,0.4333,7.582,5.715,9068.9,8.756,0.3293,181.4,59.9
2026-07-06T21:00:00,10.680,10.260,20.05,21.23,1.167,1.104,0.4119,0.4322,7.780,5.985,9079.2,8.775,0.3293,181.6,59.9
2026-07-06T22:00:00,11.259,11.037,19.84,20.19,1.173,1.111,0.4480,0.4321,6.931,6.075,9090.2,8.784,0.3295,181.8,60.0
2026-07-06T23:00:00,10.510,10.333,19.20,20.32,1.147,1.087,0.4849,0.4252,6.747,5.917,9100.5,8.793,0.3301,182.0,60.1
2026-07-07T00:00:00,10.457,10.381,18.19,19.31,1.143,1.085,0.4058,0.4318,7.149,6.173,9110.9,8.803,0.3301,182.2,60.1
2026-07-07T01:00:00,9.858,9.610,17.70,18.54,1.138,1.085,0.5243,0.4336,6.905,5.950,9120.5,8.812,0.3310,182.4,60.2
2026-07-07T02:00:00,9.485,9.316,17.57,18.45,1.137,1.075,0.4653,0.4136,7.039,5.933,9129.9,8.822,0.3315,182.6,60.3
2026-07-07T03:00:00,9.850,9.559,17.57,18.56,1.142,1.089,0.4784,0.4192,7.358,6.104,9139.4,8.834,0.3321,182.8,60.3
2026-07-07T04:00:00,10.526,10.318,17.40,18.71,1.146,1.091,0.4642,0.4166,7.140,5.897,9149.7,8.847,0.3325,183.0,60.4
2026-07-07T05:00:00,10.551,10.337,18.58,19.30,1.152,1.088,0.4532,0.4300,7.067,6.132,9160.1,8.857,0.3328,183.2,60.5
2026-07-07T06:00:00,9.990,9.836,18.66,19.41,1.149,1.088,0.5159,0.4334,6.680,5.986,9169.9,8.864,0.3336,183.4,60.5
2026-07-07T07:00:00,10.690,10.467,18.61,19.41,1.168,1.116,0.4775,0.4319,7.163,6.081,9180.4,8.875,0.3341,183.6,60.6
2026-07-07T08:00:00,11.158,10.891,19.07,19.89,1.159,1.109,0.4628,0.4126,7.282,5.957,9191.3,8.889,0.3346,183.8,60.7
2026-07-07T09:00:00,10.876,10.623,19.66,20.63,1.153,1.100,0.4966,0.4118,7.381,6.075,9201.9,8.903,0.3355,184.0,60.7
2026-07-07T10:00:00,10.550,10.136,20.37,21.37,1.185,1.132,0.4859,0.4192,7.271,6.208,9212.0,8.914,0.3362,184.2,60.8
2026-07-07T11:00:00,10.882,10.551,20.33,21.20,1.176,1.123,0.4332,0.4159,7.170,5.972,9222.6,8.927,0.3364,184.5,60.9
2026-07-07T12:00:00,10.574,10.287,20.77,22.17,1.209,1.153,0.5149,0.4288,7.429,6.123,9232.9,8.940,0.3373,184.7,60.9
2026-07-07T13:00:00,11.209,11.053,22.00,22.84,1.202,1.144,0.5062,0.4387,6.617,5.671,9243.9,8.951,0.3380,184.9,61.0
2026-07-07T14:00:00,11.013,10.778,22.16,23.01,1.214,1.155,0.4933,0.4186,7.335,5.800,9254.7,8.967,0.3388,185.1,61.1
2026-07-07T15:00:00,11.804,11.555,21.69,22.81,1.231,1.179,0.4759,0.4317,6.925,5.934,9266.2,8.979,0.3393,185.3,61.2
2026-07-07T16:00:00,11.687,11.400,21.34,22.00,1.233,1.173,0.4459,0.4284,6.964,6.163,9277.6,8.988,0.3395,185.6,61.2
2026-07-07T17:00:00,11.311,11.055,21.13,22.03,1.218,1.153,0.4429,0.4312,6.978,5.961,9288.7,8.999,0.3397,185.8,61.3
2026-07-07T18:00:00,10.837,10.603,21.14,22.19,1.180,1.125,0.4678,0.4210,6.910,5.936,9299.3,9.009,0.3402,186.0,61.4
2026-07-07T19:00:00,10.425,10.151,21.22,21.94,1.224,1.169,0.4769,0.4232,7.281,6.219,9309.4,9.020,0.3407,186.2,61.4
2026-07-07T20:00:00,11.540,11.242,20.74,21.46,1.195,1.130,0.4624,0.4252,7.348,5.875,9320.7,9.037,0.3411,186.4,61.5
2026-07-07T21:00:00,10.901,10.730,19.49,20.50,1.199,1.141,0.4734,0.4337,6.606,6.124,9331.4,9.042,0.3415,186.6,61.6
2026-07-07T22:00:00,10.510,10.185,18.47,19.34,1.163,1.111,0.5043,0.4323,7.154,5.958,9341.6,9.054,0.3423,186.8,61.7
2026-07-07T23:00:00,10.271,9.954,18.71,19.32,1.147,1.096,0.4785,0.4337,6.970,5.777,9351.6,9.066,0.3427,187.0,61.7
2026-07-08T00:00:00,10.288,10.090,18.37,18.82,1.147,1.096,0.4365,0.4250,6.802,6.137,9361.6,9.073,0.3428,187.2,61.8
2026-07-08T01:00:00,9.471,9.260,17.42,18.23,1.122,1.070,0.4668,0.4263,6.859,5.891,9370.9,9.082,0.3432,187.4,61.8
2026-07-08T02:00:00,10.092,9.912,16.88,17.47,1.154,1.103,0.4403,0.4272,7.707,5.918,9380.8,9.099,0.3433,187.6,61.9
2026-07-08T03:00:00,9.870,9.734,17.84,18.62,1.160,1.098,0.4733,0.4200,7.248,5.930,9390.6,9.112,0.3439,187.8,62.0
2026-07-08T04:00:00,10.495,10.160,17.39,18.13,1.169,1.109,0.4765,0.4371,6.861,6.134,9400.7,9.119,0.3443,188.0,62.0
2026-07-08T05:00:00,10.086,9.903,18.54,19.36,1.146,1.094,0.5408,0.4212,7.305,5.835,9410.6,9.134,0.3454,188.2,62.1
2026-07-08T06:00:00,10.527,10.180,18.54,19.36,1.127,1.070,0.4945,0.4214,7.068,6.078,9420.8,9.144,0.3462,188.4,62.2
2026-07-08T07:00:00,10.300,10.054,18.55,19.25,1.140,1.088,0.4998,0.4174,7.311,5.738,9430.9,9.160,0.3470,188.6,62.2
2026-07-08T08:00:00,10.338,10.117,18.90,19.92,1.170,1.112,0.4411,0.4381,7.435,5.942,9441.0,9.175,0.3471,188.8,62.3
2026-07-08T09:00:00,10.402,10.129,20.09,20.78,1.204,1.144,0.4846,0.4285,7.092,5.919,9451.1,9.187,0.3476,189.0,62.4
2026-07-08T10:00:00,10.965,10.629,20.62,21.41,1.167,1.112,0.4900,0.4196,7.492,6.067,9461.7,9.202,0.3484,189.2,62.4
2026-07-08T11:00:00,11.102,10.849,20.32,21.23,1.183,1.119,0.5058,0.4288,7.188,6.082,9472.6,9.214,0.3492,189.5,62.5
2026-07-08T12:00:00,11.525,10.973,21.41,22.15,1.213,1.162,0.5266,0.4078,7.341,6.019,9483.5,9.229,0.3505,189.7,62.6
2026-07-08T13:00:00,11.099,10.860,21.76,22.43,1.187,1.123,0.5366,0.4155,7.515,5.906,9494.4,9.246,0.3518,189.9,62.7
2026-07-08T14:00:00,11.696,11.382,21.86,22.56,1.219,1.165,0.4880,0.4179,6.572,6.085,9505.8,9.252,0.3526,190.1,62.7
2026-07-08T15:00:00,11.257,10.951,21.42,22.54,1.210,1.142,0.4775,0.4363,7.250,5.745,9516.7,9.268,0.3531,190.3,62.8
2026-07-08T16:00:00,11.445,11.063,21.64,22.35,1.217,1.156,0.4612,0.4218,7.096,5.979,9527.8,9.280,0.3535,190.6,62.9
2026-07-08T17:00:00,11.779,11.469,20.84,21.65,1.226,1.168,0.5081,0.4274,6.733,6.148,9539.3,9.287,0.3544,190.8,63.0
2026-07-08T18:00:00,10.988,10.732,21.18,21.97,1.209,1.159,0.4704,0.4289,7.466,6.012,9550.0,9.303,0.3549,191.0,63.0
2026-07-08T19:00:00,11.306,11.003,21.11,21.80,1.175,1.119,0.4745,0.4312,7.114,5.994,9561.0,9.315,0.3554,191.2,63.1
2026-07-08T20:00:00,10.830,10.474,20.27,20.80,1.206,1.153,0.4426,0.4171,6.642,5.978,9571.5,9.322,0.3556,191.4,63.2
2026-07-08T21:00:00,10.754,10.480,20.07,21.17,1.171,1.109,0.5069,0.4188,7.635,6.092,9582.0,9.338,0.3565,191.6,63.2
2026-07-08T22:00:00,10.675,10.470,19.03,19.71,1.171,1.117,0.4810,0.4018,7.117,5.991,9592.4,9.350,0.3574,191.8,63.3
2026-07-08T23:00:00,10.417,10.223,18.32,19.10,1.160,1.102,0.4479,0.4161,7.505,6.156,9602.7,9.364,0.3577,192.1,63.4
2026-07-09T00:00:00,10.490,10.342,17.86,18.53,1.143,1.089,0.5243,0.4182,7.062,6.276,9613.0,9.372,0.3588,192.3,63.4
2026-07-09T01:00:00,9.761,9.388,18.58,19.61,1.149,1.094,0.4549,0.4201,6.644,5.894,9622.4,9.379,0.3591,192.4,63.5
2026-07-09T02:00:00,10.790,10.489,17.00,17.60,1.122,1.071,0.4569,0.4014,6.500,6.049,9632.9,9.384,0.3597,192.7,63.6
2026-07-09T03:00:00,10.266,9.949,16.85,17.76,1.140,1.079,0.5137,0.4039,6.889,5.922,9642.8,9.393,0.3608,192.9,63.6
2026-07-09T04:00:00,10.313,10.055,16.82,17.19,1.137,1.078,0.4735,0.4278,6.652,6.308,9652.9,9.397,0.3613,193.1,63.7
2026-07-09T05:00:00,10.324,10.102,17.59,18.78,1.151,1.096,0.4441,0.4319,7.175,5.906,9663.0,9.410,0.3614,193.3,63.8
2026-07-09T06:00:00,10.653,10.329,17.92,18.86,1.155,1.093,0.5086,0.4340,7.050,5.741,9673.3,9.423,0.3622,193.5,63.8
2026-07-09T07:00:00,10.007,9.808,18.69,19.51,1.147,1.094,0.4492,0.4232,7.139,5.744,9683.1,9.437,0.3624,193.7,63.9
2026-07-09T08:00:00,9.937,9.552,19.24,19.69,1.166,1.097,0.4996,0.4271,7.284,5.860,9692.7,9.450,0.3631,193.9,64.0
2026-07-09T09:00:00,11.038,10.809,19.46,20.82,1.204,1.147,0.4730,0.4248,6.719,5.929,9703.5,9.459,0.3636,194.1,64.0
2026-07-09T10:00:00,11.371,10.974,19.92,20.78,1.230,1.180,0.4991,0.4222,7.420,6.089,9714.5,9.473,0.3645,194.3,64.1
2026-07-09T11:00:00,10.604,10.400,20.57,21.29,1.183,1.126,0.4362,0.4155,7.336,5.731,9724.8,9.490,0.3647,194.5,64.2
2026-07-09T12:00:00,12.269,11.989,21.21,21.91,1.217,1.163,0.4937,0.4132,6.870,6.099,9736.8,9.499,0.3656,194.7,64.3
2026-07-09T13:00:00,11.790,11.636,21.35,22.03,1.215,1.157,0.4138,0.4158,7.020,6.102,9748.5,9.510,0.3656,195.0,64.3
2026-07-09T14:00:00,11.243,10.911,21.77,22.50,1.201,1.143,0.4605,0.4098,7.398,5.836,9759.4,9.527,0.3662,195.2,64.4
2026-07-09T15:00:00,11.423,11.142,21.73,22.30,1.226,1.169,0.4831,0.4259,7.256,5.863,9770.5,9.543,0.3668,195.4,64.5
2026-07-09T16:00:00,11.656,11.399,21.25,21.68,1.195,1.139,0.4477,0.4295,6.952,5.829,9781.9,9.555,0.3670,195.6,64.6
2026-07-09T17:00:00,11.235,10.806,21.30,22.16,1.234,1.181,0.4460,0.4144,6.353,5.937,9792.7,9.560,0.3674,195.9,64.6
2026-07-09T18:00:00,11.433,11.039,21.37,21.71,1.214,1.152,0.5240,0.4277,7.330,5.797,9803.8,9.577,0.3684,196.1,64.7
2026-07-09T19:00:00,11.206,11.023,21.36,22.11,1.190,1.134,0.5185,0.4271,6.798,5.757,9814.8,9.588,0.3695,196.3,64.8
2026-07-09T20:00:00,10.798,10.336,19.22,19.78,1.173,1.116,0.4911,0.4293,6.834,5.964,9825.1,9.597,0.3701,196.5,64.8
2026-07-09T21:00:00,11.083,10.809,19.77,20.53,1.185,1.134,0.4926,0.4429,7.070,6.154,9835.9,9.607,0.3706,196.7,64.9
2026-07-09T22:00:00,10.813,10.523,17.93,18.55,1.153,1.101,0.4506,0.4345,7.679,6.061,9846.5,9.624,0.3708,196.9,65.0
2026-07-09T23:00:00,10.576,10.348,18.08,18.66,1.114,1.055,0.4430,0.4271,7.018,5.990,9856.8,9.635,0.3710,197.1,65.1
2026-07-10T00:00:00,9.955,9.690,18.38,19.24,1.134,1.079,0.4637,0.4174,6.951,5.803,9866.5,9.646,0.3714,197.3,65.1
2026-07-10T01:00:00,9.658,9.313,17.49,18.17,1.169,1.114,0.4626,0.4340,7.290,5.981,9875.8,9.658,0.3717,197.5,65.2
2026-07-10T02:00:00,10.151,9.827,17.70,18.93,1.122,1.071,0.4727,0.4343,6.764,5.923,9885.6,9.667,0.3721,197.7,65.2
2026-07-10T03:00:00,10.696,10.526,17.74,18.51,1.136,1.082,0.4667,0.4202,7.326,5.976,9896.2,9.681,0.3726,197.9,65.3
2026-07-10T04:00:00,9.880,9.558,17.12,17.75,1.149,1.091,0.4182,0.4218,7.294,5.514,9905.7,9.698,0.3726,198.1,65.4
2026-07-10T05:00:00,10.744,10.508,16.97,18.11,1.135,1.083,0.4758,0.4120,7.310,5.834,9916.2,9.713,0.3732,198.3,65.4
2026-07-10T06:00:00,10.898,10.590,17.74,18.54,1.159,1.106,0.4432,0.4111,7.381,5.891,9926.8,9.729,0.3736,198.5,65.5
2026-07-10T07:00:00,10.131,9.956,18.49,19.47,1.127,1.061,0.4764,0.4220,6.797,5.837,9936.8,9.739,0.3741,198.7,65.6
2026-07-10T08:00:00,10.709,10.453,18.18,18.79,1.179,1.123,0.4363,0.4177,7.143,5.907,9947.2,9.751,0.3743,198.9,65.7
2026-07-10T09:00:00,10.917,10.623,19.48,19.90,1.159,1.105,0.5070,0.4181,6.871,6.063,9957.9,9.760,0.3752,199.2,65.7
2026-07-10T10:00:00,11.382,11.032,20.22,21.05,1.197,1.146,0.4570,0.4254,6.955,5.876,9968.9,9.772,0.3756,199.4,65.8
2026-07-10T11:00:00,11.108,10.819,20.25,20.85,1.179,1.122,0.4963,0.4279,7.077,5.853,9979.7,9.785,0.3763,199.6,65.9
2026-07-10T12:00:00,10.807,10.498,19.88,20.71,1.160,1.105,0.4643,0.4271,7.584,5.915,9990.2,9.803,0.3767,199.8,65.9
2026-07-10T13:00:00,12.086,11.938,21.30,21.65,1.242,1.191,0.4985,0.4124,7.060,5.763,10002.1,9.818,0.3777,200.0,66.0
2026-07-10T14:00:00,10.780,10.427,21.61,21.97,1.225,1.172,0.5177,0.4125,6.845,5.977,10012.6,9.827,0.3788,200.3,66.1
2026-07-10T15:00:00,11.690,11.399,21.33,21.94,1.197,1.139,0.5031,0.4322,6.625,5.858,10024.0,9.836,0.3797,200.5,66.2
2026-07-10T16:00:00,11.981,11.797,21.92,22.41,1.229,1.170,0.4659,0.4154,6.552,6.015,10035.8,9.842,0.3802,200.7,66.2
2026-07-10T17:00:00,12.052,11.931,20.60,21.28,1.202,1.144,0.4977,0.4365,7.189,5.870,10047.7,9.858,0.3810,201.0,66.3
2026-07-10T18:00:00,11.831,11.525,20.55,21.26,1.232,1.175,0.4828,0.4130,6.564,5.978,10059.2,9.865,0.3818,201.2,66.4
2026-07-10T19:00:00,11.235,10.978,20.48,21.52,1.214,1.158,0.4441,0.4190,7.029,5.871,10070.2,9.878,0.3821,201.4,66.5
2026-07-10T20:00:00,10.721,10.454,19.87,20.89,1.209,1.151,0.4609,0.4236,6.608,5.905,10080.7,9.885,0.3824,201.6,66.5
2026-07-10T21:00:00,11.420,11.144,19.65,20.46,1.210,1.157,0.4239,0.4074,6.922,6.047,10091.8,9.895,0.3826,201.8,66.6
2026-07-10T22:00:00,10.727,10.425,19.26,20.12,1.148,1.085,0.4539,0.4383,7.096,5.848,10102.2,9.908,0.3828,202.0,66.7
2026-07-10T23:00:00,9.831,9.538,18.57,19.43,1.178,1.127,0.5161,0.4103,6.388,5.904,10111.8,9.912,0.3838,202.2,66.7
2026-07-11T00:00:00,10.274,9.894,18.40,19.50,1.153,1.100,0.4541,0.4138,7.369,5.842,10121.7,9.927,0.3842,202.4,66.8
2026-07-11T01:00:00,9.932,9.731,17.46,18.13,1.129,1.074,0.4697,0.4221,6.996,6.026,10131.4,9.937,0.3847,202.6,66.9
2026-07-11T02:00:00,9.577,9.310,17.00,17.88,1.125,1.073,0.4932,0.4392,7.402,6.115,10140.7,9.949,0.3852,202.8,66.9
2026-07-11T03:00:00,10.044,9.756,17.24,17.55,1.163,1.098,0.4805,0.3988,6.784,6.042,10150.5,9.956,0.3860,203.0,67.0
2026-07-11T04:00:00,9.946,9.829,17.05,17.99,1.146,1.085,0.4768,0.4197,6.969,5.718,10160.3,9.968,0.3865,203.2,67.1
2026-07-11T05:00:00,10.211,10.010,17.92,18.90,1.162,1.103,0.4742,0.4190,6.635,5.702,10170.3,9.978,0.3871,203.4,67.1
2026-07-11T06:00:00,10.302,10.013,18.43,19.44,1.149,1.095,0.4667,0.4175,7.052,5.977,10180.3,9.988,0.3876,203.6,67.2
2026-07-11T07:00:00,10.826,10.465,17.62,18.63,1.153,1.094,0.4968,0.4162,7.299,5.809,10190.8,10.004,0.3884,203.8,67.3
2026-07-11T08:00:00,10.235,9.895,17.85,18.69,1.165,1.114,0.5163,0.4133,7.060,6.107,10200.7,10.013,0.3894,204.0,67.3
2026-07-11T09:00:00,11.277,11.088,19.37,20.41,1.194,1.142,0.4493,0.4161,7.421,6.044,10211.8,10.029,0.3898,204.2,67.4
2026-07-11T10:00:00,10.809,10.344,19.80,20.51,1.192,1.137,0.5069,0.4321,6.760,5.770,10222.1,10.039,0.3906,204.4,67.5
2026-07-11T11:00:00,11.321,11.040,20.01,21.19,1.214,1.155,0.4687,0.4191,6.818,5.944,10233.1,10.049,0.3911,204.7,67.5
2026-07-11T12:00:00,11.343,11.070,20.57,21.05,1.206,1.155,0.4425,0.4085,6.831,5.764,10244.2,10.060,0.3915,204.9,67.6
2026-07-11T13:00:00,10.756,10.456,21.11,21.43,1.231,1.164,0.5425,0.4054,6.978,5.886,10254.7,10.072,0.3929,205.1,67.7
2026-07-11T14:00:00,11.512,11.130,21.09,21.58,1.239,1.178,0.4948,0.4293,6.727,5.922,10265.8,10.081,0.3937,205.3,67.8
2026-07-11T15:00:00,11.615,11.259,21.00,21.48,1.212,1.157,0.4200,0.4133,6.552,5.789,10277.1,10.089,0.3937,205.5,67.8
2026-07-11T16:00:00,11.101,10.711,21.41,22.15,1.224,1.156,0.4915,0.4212,6.665,6.166,10287.8,10.095,0.3945,205.8,67.9
2026-07-11T17:00:00,11.254,10.868,21.06,21.33,1.223,1.169,0.4678,0.4214,6.585,5.989,10298.6,10.101,0.3950,206.0,68.0
2026-07-11T18:00:00,11.570,11.319,20.81,21.29,1.214,1.155,0.4236,0.4312,7.067,6.045,10309.9,10.113,0.3950,206.2,68.0
2026-07-11T19:00:00,11.644,11.155,20.94,21.20,1.230,1.174,0.4873,0.4258,6.722,6.249,10321.1,10.118,0.3957,206.4,68.1
2026-07-11T20:00:00,10.490,10.238,20.55,21.22,1.185,1.132,0.4611,0.4153,7.334,5.764,10331.3,10.134,0.3962,206.6,68.2
2026-07-11T21:00:00,11.173,10.896,19.76,20.61,1.199,1.141,0.4646,0.4070,7.478,5.842,10342.2,10.152,0.3968,206.8,68.3
2026-07-11T22:00:00,10.315,10.078,18.90,19.44,1.171,1.120,0.5111,0.4174,6.997,5.762,10352.3,10.164,0.3977,207.0,68.3
2026-07-11T23:00:00,10.212,9.933,18.31,18.81,1.171,1.119,0.4611,0.4320,7.013,5.984,10362.2,10.175,0.3980,207.2,68.4
2026-07-12T00:00:00,10.424,10.124,18.00,18.70,1.145,1.074,0.4780,0.4213,7.920,5.968,10372.4,10.194,0.3986,207.4,68.5
2026-07-12T01:00:00,9.917,9.476,17.83,18.71,1.144,1.092,0.4536,0.4244,6.925,6.012,10381.8,10.203,0.3989,207.6,68.5
2026-07-12T02:00:00,11.039,10.674,17.52,18.38,1.119,1.047,0.4469,0.4193,6.951,5.594,10392.5,10.218,0.3992,207.9,68.6
2026-07-12T03:00:00,9.571,9.345,17.19,18.29,1.154,1.094,0.4997,0.4234,6.844,5.948,10401.9,10.226,0.3999,208.0,68.7
2026-07-12T04:00:00,9.711,9.391,17.48,18.34,1.127,1.070,0.4737,0.4159,7.388,5.581,10411.3,10.243,0.4004,208.2,68.7
2026-07-12T05:00:00,10.486,10.124,17.55,18.25,1.157,1.103,0.4772,0.4387,7.211,5.667,10421.4,10.259,0.4008,208.4,68.8
2026-07-12T06:00:00,10.718,10.580,17.60,18.61,1.146,1.092,0.4682,0.4012,7.831,5.924,10432.0,10.279,0.4015,208.6,68.9
2026-07-12T07:00:00,10.866,10.492,18.69,19.85,1.151,1.098,0.4360,0.4267,6.673,5.769,10442.5,10.288,0.4016,208.8,68.9
2026-07-12T08:00:00,10.556,10.387,18.72,19.65,1.167,1.114,0.4191,0.4249,6.946,5.873,10452.8,10.299,0.4016,209.1,69.0
2026-07-12T09:00:00,10.978,10.558,20.75,22.02,1.171,1.115,0.4782,0.4176,6.712,5.886,10463.4,10.308,0.4023,209.3,69.1
2026-07-12T10:00:00,11.248,10.882,19.51,20.44,1.192,1.139,0.5083,0.4246,6.580,5.732,10474.3,10.317,0.4032,209.5,69.1
2026-07-12T11:00:00,11.432,10.965,20.18,20.72,1.202,1.149,0.4829,0.4263,7.584,5.979,10485.2,10.335,0.4038,209.7,69.2
2026-07-12T12:00:00,11.406,11.068,20.91,21.49,1.208,1.145,0.4825,0.4065,7.275,6.023,10496.3,10.349,0.4046,209.9,69.3
2026-07-12T13:00:00,10.956,10.590,20.41,21.01,1.200,1.142,0.4735,0.4224,7.262,6.062,10506.9,10.361,0.4052,210.1,69.3
2026-07-12T14:00:00,11.030,10.871,21.31,21.95,1.221,1.157,0.5056,0.4401,7.062,5.974,10517.8,10.373,0.4059,210.4,69.4
2026-07-12T15:00:00,10.867,10.573,21.56,22.69,1.207,1.143,0.4183,0.4357,6.938,5.929,10528.3,10.384,0.4059,210.6,69.5
2026-07-12T16:00:00,10.976,10.709,21.85,22.29,1.214,1.158,0.4678,0.4095,7.374,5.775,10539.1,10.401,0.4065,210.8,69.6
2026-07-12T17:00:00,10.927,10.506,20.99,22.20,1.253,1.195,0.4782,0.4163,7.246,5.914,10549.6,10.415,0.4072,211.0,69.6
2026-07-12T18:00:00,11.109,10.823,20.72,21.62,1.212,1.155,0.4824,0.4091,7.297,5.649,10560.4,10.433,0.4079,211.2,69.7
2026-07-12T19:00:00,11.209,10.913,20.55,21.46,1.202,1.146,0.4934,0.4184,6.167,5.851,10571.3,10.436,0.4088,211.4,69.8
2026-07-12T20:00:00,10.658,10.446,20.17,21.20,1.184,1.129,0.4767,0.4238,7.253,5.953,10581.7,10.450,0.4093,211.6,69.8
2026-07-12T21:00:00,10.489,10.253,19.11,19.54,1.211,1.150,0.4690,0.4310,6.497,5.890,10592.0,10.456,0.4097,211.8,69.9
2026-07-12T22:00:00,11.345,10.936,19.02,19.38,1.167,1.107,0.4577,0.4032,6.921,5.764,10602.9,10.469,0.4103,212.1,70.0
2026-07-12T23:00:00,10.760,10.429,17.77,18.74,1.136,1.085,0.4787,0.4329,6.977,5.872,10613.4,10.480,0.4108,212.3,70.0
2026-07-13T00:00:00,9.869,9.559,17.35,18.15,1.164,1.113,0.4248,0.4259,6.901,5.948,10622.9,10.489,0.4108,212.5,70.1
2026-07-13T01:00:00,10.541,10.226,17.63,18.53,1.133,1.081,0.4373,0.4196,6.898,5.839,10633.1,10.500,0.4110,212.7,70.2
2026-07-13T02:00:00,10.643,10.523,16.88,17.35,1.158,1.101,0.4994,0.4319,6.662,5.966,10643.7,10.508,0.4117,212.9,70.2
2026-07-13T03:00:00,10.291,9.977,17.25,17.72,1.164,1.109,0.4418,0.4120,7.739,5.760,10653.6,10.527,0.4120,213.1,70.3
2026-07-13T04:00:00,10.462,10.201,17.50,17.85,1.117,1.061,0.4573,0.4190,6.848,6.113,10663.9,10.535,0.4124,213.3,70.4
2026-07-13T05:00:00,10.413,10.157,17.00,18.08,1.144,1.090,0.4714,0.4176,6.546,5.951,10674.0,10.541,0.4129,213.5,70.4
2026-07-13T06:00:00,10.103,9.932,17.71,18.47,1.116,1.064,0.5071,0.4150,7.112,5.967,10683.9,10.552,0.4138,213.7,70.5
2026-07-13T07:00:00,9.791,9.509,17.69,18.29,1.167,1.103,0.5018,0.4239,6.661,5.809,10693.4,10.560,0.4146,213.9,70.6
2026-07-13T08:00:00,10.269,10.150,18.84,19.99,1.188,1.119,0.4717,0.4162,6.939,5.897,10703.6,10.571,0.4151,214.1,70.6
2026-07-13T09:00:00,10.923,10.840,19.86,20.66,1.183,1.130,0.4729,0.4228,7.065,5.644,10714.4,10.586,0.4157,214.3,70.7
2026-07-13T10:00:00,11.235,11.004,19.90,21.00,1.190,1.138,0.5222,0.4313,6.537,5.934,10725.4,10.593,0.4167,214.5,70.8
2026-07-13T11:00:00,11.029,10.809,20.49,21.21,1.207,1.142,0.4420,0.4202,6.363,5.828,10736.3,10.599,0.4169,214.7,70.9
2026-07-13T12:00:00,10.938,10.858,20.06,20.84,1.199,1.147,0.4812,0.4132,7.216,5.718,10747.1,10.615,0.4176,214.9,70.9
2026-07-13T13:00:00,11.275,11.052,20.80,21.57,1.217,1.166,0.4663,0.4224,6.837,5.728,10758.2,10.627,0.4181,215.2,71.0
2026-07-13T14:00:00,11.132,10.827,20.55,21.55,1.231,1.173,0.4978,0.3980,6.951,6.053,10769.0,10.637,0.4192,215.4,71.1
2026-07-13T15:00:00,10.872,10.558,21.99,23.14,1.200,1.148,0.4249,0.4141,6.982,5.917,10779.5,10.648,0.4193,215.6,71.1
2026-07-13T16:00:00,11.881,11.458,20.68,21.83,1.244,1.189,0.4981,0.4117,6.969,6.025,10791.0,10.659,0.4203,215.8,71.2
2026-07-13T17:00:00,11.520,11.285,21.30,21.91,1.205,1.145,0.4990,0.4364,7.661,5.928,10802.3,10.679,0.4210,216.0,71.3
2026-07-13T18:00:00,11.538,11.222,20.46,20.90,1.207,1.154,0.4723,0.4331,7.264,5.893,10813.5,10.694,0.4215,216.3,71.4
2026-07-13T19:00:00,11.114,10.749,20.32,20.88,1.204,1.141,0.4944,0.4260,6.379,5.848,10824.3,10.700,0.4222,216.5,71.4
2026-07-13T20:00:00,10.497,10.295,19.37,20.59,1.175,1.119,0.4284,0.4191,7.143,6.085,10834.6,10.711,0.4223,216.7,71.5
2026-07-13T21:00:00,10.494,10.074,18.54,19.81,1.172,1.112,0.4905,0.4205,6.651,6.090,10844.6,10.716,0.4230,216.9,71.6
2026-07-13T22:00:00,10.731,10.459,18.77,19.84,1.174,1.113,0.4867,0.4175,7.032,5.941,10855.1,10.728,0.4237,217.1,71.6
2026-07-13T23:00:00,9.760,9.390,18.46,19.23,1.157,1.103,0.4517,0.3970,6.950,5.699,10864.5,10.739,0.4242,217.3,71.7
2026-07-14T00:00:00,10.149,9.878,17.93,18.44,1.135,1.072,0.4573,0.4230,6.641,6.061,10874.4,10.745,0.4246,217.5,71.8
2026-07-14T01:00:00,9.401,9.176,17.29,18.08,1.156,1.104,0.4795,0.4211,6.864,5.856,10883.5,10.754,0.4251,217.7,71.8
2026-07-14T02:00:00,9.069,8.828,16.78,17.57,1.151,1.076,0.4831,0.4143,7.344,5.622,10892.4,10.770,0.4257,217.8,71.9
2026-07-14T03:00:00,9.478,9.280,16.88,17.54,1.160,1.108,0.4971,0.4254,6.563,5.739,10901.6,10.777,0.4264,218.0,72.0
2026-07-14T04:00:00,10.154,9.901,17.21,18.34,1.158,1.107,0.4251,0.4198,6.904,5.488,10911.5,10.791,0.4264,218.2,72.0
2026-07-14T05:00:00,10.031,9.950,18.05,19.38,1.132,1.077,0.4683,0.4192,7.644,5.948,10921.5,10.808,0.4269,218.4,72.1
2026-07-14T06:00:00,10.218,9.940,17.40,18.64,1.142,1.088,0.5044,0.4146,7.037,5.814,10931.4,10.820,0.4278,218.6,72.1
2026-07-14T07:00:00,10.618,10.320,17.40,18.55,1.175,1.123,0.4552,0.4305,7.110,5.784,10941.8,10.834,0.4281,218.8,72.2
2026-07-14T08:00:00,10.183,9.879,18.79,19.39,1.157,1.106,0.4883,0.4147,6.821,5.571,10951.6,10.846,0.4288,219.0,72.3
2026-07-14T09:00:00,11.124,10.862,19.76,20.72,1.183,1.124,0.5193,0.3947,7.115,6.013,10962.5,10.858,0.4301,219.2,72.4
2026-07-14T10:00:00,11.026,10.701,19.00,19.75,1.198,1.146,0.4657,0.4280,7.443,5.941,10973.2,10.874,0.4305,219.5,72.4
2026-07-14T11:00:00,11.261,10.967,20.31,21.46,1.216,1.164,0.5117,0.4084,7.356,5.910,10984.2,10.890,0.4317,219.7,72.5
2026-07-14T12:00:00,11.052,10.703,20.35,21.20,1.209,1.157,0.4507,0.4065,6.322,5.717,10994.9,10.897,0.4322,219.9,72.6
2026-07-14T13:00:00,11.006,10.779,20.67,21.58,1.204,1.151,0.4365,0.4078,7.229,5.863,11005.6,10.911,0.4325,220.1,72.6
2026-07-14T14:00:00,11.546,11.337,21.42,22.34,1.235,1.183,0.5172,0.4158,6.608,5.656,11017.0,10.922,0.4336,220.3,72.7
2026-07-14T15:00:00,10.780,10.490,21.06,22.13,1.229,1.177,0.4405,0.4183,7.427,5.803,11027.5,10.939,0.4338,220.5,72.8
2026-07-14T16:00:00,11.295,11.017,21.11,22.21,1.213,1.156,0.4795,0.4126,6.830,5.534,11038.5,10.954,0.4346,220.8,72.9
2026-07-14T17:00:00,11.818,11.331,21.05,21.92,1.223,1.171,0.4544,0.4065,7.889,5.941,11049.8,10.976,0.4351,221.0,72.9
2026-07-14T18:00:00,11.612,11.345,20.50,21.27,1.203,1.151,0.4815,0.4178,6.676,5.949,11061.2,10.984,0.4358,221.2,73.0
2026-07-14T19:00:00,10.749,10.566,20.45,21.48,1.198,1.146,0.5037,0.3920,6.495,5.905,11071.7,10.990,0.4370,221.4,73.1
2026-07-14T20:00:00,10.455,10.213,19.26,19.94,1.197,1.145,0.4603,0.4127,6.482,5.845,11081.9,10.997,0.4375,221.6,73.1
2026-07-14T21:00:00,10.488,10.119,19.22,19.87,1.209,1.157,0.4597,0.4252,7.557,5.825,11092.1,11.014,0.4379,221.8,73.2
2026-07-14T22:00:00,10.155,9.841,18.74,19.50,1.156,1.104,0.5000,0.4211,8.078,5.725,11101.9,11.037,0.4386,222.0,73.3
2026-07-14T23:00:00,10.418,10.255,17.84,18.64,1.160,1.103,0.4404,0.4231,6.946,5.906,11112.2,11.048,0.4388,222.2,73.3
2026-07-15T00:00:00,10.090,9.933,17.55,18.77,1.157,1.098,0.4711,0.4320,6.929,5.803,11122.1,11.059,0.4392,222.4,73.4
2026-07-15T01:00:00,10.605,10.435,17.12,17.77,1.148,1.097,0.4330,0.4361,7.244,5.833,11132.5,11.074,0.4392,222.7,73.5
2026-07-15T02:00:00,10.370,9.986,16.89,17.90,1.141,1.077,0.4784,0.3951,6.539,6.066,11142.5,11.079,0.4400,222.9,73.5
2026-07-15T03:00:00,10.612,10.265,17.04,18.29,1.158,1.099,0.4561,0.4222,6.596,5.796,11152.8,11.087,0.4404,223.1,73.6
2026-07-15T04:00:00,9.891,9.719,17.33,18.39,1.142,1.091,0.4230,0.4181,6.928,5.753,11162.5,11.098,0.4404,223.2,73.7
2026-07-15T05:00:00,10.330,10.030,17.87,18.88,1.165,1.111,0.4305,0.4210,6.267,6.118,11172.5,11.100,0.4405,223.5,73.7
2026-07-15T06:00:00,10.256,9.957,17.18,17.68,1.166,1.114,0.4597,0.4210,6.672,5.669,11182.5,11.110,0.4409,223.6,73.8
2026-07-15T07:00:00,10.072,9.793,17.72,18.79,1.174,1.114,0.4833,0.4169,6.592,6.066,11192.3,11.115,0.4416,223.8,73.9
2026-07-15T08:00:00,9.562,9.248,19.49,20.37,1.150,1.092,0.4450,0.4211,6.846,5.891,11201.5,11.124,0.4418,224.0,73.9
2026-07-15T09:00:00,10.429,10.029,19.18,20.33,1.199,1.147,0.4709,0.4211,6.946,5.748,11211.6,11.136,0.4423,224.2,74.0
2026-07-15T10:00:00,11.269,11.050,19.44,20.37,1.196,1.143,0.4834,0.4175,7.243,5.826,11222.6,11.151,0.4430,224.5,74.1
2026-07-15T11:00:00,10.620,10.258,20.78,21.89,1.231,1.169,0.5120,0.4046,6.685,5.775,11232.9,11.161,0.4441,224.7,74.1
2026-07-15T12:00:00,11.477,11.228,20.36,20.83,1.192,1.117,0.4263,0.4153,6.716,6.000,11244.1,11.169,0.4442,224.9,74.2
2026-07-15T13:00:00,11.279,10.916,21.20,22.07,1.168,1.111,0.4745,0.4268,6.709,5.793,11255.0,11.179,0.4448,225.1,74.3
2026-07-15T14:00:00,10.933,10.675,20.65,21.53,1.213,1.159,0.5217,0.4042,6.855,5.831,11265.7,11.190,0.4460,225.3,74.4
2026-07-15T15:00:00,11.516,11.163,20.61,21.64,1.210,1.153,0.4312,0.4176,7.077,5.699,11276.8,11.205,0.4462,225.5,74.4
2026-07-15T16:00:00,11.319,11.031,20.80,21.83,1.222,1.171,0.4360,0.4083,7.280,5.618,11287.9,11.223,0.4465,225.8,74.5
2026-07-15T17:00:00,11.353,11.077,20.71,21.36,1.206,1.153,0.4289,0.4091,7.308,5.841,11298.9,11.240,0.4467,226.0,74.6
2026-07-15T18:00:00,11.741,11.480,20.89,21.26,1.231,1.178,0.4673,0.4207,7.502,5.941,11310.4,11.258,0.4472,226.2,74.6
2026-07-15T19:00:00,11.390,11.040,19.06,20.06,1.203,1.150,0.4632,0.4271,6.917,6.105,11321.5,11.266,0.4476,226.4,74.7
2026-07-15T20:00:00,11.215,11.036,19.51,20.34,1.180,1.125,0.4322,0.4243,7.089,5.668,11332.5,11.282,0.4477,226.7,74.8
2026-07-15T21:00:00,11.236,10.983,19.01,20.11,1.175,1.124,0.4531,0.4128,7.177,5.702,11343.5,11.298,0.4482,226.9,74.9
2026-07-15T22:00:00,10.472,10.201,18.16,19.09,1.175,1.123,0.4649,0.4090,7.036,6.046,11353.7,11.308,0.4487,227.1,74.9
2026-07-15T23:00:00,10.262,9.979,17.74,18.82,1.143,1.091,0.4197,0.4044,6.626,5.792,11363.7,11.317,0.4489,227.3,75.0
2026-07-16T00:00:00,10.758,10.552,18.03,19.03,1.159,1.102,0.4745,0.4228,6.926,5.668,11374.2,11.330,0.4494,227.5,75.1
2026-07-16T01:00:00,10.196,9.796,17.27,18.32,1.118,1.066,0.4675,0.4189,7.065,5.647,11384.0,11.344,0.4499,227.7,75.1
2026-07-16T02:00:00,10.621,10.358,16.38,17.11,1.155,1.104,0.5081,0.4202,6.669,5.854,11394.4,11.352,0.4508,227.9,75.2
2026-07-16T03:00:00,9.883,9.598,17.34,18.00,1.134,1.083,0.4888,0.4113,7.602,5.736,11404.0,11.370,0.4516,228.1,75.3
2026-07-16T04:00:00,9.780,9.484,17.07,17.78,1.133,1.079,0.4611,0.4149,7.440,5.717,11413.5,11.387,0.4520,228.3,75.3
2026-07-16T05:00:00,10.769,10.490,16.60,17.24,1.141,1.078,0.5206,0.4171,7.309,5.761,11423.9,11.403,0.4531,228.5,75.4
2026-07-16T06:00:00,9.822,9.611,17.90,18.09,1.181,1.129,0.4536,0.4210,7.289,5.925,11433.6,11.416,0.4534,228.7,75.5
2026-07-16T07:00:00,10.243,10.130,17.83,18.56,1.163,1.107,0.4921,0.3982,6.883,5.724,11443.7,11.428,0.4543,228.9,75.5
2026-07-16T08:00:00,11.178,10.897,18.44,19.36,1.145,1.077,0.4554,0.4197,6.562,5.625,11454.6,11.438,0.4547,229.1,75.6
2026-07-16T09:00:00,10.915,10.584,18.83,19.43,1.168,1.115,0.4869,0.4293,7.358,5.916,11465.2,11.453,0.4553,229.3,75.7
2026-07-16T10:00:00,11.344,11.151,20.02,20.51,1.213,1.139,0.4903,0.4200,7.251,5.542,11476.3,11.472,0.4561,229.5,75.7
2026-07-16T11:00:00,11.854,11.441,20.41,21.22,1.197,1.146,0.4930,0.4319,7.157,5.912,11487.8,11.486,0.4568,229.8,75.8
2026-07-16T12:00:00,11.455,11.186,20.56,21.32,1.203,1.148,0.4692,0.4237,7.472,5.954,11498.9,11.503,0.4573,230.0,75.9
2026-07-16T13:00:00,11.492,11.175,21.16,21.76,1.199,1.138,0.4367,0.4013,7.338,5.546,11510.1,11.523,0.4577,230.2,76.0
2026-07-16T14:00:00,11.813,11.511,20.13,21.14,1.226,1.167,0.4693,0.4233,6.773,5.666,11521.6,11.536,0.4583,230.4,76.0
2026-07-16T15:00:00,11.347,11.060,21.45,22.42,1.232,1.179,0.4518,0.4165,6.860,5.839,11532.7,11.548,0.4586,230.7,76.1
2026-07-16T16:00:00,11.984,11.852,21.07,21.83,1.222,1.160,0.4164,0.4281,7.506,5.670,11544.5,11.569,0.4586,230.9,76.2
2026-07-16T17:00:00,11.529,11.183,20.62,21.55,1.228,1.177,0.4935,0.4058,6.474,5.912,11555.7,11.576,0.4596,231.1,76.3
2026-07-16T18:00:00,10.856,10.721,20.81,21.32,1.214,1.157,0.5172,0.4216,7.351,5.906,11566.4,11.591,0.4606,231.3,76.3
2026-07-16T19:00:00,11.270,10.910,19.93,20.43,1.204,1.149,0.4520,0.4186,7.272,5.695,11577.4,11.608,0.4610,231.5,76.4
2026-07-16T20:00:00,10.853,10.555,20.07,21.05,1.168,1.108,0.4977,0.4200,7.282,5.948,11587.9,11.622,0.4618,231.8,76.5
2026-07-16T21:00:00,11.260,10.863,19.57,20.42,1.183,1.132,0.4832,0.4317,7.255,6.021,11598.8,11.636,0.4624,232.0,76.6
2026-07-16T22:00:00,10.784,10.494,18.76,19.72,1.175,1.122,0.4924,0.4179,7.563,6.000,11609.3,11.652,0.4632,232.2,76.6
2026-07-16T23:00:00,9.942,9.668,18.47,19.70,1.164,1.113,0.5148,0.4111,6.715,5.765,11618.9,11.661,0.4642,232.4,76.7
2026-07-17T00:00:00,9.760,9.513,17.27,18.25,1.122,1.069,0.5275,0.4327,7.501,5.603,11628.5,11.679,0.4651,232.6,76.7
2026-07-17T01:00:00,10.392,10.164,17.09,17.63,1.127,1.073,0.4521,0.4022,6.911,5.811,11638.6,11.691,0.4656,232.8,76.8
2026-07-17T02:00:00,10.081,9.650,17.18,17.97,1.133,1.082,0.4607,0.4036,6.706,6.068,11648.3,11.697,0.4661,233.0,76.9
2026-07-17T03:00:00,9.780,9.417,16.40,17.02,1.148,1.097,0.4580,0.4219,6.267,5.592,11657.7,11.703,0.4665,233.2,76.9
2026-07-17T04:00:00,10.471,10.232,17.00,18.10,1.137,1.075,0.4262,0.4217,6.765,5.735,11667.9,11.714,0.4665,233.4,77.0
2026-07-17T05:00:00,10.232,9.989,17.33,18.17,1.168,1.108,0.4347,0.3949,6.777,5.758,11677.9,11.724,0.4669,233.6,77.1
2026-07-17T06:00:00,10.351,10.156,17.66,18.84,1.150,1.092,0.4608,0.4288,6.782,5.785,11688.1,11.734,0.4672,233.8,77.1
2026-07-17T07:00:00,9.984,9.578,17.62,18.88,1.147,1.090,0.4546,0.4426,6.957,5.912,11697.6,11.744,0.4674,234.0,77.2
2026-07-17T08:00:00,10.630,10.216,19.02,19.93,1.159,1.108,0.4781,0.4047,6.919,5.760,11707.9,11.756,0.4681,234.2,77.3
2026-07-17T09:00:00,10.165,9.878,19.01,19.92,1.155,1.090,0.5101,0.4100,7.475,5.892,11717.7,11.771,0.4691,234.4,77.3
2026-07-17T10:00:00,11.142,10.964,19.00,20.03,1.170,1.113,0.4216,0.4270,7.605,5.731,11728.7,11.792,0.4691,234.6,77.4
2026-07-17T11:00:00,10.975,10.812,19.41,20.64,1.196,1.142,0.4251,0.4105,7.862,5.887,11739.5,11.813,0.4693,234.8,77.5
2026-07-17T12:00:00,11.754,11.430,20.70,21.65,1.198,1.146,0.4243,0.4330,6.344,5.823,11750.9,11.819,0.4693,235.0,77.6
2026-07-17T13:00:00,11.822,11.430,20.53,21.20,1.245,1.191,0.4306,0.4096,6.706,5.698,11762.4,11.831,0.4695,235.2,77.6
2026-07-17T14:00:00,11.842,11.526,20.88,22.37,1.224,1.165,0.4529,0.4163,7.689,5.657,11773.9,11.854,0.4699,235.5,77.7
2026-07-17T15:00:00,10.934,10.570,21.42,22.16,1.221,1.155,0.4827,0.4072,6.563,5.786,11784.5,11.862,0.4707,235.7,77.8
2026-07-17T16:00:00,11.947,11.575,21.07,22.13,1.214,1.162,0.4726,0.4204,7.261,6.098,11796.0,11.876,0.4713,235.9,77.9
2026-07-17T17:00:00,11.257,11.157,20.33,21.37,1.224,1.160,0.4587,0.4111,6.204,5.545,11807.2,11.883,0.4719,236.1,77.9
2026-07-17T18:00:00,11.748,11.476,20.60,21.86,1.215,1.157,0.4882,0.4117,7.132,5.715,11818.7,11.899,0.4727,236.4,78.0
2026-07-17T19:00:00,12.254,11.935,19.58,20.54,1.232,1.182,0.4423,0.4207,6.890,5.621,11830.6,11.915,0.4730,236.6,78.1
2026-07-17T20:00:00,11.399,11.193,19.11,19.70,1.198,1.143,0.4370,0.4179,7.314,5.819,11841.8,11.931,0.4732,236.8,78.2
2026-07-17T21:00:00,10.772,10.602,18.97,19.75,1.194,1.138,0.4446,0.4237,7.081,6.007,11852.4,11.943,0.4734,237.0,78.2
2026-07-17T22:00:00,10.290,9.978,18.30,19.19,1.151,1.088,0.4753,0.4069,7.031,5.729,11862.4,11.956,0.4741,237.2,78.3
2026-07-17T23:00:00,10.833,10.592,18.04,18.24,1.167,1.106,0.4840,0.4120,6.875,5.898,11873.0,11.966,0.4749,237.5,78.4
2026-07-18T00:00:00,10.250,9.925,17.45,18.37,1.133,1.081,0.5239,0.4167,7.174,5.808,11882.9,11.980,0.4759,237.7,78.4
2026-07-18T01:00:00,9.634,9.439,16.58,17.31,1.154,1.104,0.4723,0.4239,6.842,5.727,11892.3,11.990,0.4764,237.8,78.5
2026-07-18T02:00:00,10.391,10.125,16.96,17.73,1.130,1.076,0.4735,0.4105,6.587,5.888,11902.5,11.997,0.4770,238.0,78.6
2026-07-18T03:00:00,10.250,9.924,16.72,17.11,1.128,1.075,0.4759,0.4073,6.591,5.695,11912.4,12.006,0.4777,238.2,78.6
2026-07-18T04:00:00,10.131,9.955,16.88,17.57,1.135,1.073,0.4873,0.4229,7.065,5.237,11922.3,12.024,0.4784,238.4,78.7
2026-07-18T05:00:00,10.366,10.220,17.07,17.85,1.135,1.068,0.4688,0.4195,7.089,5.540,11932.6,12.040,0.4789,238.7,78.8
2026-07-18T06:00:00,9.895,9.688,17.36,17.99,1.160,1.110,0.4453,0.4015,6.627,5.825,11942.2,12.048,0.4793,238.8,78.8
2026-07-18T07:00:00,10.548,10.321,17.99,18.96,1.168,1.113,0.4736,0.4260,6.576,5.708,11952.6,12.057,0.4798,239.1,78.9
2026-07-18T08:00:00,10.939,10.703,18.07,18.41,1.174,1.105,0.4892,0.4099,6.337,5.858,11963.3,12.062,0.4806,239.3,79.0
2026-07-18T09:00:00,10.699,10.482,18.70,19.27,1.172,1.112,0.4881,0.4339,6.909,5.814,11973.8,12.073,0.4812,239.5,79.0
2026-07-18T10:00:00,11.032,10.783,19.52,20.50,1.211,1.150,0.4751,0.4105,7.654,5.913,11984.5,12.092,0.4819,239.7,79.1
2026-07-18T11:00:00,11.135,10.977,19.18,19.38,1.211,1.153,0.4734,0.4157,6.712,5.673,11995.5,12.104,0.4825,239.9,79.2
2026-07-18T12:00:00,11.763,11.428,19.44,19.93,1.215,1.153,0.4526,0.4100,7.093,5.655,12006.9,12.120,0.4830,240.1,79.2
2026-07-18T13:00:00,11.187,10.908,20.93,21.81,1.216,1.165,0.4610,0.4316,6.398,5.852,12017.9,12.126,0.4833,240.4,79.3
2026-07-18T14:00:00,11.404,10.960,20.99,22.12,1.184,1.122,0.4646,0.4234,6.550,5.820,12028.8,12.134,0.4838,240.6,79.4
2026-07-18T15:00:00,12.067,11.823,20.82,22.25,1.198,1.142,0.4860,0.4248,6.885,5.985,12040.6,12.145,0.4845,240.8,79.5
2026-07-18T16:00:00,11.802,11.417,21.02,21.89,1.204,1.135,0.4225,0.4199,7.157,5.846,12052.1,12.160,0.4845,241.0,79.5
2026-07-18T17:00:00,11.699,11.544,20.66,21.31,1.215,1.150,0.4361,0.4305,6.498,5.821,12063.6,12.167,0.4846,241.3,79.6
2026-07-18T18:00:00,10.880,10.570,19.78,20.38,1.226,1.171,0.4548,0.4169,7.282,5.864,12074.2,12.182,0.4850,241.5,79.7
2026-07-18T19:00:00,10.908,10.629,19.61,20.69,1.187,1.121,0.3992,0.4148,7.405,5.890,12084.8,12.199,0.4850,241.7,79.8
2026-07-18T20:00:00,10.804,10.541,19.35,19.95,1.175,1.124,0.4662,0.4210,6.625,5.645,12095.3,12.209,0.4855,241.9,79.8
2026-07-18T21:00:00,11.006,10.749,18.66,19.93,1.192,1.132,0.5034,0.4232,6.979,5.730,12106.1,12.222,0.4863,242.1,79.9
2026-07-18T22:00:00,10.767,10.499,17.72,18.68,1.189,1.127,0.4932,0.4114,6.813,5.583,12116.6,12.235,0.4872,242.3,80.0
2026-07-18T23:00:00,10.149,9.858,17.79,18.69,1.183,1.127,0.5053,0.4252,6.914,5.749,12126.4,12.247,0.4880,242.5,80.0
2026-07-19T00:00:00,10.845,10.569,17.21,18.11,1.194,1.129,0.4856,0.4155,6.918,5.820,12137.0,12.258,0.4887,242.7,80.1
2026-07-19T01:00:00,10.194,9.919,16.79,17.81,1.143,1.081,0.4437,0.4141,6.705,5.742,12146.9,12.268,0.4890,242.9,80.2
2026-07-19T02:00:00,9.888,9.543,17.64,18.65,1.114,1.061,0.4835,0.4228,6.936,5.530,12156.5,12.281,0.4896,243.1,80.2
2026-07-19T03:00:00,10.015,9.779,16.48,17.50,1.130,1.076,0.4711,0.4145,6.926,5.691,12166.3,12.293,0.4901,243.3,80.3
2026-07-19T04:00:00,9.799,9.488,16.82,17.78,1.140,1.087,0.4377,0.4106,7.053,5.879,12175.7,12.305,0.4904,243.5,80.4
2026-07-19T05:00:00,9.753,9.507,17.16,17.88,1.168,1.115,0.4538,0.4133,6.984,5.439,12185.2,12.319,0.4908,243.7,80.4
2026-07-19T06:00:00,9.896,9.592,17.85,18.72,1.151,1.099,0.5083,0.4236,6.618,5.545,12194.8,12.329,0.4916,243.9,80.5
2026-07-19T07:00:00,10.280,9.913,18.21,19.00,1.150,1.099,0.4852,0.4277,6.858,5.768,12204.8,12.340,0.4922,244.1,80.6
2026-07-19T08:00:00,10.430,10.286,17.83,18.60,1.159,1.106,0.5343,0.4023,7.363,5.770,12215.0,12.357,0.4935,244.3,80.6
2026-07-19T09:00:00,10.510,10.276,19.41,20.13,1.178,1.128,0.4735,0.4086,6.562,5.801,12225.3,12.364,0.4942,244.5,80.7
2026-07-19T10:00:00,10.309,10.145,19.30,20.48,1.168,1.112,0.4648,0.4253,7.088,5.453,12235.5,12.381,0.4946,244.7,80.8
2026-07-19T11:00:00,10.518,10.288,20.38,20.80,1.208,1.154,0.4310,0.4268,6.849,5.666,12245.7,12.393,0.4946,244.9,80.8
2026-07-19T12:00:00,11.641,11.193,20.23,20.89,1.190,1.133,0.4838,0.4231,6.825,5.758,12256.9,12.405,0.4953,245.1,80.9
2026-07-19T13:00:00,10.924,10.793,20.82,21.53,1.201,1.148,0.3969,0.4163,6.483,5.636,12267.7,12.414,0.4953,245.4,81.0
2026-07-19T14:00:00,11.344,10.999,20.01,20.96,1.213,1.157,0.4395,0.4363,6.654,5.593,12278.7,12.426,0.4954,245.6,81.0
2026-07-19T15:00:00,11.237,11.007,20.93,21.99,1.231,1.178,0.4794,0.4128,6.745,5.860,12289.7,12.436,0.4961,245.8,81.1
2026-07-19T16:00:00,11.335,11.103,20.74,21.13,1.229,1.178,0.4599,0.4105,6.883,5.995,12300.8,12.446,0.4966,246.0,81.2
2026-07-19T17:00:00,11.169,10.908,20.50,21.10,1.225,1.172,0.4732,0.4122,6.684,5.779,12311.8,12.455,0.4973,246.2,81.3
2026-07-19T18:00:00,10.966,10.493,20.08,20.95,1.204,1.136,0.4439,0.4225,6.746,5.605,12322.2,12.467,0.4975,246.4,81.3
2026-07-19T19:00:00,11.203,10.884,19.13,20.27,1.190,1.140,0.4730,0.4226,6.547,5.802,12333.1,12.476,0.4981,246.7,81.4
2026-07-19T20:00:00,10.628,10.300,19.02,19.32,1.170,1.105,0.4922,0.4120,6.601,5.777,12343.4,12.484,0.4989,246.9,81.5
2026-07-19T21:00:00,10.777,10.672,19.35,20.08,1.167,1.110,0.4644,0.4172,7.094,5.975,12354.1,12.496,0.4994,247.1,81.5
2026-07-19T22:00:00,10.428,10.154,18.10,18.80,1.181,1.122,0.4864,0.4093,8.006,5.789,12364.3,12.519,0.5002,247.3,81.6
2026-07-19T23:00:00,10.650,10.398,17.83,18.32,1.193,1.137,0.5007,0.4042,6.805,5.704,12374.7,12.530,0.5012,247.5,81.7
2026-07-20T00:00:00,10.036,9.784,17.53,18.58,1.189,1.128,0.4712,0.4363,6.644,5.831,12384.4,12.538,0.5015,247.7,81.7
2026-07-20T01:00:00,11.013,10.764,16.55,17.64,1.120,1.069,0.4375,0.4215,6.314,5.922,12395.2,12.542,0.5017,247.9,81.8
2026-07-20T02:00:00,10.424,10.136,17.37,17.99,1.133,1.081,0.4715,0.4177,6.882,5.787,12405.3,12.553,0.5022,248.1,81.9
2026-07-20T03:00:00,10.327,9.903,16.54,17.56,1.163,1.112,0.5066,0.4204,7.277,5.751,12415.2,12.568,0.5031,248.3,81.9
2026-07-20T04:00:00,10.109,9.855,16.72,17.33,1.139,1.083,0.4485,0.4129,6.713,5.775,12425.1,12.578,0.5035,248.5,82.0
2026-07-20T05:00:00,9.704,9.395,16.22,16.60,1.138,1.082,0.4989,0.4060,6.958,5.721,12434.5,12.589,0.5043,248.7,82.1
2026-07-20T06:00:00,10.258,9.925,17.66,18.38,1.149,1.096,0.4427,0.4116,6.984,5.752,12444.4,12.601,0.5046,248.9,82.1
2026-07-20T07:00:00,9.693,9.519,17.50,18.40,1.148,1.086,0.5235,0.4181,7.180,5.744,12453.9,12.615,0.5056,249.1,82.2
2026-07-20T08:00:00,10.609,10.535,18.40,19.77,1.166,1.108,0.4270,0.4089,7.282,5.927,12464.5,12.629,0.5058,249.3,82.3
2026-07-20T09:00:00,11.160,11.037,18.81,19.47,1.160,1.100,0.4668,0.4093,6.750,5.536,12475.5,12.643,0.5065,249.5,82.3
2026-07-20T10:00:00,11.092,10.783,18.76,19.41,1.169,1.116,0.4610,0.4130,6.697,5.695,12486.3,12.654,0.5070,249.7,82.4
2026-07-20T11:00:00,11.396,10.919,20.33,21.17,1.197,1.138,0.4355,0.4268,7.307,5.698,12497.2,12.671,0.5071,249.9,82.5
2026-07-20T12:00:00,11.620,11.196,19.43,20.37,1.200,1.137,0.4946,0.4164,6.870,5.463,12508.4,12.687,0.5080,250.2,82.6
2026-07-20T13:00:00,10.978,10.754,20.41,21.09,1.208,1.142,0.4889,0.4017,6.877,5.777,12519.2,12.699,0.5089,250.4,82.6
2026-07-20T14:00:00,11.466,11.208,20.74,21.83,1.216,1.154,0.5162,0.4185,6.846,5.712,12530.4,12.711,0.5100,250.6,82.7
2026-07-20T15:00:00,11.756,11.451,20.61,21.76,1.180,1.119,0.4365,0.4109,7.214,5.732,12541.8,12.728,0.5103,250.8,82.8
2026-07-20T16:00:00,11.215,10.953,20.88,21.60,1.243,1.183,0.4407,0.4279,6.833,5.596,12552.8,12.742,0.5104,251.1,82.8
2026-07-20T17:00:00,11.464,11.210,20.28,20.41,1.215,1.162,0.4812,0.4218,6.769,5.743,12564.0,12.753,0.5111,251.3,82.9
2026-07-20T18:00:00,10.927,10.606,20.82,21.50,1.213,1.160,0.4469,0.4127,7.153,5.972,12574.6,12.766,0.5114,251.5,83.0
2026-07-20T19:00:00,10.574,10.397,19.84,20.32,1.217,1.157,0.4893,0.4194,6.732,5.654,12585.0,12.777,0.5122,251.7,83.1
2026-07-20T20:00:00,10.977,10.781,19.48,20.37,1.188,1.136,0.4390,0.4200,7.152,5.862,12595.8,12.791,0.5124,251.9,83.1
2026-07-20T21:00:00,10.936,10.682,18.91,19.94,1.203,1.142,0.4769,0.4120,7.037,5.702,12606.4,12.805,0.5131,252.1,83.2
2026-07-20T22:00:00,10.835,10.525,18.25,19.28,1.183,1.129,0.4810,0.4091,7.078,5.751,12617.0,12.819,0.5138,252.3,83.3
2026-07-20T23:00:00,9.865,9.587,17.81,18.86,1.171,1.118,0.4970,0.4218,6.514,5.819,12626.6,12.826,0.5145,252.5,83.3
2026-07-21T00:00:00,9.723,9.426,17.53,18.53,1.159,1.106,0.4665,0.4222,6.635,5.674,12636.0,12.835,0.5150,252.7,83.4
2026-07-21T01:00:00,10.134,9.994,17.14,17.99,1.128,1.068,0.4678,0.4102,6.517,5.866,12646.0,12.842,0.5155,252.9,83.5
2026-07-21T02:00:00,10.561,10.273,17.41,18.35,1.135,1.084,0.4549,0.4045,7.058,5.767,12656.3,12.855,0.5161,253.1,83.5
2026-07-21T03:00:00,9.793,9.568,16.69,17.57,1.106,1.054,0.4974,0.4122,6.849,5.659,12665.8,12.866,0.5169,253.3,83.6
2026-07-21T04:00:00,10.008,9.887,16.84,17.71,1.142,1.091,0.4976,0.4075,6.769,5.600,12675.7,12.878,0.5178,253.5,83.7
2026-07-21T05:00:00,10.285,9.986,16.95,17.79,1.140,1.082,0.4834,0.4063,6.863,5.651,12685.7,12.890,0.5185,253.7,83.7
2026-07-21T06:00:00,10.629,10.344,17.56,18.41,1.160,1.100,0.4675,0.4238,7.307,5.602,12696.0,12.908,0.5190,253.9,83.8
2026-07-21T07:00:00,10.392,10.128,17.46,18.28,1.162,1.106,0.5144,0.4056,6.404,5.645,12706.2,12.915,0.5201,254.1,83.9
2026-07-21T08:00:00,10.331,9.846,18.35,19.02,1.170,1.116,0.5149,0.4181,6.590,5.918,12716.0,12.922,0.5210,254.3,83.9
2026-07-21T09:00:00,10.939,10.648,18.75,19.91,1.164,1.103,0.4241,0.4074,6.728,5.533,12726.7,12.935,0.5212,254.5,84.0
2026-07-21T10:00:00,11.545,11.222,19.99,21.26,1.187,1.133,0.4619,0.4185,7.011,5.882,12737.9,12.947,0.5217,254.8,84.1
2026-07-21T11:00:00,11.411,11.066,20.23,21.50,1.194,1.136,0.4918,0.4350,7.409,5.847,12748.9,12.964,0.5223,255.0,84.1
2026-07-21T12:00:00,12.118,11.815,20.54,21.91,1.190,1.134,0.4608,0.4007,6.906,5.891,12760.8,12.976,0.5230,255.2,84.2
2026-07-21T13:00:00,11.995,11.676,20.15,21.03,1.229,1.163,0.5396,0.4332,6.065,5.683,12772.4,12.981,0.5243,255.4,84.3
2026-07-21T14:00:00,11.449,11.149,20.12,20.93,1.231,1.173,0.4530,0.4244,6.555,5.362,12783.6,12.994,0.5246,255.7,84.4
2026-07-21T15:00:00,10.996,10.688,20.25,20.91,1.234,1.178,0.4427,0.4048,7.405,5.767,12794.3,13.012,0.5250,255.9,84.4
2026-07-21T16:00:00,11.275,11.056,20.57,20.96,1.226,1.173,0.4802,0.4096,7.571,5.655,12805.3,13.033,0.5258,256.1,84.5
2026-07-21T17:00:00,11.483,11.339,20.64,21.57,1.198,1.140,0.5057,0.4081,6.915,5.801,12816.7,13.046,0.5269,256.3,84.6
2026-07-21T18:00:00,11.101,10.776,20.07,20.91,1.212,1.156,0.4686,0.4139,6.496,5.841,12827.4,13.053,0.5275,256.5,84.7
2026-07-21T19:00:00,10.784,10.541,19.90,20.67,1.192,1.123,0.5566,0.4030,6.512,5.708,12838.0,13.061,0.5291,256.8,84.7
2026-07-21T20:00:00,10.844,10.701,18.87,19.75,1.183,1.133,0.5402,0.4234,6.218,5.778,12848.7,13.066,0.5304,257.0,84.8
2026-07-21T21:00:00,10.246,9.961,18.20,18.86,1.173,1.115,0.4681,0.4238,6.671,5.748,12858.6,13.075,0.5308,257.2,84.9
2026-07-21T22:00:00,10.656,10.433,17.97,19.05,1.166,1.111,0.4756,0.4032,6.895,5.620,12869.1,13.088,0.5316,257.4,84.9
2026-07-21T23:00:00,10.805,10.450,17.91,17.79,1.146,1.089,0.4688,0.4159,7.249,5.898,12879.5,13.102,0.5321,257.6,85.0
2026-07-22T00:00:00,10.556,10.166,17.46,18.67,1.160,1.110,0.5079,0.4119,6.928,5.619,12889.7,13.116,0.5331,257.8,85.1
2026-07-22T01:00:00,10.317,10.078,17.32,17.77,1.119,1.064,0.4443,0.4135,6.000,5.928,12899.8,13.116,0.5334,258.0,85.1
2026-07-22T02:00:00,9.744,9.468,15.96,16.79,1.122,1.069,0.4799,0.4084,6.848,5.367,12909.2,13.130,0.5341,258.2,85.2
2026-07-22T03:00:00,9.626,9.402,16.43,17.45,1.163,1.107,0.5476,0.4142,6.933,5.619,12918.6,13.143,0.5353,258.4,85.3
2026-07-22T04:00:00,9.461,9.156,16.40,16.74,1.141,1.084,0.4098,0.4157,6.965,5.673,12927.8,13.155,0.5353,258.6,85.3
2026-07-22T05:00:00,9.747,9.408,16.65,17.39,1.149,1.091,0.5303,0.4186,7.008,5.780,12937.2,13.166,0.5364,258.7,85.4
2026-07-22T06:00:00,10.296,9.999,17.60,18.53,1.149,1.096,0.4755,0.4110,7.893,5.434,12947.2,13.191,0.5370,258.9,85.5
2026-07-22T07:00:00,10.375,10.130,17.14,17.89,1.161,1.109,0.4419,0.4027,6.358,5.747,12957.3,13.197,0.5374,259.1,85.5
2026-07-22T08:00:00,10.109,9.890,17.76,18.64,1.187,1.125,0.4285,0.4210,8.092,5.779,12967.2,13.220,0.5375,259.3,85.6
2026-07-22T09:00:00,11.163,10.882,18.46,19.16,1.177,1.116,0.4572,0.4126,6.386,5.522,12978.1,13.229,0.5380,259.6,85.7
2026-07-22T10:00:00,11.224,11.053,19.65,20.32,1.181,1.127,0.4302,0.4274,6.503,5.791,12989.2,13.237,0.5380,259.8,85.7
2026-07-22T11:00:00,11.010,10.825,19.61,20.79,1.212,1.162,0.4581,0.4198,6.841,5.555,13000.0,13.251,0.5384,260.0,85.8
2026-07-22T12:00:00,11.860,11.579,19.67,20.19,1.186,1.133,0.4405,0.4238,6.403,5.836,13011.6,13.258,0.5386,260.2,85.9
2026-07-22T13:00:00,11.487,11.126,20.30,20.82,1.218,1.161,0.4250,0.4115,6.536,5.511,13022.7,13.269,0.5388,260.5,85.9
2026-07-22T14:00:00,10.962,10.702,20.22,20.82,1.245,1.187,0.4447,0.4202,6.867,5.786,13033.4,13.281,0.5390,260.7,86.0
2026-07-22T15:00:00,11.335,11.117,20.61,20.90,1.227,1.173,0.4790,0.4123,6.736,5.573,13044.5,13.293,0.5398,260.9,86.1
2026-07-22T16:00:00,11.947,11.615,20.44,20.95,1.200,1.138,0.4753,0.4082,7.243,5.828,13056.1,13.310,0.5406,261.1,86.2
2026-07-22T17:00:00,11.380,11.149,19.84,20.05,1.207,1.151,0.4762,0.4048,6.546,5.617,13067.3,13.320,0.5413,261.3,86.2
2026-07-22T18:00:00,11.329,10.970,19.62,20.61,1.230,1.173,0.4876,0.4123,6.523,5.791,13078.2,13.328,0.5422,261.6,86.3
2026-07-22T19:00:00,11.119,10.819,19.45,20.01,1.201,1.146,0.4621,0.4115,6.879,5.647,13089.1,13.342,0.5427,261.8,86.4
2026-07-22T20:00:00,10.656,10.314,19.12,20.10,1.213,1.152,0.4511,0.4224,6.227,5.488,13099.4,13.349,0.5430,262.0,86.5
2026-07-22T21:00:00,11.243,11.067,18.65,19.40,1.191,1.138,0.5211,0.4065,6.523,5.490,13110.4,13.361,0.5443,262.2,86.5
2026-07-22T22:00:00,10.566,10.345,18.44,19.50,1.173,1.123,0.5040,0.4196,6.661,5.854,13120.8,13.369,0.5452,262.4,86.6
2026-07-22T23:00:00,10.548,10.432,17.58,18.63,1.153,1.097,0.4053,0.3978,6.661,5.825,13131.2,13.378,0.5452,262.6,86.7
2026-07-23T00:00:00,10.182,9.921,16.63,17.53,1.157,1.102,0.4362,0.4157,6.505,5.778,13141.1,13.385,0.5454,262.8,86.7
2026-07-23T01:00:00,10.183,9.954,16.68,17.20,1.161,1.110,0.5109,0.4246,6.397,5.561,13151.1,13.393,0.5463,263.0,86.8
2026-07-23T02:00:00,10.062,9.760,16.07,17.00,1.129,1.072,0.5011,0.4302,7.325,5.617,13160.9,13.410,0.5470,263.2,86.9
2026-07-23T03:00:00,10.215,9.990,16.31,17.01,1.153,1.079,0.4760,0.3978,7.162,5.764,13170.8,13.424,0.5478,263.4,86.9
2026-07-23T04:00:00,10.295,10.184,16.61,17.70,1.136,1.082,0.4753,0.4161,7.064,5.866,13181.0,13.436,0.5484,263.6,87.0
2026-07-23T05:00:00,9.753,9.520,16.28,16.38,1.157,1.100,0.5275,0.4084,7.341,5.629,13190.6,13.452,0.5495,263.8,87.1
2026-07-23T06:00:00,10.849,10.482,17.06,17.63,1.131,1.071,0.4443,0.4095,6.357,5.681,13201.0,13.460,0.5499,264.0,87.1
2026-07-23T07:00:00,10.275,10.022,17.15,18.08,1.163,1.113,0.4724,0.3905,6.539,5.607,13211.1,13.469,0.5507,264.2,87.2
2026-07-23T08:00:00,11.075,10.830,18.14,18.57,1.126,1.073,0.4503,0.4068,6.749,5.670,13221.9,13.481,0.5512,264.4,87.3
2026-07-23T09:00:00,10.612,10.269,18.50,19.10,1.171,1.119,0.4505,0.4145,6.536,5.766,13232.2,13.488,0.5515,264.6,87.3
2026-07-23T10:00:00,10.120,9.867,19.23,19.94,1.218,1.164,0.4459,0.3981,7.102,5.710,13242.0,13.502,0.5520,264.8,87.4
2026-07-23T11:00:00,11.321,11.228,19.44,20.27,1.199,1.135,0.4380,0.4174,6.864,5.558,13253.3,13.517,0.5522,265.1,87.5
2026-07-23T12:00:00,11.020,10.912,20.43,21.47,1.204,1.147,0.4936,0.4119,6.791,5.518,13264.2,13.531,0.5531,265.3,87.5
2026-07-23T13:00:00,11.269,11.009,20.26,20.99,1.205,1.139,0.4140,0.4078,6.961,5.582,13275.2,13.546,0.5532,265.5,87.6
2026-07-23T14:00:00,11.389,11.103,20.93,21.74,1.227,1.176,0.4506,0.4024,7.339,5.823,13286.3,13.563,0.5537,265.7,87.7
2026-07-23T15:00:00,11.419,11.146,20.75,22.07,1.195,1.141,0.4430,0.4108,6.329,5.493,13297.4,13.572,0.5541,265.9,87.8
2026-07-23T16:00:00,11.721,11.438,20.03,20.67,1.216,1.156,0.5048,0.4159,6.920,5.832,13308.9,13.585,0.5551,266.2,87.8
2026-07-23T17:00:00,11.474,11.225,20.09,21.07,1.194,1.124,0.5042,0.4008,7.252,5.600,13320.1,13.603,0.5563,266.4,87.9
2026-07-23T18:00:00,11.405,11.124,19.43,20.59,1.222,1.172,0.4699,0.4113,6.630,5.637,13331.2,13.614,0.5569,266.6,88.0
2026-07-23T19:00:00,11.594,11.440,19.92,20.82,1.217,1.166,0.4401,0.4270,7.443,5.392,13342.6,13.638,0.5571,266.9,88.1
2026-07-23T20:00:00,11.512,11.133,18.76,19.58,1.198,1.130,0.4955,0.4070,7.536,5.678,13353.8,13.658,0.5581,267.1,88.1
2026-07-23T21:00:00,11.325,10.961,18.28,19.70,1.187,1.130,0.4274,0.4133,6.835,5.576,13364.7,13.672,0.5582,267.3,88.2
2026-07-23T22:00:00,11.232,10.921,17.99,18.99,1.170,1.116,0.4541,0.4276,6.541,5.800,13375.7,13.680,0.5585,267.5,88.3
2026-07-23T23:00:00,10.640,10.497,18.34,19.60,1.144,1.088,0.4993,0.3959,7.246,5.578,13386.2,13.698,0.5596,267.7,88.3
2026-07-24T00:00:00,9.801,9.463,17.24,18.20,1.171,1.117,0.4709,0.4186,6.890,5.626,13395.6,13.710,0.5601,267.9,88.4
2026-07-24T01:00:00,10.515,10.286,16.42,17.32,1.169,1.116,0.5266,0.4016,7.307,5.607,13405.9,13.727,0.5614,268.1,88.5
2026-07-24T02:00:00,10.443,10.223,17.11,18.05,1.139,1.082,0.5013,0.4073,6.690,5.614,13416.1,13.738,0.5623,268.3,88.5
2026-07-24T03:00:00,10.401,10.143,16.89,17.55,1.145,1.090,0.4717,0.4178,6.016,5.848,13426.3,13.740,0.5629,268.5,88.6
2026-07-24T04:00:00,10.365,10.075,16.50,17.00,1.145,1.094,0.4906,0.4111,6.900,5.731,13436.3,13.752,0.5637,268.7,88.7
2026-07-24T05:00:00,10.373,10.179,17.37,17.98,1.175,1.107,0.4378,0.3951,7.742,5.681,13446.5,13.773,0.5641,268.9,88.7
2026-07-24T06:00:00,9.635,9.325,17.43,18.26,1.151,1.093,0.4515,0.4183,7.654,5.423,13455.9,13.793,0.5644,269.1,88.8
2026-07-24T07:00:00,10.866,10.568,17.49,18.31,1.150,1.090,0.4601,0.4098,6.710,5.539,13466.4,13.806,0.5650,269.3,88.9
2026-07-24T08:00:00,10.074,9.836,17.81,18.78,1.181,1.131,0.4389,0.4148,7.046,5.655,13476.3,13.819,0.5652,269.5,88.9
2026-07-24T09:00:00,10.781,10.601,18.15,18.70,1.164,1.109,0.4575,0.4128,6.645,5.844,13486.9,13.828,0.5657,269.7,89.0
2026-07-24T10:00:00,10.979,10.695,20.02,21.33,1.183,1.130,0.5097,0.4072,7.285,5.821,13497.6,13.844,0.5668,270.0,89.1
2026-07-24T11:00:00,10.671,10.315,19.11,19.71,1.217,1.166,0.4575,0.4096,6.766,5.455,13507.9,13.857,0.5673,270.2,89.2
2026-07-24T12:00:00,11.478,11.191,19.56,20.33,1.214,1.158,0.4609,0.4266,6.967,5.490,13519.1,13.874,0.5676,270.4,89.2
2026-07-24T13:00:00,11.369,10.999,20.97,21.81,1.235,1.184,0.5071,0.4170,6.889,5.960,13530.1,13.884,0.5686,270.6,89.3
2026-07-24T14:00:00,11.195,10.958,20.45,21.25,1.215,1.151,0.4535,0.4266,7.172,5.821,13541.0,13.899,0.5689,270.8,89.4
2026-07-24T15:00:00,11.376,11.079,20.22,21.14,1.208,1.153,0.4026,0.4055,6.772,5.758,13552.1,13.910,0.5689,271.0,89.4
2026-07-24T16:00:00,11.401,10.939,20.72,21.75,1.214,1.160,0.5089,0.3947,7.491,5.757,13563.0,13.929,0.5702,271.3,89.5
2026-07-24T17:00:00,11.086,10.731,20.81,21.77,1.196,1.139,0.4892,0.4202,7.019,5.830,13573.8,13.942,0.5709,271.5,89.6
2026-07-24T18:00:00,11.257,11.064,20.06,20.77,1.213,1.156,0.4828,0.4200,6.815,5.642,13584.8,13.955,0.5716,271.7,89.7
2026-07-24T19:00:00,11.289,10.881,19.39,19.99,1.189,1.133,0.4547,0.4207,6.922,5.595,13595.7,13.969,0.5720,271.9,89.7
2026-07-24T20:00:00,11.435,11.308,19.51,20.12,1.201,1.147,0.4416,0.4056,6.699,5.669,13607.0,13.981,0.5724,272.1,89.8
2026-07-24T21:00:00,10.848,10.516,19.03,19.85,1.208,1.154,0.4526,0.4073,6.617,5.830,13617.5,13.989,0.5729,272.4,89.9
2026-07-24T22:00:00,11.064,10.942,18.21,19.19,1.170,1.116,0.4957,0.4165,6.875,5.750,13628.5,14.001,0.5737,272.6,89.9
2026-07-24T23:00:00,10.636,10.261,17.47,18.01,1.166,1.110,0.4574,0.4168,7.509,5.625,13638.7,14.021,0.5741,272.8,90.0
2026-07-25T00:00:00,10.050,9.692,17.03,17.81,1.130,1.073,0.5410,0.4066,6.815,5.512,13648.4,14.033,0.5754,273.0,90.1
2026-07-25T01:00:00,10.332,10.034,16.28,17.25,1.145,1.088,0.4557,0.4065,7.497,5.972,13658.5,14.049,0.5759,273.2,90.1
2026-07-25T02:00:00,10.062,9.802,16.22,17.35,1.167,1.111,0.4869,0.4141,6.185,5.651,13668.3,14.054,0.5767,273.4,90.2
2026-07-25T03:00:00,10.314,10.233,16.75,17.34,1.140,1.088,0.5167,0.4171,7.163,5.605,13678.5,14.070,0.5777,273.6,90.3
2026-07-25T04:00:00,9.922,9.574,16.72,17.57,1.138,1.088,0.4918,0.4366,7.165,5.768,13688.1,14.083,0.5782,273.8,90.3
2026-07-25T05:00:00,9.709,9.528,16.62,17.88,1.157,1.099,0.4542,0.4129,6.544,5.347,13697.6,14.094,0.5786,274.0,90.4
2026-07-25T06:00:00,10.061,9.753,17.05,17.73,1.179,1.127,0.4623,0.4147,6.455,5.546,13707.4,14.103,0.5791,274.1,90.5
2026-07-25T07:00:00,10.178,9.808,17.59,18.63,1.169,1.113,0.4551,0.4059,6.730,5.567,13717.2,14.115,0.5795,274.3,90.5
2026-07-25T08:00:00,10.285,10.012,17.42,18.36,1.172,1.108,0.4541,0.4129,6.782,5.651,13727.2,14.126,0.5800,274.5,90.6
2026-07-25T09:00:00,10.800,10.576,17.95,19.10,1.183,1.125,0.4503,0.4115,6.909,5.808,13737.8,14.138,0.5804,274.8,90.7
2026-07-25T10:00:00,10.993,10.838,18.86,19.61,1.166,1.113,0.4814,0.4396,6.805,5.685,13748.6,14.150,0.5808,275.0,90.7
2026-07-25T11:00:00,10.456,10.257,18.72,19.59,1.202,1.148,0.4525,0.3933,7.357,5.487,13758.8,14.169,0.5814,275.2,90.8
2026-07-25T12:00:00,11.339,11.080,19.74,20.62,1.206,1.153,0.4618,0.4329,6.195,5.710,13769.9,14.174,0.5817,275.4,90.9
2026-07-25T13:00:00,11.426,11.075,19.82,20.60,1.231,1.177,0.5097,0.3946,6.691,5.572,13781.0,14.187,0.5830,275.6,91.0
2026-07-25T14:00:00,11.358,11.011,20.69,21.58,1.220,1.157,0.4331,0.4060,6.674,5.722,13792.0,14.197,0.5833,275.8,91.0
2026-07-25T15:00:00,11.622,11.326,19.80,20.46,1.225,1.175,0.4785,0.4029,6.648,5.710,13803.3,14.208,0.5842,276.1,91.1
2026-07-25T16:00:00,11.609,11.367,20.03,21.07,1.224,1.173,0.4595,0.4090,6.866,5.746,13814.7,14.221,0.5847,276.3,91.2
2026-07-25T17:00:00,11.269,11.088,20.10,20.91,1.190,1.124,0.4751,0.4062,6.775,5.490,13825.8,14.235,0.5855,276.5,91.3
2026-07-25T18:00:00,11.090,10.787,19.96,20.61,1.195,1.134,0.4755,0.4147,7.443,5.434,13836.6,14.257,0.5862,276.7,91.3
2026-07-25T19:00:00,11.004,10.682,20.21,20.97,1.203,1.152,0.4499,0.4061,6.930,5.444,13847.3,14.272,0.5866,276.9,91.4
2026-07-25T20:00:00,10.458,10.106,19.09,19.98,1.184,1.130,0.4737,0.3982,6.598,5.667,13857.4,14.282,0.5874,277.1,91.5
2026-07-25T21:00:00,10.687,10.389,17.67,18.44,1.171,1.116,0.4255,0.4105,6.775,5.614,13867.8,14.294,0.5876,277.4,91.5
2026-07-25T22:00:00,11.340,11.120,18.35,19.19,1.136,1.078,0.5243,0.4158,7.132,5.593,13878.9,14.311,0.5888,277.6,91.6
2026-07-25T23:00:00,10.396,10.196,17.60,18.46,1.167,1.103,0.4706,0.4070,6.964,5.793,13889.1,14.323,0.5894,277.8,91.7
2026-07-26T00:00:00,10.033,9.835,17.33,18.05,1.153,1.098,0.5154,0.4164,6.937,5.696,13898.9,14.335,0.5904,278.0,91.7
2026-07-26T01:00:00,10.356,10.000,16.21,16.78,1.139,1.079,0.5104,0.4051,6.754,5.723,13908.9,14.346,0.5914,278.2,91.8
2026-07-26T02:00:00,10.291,10.061,17.03,18.14,1.127,1.070,0.4486,0.4308,6.394,5.515,13919.0,14.354,0.5916,278.4,91.9
2026-07-26T03:00:00,9.695,9.618,15.23,16.56,1.170,1.119,0.4445,0.4023,7.167,5.730,13928.6,14.368,0.5920,278.6,91.9
2026-07-26T04:00:00,9.719,9.357,16.21,17.00,1.127,1.077,0.4490,0.4268,7.944,5.339,13937.9,14.393,0.5922,278.8,92.0
2026-07-26T05:00:00,10.333,10.155,16.57,17.39,1.133,1.082,0.4811,0.4063,6.298,5.789,13948.1,14.398,0.5930,279.0,92.1
2026-07-26T06:00:00,10.091,9.789,16.46,16.64,1.161,1.101,0.4539,0.4449,6.753,5.481,13957.9,14.410,0.5931,279.2,92.1
2026-07-26T07:00:00,10.489,10.225,17.21,17.72,1.159,1.100,0.4545,0.4205,7.027,5.828,13968.1,14.422,0.5934,279.4,92.2
2026-07-26T08:00:00,10.378,10.202,17.63,18.29,1.154,1.099,0.4915,0.4046,6.685,5.507,13978.3,14.434,0.5943,279.6,92.3
2026-07-26T09:00:00,10.811,10.469,18.30,19.21,1.181,1.118,0.4068,0.4137,7.179,5.478,13988.8,14.452,0.5943,279.8,92.3
2026-07-26T10:00:00,10.544,10.197,18.92,20.00,1.162,1.099,0.4600,0.4010,6.622,5.564,13999.0,14.463,0.5949,280.0,92.4
2026-07-26T11:00:00,11.155,10.790,19.30,20.77,1.226,1.176,0.4786,0.4272,7.062,5.734,14009.8,14.477,0.5955,280.2,92.5
2026-07-26T12:00:00,11.610,11.423,19.86,20.71,1.217,1.165,0.4831,0.4025,6.384,5.758,14021.2,14.485,0.5964,280.4,92.5
2026-07-26T13:00:00,11.351,10.950,19.94,20.26,1.214,1.158,0.4370,0.4029,7.011,5.327,14032.1,14.503,0.5968,280.6,92.6
2026-07-26T14:00:00,12.066,11.921,19.18,19.98,1.241,1.180,0.4741,0.4232,6.938,5.487,14044.1,14.520,0.5974,280.9,92.7
2026-07-26T15:00:00,11.937,11.569,20.19,20.61,1.223,1.169,0.5052,0.4155,6.070,5.797,14055.6,14.523,0.5984,281.1,92.8
2026-07-26T16:00:00,12.070,11.728,20.63,21.36,1.254,1.186,0.4991,0.4077,6.701,5.488,14067.4,14.538,0.5995,281.3,92.8
2026-07-26T17:00:00,11.941,11.546,20.89,21.63,1.243,1.181,0.4713,0.4219,6.805,5.692,14078.9,14.550,0.6000,281.6,92.9
2026-07-26T18:00:00,10.969,10.759,19.71,20.51,1.224,1.171,0.4886,0.4131,7.040,5.735,14089.7,14.565,0.6009,281.8,93.0
2026-07-26T19:00:00,11.424,11.127,19.59,20.59,1.216,1.158,0.5082,0.3970,5.954,5.597,14100.8,14.568,0.6021,282.0,93.1
2026-07-26T20:00:00,10.312,10.049,19.86,20.69,1.187,1.123,0.4878,0.4211,7.581,5.724,14110.8,14.587,0.6028,282.2,93.1
2026-07-26T21:00:00,11.286,10.930,18.63,19.82,1.158,1.102,0.4377,0.4102,6.507,5.594,14121.8,14.597,0.6031,282.4,93.2
2026-07-26T22:00:00,10.687,10.431,18.27,18.99,1.199,1.135,0.4575,0.4269,7.360,5.455,14132.2,14.617,0.6034,282.6,93.3
2026-07-26T23:00:00,10.130,9.870,17.67,18.34,1.175,1.113,0.4871,0.4139,6.361,5.636,14142.1,14.624,0.6041,282.8,93.3
2026-07-27T00:00:00,10.000,9.653,16.69,17.47,1.168,1.110,0.4381,0.4172,6.914,5.564,14151.7,14.637,0.6043,283.0,93.4
2026-07-27T01:00:00,10.223,9.921,15.97,17.15,1.155,1.103,0.4717,0.4002,6.593,5.431,14161.6,14.649,0.6050,283.2,93.5
2026-07-27T02:00:00,10.080,9.900,17.71,18.35,1.162,1.111,0.4968,0.4045,6.980,5.609,14171.5,14.662,0.6059,283.4,93.5
2026-07-27T03:00:00,9.657,9.331,16.21,16.75,1.149,1.097,0.4841,0.4131,6.730,5.695,14180.9,14.672,0.6066,283.6,93.6
2026-07-27T04:00:00,9.763,9.684,16.15,17.13,1.178,1.119,0.4554,0.4373,6.304,5.389,14190.6,14.681,0.6068,283.8,93.7
2026-07-27T05:00:00,10.116,9.743,16.03,17.01,1.143,1.085,0.4287,0.4145,7.157,5.686,14200.3,14.695,0.6069,284.0,93.7
2026-07-27T06:00:00,9.897,9.875,16.46,17.37,1.157,1.094,0.5178,0.4070,6.969,5.390,14210.2,14.711,0.6080,284.2,93.8
2026-07-27T07:00:00,10.239,10.032,17.24,17.93,1.145,1.084,0.4564,0.4144,6.744,5.618,14220.2,14.722,0.6084,284.4,93.9
2026-07-27T08:00:00,10.591,10.379,18.05,19.14,1.176,1.120,0.5191,0.3942,7.036,5.637,14230.6,14.737,0.6097,284.6,93.9
2026-07-27T09:00:00,10.789,10.572,17.44,17.88,1.181,1.119,0.4711,0.4102,6.669,5.748,14241.2,14.746,0.6104,284.8,94.0
2026-07-27T10:00:00,10.851,10.750,19.29,20.34,1.226,1.175,0.4377,0.4205,6.594,5.699,14251.9,14.756,0.6106,285.0,94.1
2026-07-27T11:00:00,11.306,11.049,19.79,20.28,1.200,1.138,0.4613,0.4248,6.983,5.595,14263.0,14.771,0.6110,285.3,94.1
2026-07-27T12:00:00,11.334,11.103,19.95,20.94,1.194,1.131,0.4292,0.4106,6.582,5.561,14274.1,14.783,0.6112,285.5,94.2
2026-07-27T13:00:00,11.638,11.205,20.52,21.30,1.246,1.195,0.4618,0.4079,6.806,5.678,14285.3,14.795,0.6118,285.7,94.3
2026-07-27T14:00:00,11.251,10.917,19.92,20.68,1.215,1.164,0.5118,0.3952,6.751,5.519,14296.2,14.809,0.6130,285.9,94.4
2026-07-27T15:00:00,12.250,12.037,20.33,20.99,1.218,1.164,0.4707,0.4164,6.556,5.459,14308.2,14.822,0.6137,286.2,94.4
2026-07-27T16:00:00,11.002,10.727,20.44,21.41,1.222,1.165,0.4771,0.4146,6.811,5.560,14319.0,14.835,0.6144,286.4,94.5
2026-07-27T17:00:00,11.794,11.625,20.04,20.73,1.239,1.185,0.4576,0.4119,6.440,5.817,14330.6,14.843,0.6149,286.6,94.6
2026-07-27T18:00:00,11.050,10.682,20.31,20.70,1.203,1.153,0.4390,0.4005,6.249,5.691,14341.3,14.849,0.6153,286.8,94.7
2026-07-27T19:00:00,11.436,11.070,18.84,19.70,1.202,1.151,0.5098,0.4148,6.749,5.624,14352.3,14.861,0.6164,287.0,94.7
2026-07-27T20:00:00,11.225,11.028,18.67,19.39,1.205,1.151,0.5068,0.4241,7.106,5.529,14363.4,14.878,0.6173,287.3,94.8
2026-07-27T21:00:00,10.634,10.383,18.13,18.91,1.195,1.139,0.4639,0.4022,6.658,5.493,14373.7,14.890,0.6179,287.5,94.9
2026-07-27T22:00:00,10.978,10.746,18.72,19.07,1.160,1.108,0.5096,0.4144,6.788,5.599,14384.5,14.903,0.6189,287.7,94.9
2026-07-27T23:00:00,10.372,10.068,17.79,18.80,1.168,1.107,0.4945,0.3967,6.491,5.664,14394.6,14.912,0.6199,287.9,95.0
2026-07-28T00:00:00,10.488,10.293,17.27,18.12,1.142,1.085,0.4636,0.4139,7.278,5.475,14404.8,14.930,0.6204,288.1,95.1
2026-07-28T01:00:00,10.062,9.772,16.58,17.60,1.159,1.103,0.4234,0.4167,6.827,5.927,14414.6,14.939,0.6205,288.3,95.1
2026-07-28T02:00:00,10.264,9.955,16.26,17.16,1.149,1.089,0.4324,0.4221,6.697,5.721,14424.6,14.949,0.6206,288.5,95.2
2026-07-28T03:00:00,9.832,9.593,16.54,17.49,1.150,1.099,0.4424,0.4041,6.516,5.332,14434.2,14.960,0.6210,288.7,95.3
2026-07-28T04:00:00,10.080,9.729,16.05,16.73,1.160,1.110,0.4796,0.4024,7.151,5.451,14443.9,14.977,0.6217,288.9,95.3
2026-07-28T05:00:00,10.387,10.241,16.60,17.56,1.156,1.103,0.4738,0.4167,7.235,5.492,14454.1,14.994,0.6223,289.1,95.4
2026-07-28T06:00:00,10.609,10.384,16.75,17.84,1.141,1.079,0.4688,0.4212,6.771,5.550,14464.5,15.007,0.6228,289.3,95.5
2026-07-28T07:00:00,9.957,9.870,17.77,18.97,1.160,1.105,0.4709,0.4193,6.795,5.655,14474.4,15.018,0.6233,289.5,95.5
2026-07-28T08:00:00,10.680,10.550,17.85,18.70,1.181,1.120,0.4505,0.4067,6.604,5.596,14484.9,15.029,0.6238,289.7,95.6
2026-07-28T09:00:00,10.617,10.327,17.91,18.49,1.192,1.134,0.4841,0.4174,6.403,5.521,14495.3,15.038,0.6245,289.9,95.7
2026-07-28T10:00:00,10.817,10.716,19.54,20.21,1.178,1.126,0.4047,0.4124,6.907,5.549,14506.0,15.053,0.6245,290.1,95.7
2026-07-28T11:00:00,12.038,11.674,19.09,20.03,1.228,1.172,0.4834,0.4034,7.078,5.673,14517.7,15.069,0.6254,290.4,95.8
2026-07-28T12:00:00,11.787,11.376,19.32,19.71,1.180,1.119,0.4465,0.4041,6.859,5.786,14529.0,15.081,0.6259,290.6,95.9
2026-07-28T13:00:00,11.194,10.984,19.91,21.11,1.222,1.161,0.4844,0.4181,6.354,5.594,14540.0,15.090,0.6266,290.8,96.0
2026-07-28T14:00:00,11.145,10.810,20.45,21.36,1.224,1.173,0.4781,0.4210,6.070,5.627,14550.8,15.094,0.6272,291.0,96.0
2026-07-28T15:00:00,11.693,11.420,20.63,21.69,1.213,1.161,0.4674,0.4124,7.368,5.512,14562.3,15.116,0.6278,291.2,96.1
2026-07-28T16:00:00,11.020,10.831,19.45,20.08,1.234,1.177,0.4924,0.4082,6.756,5.563,14573.1,15.128,0.6288,291.5,96.2
2026-07-28T17:00:00,11.375,11.217,19.58,20.21,1.261,1.210,0.4454,0.4205,7.413,5.745,14584.3,15.147,0.6290,291.7,96.3
2026-07-28T18:00:00,10.495,10.211,20.06,21.29,1.195,1.137,0.3941,0.4068,7.570,5.674,14594.5,15.167,0.6290,291.9,96.3
2026-07-28T19:00:00,11.891,11.556,18.83,19.73,1.173,1.115,0.4787,0.3994,6.852,5.655,14606.1,15.180,0.6300,292.1,96.4
2026-07-28T20:00:00,11.294,11.087,18.68,19.72,1.183,1.132,0.5191,0.4151,6.783,5.576,14617.2,15.194,0.6311,292.3,96.5
2026-07-28T21:00:00,10.654,10.463,17.53,18.21,1.186,1.133,0.4348,0.3918,6.723,5.571,14627.6,15.206,0.6316,292.6,96.5
2026-07-28T22:00:00,10.697,10.431,17.41,17.84,1.178,1.112,0.4602,0.4017,6.816,5.692,14638.0,15.218,0.6322,292.8,96.6
2026-07-28T23:00:00,10.581,10.518,17.22,18.02,1.113,1.061,0.4742,0.4037,6.538,5.542,14648.6,15.228,0.6329,293.0,96.7
2026-07-29T00:00:00,10.272,9.881,16.66,17.93,1.168,1.106,0.4624,0.4090,6.737,5.237,14658.4,15.243,0.6334,293.2,96.7
2026-07-29T01:00:00,10.304,10.143,16.05,17.08,1.122,1.058,0.4740,0.3915,7.128,5.389,14668.6,15.260,0.6343,293.4,96.8
2026-07-29T02:00:00,10.273,10.145,15.94,16.71,1.132,1.072,0.4816,0.4135,7.240,5.553,14678.7,15.278,0.6350,293.6,96.9
2026-07-29T03:00:00,10.011,9.689,16.30,16.65,1.143,1.088,0.4214,0.4210,6.970,5.720,14688.4,15.290,0.6350,293.8,96.9
2026-07-29T04:00:00,9.570,9.322,16.40,17.18,1.164,1.112,0.4669,0.3974,6.990,5.394,14697.7,15.305,0.6356,294.0,97.0
2026-07-29T05:00:00,10.363,10.015,15.37,16.02,1.161,1.109,0.5109,0.4057,6.641,5.742,14707.8,15.314,0.6367,294.2,97.1
2026-07-29T06:00:00,10.401,10.020,16.71,17.54,1.135,1.083,0.4190,0.3933,7.333,5.625,14717.8,15.331,0.6369,294.4,97.1
2026-07-29T07:00:00,10.348,10.253,17.17,18.31,1.165,1.105,0.4650,0.4165,7.260,5.576,14728.0,15.348,0.6374,294.6,97.2
2026-07-29T08:00:00,10.343,10.150,17.38,18.00,1.166,1.113,0.4288,0.3904,6.837,5.435,14738.2,15.362,0.6378,294.8,97.3
2026-07-29T09:00:00,10.676,10.441,17.91,19.02,1.172,1.114,0.5252,0.4268,6.781,5.388,14748.6,15.377,0.6388,295.0,97.3
2026-07-29T10:00:00,11.558,11.328,17.53,18.14,1.210,1.153,0.4793,0.4031,6.220,5.378,14760.0,15.386,0.6397,295.2,97.4
2026-07-29T11:00:00,11.247,11.085,19.19,19.74,1.200,1.147,0.4601,0.4089,6.926,5.575,14771.0,15.401,0.6403,295.4,97.5
2026-07-29T12:00:00,11.851,11.583,19.67,20.52,1.236,1.180,0.4831,0.4179,7.473,5.589,14782.6,15.423,0.6410,295.7,97.6
2026-07-29T13:00:00,11.287,11.045,19.43,19.68,1.227,1.171,0.4713,0.3986,6.115,5.504,14793.7,15.430,0.6418,295.9,97.6
2026-07-29T14:00:00,11.796,11.721,20.33,20.87,1.224,1.170,0.5020,0.4102,6.899,5.656,14805.4,15.444,0.6429,296.1,97.7
2026-07-29T15:00:00,11.825,11.597,19.74,20.20,1.231,1.173,0.4897,0.4066,6.770,5.659,14817.0,15.457,0.6439,296.3,97.8
2026-07-29T16:00:00,11.581,11.369,19.92,20.56,1.237,1.180,0.4303,0.4216,6.559,5.380,14828.4,15.471,0.6440,296.6,97.9
2026-07-29T17:00:00,11.484,11.240,19.94,20.89,1.231,1.166,0.4544,0.4070,6.838,5.406,14839.6,15.487,0.6445,296.8,97.9
2026-07-29T18:00:00,11.309,11.104,19.77,20.17,1.210,1.156,0.4588,0.4013,6.535,5.670,14850.7,15.496,0.6451,297.0,98.0
2026-07-29T19:00:00,11.321,11.042,19.43,20.84,1.190,1.139,0.4443,0.4191,6.887,5.530,14861.7,15.511,0.6454,297.2,98.1
2026-07-29T20:00:00,10.777,10.474,18.14,18.66,1.238,1.185,0.4075,0.4064,6.815,5.652,14872.2,15.524,0.6454,297.4,98.2
2026-07-29T21:00:00,10.997,10.770,18.72,19.56,1.160,1.105,0.5337,0.4231,6.696,5.732,14883.0,15.534,0.6466,297.7,98.2
2026-07-29T22:00:00,10.962,10.591,17.80,18.38,1.171,1.119,0.4904,0.4038,7.499,5.701,14893.6,15.553,0.6475,297.9,98.3
2026-07-29T23:00:00,10.406,10.143,16.72,17.42,1.166,1.116,0.5109,0.4028,6.798,5.441,14903.7,15.567,0.6486,298.1,98.4
2026-07-30T00:00:00,10.089,9.859,17.03,17.85,1.152,1.096,0.4606,0.3965,6.192,5.432,14913.6,15.574,0.6493,298.3,98.4
2026-07-30T01:00:00,9.575,9.299,16.54,17.92,1.128,1.078,0.4624,0.4242,6.969,5.699,14922.9,15.586,0.6496,298.5,98.5
2026-07-30T02:00:00,10.282,10.016,16.24,16.57,1.142,1.088,0.4873,0.4196,6.730,5.375,14932.9,15.600,0.6503,298.7,98.6
2026-07-30T03:00:00,10.035,9.720,16.31,17.04,1.131,1.078,0.4499,0.4156,6.467,5.482,14942.6,15.609,0.6506,298.9,98.6
2026-07-30T04:00:00,9.831,9.470,15.96,16.90,1.131,1.077,0.4574,0.4036,6.476,5.613,14952.1,15.617,0.6511,299.0,98.7
2026-07-30T05:00:00,10.052,9.694,16.18,16.81,1.180,1.115,0.4609,0.4134,7.251,5.786,14961.8,15.632,0.6516,299.2,98.7
2026-07-30T06:00:00,10.242,9.919,16.32,17.27,1.174,1.119,0.4201,0.4222,6.928,5.691,14971.7,15.644,0.6516,299.4,98.8
2026-07-30T07:00:00,10.387,10.256,17.06,17.65,1.146,1.094,0.4090,0.4260,6.819,5.673,14981.9,15.656,0.6516,299.6,98.9
2026-07-30T08:00:00,10.300,10.142,17.74,18.14,1.207,1.152,0.4895,0.4125,6.711,5.192,14992.1,15.671,0.6524,299.8,98.9
2026-07-30T09:00:00,10.566,10.350,18.69,19.50,1.143,1.089,0.4697,0.4166,6.788,5.481,15002.4,15.685,0.6529,300.0,99.0
2026-07-30T10:00:00,11.718,11.422,18.93,19.36,1.174,1.123,0.5101,0.3909,7.079,5.547,15013.9,15.702,0.6543,300.3,99.1
2026-07-30T11:00:00,10.750,10.581,19.18,20.16,1.186,1.129,0.4648,0.4035,6.463,5.460,15024.4,15.713,0.6549,300.5,99.2
2026-07-30T12:00:00,11.783,11.326,19.73,20.82,1.219,1.167,0.4550,0.4135,6.859,5.353,15035.8,15.730,0.6554,300.7,99.2
2026-07-30T13:00:00,10.900,10.693,19.67,20.27,1.205,1.149,0.4650,0.4233,6.139,5.615,15046.5,15.735,0.6559,300.9,99.3
2026-07-30T14:00:00,11.390,10.971,19.97,20.65,1.267,1.212,0.4458,0.4041,6.920,5.645,15057.4,15.749,0.6563,301.1,99.4
2026-07-30T15:00:00,11.536,11.236,20.36,21.05,1.245,1.183,0.4553,0.4112,6.767,5.590,15068.7,15.763,0.6568,301.4,99.5
2026-07-30T16:00:00,11.350,11.202,20.01,20.96,1.208,1.150,0.4484,0.4085,7.182,5.342,15079.9,15.783,0.6573,301.6,99.5
2026-07-30T17:00:00,11.065,10.734,19.79,20.25,1.196,1.142,0.4796,0.4106,6.799,5.404,15090.6,15.798,0.6580,301.8,99.6
2026-07-30T18:00:00,11.637,11.434,19.84,20.74,1.218,1.155,0.4496,0.4166,6.734,5.674,15102.0,15.810,0.6584,302.0,99.7
2026-07-30T19:00:00,10.961,10.485,19.30,20.02,1.158,1.105,0.5081,0.4066,6.614,5.445,15112.5,15.822,0.6594,302.3,99.7
2026-07-30T20:00:00,11.371,11.246,18.18,19.35,1.203,1.148,0.4826,0.4194,6.639,5.496,15123.8,15.835,0.6601,302.5,99.8
2026-07-30T21:00:00,10.830,10.648,17.30,17.76,1.174,1.123,0.4934,0.4101,6.751,5.422,15134.4,15.849,0.6610,302.7,99.9
2026-07-30T22:00:00,11.110,10.902,17.21,18.65,1.173,1.113,0.4651,0.4046,6.744,5.843,15145.3,15.859,0.6617,302.9,100.0
2026-07-30T23:00:00,10.134,9.863,17.39,18.11,1.167,1.117,0.3968,0.3966,6.862,5.610,15155.2,15.872,0.6617,303.1,100.0
2026-07-31T00:00:00,9.964,9.874,17.41,18.37,1.140,1.087,0.4724,0.4098,7.023,5.570,15165.1,15.886,0.6623,303.3,100.1
2026-07-31T01:00:00,10.292,10.005,16.01,16.92,1.134,1.069,0.4784,0.4046,6.654,5.413,15175.1,15.898,0.6631,303.5,100.2
2026-07-31T02:00:00,10.481,10.238,15.95,16.68,1.175,1.125,0.4989,0.4074,7.187,5.419,15185.3,15.917,0.6640,303.7,100.2
2026-07-31T03:00:00,10.423,10.207,15.38,16.50,1.118,1.064,0.4557,0.4051,6.843,5.377,15195.5,15.931,0.6645,303.9,100.3
2026-07-31T04:00:00,9.977,9.664,16.40,17.72,1.150,1.090,0.4740,0.4185,6.778,5.563,15205.2,15.943,0.6650,304.1,100.4
2026-07-31T05:00:00,9.353,8.949,15.27,16.15,1.122,1.072,0.4648,0.4129,6.739,5.449,15214.1,15.955,0.6655,304.3,100.4
2026-07-31T06:00:00,11.100,10.798,16.34,17.78,1.140,1.082,0.4433,0.4150,6.620,5.678,15224.9,15.965,0.6658,304.5,100.5
2026-07-31T07:00:00,10.016,9.760,16.99,17.45,1.136,1.081,0.5015,0.4074,6.457,5.555,15234.7,15.974,0.6667,304.7,100.5
2026-07-31T08:00:00,10.446,10.093,17.27,17.83,1.181,1.125,0.4968,0.4048,7.019,5.511,15244.8,15.989,0.6677,304.9,100.6
2026-07-31T09:00:00,10.929,10.638,18.57,19.33,1.209,1.145,0.4929,0.4000,6.368,5.529,15255.4,15.998,0.6686,305.1,100.7
2026-07-31T10:00:00,11.195,10.928,18.41,19.68,1.189,1.135,0.4403,0.4346,6.953,5.435,15266.3,16.014,0.6687,305.3,100.8
2026-07-31T11:00:00,9.993,9.764,19.48,19.88,1.195,1.131,0.4449,0.4233,6.639,5.554,15276.1,16.025,0.6689,305.5,100.8
2026-07-31T12:00:00,11.036,10.637,19.52,20.42,1.198,1.141,0.4854,0.4035,6.318,5.448,15286.7,16.034,0.6698,305.7,100.9
2026-07-31T13:00:00,11.436,11.026,19.99,20.47,1.222,1.172,0.4881,0.3952,7.041,5.547,15297.8,16.051,0.6708,306.0,101.0
2026-07-31T14:00:00,11.270,10.947,19.87,21.11,1.231,1.172,0.4742,0.3984,7.277,5.389,15308.7,16.071,0.6716,306.2,101.0
2026-07-31T15:00:00,11.164,10.780,20.23,20.92,1.226,1.171,0.4142,0.4073,7.131,5.293,15319.5,16.091,0.6717,306.4,101.1
2026-07-31T16:00:00,11.727,11.225,20.61,21.40,1.198,1.130,0.5141,0.3924,7.035,5.428,15330.7,16.109,0.6731,306.6,101.2
2026-07-31T17:00:00,11.452,11.098,19.68,20.26,1.238,1.176,0.4742,0.4096,6.993,5.515,15341.8,16.126,0.6738,306.8,101.3
2026-07-31T18:00:00,11.061,10.629,18.68,19.53,1.220,1.170,0.4287,0.4224,6.587,5.419,15352.4,16.138,0.6739,307.0,101.3
2026-07-31T19:00:00,11.077,10.654,18.87,19.73,1.173,1.114,0.4961,0.4068,6.316,5.534,15363.1,16.146,0.6748,307.3,101.4
2026-07-31T20:00:00,10.822,10.682,18.09,18.86,1.180,1.129,0.4735,0.4073,6.912,5.708,15373.8,16.159,0.6755,307.5,101.5
2026-07-31T21:00:00,11.399,11.125,17.85,18.37,1.171,1.115,0.4763,0.4124,7.157,5.749,15384.9,16.175,0.6762,307.7,101.5
2026-07-31T22:00:00,10.822,10.694,16.28,17.39,1.190,1.139,0.4570,0.4152,7.002,5.517,15395.6,16.191,0.6767,307.9,101.6
2026-07-31T23:00:00,9.891,9.729,16.82,17.20,1.145,1.091,0.4983,0.4156,6.721,5.312,15405.3,16.205,0.6775,308.1,101.7
2026-08-01T00:00:00,9.996,9.802,16.59,17.46,1.160,1.101,0.5259,0.4063,6.643,5.432,15415.1,16.216,0.6787,308.3,101.7
2026-08-01T01:00:00,9.907,9.539,16.17,16.72,1.155,1.096,0.4645,0.3966,6.581,5.423,15424.7,16.228,0.6793,308.5,101.8
2026-08-01T02:00:00,10.037,9.830,16.10,16.96,1.139,1.088,0.4309,0.4167,7.322,5.365,15434.5,16.247,0.6795,308.7,101.9
2026-08-01T03:00:00,10.519,10.170,16.33,16.91,1.143,1.091,0.4206,0.4132,6.715,5.227,15444.7,16.262,0.6795,308.9,101.9
2026-08-01T04:00:00,10.357,10.131,16.54,17.50,1.162,1.109,0.4524,0.4045,6.241,5.338,15454.8,16.271,0.6800,309.1,102.0
2026-08-01T05:00:00,10.485,10.241,16.40,17.27,1.129,1.079,0.4808,0.3947,7.354,5.531,15465.0,16.290,0.6809,309.3,102.1
2026-08-01T06:00:00,10.410,10.254,17.10,17.80,1.143,1.078,0.4693,0.4005,6.466,5.488,15475.3,16.300,0.6816,309.5,102.1
2026-08-01T07:00:00,10.367,10.005,16.80,17.54,1.169,1.110,0.4606,0.3989,6.978,5.431,15485.3,16.315,0.6822,309.7,102.2
2026-08-01T08:00:00,10.560,10.246,17.27,18.76,1.169,1.117,0.4762,0.4114,6.627,5.436,15495.5,16.327,0.6829,309.9,102.3
2026-08-01T09:00:00,10.586,10.332,18.55,19.47,1.178,1.123,0.4878,0.4073,6.787,5.390,15505.9,16.342,0.6837,310.1,102.3
2026-08-01T10:00:00,11.321,11.255,19.10,19.65,1.215,1.159,0.4783,0.4120,7.092,5.377,15517.1,16.361,0.6845,310.3,102.4
2026-08-01T11:00:00,11.630,11.423,19.08,19.97,1.179,1.121,0.4518,0.4134,6.838,5.623,15528.6,16.375,0.6849,310.6,102.5
2026-08-01T12:00:00,10.878,10.657,19.19,19.92,1.189,1.136,0.4842,0.4132,6.938,5.512,15539.2,16.390,0.6857,310.8,102.6
2026-08-01T13:00:00,12.251,12.086,19.83,20.94,1.193,1.132,0.4591,0.4035,7.371,5.510,15551.3,16.413,0.6863,311.0,102.6
2026-08-01T14:00:00,11.088,10.789,19.51,20.15,1.226,1.166,0.4858,0.3825,6.691,5.159,15562.1,16.429,0.6874,311.2,102.7
2026-08-01T15:00:00,11.515,11.146,19.77,20.67,1.213,1.162,0.4343,0.4137,7.138,5.384,15573.2,16.449,0.6877,311.5,102.8
2026-08-01T16:00:00,11.688,11.287,19.78,20.42,1.227,1.170,0.4581,0.4175,6.617,5.583,15584.5,16.460,0.6881,311.7,102.9
2026-08-01T17:00:00,11.497,11.372,19.50,20.28,1.214,1.148,0.5142,0.3978,6.729,5.464,15595.9,16.475,0.6895,311.9,102.9
2026-08-01T18:00:00,11.177,10.821,19.18,20.00,1.214,1.159,0.5056,0.3960,6.416,5.529,15606.7,16.484,0.6906,312.1,103.0
2026-08-01T19:00:00,11.694,11.304,19.11,19.73,1.204,1.147,0.4553,0.4024,6.862,5.420,15618.0,16.501,0.6912,312.4,103.1
2026-08-01T20:00:00,10.751,10.595,18.06,18.88,1.171,1.120,0.4662,0.4258,6.661,5.491,15628.6,16.513,0.6917,312.6,103.1
2026-08-01T21:00:00,10.566,10.200,16.80,17.75,1.155,1.105,0.4678,0.3910,6.881,5.385,15638.8,16.528,0.6925,312.8,103.2
2026-08-01T22:00:00,11.239,10.900,17.92,19.09,1.157,1.101,0.4411,0.4166,6.903,5.629,15649.7,16.542,0.6927,313.0,103.3
2026-08-01T23:00:00,11.014,10.818,16.50,17.15,1.172,1.117,0.4648,0.4066,6.294,5.454,15660.5,16.551,0.6933,313.2,103.4
2026-08-02T00:00:00,9.841,9.510,16.71,17.78,1.150,1.096,0.4411,0.4047,7.002,5.567,15670.0,16.565,0.6937,313.4,103.4
2026-08-02T01:00:00,9.980,9.729,16.19,17.12,1.152,1.098,0.4724,0.4011,6.969,5.339,15679.8,16.581,0.6944,313.6,103.5
2026-08-02T02:00:00,10.714,10.444,16.05,16.75,1.143,1.082,0.4390,0.3965,6.561,5.389,15690.2,16.593,0.6948,313.8,103.6
2026-08-02T03:00:00,9.962,9.755,16.31,17.15,1.122,1.066,0.4938,0.4069,7.132,5.337,15700.0,16.611,0.6957,314.0,103.6
2026-08-02T04:00:00,9.853,9.538,15.89,16.73,1.124,1.054,0.4745,0.4139,7.020,5.443,15709.5,16.626,0.6963,314.2,103.7
2026-08-02T05:00:00,10.297,10.122,16.02,16.78,1.138,1.082,0.4751,0.4094,6.964,5.507,15719.6,16.640,0.6969,314.4,103.7
2026-08-02T06:00:00,10.182,10.007,16.31,16.59,1.157,1.095,0.5046,0.4049,6.836,5.411,15729.6,16.655,0.6979,314.6,103.8
2026-08-02T07:00:00,11.277,10.891,17.11,17.96,1.184,1.131,0.4539,0.4010,6.744,5.612,15740.5,16.667,0.6985,314.8,103.9
2026-08-02T08:00:00,10.336,10.003,16.22,16.68,1.169,1.107,0.4914,0.4112,6.486,5.550,15750.5,16.676,0.6993,315.0,104.0
2026-08-02T09:00:00,10.636,10.363,17.72,18.46,1.175,1.123,0.4601,0.4065,6.487,5.561,15760.9,16.686,0.6999,315.2,104.0
2026-08-02T10:00:00,10.540,10.238,18.77,19.73,1.178,1.114,0.4784,0.4165,6.275,5.383,15771.1,16.695,0.7005,315.4,104.1
2026-08-02T11:00:00,11.673,11.453,19.32,20.06,1.193,1.133,0.4216,0.4124,6.739,5.489,15782.6,16.709,0.7006,315.7,104.2
2026-08-02T12:00:00,10.743,10.469,18.82,19.73,1.201,1.146,0.4799,0.3915,6.561,5.485,15793.1,16.721,0.7015,315.9,104.2
2026-08-02T13:00:00,11.603,11.468,19.32,19.86,1.234,1.173,0.3978,0.4179,7.472,5.600,15804.5,16.742,0.7015,316.1,104.3
2026-08-02T14:00:00,11.268,10.991,20.51,21.11,1.211,1.159,0.4985,0.4079,6.767,5.510,15815.5,16.756,0.7025,316.3,104.4
2026-08-02T15:00:00,12.065,11.774,20.13,21.13,1.246,1.195,0.4728,0.4059,6.639,5.472,15827.3,16.770,0.7033,316.5,104.5
2026-08-02T16:00:00,11.851,11.475,19.89,20.85,1.229,1.174,0.4602,0.4200,7.000,5.569,15838.8,16.786,0.7038,316.8,104.5
2026-08-02T17:00:00,11.102,10.917,19.43,20.03,1.213,1.159,0.4834,0.4079,7.517,5.683,15849.7,16.806,0.7046,317.0,104.6
2026-08-02T18:00:00,10.880,10.625,18.04,19.11,1.205,1.148,0.5020,0.4107,7.003,5.243,15860.3,16.825,0.7056,317.2,104.7
2026-08-02T19:00:00,11.025,10.831,19.34,20.00,1.181,1.125,0.4783,0.3996,6.917,5.565,15871.1,16.839,0.7064,317.4,104.7
2026-08-02T20:00:00,11.151,10.895,17.76,18.72,1.192,1.136,0.4883,0.4122,7.183,5.388,15882.0,16.859,0.7072,317.6,104.8
2026-08-02T21:00:00,10.787,10.648,17.75,18.77,1.177,1.118,0.4698,0.4120,6.482,5.759,15892.7,16.867,0.7079,317.9,104.9
2026-08-02T22:00:00,10.489,10.065,17.75,18.34,1.167,1.103,0.4844,0.4158,6.675,5.086,15902.7,16.883,0.7085,318.1,105.0
2026-08-02T23:00:00,10.270,9.970,16.47,17.25,1.176,1.124,0.4443,0.4165,6.477,5.235,15912.7,16.895,0.7088,318.3,105.0
2026-08-03T00:00:00,10.122,9.789,16.01,16.62,1.149,1.080,0.4679,0.4107,6.588,5.546,15922.5,16.905,0.7094,318.5,105.1
2026-08-03T01:00:00,10.575,10.322,15.29,16.07,1.155,1.100,0.4468,0.4015,6.555,5.584,15932.8,16.915,0.7099,318.7,105.2
2026-08-03T02:00:00,10.334,10.094,15.74,16.51,1.119,1.064,0.4619,0.4045,6.626,5.549,15942.9,16.926,0.7104,318.9,105.2
2026-08-03T03:00:00,10.140,9.696,15.94,16.33,1.176,1.126,0.5090,0.4160,6.092,5.555,15952.6,16.931,0.7113,319.1,105.3
2026-08-03T04:00:00,10.506,10.203,15.91,17.18,1.131,1.077,0.4582,0.3938,6.135,5.486,15962.8,16.938,0.7120,319.3,105.4
2026-08-03T05:00:00,10.524,10.331,16.39,17.49,1.153,1.092,0.4572,0.3939,7.184,5.464,15973.1,16.956,0.7126,319.5,105.4
2026-08-03T06:00:00,9.958,9.746,15.37,16.66,1.151,1.079,0.5098,0.3946,6.329,5.350,15982.9,16.965,0.7138,319.7,105.5
2026-08-03T07:00:00,9.853,9.457,17.65,18.48,1.171,1.113,0.4683,0.4092,6.640,5.807,15992.4,16.973,0.7143,319.8,105.5
2026-08-03T08:00:00,10.270,10.064,17.33,18.42,1.165,1.102,0.4600,0.4020,6.402,5.639,16002.4,16.981,0.7149,320.0,105.6
2026-08-03T09:00:00,10.366,10.061,17.80,18.75,1.147,1.088,0.4277,0.4289,6.782,5.519,16012.5,16.994,0.7149,320.2,105.7
2026-08-03T10:00:00,10.955,10.507,17.62,18.84,1.211,1.145,0.4491,0.3951,7.055,5.459,16023.0,17.010,0.7155,320.5,105.8
2026-08-03T11:00:00,11.055,10.904,19.51,20.70,1.221,1.167,0.4416,0.4081,6.366,5.473,16033.9,17.020,0.7158,320.7,105.8
2026-08-03T12:00:00,11.194,10.946,18.81,19.64,1.205,1.149,0.4560,0.4042,7.609,5.339,16044.8,17.045,0.7164,320.9,105.9
2026-08-03T13:00:00,11.523,11.249,19.51,20.13,1.195,1.142,0.5160,0.4088,6.634,5.487,16056.1,17.058,0.7176,321.1,106.0
2026-08-03T14:00:00,12.026,11.675,20.07,21.13,1.227,1.168,0.4377,0.4109,6.417,5.481,16067.8,17.069,0.7179,321.4,106.0
2026-08-03T15:00:00,11.230,10.751,19.87,21.14,1.177,1.126,0.4713,0.4161,6.263,5.547,16078.5,17.076,0.7185,321.6,106.1
2026-08-03T16:00:00,11.085,10.706,19.75,20.70,1.210,1.148,0.4285,0.3924,6.646,5.588,16089.2,17.088,0.7189,321.8,106.2
2026-08-03T17:00:00,11.464,11.294,19.60,20.11,1.216,1.146,0.4983,0.4073,6.796,5.371,16100.5,17.104,0.7199,322.0,106.3
2026-08-03T18:00:00,11.172,10.810,19.22,20.26,1.173,1.118,0.5068,0.4021,6.874,5.432,16111.3,17.119,0.7211,322.2,106.3
2026-08-03T19:00:00,11.421,11.187,19.34,19.91,1.211,1.159,0.4907,0.4106,6.819,5.452,16122.5,17.135,0.7220,322.5,106.4
2026-08-03T20:00:00,11.446,11.120,18.55,19.30,1.164,1.102,0.4811,0.3941,6.992,5.341,16133.6,17.153,0.7229,322.7,106.5
2026-08-03T21:00:00,10.752,10.479,18.19,18.91,1.184,1.118,0.4514,0.4122,6.771,5.445,16144.1,17.167,0.7233,322.9,106.6
2026-08-03T22:00:00,10.250,9.904,17.15,18.04,1.172,1.111,0.4414,0.3742,6.697,5.471,16154.0,17.179,0.7240,323.1,106.6
2026-08-03T23:00:00,10.348,10.046,16.55,17.48,1.159,1.099,0.5011,0.4051,6.895,5.513,16164.1,17.193,0.7250,323.3,106.7
2026-08-04T00:00:00,9.768,9.453,16.22,16.69,1.154,1.097,0.4640,0.4314,7.128,5.403,16173.5,17.209,0.7253,323.5,106.7
2026-08-04T01:00:00,10.640,10.306,15.96,16.48,1.146,1.087,0.4689,0.3920,5.778,5.710,16183.8,17.210,0.7261,323.7,106.8
2026-08-04T02:00:00,9.564,9.430,15.69,16.72,1.120,1.056,0.4876,0.4056,6.992,5.298,16193.2,17.226,0.7268,323.9,106.9
2026-08-04T03:00:00,9.750,9.544,15.67,17.11,1.133,1.078,0.4731,0.4052,6.350,5.540,16202.8,17.234,0.7275,324.1,106.9
2026-08-04T04:00:00,10.582,10.245,15.57,16.51,1.157,1.101,0.4605,0.4043,6.584,5.270,16213.0,17.247,0.7281,324.3,107.0
2026-08-04T05:00:00,10.230,10.023,15.73,16.77,1.141,1.088,0.4917,0.4044,7.241,5.380,16223.1,17.266,0.7289,324.5,107.1
2026-08-04T06:00:00,10.354,10.150,16.36,17.45,1.155,1.099,0.5045,0.3969,7.033,5.429,16233.2,17.282,0.7300,324.7,107.1
2026-08-04T07:00:00,10.705,10.402,16.76,17.87,1.136,1.083,0.4739,0.4058,6.298,5.582,16243.6,17.290,0.7307,324.9,107.2
2026-08-04T08:00:00,10.741,10.447,17.09,18.17,1.184,1.127,0.4952,0.4045,6.292,5.480,16254.1,17.298,0.7317,325.1,107.3
2026-08-04T09:00:00,10.828,10.422,17.41,18.19,1.181,1.131,0.5056,0.4251,6.952,5.495,16264.5,17.313,0.7325,325.3,107.3
2026-08-04T10:00:00,10.858,10.669,18.37,19.34,1.174,1.113,0.4762,0.4010,6.823,5.284,16275.1,17.330,0.7333,325.5,107.4
2026-08-04T11:00:00,10.450,10.081,18.81,19.60,1.193,1.137,0.4264,0.4093,6.953,5.239,16285.2,17.347,0.7335,325.7,107.5
2026-08-04T12:00:00,11.441,11.139,19.84,20.53,1.188,1.132,0.4904,0.4192,6.624,5.421,16296.4,17.360,0.7343,325.9,107.6
2026-08-04T13:00:00,10.968,10.671,18.91,19.81,1.188,1.120,0.4345,0.4081,7.053,5.364,16307.0,17.378,0.7346,326.1,107.6
2026-08-04T14:00:00,11.822,11.478,19.13,19.87,1.194,1.131,0.4436,0.4118,7.369,5.347,16318.5,17.402,0.7349,326.4,107.7
2026-08-04T15:00:00,11.855,11.713,20.00,20.39,1.235,1.174,0.4788,0.4058,6.412,5.409,16330.2,17.413,0.7358,326.6,107.8
2026-08-04T16:00:00,11.531,11.139,19.48,20.34,1.214,1.155,0.4528,0.3865,6.700,5.314,16341.4,17.429,0.7365,326.8,107.9
2026-08-04T17:00:00,11.507,11.383,19.94,20.70,1.199,1.148,0.4871,0.4050,6.711,5.498,16352.7,17.443,0.7375,327.1,107.9
2026-08-04T18:00:00,11.845,11.446,19.36,20.19,1.217,1.164,0.4913,0.3964,7.266,5.433,16364.2,17.464,0.7386,327.3,108.0
2026-08-04T19:00:00,11.484,11.361,18.66,19.50,1.207,1.150,0.5005,0.4184,5.733,5.398,16375.6,17.467,0.7395,327.5,108.1
2026-08-04T20:00:00,11.558,11.222,18.39,19.21,1.196,1.133,0.4529,0.4089,6.851,5.380,16386.8,17.484,0.7400,327.7,108.2
2026-08-04T21:00:00,10.207,10.002,17.29,18.19,1.175,1.124,0.4834,0.4034,6.888,5.184,16396.8,17.501,0.7408,327.9,108.2
2026-08-04T22:00:00,10.628,10.288,17.48,18.70,1.181,1.123,0.4744,0.3942,6.158,5.340,16407.1,17.509,0.7416,328.1,108.3
2026-08-04T23:00:00,10.278,10.099,16.91,17.68,1.163,1.101,0.5371,0.4071,6.634,5.574,16417.2,17.520,0.7429,328.3,108.4
2026-08-05T00:00:00,10.187,9.959,16.30,16.85,1.128,1.072,0.4519,0.4033,6.386,5.328,16427.1,17.531,0.7434,328.5,108.4
2026-08-05T01:00:00,10.529,10.184,15.63,16.62,1.151,1.084,0.4670,0.3940,6.750,5.174,16437.3,17.547,0.7441,328.7,108.5
2026-08-05T02:00:00,9.801,9.588,15.84,16.62,1.140,1.086,0.4818,0.3989,6.284,5.465,16446.9,17.554,0.7449,328.9,108.5
2026-08-05T03:00:00,9.904,9.697,16.13,16.85,1.154,1.101,0.4713,0.3980,6.255,5.225,16456.6,17.564,0.7457,329.1,108.6
2026-08-05T04:00:00,10.313,10.112,15.73,16.50,1.147,1.091,0.4485,0.3964,6.672,5.264,16466.7,17.579,0.7462,329.3,108.7
2026-08-05T05:00:00,10.311,10.061,15.68,16.62,1.155,1.101,0.4741,0.4235,6.689,5.487,16476.8,17.591,0.7467,329.5,108.7
2026-08-05T06:00:00,10.279,10.022,16.26,17.30,1.153,1.102,0.4771,0.4089,6.988,5.165,16486.8,17.609,0.7474,329.7,108.8
2026-08-05T07:00:00,10.181,9.906,16.43,16.98,1.183,1.112,0.4429,0.4120,6.993,5.367,16496.7,17.625,0.7477,329.9,108.9
2026-08-05T08:00:00,11.026,10.822,17.21,17.86,1.153,1.094,0.4586,0.3978,6.751,5.416,16507.5,17.640,0.7483,330.2,108.9
2026-08-05T09:00:00,11.224,10.929,18.11,18.65,1.194,1.137,0.4126,0.4045,7.048,5.416,16518.4,17.657,0.7484,330.4,109.0
2026-08-05T10:00:00,11.291,11.084,18.72,19.66,1.197,1.142,0.4483,0.4285,6.425,5.361,16529.5,17.669,0.7486,330.6,109.1
2026-08-05T11:00:00,11.289,10.977,19.09,19.61,1.214,1.161,0.4635,0.4090,6.934,5.104,16540.5,17.689,0.7492,330.8,109.2
2026-08-05T12:00:00,11.151,10.925,18.92,19.36,1.207,1.151,0.5440,0.3977,7.036,5.530,16551.4,17.706,0.7508,331.0,109.2
2026-08-05T13:00:00,11.149,10.985,19.84,21.09,1.201,1.146,0.4432,0.4122,6.895,5.507,16562.4,17.721,0.7512,331.2,109.3
2026-08-05T14:00:00,11.103,10.749,19.06,19.93,1.217,1.161,0.4660,0.3921,6.741,5.382,16573.2,17.736,0.7520,331.5,109.4
2026-08-05T15:00:00,11.530,11.188,19.25,19.92,1.216,1.161,0.4885,0.4156,7.043,5.339,16584.4,17.755,0.7528,331.7,109.5
2026-08-05T16:00:00,11.531,11.322,19.13,19.76,1.207,1.146,0.4406,0.4112,6.978,5.452,16595.7,17.772,0.7531,331.9,109.5
2026-08-05T17:00:00,11.585,11.382,19.19,20.18,1.206,1.155,0.4801,0.4110,6.370,5.418,16607.1,17.783,0.7539,332.1,109.6
2026-08-05T18:00:00,11.642,11.521,19.96,20.79,1.193,1.132,0.4566,0.3997,6.804,5.513,16618.6,17.798,0.7546,332.4,109.7
2026-08-05T19:00:00,10.689,10.535,18.69,19.10,1.204,1.144,0.4714,0.4224,6.836,5.482,16629.1,17.812,0.7551,332.6,109.8
2026-08-05T20:00:00,10.615,10.389,18.93,20.14,1.204,1.150,0.4866,0.4124,6.922,5.536,16639.5,17.826,0.7559,332.8,109.8
2026-08-05T21:00:00,10.629,10.303,17.48,18.41,1.204,1.148,0.4387,0.4046,6.751,5.503,16649.8,17.839,0.7562,333.0,109.9
2026-08-05T22:00:00,10.433,9.993,16.68,17.64,1.145,1.087,0.4573,0.4142,5.965,5.366,16659.8,17.845,0.7566,333.2,110.0
2026-08-05T23:00:00,10.376,10.166,16.92,17.80,1.200,1.150,0.5074,0.4048,6.828,5.318,16670.0,17.861,0.7577,333.4,110.0
2026-08-06T00:00:00,10.095,9.757,16.51,17.42,1.185,1.132,0.5013,0.4054,6.629,5.655,16679.7,17.870,0.7586,333.6,110.1
2026-08-06T01:00:00,10.266,10.030,16.17,17.13,1.149,1.098,0.4906,0.4122,6.606,5.649,16689.8,17.880,0.7594,333.8,110.2
2026-08-06T02:00:00,9.900,9.614,15.61,16.17,1.129,1.077,0.4508,0.4079,6.686,5.294,16699.4,17.893,0.7598,334.0,110.2
2026-08-06T03:00:00,9.910,9.659,15.57,16.20,1.127,1.067,0.4591,0.3986,6.502,5.469,16709.0,17.903,0.7604,334.2,110.3
2026-08-06T04:00:00,9.828,9.567,16.29,17.11,1.143,1.081,0.4514,0.4081,6.694,5.071,16718.6,17.919,0.7608,334.4,110.3
2026-08-06T05:00:00,9.249,8.980,14.99,15.51,1.134,1.065,0.4906,0.4070,6.062,5.266,16727.6,17.926,0.7616,334.6,110.4
2026-08-06T06:00:00,10.137,9.850,16.40,16.65,1.140,1.088,0.5172,0.4057,7.025,5.304,16737.4,17.943,0.7627,334.7,110.5
2026-08-06T07:00:00,10.000,9.875,16.16,16.95,1.141,1.078,0.4643,0.4074,7.267,5.244,16747.3,17.963,0.7632,334.9,110.5
2026-08-06T08:00:00,10.758,10.380,17.43,18.03,1.144,1.087,0.4923,0.4078,6.379,5.309,16757.7,17.974,0.7641,335.2,110.6
2026-08-06T09:00:00,10.674,10.351,17.98,18.81,1.167,1.116,0.4900,0.4075,6.367,5.374,16768.0,17.984,0.7650,335.4,110.7
2026-08-06T10:00:00,11.005,10.670,18.49,19.46,1.179,1.128,0.4441,0.4011,5.857,5.457,16778.7,17.988,0.7654,335.6,110.7
2026-08-06T11:00:00,10.794,10.464,18.52,19.17,1.192,1.140,0.4737,0.3854,6.733,5.422,16789.2,18.002,0.7663,335.8,110.8
2026-08-06T12:00:00,11.398,11.064,18.63,19.53,1.189,1.125,0.4333,0.4010,5.942,5.315,16800.2,18.009,0.7667,336.0,110.9
2026-08-06T13:00:00,11.401,11.161,19.43,20.51,1.215,1.162,0.4806,0.4155,6.004,5.380,16811.4,18.016,0.7674,336.2,111.0
2026-08-06T14:00:00,11.334,10.828,19.39,20.03,1.206,1.150,0.4802,0.4152,6.275,5.806,16822.2,18.021,0.7681,336.4,111.0
2026-08-06T15:00:00,11.656,11.496,19.94,20.79,1.221,1.167,0.4271,0.4096,7.352,5.260,16833.7,18.045,0.7683,336.7,111.1
2026-08-06T16:00:00,11.454,11.239,19.47,20.24,1.214,1.157,0.4885,0.4135,6.736,5.329,16844.9,18.061,0.7692,336.9,111.2
2026-08-06T17:00:00,11.670,11.461,19.25,20.23,1.194,1.143,0.4722,0.4123,6.699,5.344,16856.4,18.076,0.7699,337.1,111.3
2026-08-06T18:00:00,11.982,11.612,18.49,19.09,1.218,1.167,0.4736,0.4078,6.415,5.298,16868.0,18.089,0.7706,337.4,111.3
2026-08-06T19:00:00,11.308,11.085,18.68,19.50,1.219,1.167,0.5129,0.4035,6.327,5.359,16879.1,18.100,0.7718,337.6,111.4
2026-08-06T20:00:00,11.426,11.196,17.92,18.65,1.193,1.132,0.4750,0.4139,7.039,5.490,16890.3,18.117,0.7725,337.8,111.5
2026-08-06T21:00:00,9.947,9.673,18.23,18.88,1.181,1.130,0.4289,0.4185,7.295,5.515,16900.0,18.135,0.7726,338.0,111.5
2026-08-06T22:00:00,10.394,10.131,17.42,18.28,1.145,1.082,0.4429,0.4105,6.903,5.727,16910.1,18.147,0.7729,338.2,111.6
2026-08-06T23:00:00,11.124,10.850,15.99,16.74,1.187,1.124,0.4549,0.4207,7.336,5.358,16921.0,18.168,0.7733,338.4,111.7
2026-08-07T00:00:00,10.367,10.155,15.83,16.39,1.145,1.094,0.5023,0.4094,6.592,5.226,16931.1,18.182,0.7743,338.6,111.7
2026-08-07T01:00:00,9.683,9.488,15.81,16.33,1.132,1.080,0.4652,0.4121,6.847,5.505,16940.6,18.195,0.7748,338.8,111.8
2026-08-07T02:00:00,9.328,9.166,15.43,16.19,1.154,1.102,0.5127,0.4164,6.362,5.451,16949.8,18.203,0.7757,339.0,111.9
2026-08-07T03:00:00,10.713,10.400,15.62,16.53,1.143,1.084,0.4769,0.3974,7.196,5.329,16960.2,18.222,0.7765,339.2,111.9
2026-08-07T04:00:00,9.961,9.805,15.66,16.36,1.152,1.090,0.4935,0.4000,7.197,5.350,16970.0,18.240,0.7774,339.4,112.0
2026-08-07T05:00:00,9.812,9.512,15.19,16.00,1.108,1.053,0.4844,0.4037,7.273,5.240,16979.5,18.260,0.7782,339.6,112.1
2026-08-07T06:00:00,10.922,10.467,16.34,17.27,1.178,1.120,0.4725,0.4121,6.797,5.298,16990.0,18.275,0.7788,339.8,112.1
2026-08-07T07:00:00,10.372,10.087,16.59,17.43,1.146,1.086,0.4316,0.3872,7.541,5.335,17000.0,18.298,0.7792,340.0,112.2
2026-08-07T08:00:00,10.325,9.949,17.29,17.91,1.153,1.103,0.4567,0.3952,7.160,5.205,17010.0,18.317,0.7799,340.2,112.3
2026-08-07T09:00:00,11.537,11.082,17.35,17.83,1.193,1.138,0.5469,0.4205,6.920,5.488,17021.1,18.333,0.7813,340.4,112.3
2026-08-07T10:00:00,11.067,10.650,17.68,18.20,1.206,1.152,0.4846,0.4080,7.222,5.414,17031.7,18.352,0.7821,340.6,112.4
2026-08-07T11:00:00,11.089,10.809,18.94,20.10,1.172,1.110,0.4513,0.4067,6.119,5.116,17042.5,18.363,0.7826,340.9,112.5
2026-08-07T12:00:00,12.214,11.839,19.20,20.17,1.220,1.166,0.4349,0.4032,6.535,5.233,17054.4,18.379,0.7829,341.1,112.6
2026-08-07T13:00:00,10.806,10.463,19.57,20.38,1.237,1.181,0.4790,0.3986,6.504,5.359,17064.8,18.391,0.7838,341.3,112.6
2026-08-07T14:00:00,11.741,11.364,18.95,19.62,1.245,1.176,0.4869,0.3933,6.908,5.556,17076.2,18.406,0.7848,341.5,112.7
2026-08-07T15:00:00,11.660,11.405,19.50,20.17,1.247,1.189,0.4969,0.4173,6.900,5.327,17087.6,18.424,0.7857,341.8,112.8
2026-08-07T16:00:00,11.733,11.333,19.23,19.76,1.222,1.170,0.4712,0.4123,6.894,5.328,17098.9,18.442,0.7864,342.0,112.9
2026-08-07T17:00:00,11.453,11.049,19.43,20.29,1.237,1.184,0.4895,0.3920,6.305,5.513,17110.0,18.450,0.7875,342.2,112.9
2026-08-07T18:00:00,11.384,11.130,18.46,19.42,1.212,1.154,0.4758,0.3909,6.323,5.312,17121.1,18.462,0.7884,342.4,113.0
2026-08-07T19:00:00,11.711,11.402,18.57,19.12,1.217,1.164,0.5474,0.4026,6.466,5.365,17132.5,18.474,0.7901,342.7,113.1
2026-08-07T20:00:00,10.526,10.377,17.98,18.77,1.172,1.120,0.5077,0.3896,6.675,5.287,17142.9,18.489,0.7913,342.9,113.1
2026-08-07T21:00:00,11.063,10.859,17.32,17.93,1.189,1.136,0.4919,0.4053,6.318,5.349,17153.7,18.499,0.7922,343.1,113.2
2026-08-07T22:00:00,10.260,9.948,17.08,17.71,1.197,1.145,0.4875,0.4017,6.682,5.321,17163.7,18.513,0.7931,343.3,113.3
2026-08-07T23:00:00,10.251,9.752,16.24,17.14,1.146,1.084,0.4958,0.3960,6.132,5.193,17173.4,18.522,0.7941,343.5,113.3
2026-08-08T00:00:00,10.053,9.828,15.78,16.57,1.165,1.107,0.4381,0.4109,7.277,5.223,17183.3,18.542,0.7943,343.7,113.4
2026-08-08T01:00:00,10.317,10.069,15.00,15.54,1.116,1.062,0.4543,0.3814,6.614,5.251,17193.3,18.556,0.7951,343.9,113.5
2026-08-08T02:00:00,9.667,9.310,15.65,16.35,1.134,1.080,0.5073,0.3906,6.362,5.074,17202.7,18.568,0.7962,344.1,113.5
2026-08-08T03:00:00,9.541,9.382,15.85,16.81,1.127,1.061,0.4219,0.4056,6.844,5.489,17212.0,18.580,0.7963,344.2,113.6
2026-08-08T04:00:00,9.909,9.690,15.38,16.02,1.132,1.075,0.4408,0.4059,7.082,5.505,17221.7,18.596,0.7967,344.4,113.7
2026-08-08T05:00:00,10.015,9.680,15.94,17.34,1.150,1.099,0.5132,0.4020,6.814,5.403,17231.4,18.609,0.7977,344.6,113.7
2026-08-08T06:00:00,10.163,10.008,15.93,16.76,1.161,1.107,0.4727,0.3961,6.747,5.362,17241.4,18.623,0.7985,344.8,113.8
2026-08-08T07:00:00,10.307,10.028,15.91,16.93,1.144,1.086,0.4390,0.3930,7.138,5.183,17251.4,18.643,0.7990,345.0,113.9
2026-08-08T08:00:00,10.847,10.616,17.05,18.07,1.167,1.108,0.4660,0.4009,7.064,5.202,17262.1,18.663,0.7996,345.2,113.9
2026-08-08T09:00:00,10.229,10.026,17.79,19.12,1.204,1.153,0.4753,0.4110,6.598,5.404,17272.1,18.675,0.8003,345.4,114.0
2026-08-08T10:00:00,10.738,10.566,17.96,18.71,1.190,1.135,0.4442,0.3999,7.084,5.618,17282.7,18.690,0.8008,345.7,114.1
2026-08-08T11:00:00,10.774,10.678,18.56,18.96,1.192,1.140,0.4558,0.3956,6.536,5.522,17293.3,18.701,0.8014,345.9,114.1
2026-08-08T12:00:00,11.415,11.081,19.36,19.91,1.210,1.158,0.4506,0.4135,6.109,5.266,17304.4,18.710,0.8018,346.1,114.2
2026-08-08T13:00:00,11.971,11.691,19.49,20.35,1.189,1.135,0.4688,0.3990,6.432,5.511,17316.1,18.721,0.8026,346.3,114.3
2026-08-08T14:00:00,11.947,11.505,19.16,19.92,1.208,1.151,0.4558,0.3923,6.086,5.334,17327.6,18.730,0.8034,346.6,114.4
2026-08-08T15:00:00,11.740,11.381,20.14,21.07,1.218,1.162,0.5137,0.3886,7.388,5.467,17339.0,18.752,0.8048,346.8,114.4
2026-08-08T16:00:00,11.501,11.349,19.34,20.42,1.189,1.135,0.4688,0.4029,6.733,5.502,17350.3,18.765,0.8055,347.0,114.5
2026-08-08T17:00:00,11.048,10.868,19.02,19.48,1.210,1.160,0.4730,0.3989,7.320,5.465,17361.2,18.786,0.8063,347.2,114.6
2026-08-08T18:00:00,11.277,10.866,18.45,18.61,1.220,1.170,0.4174,0.4135,6.727,5.088,17372.1,18.803,0.8064,347.4,114.7
2026-08-08T19:00:00,11.077,10.882,18.20,19.30,1.223,1.165,0.4472,0.4066,6.624,5.307,17383.0,18.818,0.8068,347.7,114.7
2026-08-08T20:00:00,11.130,10.832,18.93,19.62,1.173,1.116,0.4369,0.3966,6.715,5.284,17393.8,18.833,0.8073,347.9,114.8
2026-08-08T21:00:00,11.074,10.946,17.64,18.53,1.172,1.118,0.4668,0.3987,7.079,5.500,17404.7,18.851,0.8080,348.1,114.9
2026-08-08T22:00:00,10.334,10.083,16.72,17.03,1.180,1.129,0.4339,0.3986,7.114,5.158,17414.8,18.870,0.8084,348.3,114.9
2026-08-08T23:00:00,10.744,10.448,16.11,17.17,1.156,1.099,0.4606,0.3873,6.253,5.129,17425.3,18.882,0.8091,348.5,115.0
2026-08-09T00:00:00,10.998,10.708,16.50,17.16,1.162,1.110,0.4646,0.4122,6.672,5.455,17436.0,18.895,0.8097,348.7,115.1
2026-08-09T01:00:00,9.835,9.518,15.39,16.44,1.161,1.103,0.4609,0.4198,7.257,5.474,17445.5,18.912,0.8101,348.9,115.1
2026-08-09T02:00:00,10.209,9.935,15.76,16.87,1.153,1.101,0.4999,0.4067,6.403,5.307,17455.4,18.923,0.8110,349.1,115.2
2026-08-09T03:00:00,9.917,9.622,15.46,16.53,1.141,1.077,0.5360,0.4044,6.970,5.255,17465.0,18.939,0.8123,349.3,115.3
2026-08-09T04:00:00,10.715,10.417,15.41,16.65,1.159,1.103,0.4562,0.3908,7.076,5.536,17475.5,18.955,0.8129,349.5,115.3
2026-08-09T05:00:00,10.208,9.960,15.93,16.61,1.146,1.088,0.4862,0.3994,6.924,5.461,17485.4,18.970,0.8138,349.7,115.4
2026-08-09T06:00:00,10.743,10.591,15.86,16.29,1.128,1.074,0.4732,0.4176,6.520,5.221,17496.0,18.984,0.8144,349.9,115.5
2026-08-09T07:00:00,9.853,9.387,16.18,17.06,1.180,1.128,0.4769,0.4091,7.208,5.334,17505.4,19.001,0.8150,350.1,115.5
2026-08-09T08:00:00,10.790,10.524,16.86,17.58,1.198,1.129,0.4638,0.3878,7.276,5.530,17515.9,19.020,0.8158,350.3,115.6
2026-08-09T09:00:00,11.535,11.310,17.74,18.65,1.185,1.133,0.4760,0.3937,6.720,5.178,17527.2,19.037,0.8168,350.5,115.7
2026-08-09T10:00:00,10.854,10.428,17.46,18.31,1.186,1.134,0.4981,0.4017,6.820,5.203,17537.7,19.054,0.8178,350.8,115.7
2026-08-09T11:00:00,11.021,10.829,18.24,18.75,1.225,1.168,0.5390,0.4003,6.697,5.195,17548.5,19.070,0.8193,351.0,115.8
2026-08-09T12:00:00,11.510,11.143,18.27,18.94,1.213,1.156,0.4870,0.3945,7.731,5.278,17559.6,19.098,0.8203,351.2,115.9
2026-08-09T13:00:00,11.496,11.151,18.90,19.87,1.244,1.180,0.4916,0.3951,6.443,5.316,17570.8,19.110,0.8214,351.4,116.0
2026-08-09T14:00:00,11.925,11.795,19.51,19.94,1.216,1.166,0.4354,0.4195,6.842,5.311,17582.6,19.128,0.8216,351.7,116.0
2026-08-09T15:00:00,11.871,11.361,18.74,19.85,1.213,1.150,0.4577,0.4058,6.608,5.115,17593.9,19.145,0.8222,351.9,116.1
2026-08-09T16:00:00,11.350,11.071,18.51,19.27,1.190,1.123,0.5049,0.3944,6.414,5.406,17605.0,19.156,0.8234,352.1,116.2
2026-08-09T17:00:00,11.165,10.889,19.01,20.50,1.213,1.153,0.4995,0.3949,6.900,5.332,17615.9,19.173,0.8245,352.3,116.3
2026-08-09T18:00:00,11.088,10.830,18.63,19.35,1.219,1.163,0.5020,0.3936,7.031,5.458,17626.7,19.191,0.8257,352.5,116.3
2026-08-09T19:00:00,10.881,10.640,18.38,19.13,1.200,1.146,0.4690,0.4081,7.202,5.156,17637.4,19.212,0.8263,352.7,116.4
2026-08-09T20:00:00,12.024,11.651,17.95,19.06,1.206,1.131,0.4944,0.4225,6.270,5.425,17649.0,19.222,0.8272,353.0,116.5
2026-08-09T21:00:00,10.561,10.337,17.16,19.00,1.194,1.141,0.4785,0.4118,6.328,5.144,17659.4,19.234,0.8279,353.2,116.6
2026-08-09T22:00:00,10.678,10.310,17.06,17.81,1.157,1.103,0.4561,0.4086,6.816,5.392,17669.7,19.249,0.8284,353.4,116.6
2026-08-09T23:00:00,10.290,9.965,16.42,17.30,1.170,1.117,0.4393,0.4153,7.275,5.202,17679.6,19.270,0.8286,353.6,116.7
2026-08-10T00:00:00,10.621,10.396,15.18,15.88,1.145,1.079,0.5120,0.3907,5.966,5.160,17690.0,19.278,0.8299,353.8,116.8
2026-08-10T01:00:00,9.864,9.748,15.59,16.47,1.133,1.078,0.4462,0.4025,7.017,5.540,17699.8,19.292,0.8303,354.0,116.8
2026-08-10T02:00:00,10.693,10.538,15.58,16.61,1.123,1.070,0.4845,0.4132,6.717,5.499,17710.3,19.305,0.8310,354.2,116.9
2026-08-10T03:00:00,10.090,9.900,15.16,16.10,1.156,1.104,0.4634,0.3843,7.684,5.454,17720.2,19.327,0.8318,354.4,117.0
2026-08-10T04:00:00,10.030,9.691,15.83,16.40,1.171,1.111,0.4543,0.4081,7.088,5.354,17729.9,19.344,0.8323,354.6,117.0
2026-08-10T05:00:00,10.318,9.872,15.05,16.00,1.143,1.088,0.4257,0.4112,6.121,5.196,17739.8,19.353,0.8324,354.8,117.1
2026-08-10T06:00:00,10.445,10.160,15.36,16.20,1.146,1.091,0.4517,0.4052,6.506,5.383,17749.9,19.365,0.8329,355.0,117.1
2026-08-10T07:00:00,9.986,9.689,17.00,17.89,1.173,1.123,0.4794,0.4007,6.720,5.165,17759.6,19.380,0.8336,355.2,117.2
2026-08-10T08:00:00,10.779,10.453,17.69,18.19,1.189,1.139,0.4780,0.4059,6.735,5.378,17770.1,19.394,0.8344,355.4,117.3
2026-08-10T09:00:00,10.574,10.241,17.96,18.91,1.151,1.089,0.5140,0.4242,7.080,5.337,17780.3,19.412,0.8353,355.6,117.4
2026-08-10T10:00:00,10.348,10.140,18.86,19.86,1.173,1.113,0.5015,0.4036,6.430,5.171,17790.5,19.425,0.8363,355.8,117.4
2026-08-10T11:00:00,11.183,10.912,19.22,19.79,1.208,1.154,0.4902,0.3865,7.387,5.336,17801.4,19.447,0.8374,356.0,117.5
2026-08-10T12:00:00,11.336,10.914,19.12,19.78,1.201,1.139,0.4290,0.3978,6.585,5.340,17812.3,19.461,0.8378,356.2,117.6
2026-08-10T13:00:00,11.573,11.330,19.33,20.19,1.181,1.129,0.4476,0.4221,7.313,5.435,17823.6,19.482,0.8381,356.5,117.6
2026-08-10T14:00:00,12.098,11.787,18.73,19.27,1.227,1.171,0.4556,0.4000,6.445,5.160,17835.4,19.497,0.8387,356.7,117.7
2026-08-10T15:00:00,11.833,11.554,19.33,19.88,1.202,1.151,0.4603,0.4046,7.185,5.282,17847.0,19.519,0.8394,356.9,117.8
2026-08-10T16:00:00,12.211,11.996,19.12,20.07,1.207,1.155,0.4494,0.4238,6.374,5.214,17859.0,19.533,0.8397,357.2,117.9
2026-08-10T17:00:00,11.706,11.351,18.74,19.38,1.189,1.136,0.4301,0.4021,6.890,5.078,17870.3,19.553,0.8400,357.4,117.9
2026-08-10T18:00:00,11.546,11.117,18.33,19.11,1.226,1.166,0.4841,0.4138,6.073,4.928,17881.4,19.566,0.8408,357.6,118.0
2026-08-10T19:00:00,11.429,11.126,18.35,19.17,1.220,1.166,0.5076,0.4100,6.585,5.326,17892.5,19.580,0.8419,357.9,118.1
2026-08-10T20:00:00,10.860,10.617,17.75,18.61,1.164,1.111,0.4438,0.4159,7.107,5.234,17903.2,19.600,0.8422,358.1,118.2
2026-08-10T21:00:00,10.927,10.737,17.06,17.82,1.192,1.133,0.4226,0.3971,7.415,5.233,17913.9,19.624,0.8424,358.3,118.2
2026-08-10T22:00:00,10.133,9.787,17.14,18.27,1.177,1.124,0.4512,0.3910,6.490,5.128,17923.7,19.637,0.8430,358.5,118.3
2026-08-10T23:00:00,9.633,9.464,16.54,16.88,1.175,1.125,0.4243,0.3846,7.353,5.337,17933.2,19.656,0.8434,358.7,118.4
2026-08-11T00:00:00,10.555,10.396,16.25,17.26,1.156,1.101,0.5041,0.3975,6.869,5.547,17943.5,19.670,0.8445,358.9,118.4
2026-08-11T01:00:00,10.363,9.987,15.02,15.58,1.138,1.086,0.4999,0.3981,7.054,5.268,17953.5,19.688,0.8455,359.1,118.5
2026-08-11T02:00:00,10.245,10.046,15.44,16.04,1.112,1.058,0.5147,0.4101,7.326,5.311,17963.6,19.708,0.8466,359.3,118.6
2026-08-11T03:00:00,10.223,9.954,15.75,16.73,1.110,1.050,0.4357,0.3831,7.144,5.021,17973.5,19.729,0.8471,359.5,118.6
2026-08-11T04:00:00,9.797,9.285,15.31,15.94,1.160,1.097,0.4976,0.4058,6.271,5.221,17982.8,19.739,0.8480,359.7,118.7
2026-08-11T05:00:00,10.030,9.777,15.25,16.16,1.151,1.091,0.4767,0.4029,6.655,5.190,17992.6,19.753,0.8487,359.9,118.8
2026-08-11T06:00:00,9.869,9.705,15.83,16.48,1.164,1.113,0.4809,0.3870,6.418,5.489,18002.3,19.762,0.8496,360.0,118.8
2026-08-11T07:00:00,10.595,10.578,15.47,16.53,1.144,1.082,0.5067,0.3925,7.263,5.211,18012.9,19.784,0.8508,360.3,118.9
2026-08-11T08:00:00,10.483,10.201,16.95,17.66,1.159,1.105,0.4802,0.3883,6.786,5.323,18023.1,19.799,0.8517,360.5,119.0
2026-08-11T09:00:00,11.042,10.781,16.76,17.77,1.173,1.118,0.4618,0.4072,6.397,5.370,18033.9,19.810,0.8523,360.7,119.0
2026-08-11T10:00:00,10.885,10.751,17.53,18.63,1.207,1.145,0.4183,0.4046,6.952,5.098,18044.6,19.830,0.8525,360.9,119.1
2026-08-11T11:00:00,11.118,10.867,18.29,19.12,1.205,1.152,0.4467,0.4080,7.346,5.311,18055.5,19.852,0.8529,361.1,119.2
2026-08-11T12:00:00,11.139,10.806,18.61,19.02,1.190,1.117,0.4401,0.4103,6.756,5.261,18066.3,19.868,0.8532,361.3,119.2
2026-08-11T13:00:00,11.463,11.080,18.97,19.91,1.209,1.151,0.5206,0.4074,6.944,5.367,18077.4,19.885,0.8545,361.5,119.3
2026-08-11T14:00:00,11.263,10.948,19.13,19.57,1.229,1.175,0.4735,0.4195,6.611,5.365,18088.3,19.899,0.8551,361.8,119.4
2026-08-11T15:00:00,11.585,11.303,19.67,20.86,1.210,1.160,0.4253,0.3968,6.503,5.271,18099.6,19.913,0.8554,362.0,119.5
2026-08-11T16:00:00,11.414,11.159,19.02,20.02,1.223,1.163,0.4985,0.4104,5.877,5.351,18110.8,19.919,0.8564,362.2,119.5
2026-08-11T17:00:00,11.106,10.734,18.40,19.45,1.211,1.161,0.4704,0.4081,6.900,5.332,18121.5,19.936,0.8570,362.4,119.6
2026-08-11T18:00:00,11.592,11.200,19.25,20.39,1.199,1.144,0.4296,0.4144,6.210,5.205,18132.7,19.947,0.8572,362.7,119.7
2026-08-11T19:00:00,11.337,11.092,18.01,18.92,1.204,1.153,0.4235,0.3862,6.491,5.485,18143.8,19.958,0.8576,362.9,119.7
2026-08-11T20:00:00,11.125,10.836,17.94,18.71,1.200,1.147,0.4624,0.4011,6.673,5.417,18154.6,19.972,0.8583,363.1,119.8
2026-08-11T21:00:00,11.274,11.102,17.35,18.32,1.181,1.124,0.4314,0.4135,6.489,5.146,18165.7,19.987,0.8585,363.3,119.9
2026-08-11T22:00:00,10.804,10.402,16.62,17.52,1.185,1.132,0.5374,0.4102,7.375,5.210,18176.1,20.009,0.8598,363.5,120.0
2026-08-11T23:00:00,10.416,10.312,15.90,16.65,1.162,1.110,0.4743,0.3962,7.030,5.085,18186.5,20.029,0.8606,363.7,120.0
2026-08-12T00:00:00,10.146,9.770,15.99,16.54,1.134,1.070,0.4644,0.3966,6.526,5.221,18196.2,20.042,0.8613,363.9,120.1
2026-08-12T01:00:00,10.320,10.009,16.42,17.16,1.153,1.102,0.4668,0.4104,6.010,5.369,18206.2,20.048,0.8618,364.1,120.2
2026-08-12T02:00:00,10.405,10.209,15.03,15.70,1.132,1.074,0.4307,0.3974,6.164,5.261,18216.4,20.058,0.8622,364.3,120.2
2026-08-12T03:00:00,10.238,9.984,15.41,15.98,1.144,1.081,0.5334,0.4006,6.135,5.338,18226.4,20.065,0.8635,364.5,120.3
2026-08-12T04:00:00,10.062,9.805,15.21,16.00,1.161,1.103,0.5004,0.4022,6.319,5.184,18236.2,20.077,0.8645,364.7,120.4
2026-08-12T05:00:00,10.358,10.105,15.53,16.15,1.162,1.111,0.4516,0.3935,6.510,5.378,18246.3,20.088,0.8650,364.9,120.4
2026-08-12T06:00:00,9.699,9.421,15.75,16.56,1.166,1.108,0.4610,0.4026,6.386,5.503,18255.8,20.096,0.8656,365.1,120.5
2026-08-12T07:00:00,10.315,10.201,16.10,16.83,1.196,1.143,0.4972,0.4139,6.572,5.438,18266.0,20.108,0.8664,365.3,120.6
2026-08-12T08:00:00,10.454,10.273,16.74,18.06,1.179,1.122,0.4560,0.3970,7.151,5.230,18276.2,20.128,0.8671,365.5,120.6
2026-08-12T09:00:00,11.125,10.893,17.29,17.68,1.183,1.128,0.4764,0.4167,6.720,5.250,18287.1,20.144,0.8677,365.7,120.7
2026-08-12T10:00:00,11.376,11.064,17.71,18.80,1.203,1.151,0.4266,0.3879,6.322,5.324,18298.2,20.155,0.8681,366.0,120.8
2026-08-12T11:00:00,10.995,10.809,18.41,19.36,1.200,1.136,0.4428,0.4045,7.020,5.477,18309.0,20.171,0.8685,366.2,120.8
2026-08-12T12:00:00,11.666,11.234,18.53,19.48,1.233,1.178,0.4841,0.3920,5.927,5.542,18320.2,20.176,0.8696,366.4,120.9
2026-08-12T13:00:00,11.506,11.265,18.73,19.47,1.217,1.158,0.4601,0.3929,6.555,5.167,18331.5,20.191,0.8703,366.6,121.0
2026-08-12T14:00:00,11.538,11.167,19.49,19.89,1.218,1.156,0.4329,0.3974,6.725,5.173,18342.7,20.209,0.8707,366.9,121.1
2026-08-12T15:00:00,12.078,11.883,19.88,20.86,1.217,1.155,0.4385,0.4037,7.068,5.482,18354.6,20.228,0.8711,367.1,121.1
2026-08-12T16:00:00,11.452,11.242,18.54,19.13,1.212,1.157,0.4775,0.4023,6.337,5.207,18365.8,20.240,0.8720,367.3,121.2
2026-08-12T17:00:00,10.685,10.441,18.56,19.66,1.214,1.161,0.4407,0.3921,6.828,5.208,18376.2,20.257,0.8725,367.5,121.3
2026-08-12T18:00:00,11.128,10.879,18.46,18.94,1.211,1.148,0.4605,0.4082,5.324,5.354,18387.1,20.257,0.8731,367.7,121.4
2026-08-12T19:00:00,11.557,11.467,17.64,18.86,1.197,1.140,0.4825,0.4170,6.666,5.096,18398.6,20.275,0.8738,368.0,121.4
2026-08-12T20:00:00,11.470,11.134,18.16,19.14,1.188,1.128,0.5011,0.3970,6.891,5.280,18409.7,20.293,0.8750,368.2,121.5
2026-08-12T21:00:00,10.805,10.608,17.13,18.53,1.198,1.128,0.4942,0.3911,6.364,5.278,18420.3,20.305,0.8761,368.4,121.6
2026-08-12T22:00:00,10.823,10.604,16.41,17.24,1.190,1.136,0.4728,0.4133,6.328,5.485,18430.9,20.314,0.8767,368.6,121.6
2026-08-12T23:00:00,10.416,10.184,16.08,17.24,1.166,1.113,0.4483,0.3955,6.590,5.229,18441.1,20.327,0.8772,368.8,121.7
2026-08-13T00:00:00,9.634,9.489,15.79,16.59,1.169,1.112,0.4850,0.4079,7.623,5.100,18450.6,20.351,0.8780,369.0,121.8
2026-08-13T01:00:00,10.419,10.243,15.46,16.30,1.151,1.092,0.4954,0.4055,6.721,5.306,18460.8,20.366,0.8789,369.2,121.8
2026-08-13T02:00:00,10.177,9.874,15.52,16.32,1.126,1.076,0.4232,0.4093,6.226,5.301,18470.7,20.375,0.8790,369.4,121.9
2026-08-13T03:00:00,10.268,10.046,15.83,16.53,1.132,1.071,0.4142,0.4129,7.068,5.438,18480.8,20.391,0.8790,369.6,122.0
2026-08-13T04:00:00,10.523,10.185,15.62,16.31,1.166,1.111,0.5307,0.3949,6.577,5.388,18490.9,20.403,0.8804,369.8,122.0
2026-08-13T05:00:00,10.166,9.889,15.26,15.67,1.173,1.121,0.4519,0.3934,6.408,5.397,18500.8,20.413,0.8810,370.0,122.1
2026-08-13T06:00:00,10.595,10.236,16.11,16.79,1.173,1.119,0.4525,0.4124,6.628,5.178,18511.1,20.428,0.8814,370.2,122.2
2026-08-13T07:00:00,10.649,10.416,16.75,17.26,1.171,1.118,0.4930,0.3932,6.457,5.456,18521.5,20.439,0.8825,370.4,122.2
2026-08-13T08:00:00,10.977,10.718,16.52,17.40,1.170,1.118,0.4662,0.4090,7.022,5.197,18532.2,20.458,0.8831,370.6,122.3
2026-08-13T09:00:00,11.062,10.764,17.22,18.35,1.178,1.123,0.5131,0.3999,7.147,5.303,18543.0,20.478,0.8843,370.9,122.4
2026-08-13T10:00:00,11.070,10.879,18.03,18.82,1.194,1.122,0.4089,0.4025,6.136,5.458,18553.8,20.485,0.8844,371.1,122.5
2026-08-13T11:00:00,11.325,11.106,18.16,18.85,1.217,1.163,0.5062,0.3991,6.908,5.132,18565.0,20.505,0.8855,371.3,122.5
2026-08-13T12:00:00,11.118,10.934,18.78,19.49,1.218,1.160,0.4628,0.3945,6.842,5.298,18575.9,20.522,0.8863,371.5,122.6
2026-08-13T13:00:00,11.551,11.230,19.42,20.21,1.191,1.123,0.4688,0.4092,6.346,5.610,18587.1,20.530,0.8870,371.7,122.7
2026-08-13T14:00:00,11.680,11.237,18.53,19.52,1.222,1.166,0.5161,0.3888,6.176,5.010,18598.4,20.543,0.8884,372.0,122.7
2026-08-13T15:00:00,11.884,11.754,19.44,20.76,1.218,1.146,0.4956,0.3896,6.855,4.918,18610.1,20.566,0.8896,372.2,122.8
2026-08-13T16:00:00,12.074,11.836,18.74,19.37,1.231,1.175,0.4674,0.3941,7.227,5.312,18621.9,20.589,0.8905,372.4,122.9
2026-08-13T17:00:00,11.448,11.245,18.48,19.31,1.208,1.157,0.4573,0.3962,6.364,5.110,18633.2,20.603,0.8912,372.7,123.0
2026-08-13T18:00:00,11.870,11.629,19.06,20.26,1.205,1.145,0.4297,0.3979,6.738,5.220,18644.8,20.621,0.8916,372.9,123.1
2026-08-13T19:00:00,10.924,10.580,18.17,19.23,1.195,1.139,0.4507,0.4176,6.704,5.076,18655.4,20.638,0.8919,373.1,123.1
2026-08-13T20:00:00,10.765,10.426,17.83,18.49,1.202,1.149,0.4391,0.4020,6.782,5.157,18665.8,20.655,0.8923,373.3,123.2
2026-08-13T21:00:00,10.704,10.342,17.33,18.57,1.160,1.099,0.4602,0.3925,6.673,5.304,18676.2,20.669,0.8930,373.5,123.3
2026-08-13T22:00:00,10.529,10.302,17.27,18.21,1.165,1.108,0.4546,0.4052,7.260,5.324,18686.5,20.689,0.8935,373.7,123.3
2026-08-13T23:00:00,10.327,10.148,15.74,16.35,1.166,1.115,0.4610,0.3971,7.080,5.153,18696.6,20.708,0.8942,373.9,123.4
2026-08-14T00:00:00,9.959,9.708,16.24,17.43,1.155,1.103,0.4519,0.4022,6.429,5.182,18706.3,20.721,0.8946,374.1,123.5
2026-08-14T01:00:00,9.772,9.606,15.43,16.28,1.171,1.120,0.4269,0.4010,6.928,5.304,18715.9,20.736,0.8949,374.3,123.5
2026-08-14T02:00:00,10.020,9.779,14.37,15.50,1.131,1.075,0.4856,0.3912,6.310,5.318,18725.7,20.746,0.8958,374.5,123.6
2026-08-14T03:00:00,10.261,10.009,14.99,16.19,1.125,1.067,0.4765,0.3965,7.147,5.307,18735.7,20.764,0.8966,374.7,123.7
2026-08-14T04:00:00,9.903,9.742,14.89,15.62,1.119,1.063,0.5108,0.4193,6.181,5.269,18745.5,20.773,0.8975,374.9,123.7
2026-08-14T05:00:00,10.330,10.185,15.53,16.66,1.153,1.102,0.4981,0.4063,6.762,5.294,18755.6,20.788,0.8984,375.1,123.8
2026-08-14T06:00:00,10.567,10.342,14.56,15.05,1.174,1.119,0.4931,0.3969,6.987,5.206,18766.0,20.807,0.8994,375.3,123.9
2026-08-14T07:00:00,9.994,9.605,16.34,17.45,1.145,1.092,0.4404,0.3805,7.119,5.325,18775.6,20.824,0.9000,375.5,123.9
2026-08-14T08:00:00,10.631,10.463,16.42,17.66,1.153,1.099,0.5072,0.4100,6.555,5.361,18786.1,20.836,0.9010,375.7,124.0
2026-08-14T09:00:00,11.013,10.778,17.23,17.89,1.181,1.124,0.4728,0.4152,6.639,5.276,18796.8,20.851,0.9016,375.9,124.1
2026-08-14T10:00:00,10.753,10.399,17.62,18.12,1.168,1.110,0.4896,0.4144,6.754,5.282,18807.2,20.866,0.9024,376.1,124.1
2026-08-14T11:00:00,11.021,10.739,18.65,19.60,1.182,1.130,0.4781,0.3994,6.391,5.063,18818.0,20.881,0.9033,376.4,124.2
2026-08-14T12:00:00,11.429,11.141,19.23,20.36,1.193,1.136,0.4834,0.4144,6.846,5.417,18829.1,20.896,0.9040,376.6,124.3
2026-08-14T13:00:00,11.055,10.866,18.54,19.29,1.210,1.146,0.4910,0.3902,6.939,5.213,18840.0,20.915,0.9051,376.8,124.3
2026-08-14T14:00:00,11.444,11.091,19.69,20.25,1.213,1.162,0.4829,0.3997,6.635,5.237,18851.1,20.931,0.9061,377.0,124.4
2026-08-14T15:00:00,11.560,11.207,18.85,19.96,1.203,1.149,0.4997,0.4025,6.802,5.293,18862.3,20.948,0.9071,377.2,124.5
2026-08-14T16:00:00,11.504,11.199,18.86,19.54,1.212,1.156,0.5081,0.4181,6.198,5.287,18873.5,20.958,0.9082,377.5,124.6
2026-08-14T17:00:00,11.779,11.376,19.39,20.23,1.188,1.133,0.4641,0.4079,6.123,5.123,18884.9,20.969,0.9088,377.7,124.6
2026-08-14T18:00:00,11.142,10.906,18.43,18.98,1.188,1.130,0.4802,0.4021,6.929,5.407,18895.8,20.986,0.9096,377.9,124.7
2026-08-14T19:00:00,11.192,10.886,18.20,19.26,1.181,1.127,0.4856,0.3969,6.472,5.271,18906.6,20.999,0.9106,378.1,124.8
2026-08-14T20:00:00,10.676,10.443,17.31,17.99,1.196,1.141,0.4779,0.3926,7.238,5.356,18917.1,21.019,0.9115,378.3,124.9
2026-08-14T21:00:00,10.768,10.442,16.75,17.36,1.160,1.104,0.4505,0.3980,6.347,5.370,18927.5,21.029,0.9121,378.6,124.9
2026-08-14T22:00:00,10.955,10.696,16.59,17.49,1.150,1.098,0.4810,0.4154,6.970,5.165,18938.2,21.048,0.9128,378.8,125.0
2026-08-14T23:00:00,9.696,9.372,15.86,17.15,1.166,1.102,0.4637,0.3943,6.696,5.189,18947.6,21.062,0.9134,379.0,125.1
2026-08-15T00:00:00,10.144,9.884,15.82,16.92,1.166,1.114,0.5098,0.3993,6.098,5.350,18957.5,21.070,0.9145,379.1,125.1
2026-08-15T01:00:00,10.864,10.639,15.91,16.82,1.165,1.104,0.4170,0.3972,6.776,5.343,18968.1,21.085,0.9147,379.4,125.2
2026-08-15T02:00:00,10.086,9.827,15.07,15.61,1.157,1.099,0.4822,0.4110,7.158,5.387,18977.9,21.102,0.9154,379.6,125.3
2026-08-15T03:00:00,9.625,9.413,15.33,16.28,1.144,1.092,0.4996,0.4087,6.987,5.239,18987.4,21.119,0.9163,379.7,125.3
2026-08-15T04:00:00,10.246,10.024,15.22,16.24,1.149,1.091,0.4767,0.4270,6.757,5.200,18997.4,21.134,0.9168,379.9,125.4
2026-08-15T05:00:00,9.943,9.689,15.69,16.34,1.126,1.072,0.5252,0.4019,6.806,5.301,19007.1,21.149,0.9180,380.1,125.4
2026-08-15T06:00:00,9.971,9.765,16.21,17.27,1.134,1.082,0.4717,0.4008,6.747,5.163,19016.8,21.164,0.9186,380.3,125.5
2026-08-15T07:00:00,9.922,9.733,15.95,16.71,1.170,1.112,0.5268,0.3999,7.096,5.216,19026.6,21.183,0.9199,380.5,125.6
2026-08-15T08:00:00,10.878,10.714,16.24,17.21,1.174,1.123,0.4372,0.3980,6.519,5.264,19037.3,21.196,0.9203,380.7,125.6
2026-08-15T09:00:00,10.394,10.056,17.19,17.75,1.179,1.125,0.5140,0.4050,7.102,5.372,19047.3,21.213,0.9214,380.9,125.7
2026-08-15T10:00:00,10.905,10.628,17.55,18.23,1.178,1.125,0.4647,0.4006,6.049,5.011,19058.0,21.224,0.9221,381.2,125.8
2026-08-15T11:00:00,10.946,10.605,17.83,18.96,1.203,1.152,0.4794,0.4084,6.765,5.211,19068.6,21.241,0.9228,381.4,125.9
2026-08-15T12:00:00,11.027,10.666,19.37,20.45,1.198,1.134,0.5164,0.4031,6.950,5.382,19079.2,21.258,0.9240,381.6,125.9
2026-08-15T13:00:00,11.542,10.959,18.45,19.14,1.210,1.157,0.4617,0.3990,6.392,5.223,19090.2,21.270,0.9247,381.8,126.0
2026-08-15T14:00:00,11.451,11.192,19.45,20.30,1.204,1.137,0.4291,0.3970,6.331,5.222,19101.4,21.283,0.9251,382.0,126.1
2026-08-15T15:00:00,11.311,11.046,19.78,21.03,1.233,1.182,0.4530,0.4061,6.128,5.166,19112.4,21.294,0.9256,382.2,126.1
2026-08-15T16:00:00,11.654,11.295,19.24,19.92,1.227,1.168,0.4553,0.3852,6.410,5.038,19123.7,21.309,0.9264,382.5,126.2
2026-08-15T17:00:00,11.468,11.152,19.14,19.79,1.218,1.164,0.4902,0.4073,6.748,5.110,19134.9,21.327,0.9273,382.7,126.3
2026-08-15T18:00:00,11.217,10.890,17.75,18.34,1.202,1.151,0.4543,0.3960,6.972,5.037,19145.8,21.348,0.9280,382.9,126.4
2026-08-15T19:00:00,11.479,11.137,17.69,18.98,1.175,1.110,0.4341,0.3926,6.522,5.244,19156.9,21.363,0.9284,383.1,126.4
2026-08-15T20:00:00,10.666,10.304,17.60,18.40,1.196,1.142,0.5247,0.3950,7.178,5.527,19167.2,21.380,0.9298,383.3,126.5
2026-08-15T21:00:00,10.847,10.462,17.34,18.19,1.194,1.139,0.4847,0.4044,6.254,5.329,19177.7,21.389,0.9306,383.6,126.6
2026-08-15T22:00:00,10.913,10.681,16.04,17.16,1.182,1.119,0.4284,0.3915,5.782,5.435,19188.4,21.393,0.9310,383.8,126.6
2026-08-15T23:00:00,10.871,10.646,15.91,16.51,1.164,1.113,0.5151,0.4028,6.339,5.525,19199.0,21.402,0.9322,384.0,126.7
2026-08-16T00:00:00,10.693,10.417,15.75,16.91,1.150,1.100,0.4351,0.4262,7.155,5.055,19209.4,21.424,0.9323,384.2,126.8
2026-08-16T01:00:00,10.195,9.889,15.01,15.86,1.138,1.082,0.4394,0.3987,6.539,4.990,19219.3,21.439,0.9327,384.4,126.8
2026-08-16T02:00:00,9.927,9.567,15.04,15.70,1.140,1.086,0.4822,0.3906,6.738,5.557,19228.9,21.450,0.9336,384.6,126.9
2026-08-16T03:00:00,10.162,9.907,14.75,15.17,1.158,1.102,0.5065,0.3976,5.765,5.400,19238.8,21.454,0.9346,384.8,127.0
2026-08-16T04:00:00,9.906,9.672,14.62,14.90,1.131,1.060,0.4913,0.3958,7.222,5.325,19248.5,21.472,0.9356,385.0,127.0
2026-08-16T05:00:00,9.331,9.144,14.98,15.02,1.152,1.094,0.4533,0.3799,6.791,5.123,19257.6,21.487,0.9362,385.2,127.1
2026-08-16T06:00:00,10.574,10.370,15.83,17.02,1.127,1.075,0.4589,0.4098,5.869,5.123,19268.0,21.495,0.9367,385.4,127.2
2026-08-16T07:00:00,10.335,9.986,15.70,16.28,1.141,1.090,0.4645,0.3926,6.556,5.238,19278.0,21.508,0.9375,385.6,127.2
2026-08-16T08:00:00,10.248,10.001,16.71,17.42,1.187,1.122,0.4310,0.3944,6.175,5.179,19288.0,21.518,0.9378,385.8,127.3
2026-08-16T09:00:00,10.582,10.360,17.15,17.82,1.156,1.101,0.5020,0.4034,6.407,5.320,19298.3,21.529,0.9388,386.0,127.4
2026-08-16T10:00:00,10.519,10.208,16.83,17.27,1.204,1.152,0.4475,0.4060,6.109,5.086,19308.5,21.540,0.9393,386.2,127.4
2026-08-16T11:00:00,10.850,10.460,18.32,19.05,1.188,1.137,0.3922,0.3900,6.697,5.055,19319.0,21.557,0.9393,386.4,127.5
2026-08-16T12:00:00,11.120,10.898,18.25,19.34,1.203,1.149,0.4267,0.4090,6.788,5.288,19329.9,21.573,0.9395,386.6,127.6
2026-08-16T13:00:00,11.820,11.548,19.18,19.72,1.214,1.160,0.5039,0.3812,6.625,5.156,19341.4,21.590,0.9409,386.8,127.7
2026-08-16T14:00:00,12.026,11.948,18.89,19.53,1.240,1.186,0.4860,0.3927,6.643,5.228,19353.4,21.607,0.9420,387.1,127.7
2026-08-16T15:00:00,11.316,11.181,19.43,20.37,1.222,1.170,0.4759,0.3993,6.774,5.149,19364.6,21.626,0.9429,387.3,127.8
2026-08-16T16:00:00,11.986,11.752,19.11,20.12,1.224,1.157,0.5063,0.3866,6.552,5.120,19376.3,21.642,0.9443,387.5,127.9
2026-08-16T17:00:00,11.472,11.130,18.57,19.34,1.217,1.165,0.4908,0.4085,6.198,5.245,19387.4,21.653,0.9452,387.7,128.0
2026-08-16T18:00:00,12.004,11.633,17.95,18.54,1.206,1.143,0.4912,0.4115,6.566,5.431,19399.1,21.666,0.9461,388.0,128.0
2026-08-16T19:00:00,11.260,10.932,17.91,18.51,1.193,1.141,0.4900,0.4057,6.758,4.938,19410.0,21.686,0.9470,388.2,128.1
2026-08-16T20:00:00,10.784,10.607,16.87,17.75,1.167,1.117,0.5265,0.3771,6.794,5.390,19420.6,21.701,0.9486,388.4,128.2
2026-08-16T21:00:00,10.548,10.422,16.51,17.39,1.182,1.126,0.4675,0.3916,6.288,5.185,19431.0,21.712,0.9494,388.6,128.2
2026-08-16T22:00:00,10.766,10.379,15.92,16.67,1.176,1.109,0.5100,0.4027,6.731,5.170,19441.4,21.729,0.9505,388.8,128.3
2026-08-16T23:00:00,9.402,9.116,15.71,16.55,1.163,1.107,0.5171,0.4130,6.499,5.127,19450.5,21.741,0.9515,389.0,128.4
2026-08-17T00:00:00,10.774,10.487,15.43,16.70,1.167,1.117,0.4857,0.3985,6.329,5.195,19461.0,21.753,0.9524,389.2,128.4
2026-08-17T01:00:00,10.476,10.163,15.56,16.32,1.163,1.110,0.5155,0.3978,6.997,5.125,19471.2,21.772,0.9536,389.4,128.5
2026-08-17T02:00:00,9.948,9.704,14.65,16.12,1.152,1.097,0.4713,0.3980,7.149,5.061,19480.9,21.792,0.9543,389.6,128.6
2026-08-17T03:00:00,9.879,9.591,15.05,15.22,1.124,1.072,0.4412,0.3989,6.446,5.249,19490.5,21.804,0.9547,389.8,128.6
2026-08-17T04:00:00,9.575,9.346,13.94,15.46,1.143,1.091,0.5072,0.3924,7.021,5.076,19499.8,21.822,0.9558,390.0,128.7
2026-08-17T05:00:00,10.143,9.885,15.01,16.07,1.121,1.069,0.4018,0.4013,7.290,5.111,19509.7,21.844,0.9558,390.2,128.8
2026-08-17T06:00:00,11.025,10.738,15.84,16.71,1.145,1.088,0.4235,0.4012,5.983,4.981,19520.4,21.854,0.9560,390.4,128.8
2026-08-17T07:00:00,9.977,9.613,16.42,17.47,1.155,1.104,0.4369,0.3884,7.139,5.112,19530.1,21.874,0.9565,390.6,128.9
2026-08-17T08:00:00,10.835,10.529,17.07,18.03,1.159,1.108,0.4376,0.3942,6.526,5.233,19540.6,21.887,0.9570,390.8,129.0
2026-08-17T09:00:00,10.872,10.582,16.59,17.22,1.195,1.143,0.4450,0.3865,6.530,5.054,19551.2,21.903,0.9576,391.0,129.0
2026-08-17T10:00:00,10.803,10.602,17.84,18.43,1.181,1.129,0.4484,0.3999,7.183,5.523,19561.8,21.921,0.9581,391.2,129.1
2026-08-17T11:00:00,11.734,11.608,18.22,18.93,1.202,1.142,0.4507,0.3852,6.621,5.040,19573.4,21.939,0.9588,391.5,129.2
2026-08-17T12:00:00,11.671,11.385,18.71,20.08,1.194,1.141,0.5073,0.3859,6.997,5.223,19584.8,21.959,0.9602,391.7,129.3
2026-08-17T13:00:00,11.439,11.180,18.64,19.51,1.206,1.149,0.5011,0.3935,6.978,5.201,19595.9,21.979,0.9614,391.9,129.3
2026-08-17T14:00:00,11.663,11.364,18.93,19.95,1.207,1.148,0.4992,0.3987,7.155,5.119,19607.3,22.002,0.9626,392.1,129.4
2026-08-17T15:00:00,11.418,11.153,17.62,18.29,1.226,1.168,0.4832,0.4017,6.333,5.170,19618.5,22.015,0.9635,392.4,129.5
2026-08-17T16:00:00,11.435,11.061,18.73,19.89,1.241,1.174,0.4667,0.3806,6.262,5.126,19629.5,22.028,0.9644,392.6,129.6
2026-08-17T17:00:00,11.029,10.752,18.57,19.17,1.223,1.169,0.5038,0.3995,6.100,5.166,19640.3,22.038,0.9656,392.8,129.6
2026-08-17T18:00:00,11.538,11.175,18.43,19.29,1.220,1.165,0.4632,0.3907,6.884,5.280,19651.4,22.056,0.9664,393.0,129.7
2026-08-17T19:00:00,11.331,11.063,18.59,19.49,1.174,1.104,0.5204,0.3826,6.627,5.087,19662.5,22.073,0.9679,393.3,129.8
2026-08-17T20:00:00,11.034,10.524,17.84,18.83,1.172,1.101,0.4790,0.3952,6.688,5.101,19673.0,22.089,0.9688,393.5,129.8
2026-08-17T21:00:00,10.770,10.441,16.48,17.12,1.174,1.118,0.4620,0.3835,6.872,5.131,19683.5,22.108,0.9696,393.7,129.9
2026-08-17T22:00:00,10.324,10.047,15.96,16.91,1.176,1.120,0.4800,0.4078,7.301,5.349,19693.5,22.127,0.9703,393.9,130.0
2026-08-17T23:00:00,10.326,10.020,15.89,16.89,1.172,1.112,0.4691,0.3960,6.357,4.973,19703.5,22.141,0.9710,394.1,130.0
2026-08-18T00:00:00,10.755,10.549,14.96,15.44,1.160,1.109,0.4537,0.3814,6.767,5.263,19714.1,22.157,0.9718,394.3,130.1
2026-08-18T01:00:00,9.339,9.141,14.31,15.04,1.139,1.086,0.4554,0.3940,6.843,5.460,19723.2,22.170,0.9724,394.5,130.2
2026-08-18T02:00:00,9.916,9.644,14.32,15.04,1.131,1.080,0.4815,0.4017,6.993,5.155,19732.9,22.187,0.9731,394.7,130.2
2026-08-18T03:00:00,10.119,9.935,14.18,14.55,1.162,1.107,0.4398,0.4002,6.471,5.295,19742.8,22.199,0.9735,394.9,130.3
2026-08-18T04:00:00,9.866,9.782,15.22,15.82,1.160,1.107,0.4830,0.3806,7.025,4.908,19752.6,22.220,0.9745,395.1,130.4
2026-08-18T05:00:00,9.711,9.499,15.19,16.18,1.143,1.088,0.4677,0.3967,6.449,5.425,19762.1,22.229,0.9752,395.2,130.4
2026-08-18T06:00:00,10.776,10.578,15.35,16.21,1.128,1.070,0.4461,0.3954,6.359,4.841,19772.7,22.245,0.9757,395.5,130.5
2026-08-18T07:00:00,10.112,9.898,16.46,17.06,1.171,1.120,0.4875,0.3947,6.971,5.311,19782.6,22.262,0.9767,395.7,130.6
2026-08-18T08:00:00,10.460,10.237,15.97,16.31,1.170,1.106,0.4331,0.3924,6.739,5.153,19792.8,22.278,0.9771,395.9,130.6
2026-08-18T09:00:00,11.217,10.916,17.18,17.85,1.188,1.129,0.4577,0.4065,6.558,5.250,19803.7,22.292,0.9776,396.1,130.7
2026-08-18T10:00:00,10.497,10.172,16.95,17.66,1.180,1.124,0.4292,0.3947,6.132,5.054,19813.9,22.303,0.9780,396.3,130.8
2026-08-18T11:00:00,10.771,10.481,17.51,18.42,1.200,1.150,0.4622,0.3848,7.214,5.215,19824.4,22.324,0.9788,396.5,130.8
2026-08-18T12:00:00,10.633,10.360,17.89,19.02,1.189,1.132,0.4773,0.3868,7.088,4.904,19834.7,22.347,0.9797,396.7,130.9
2026-08-18T13:00:00,11.085,10.807,19.17,19.99,1.205,1.152,0.4759,0.3893,6.124,5.207,19845.5,22.357,0.9807,396.9,131.0
2026-08-18T14:00:00,11.211,11.096,18.82,20.18,1.214,1.157,0.4938,0.4014,6.816,5.079,19856.6,22.376,0.9817,397.1,131.1
2026-08-18T15:00:00,11.025,10.714,18.68,19.59,1.220,1.160,0.4661,0.3925,5.962,5.225,19867.3,22.384,0.9825,397.3,131.1
2026-08-18T16:00:00,11.283,11.021,19.47,20.78,1.191,1.135,0.4899,0.4060,6.285,5.140,19878.4,22.397,0.9834,397.6,131.2
2026-08-18T17:00:00,11.400,11.199,18.81,19.58,1.229,1.177,0.4886,0.4093,6.345,5.061,19889.6,22.411,0.9843,397.8,131.3
2026-08-18T18:00:00,11.435,11.050,17.59,18.25,1.223,1.161,0.4653,0.3892,6.179,5.202,19900.6,22.422,0.9851,398.0,131.3
2026-08-18T19:00:00,10.804,10.383,17.72,18.53,1.190,1.132,0.4664,0.3961,6.816,5.090,19911.0,22.440,0.9859,398.2,131.4
2026-08-18T20:00:00,10.967,10.531,17.45,18.08,1.185,1.120,0.4912,0.3828,6.262,5.028,19921.5,22.453,0.9870,398.4,131.5
2026-08-18T21:00:00,10.646,10.431,16.86,17.36,1.184,1.127,0.4247,0.3911,6.790,4.943,19932.0,22.472,0.9874,398.6,131.6
2026-08-18T22:00:00,10.325,10.252,16.19,16.70,1.146,1.087,0.5035,0.4115,6.912,5.046,19942.2,22.491,0.9883,398.8,131.6
2026-08-18T23:00:00,10.467,10.259,16.63,17.33,1.155,1.101,0.4529,0.3909,6.581,4.969,19952.5,22.508,0.9889,399.0,131.7
2026-08-19T00:00:00,9.815,9.575,15.53,16.68,1.136,1.083,0.4632,0.4034,6.882,5.118,19962.0,22.525,0.9895,399.2,131.7
2026-08-19T01:00:00,9.765,9.531,15.36,16.17,1.153,1.096,0.4760,0.4002,6.780,4.982,19971.6,22.542,0.9902,399.4,131.8
2026-08-19T02:00:00,10.139,9.919,14.32,15.08,1.144,1.084,0.4535,0.4046,7.486,4.963,19981.5,22.567,0.9907,399.6,131.9
2026-08-19T03:00:00,10.074,9.730,15.63,16.53,1.133,1.074,0.4959,0.3940,6.686,5.010,19991.2,22.583,0.9917,399.8,131.9
2026-08-19T04:00:00,9.912,9.700,13.90,15.01,1.168,1.116,0.4122,0.3846,6.718,4.972,20000.9,22.600,0.9920,400.0,132.0
2026-08-19T05:00:00,10.244,9.896,14.39,15.34,1.129,1.078,0.4572,0.3899,6.329,5.105,20010.8,22.612,0.9926,400.2,132.1
2026-08-19T06:00:00,10.354,10.111,15.14,15.78,1.145,1.085,0.5073,0.3844,6.160,5.194,20020.9,22.622,0.9939,400.4,132.1
2026-08-19T07:00:00,9.680,9.447,15.94,16.92,1.148,1.097,0.4619,0.3951,6.743,5.179,20030.4,22.637,0.9945,400.6,132.2
2026-08-19T08:00:00,11.468,11.206,16.11,17.17,1.180,1.130,0.5072,0.4131,6.347,5.299,20041.6,22.648,0.9956,400.8,132.3
2026-08-19T09:00:00,10.435,10.254,16.59,16.40,1.184,1.131,0.5024,0.4040,6.810,5.142,20051.8,22.665,0.9966,401.0,132.3
2026-08-19T10:00:00,10.976,10.736,16.77,18.14,1.178,1.126,0.4509,0.4046,6.920,5.212,20062.6,22.684,0.9971,401.3,132.4
2026-08-19T11:00:00,11.148,10.744,18.35,18.94,1.188,1.131,0.4604,0.4066,6.633,4.955,20073.3,22.702,0.9977,401.5,132.5
2026-08-19T12:00:00,11.186,10.768,18.33,19.49,1.204,1.154,0.4264,0.3946,6.314,5.111,20084.1,22.715,0.9980,401.7,132.6
2026-08-19T13:00:00,11.025,10.687,18.72,19.53,1.205,1.153,0.4274,0.3988,6.726,5.276,20094.8,22.730,0.9983,401.9,132.6
2026-08-19T14:00:00,11.338,11.172,18.77,20.22,1.217,1.157,0.4364,0.4028,7.333,5.132,20105.9,22.755,0.9987,402.1,132.7
2026-08-19T15:00:00,11.657,11.510,19.22,19.91,1.244,1.182,0.4559,0.3977,6.399,4.826,20117.5,22.773,0.9994,402.3,132.8
2026-08-19T16:00:00,11.352,11.085,19.11,20.30,1.232,1.181,0.4946,0.4022,6.275,5.146,20128.5,22.785,1.0004,402.6,132.8
2026-08-19T17:00:00,11.297,11.139,18.56,19.15,1.226,1.174,0.4352,0.3960,7.072,5.214,20139.7,22.806,1.0008,402.8,132.9
2026-08-19T18:00:00,11.275,10.957,18.59,19.60,1.208,1.144,0.4853,0.3918,7.241,5.480,20150.6,22.825,1.0018,403.0,133.0
2026-08-19T19:00:00,11.100,10.789,17.53,18.60,1.203,1.142,0.4540,0.4020,6.837,5.175,20161.4,22.843,1.0024,403.2,133.1
2026-08-19T20:00:00,11.369,11.107,17.16,17.72,1.187,1.129,0.4437,0.3813,6.552,5.173,20172.5,22.859,1.0031,403.5,133.1
2026-08-19T21:00:00,11.235,10.893,17.07,18.07,1.155,1.099,0.4635,0.3926,5.981,5.302,20183.4,22.866,1.0039,403.7,133.2
2026-08-19T22:00:00,10.700,10.550,16.26,17.06,1.178,1.128,0.4518,0.4090,6.501,5.148,20194.0,22.880,1.0043,403.9,133.3
2026-08-19T23:00:00,10.268,10.025,16.13,16.59,1.161,1.105,0.4941,0.3849,6.194,5.135,20204.0,22.891,1.0054,404.1,133.3
2026-08-20T00:00:00,10.233,10.005,14.90,15.76,1.174,1.122,0.4731,0.3990,6.814,5.104,20214.0,22.908,1.0062,404.3,133.4
2026-08-20T01:00:00,9.592,9.332,14.47,15.66,1.143,1.091,0.4986,0.4006,6.132,5.414,20223.3,22.915,1.0071,404.5,133.5
2026-08-20T02:00:00,10.426,10.106,14.95,15.72,1.125,1.074,0.4947,0.4000,6.664,5.158,20233.4,22.930,1.0080,404.7,133.5
2026-08-20T03:00:00,9.872,9.604,15.00,15.53,1.123,1.072,0.4301,0.3944,6.665,5.319,20243.0,22.943,1.0084,404.9,133.6
2026-08-20T04:00:00,10.381,10.139,14.54,15.06,1.164,1.102,0.4596,0.3890,6.215,5.188,20253.2,22.953,1.0091,405.1,133.7
2026-08-20T05:00:00,9.512,9.439,15.09,15.94,1.132,1.081,0.5065,0.3956,6.584,5.299,20262.6,22.965,1.0101,405.3,133.7
2026-08-20T06:00:00,10.347,10.015,15.76,16.41,1.130,1.079,0.4465,0.3944,6.548,5.353,20272.6,22.977,1.0107,405.5,133.8
2026-08-20T07:00:00,10.770,10.430,15.56,16.62,1.156,1.096,0.4855,0.3916,6.386,4.940,20283.1,22.993,1.0116,405.7,133.9
2026-08-20T08:00:00,10.243,10.042,15.77,16.49,1.194,1.139,0.4668,0.3805,7.001,5.198,20293.1,23.011,1.0125,405.9,133.9
2026-08-20T09:00:00,10.479,10.193,16.76,17.74,1.194,1.140,0.4637,0.3951,6.379,4.892,20303.3,23.026,1.0132,406.1,134.0
2026-08-20T10:00:00,10.968,10.727,17.33,18.54,1.198,1.140,0.4685,0.3976,6.657,5.197,20314.0,23.041,1.0140,406.3,134.1
2026-08-20T11:00:00,11.342,10.953,17.82,18.63,1.224,1.166,0.4768,0.3941,6.519,5.362,20325.0,23.054,1.0149,406.5,134.1
2026-08-20T12:00:00,11.613,11.261,18.08,18.68,1.214,1.160,0.4781,0.3974,6.556,5.257,20336.2,23.069,1.0158,406.7,134.2
2026-08-20T13:00:00,11.368,11.025,18.52,19.40,1.250,1.194,0.3933,0.3965,7.204,5.011,20347.3,23.093,1.0158,406.9,134.3
2026-08-20T14:00:00,11.585,11.314,18.65,19.35,1.198,1.148,0.4958,0.3927,6.563,5.298,20358.6,23.107,1.0169,407.2,134.4
2026-08-20T15:00:00,12.156,12.065,18.90,19.90,1.198,1.141,0.4250,0.3869,6.906,5.208,20370.7,23.128,1.0174,407.4,134.4
2026-08-20T16:00:00,11.335,11.032,18.44,19.34,1.218,1.166,0.4226,0.4109,6.475,5.011,20381.7,23.144,1.0175,407.6,134.5
2026-08-20T17:00:00,11.855,11.578,18.45,19.18,1.226,1.175,0.4512,0.3806,7.173,5.036,20393.3,23.169,1.0183,407.9,134.6
2026-08-20T18:00:00,11.434,11.140,17.53,18.23,1.214,1.150,0.4280,0.3916,6.477,5.356,20404.4,23.181,1.0187,408.1,134.7
2026-08-20T19:00:00,11.103,10.746,16.83,18.05,1.191,1.141,0.4693,0.4129,6.571,5.127,20415.1,23.197,1.0194,408.3,134.7
2026-08-20T20:00:00,11.093,10.867,16.57,17.26,1.186,1.121,0.4556,0.3911,6.608,4.853,20426.0,23.216,1.0201,408.5,134.8
2026-08-20T21:00:00,11.013,10.694,16.60,17.61,1.162,1.108,0.4760,0.3918,6.283,5.159,20436.7,23.228,1.0210,408.7,134.9
2026-08-20T22:00:00,10.730,10.479,16.45,17.31,1.140,1.078,0.4971,0.3770,6.685,5.065,20447.2,23.245,1.0222,408.9,135.0
2026-08-20T23:00:00,10.523,10.342,15.62,16.58,1.161,1.109,0.4908,0.3960,6.249,5.146,20457.5,23.256,1.0232,409.2,135.0
2026-08-21T00:00:00,10.876,10.628,15.25,15.71,1.149,1.097,0.4729,0.3900,6.191,4.977,20468.2,23.269,1.0241,409.4,135.1
2026-08-21T01:00:00,10.110,9.694,15.29,16.34,1.145,1.094,0.4555,0.3956,6.657,4.889,20477.9,23.286,1.0247,409.6,135.2
2026-08-21T02:00:00,9.781,9.554,14.59,15.13,1.140,1.085,0.4753,0.3772,5.678,5.106,20487.4,23.292,1.0256,409.7,135.2
2026-08-21T03:00:00,10.864,10.602,15.02,15.82,1.156,1.104,0.4519,0.3897,6.771,5.250,20498.0,23.308,1.0263,410.0,135.3
2026-08-21T04:00:00,10.247,9.924,14.24,14.90,1.137,1.066,0.4673,0.4030,6.166,5.327,20507.9,23.316,1.0269,410.2,135.4
2026-08-21T05:00:00,9.962,9.626,15.25,15.36,1.158,1.103,0.4372,0.3856,6.822,5.333,20517.6,23.330,1.0274,410.4,135.4
2026-08-21T06:00:00,10.536,10.258,16.01,17.07,1.153,1.090,0.5083,0.3925,7.012,5.200,20527.8,23.349,1.0286,410.6,135.5
2026-08-21T07:00:00,9.940,9.661,15.16,16.08,1.160,1.102,0.4617,0.4067,7.038,5.235,20537.5,23.366,1.0291,410.7,135.5
2026-08-21T08:00:00,10.669,10.491,15.98,16.98,1.172,1.108,0.4895,0.3881,6.742,4.934,20548.0,23.385,1.0302,411.0,135.6
2026-08-21T09:00:00,10.159,9.908,16.18,17.09,1.155,1.102,0.4852,0.3919,6.898,5.074,20557.9,23.403,1.0311,411.2,135.7
2026-08-21T10:00:00,10.990,10.753,17.00,18.07,1.222,1.168,0.4813,0.3888,6.642,5.230,20568.6,23.419,1.0321,411.4,135.8
2026-08-21T11:00:00,11.158,10.812,16.78,17.56,1.190,1.138,0.4834,0.3956,6.758,5.166,20579.4,23.436,1.0330,411.6,135.8
2026-08-21T12:00:00,11.018,10.903,18.87,19.97,1.189,1.136,0.4347,0.3965,7.164,5.143,20590.3,23.458,1.0335,411.8,135.9
2026-08-21T13:00:00,11.347,11.052,18.99,19.78,1.214,1.159,0.5335,0.3848,6.360,4.995,20601.4,23.473,1.0351,412.0,136.0
2026-08-21T14:00:00,11.313,11.085,18.33,19.07,1.202,1.152,0.4598,0.3921,6.324,5.350,20612.5,23.484,1.0358,412.2,136.0
2026-08-21T15:00:00,12.191,11.872,19.22,20.00,1.235,1.180,0.4687,0.4022,6.058,5.387,20624.4,23.492,1.0366,412.5,136.1
2026-08-21T16:00:00,11.286,11.060,18.60,19.77,1.206,1.156,0.4422,0.4016,6.427,5.233,20635.4,23.505,1.0371,412.7,136.2
2026-08-21T17:00:00,10.729,10.529,18.43,18.43,1.226,1.173,0.4776,0.3778,6.882,5.126,20645.9,23.523,1.0381,412.9,136.3
2026-08-21T18:00:00,11.518,11.297,18.57,19.81,1.205,1.153,0.4480,0.4039,6.262,5.200,20657.2,23.535,1.0386,413.1,136.3
2026-08-21T19:00:00,11.448,11.172,17.49,18.23,1.229,1.174,0.4872,0.3973,6.591,5.141,20668.4,23.552,1.0396,413.4,136.4
2026-08-21T20:00:00,10.258,9.977,17.88,18.98,1.165,1.110,0.5039,0.3848,6.467,5.177,20678.4,23.564,1.0408,413.6,136.5
2026-08-21T21:00:00,10.562,10.268,16.91,17.85,1.184,1.133,0.4961,0.3943,6.552,5.172,20688.7,23.579,1.0419,413.8,136.5
2026-08-21T22:00:00,11.127,10.722,16.20,17.10,1.153,1.103,0.5508,0.4000,7.217,5.138,20699.4,23.601,1.0435,414.0,136.6
2026-08-21T23:00:00,10.855,10.558,15.77,16.96,1.164,1.108,0.4683,0.3898,6.288,5.019,20709.9,23.614,1.0443,414.2,136.7
2026-08-22T00:00:00,9.436,9.225,15.54,15.99,1.157,1.095,0.4744,0.3917,6.057,4.985,20719.2,23.624,1.0451,414.4,136.7
2026-08-22T01:00:00,10.345,10.044,15.14,16.10,1.158,1.106,0.4517,0.3932,7.325,5.214,20729.2,23.645,1.0457,414.6,136.8
2026-08-22T02:00:00,10.367,10.261,15.05,16.32,1.155,1.097,0.4991,0.3804,6.445,5.181,20739.5,23.658,1.0469,414.8,136.9
2026-08-22T03:00:00,10.586,10.381,14.78,15.46,1.117,1.050,0.4163,0.3937,6.412,5.012,20749.9,23.673,1.0471,415.0,136.9
2026-08-22T04:00:00,10.465,10.140,14.96,15.69,1.169,1.117,0.4516,0.3808,6.309,5.247,20760.0,23.684,1.0478,415.2,137.0
2026-08-22T05:00:00,9.471,9.197,15.44,15.91,1.165,1.114,0.4638,0.4153,7.113,5.078,20769.2,23.702,1.0483,415.4,137.1
2026-08-22T06:00:00,10.578,10.207,14.94,15.56,1.147,1.091,0.4877,0.3953,6.670,5.215,20779.4,23.717,1.0492,415.6,137.1
2026-08-22T07:00:00,9.681,9.315,16.10,17.00,1.164,1.109,0.4268,0.3928,6.717,5.074,20788.7,23.733,1.0495,415.8,137.2
2026-08-22T08:00:00,10.933,10.675,16.01,17.20,1.183,1.131,0.4853,0.3892,5.785,4.905,20799.4,23.742,1.0506,416.0,137.3
2026-08-22T09:00:00,11.034,10.776,16.50,17.55,1.161,1.105,0.4485,0.4110,6.631,4.994,20810.2,23.760,1.0510,416.2,137.3
2026-08-22T10:00:00,11.013,10.737,17.98,19.12,1.176,1.114,0.4801,0.3967,6.415,5.172,20820.9,23.773,1.0519,416.4,137.4
2026-08-22T11:00:00,10.693,10.357,16.99,17.65,1.193,1.143,0.5376,0.3840,6.200,4.825,20831.3,23.787,1.0535,416.6,137.5
2026-08-22T12:00:00,10.972,10.723,17.71,18.52,1.205,1.148,0.4559,0.3901,7.135,4.892,20842.0,23.811,1.0542,416.8,137.6
2026-08-22T13:00:00,12.421,12.023,19.15,20.14,1.218,1.156,0.4721,0.3989,5.537,5.156,20854.0,23.816,1.0551,417.1,137.6
2026-08-22T14:00:00,11.760,11.326,18.23,19.26,1.218,1.162,0.4901,0.4071,6.136,5.041,20865.3,23.828,1.0560,417.3,137.7
2026-08-22T15:00:00,11.172,10.864,19.00,19.81,1.212,1.157,0.4782,0.3901,6.662,4.856,20876.2,23.848,1.0569,417.5,137.8
2026-08-22T16:00:00,11.472,11.162,18.92,19.45,1.235,1.176,0.4751,0.3980,6.628,5.087,20887.4,23.865,1.0578,417.7,137.9
2026-08-22T17:00:00,11.313,10.864,17.78,18.75,1.224,1.159,0.4618,0.3817,6.445,5.067,20898.2,23.880,1.0587,418.0,137.9
2026-08-22T18:00:00,10.598,10.457,18.50,19.25,1.197,1.138,0.4893,0.4139,6.914,5.273,20908.7,23.897,1.0595,418.2,138.0
2026-08-22T19:00:00,10.897,10.666,17.80,18.99,1.217,1.159,0.4622,0.3957,6.472,5.117,20919.3,23.912,1.0602,418.4,138.1
2026-08-22T20:00:00,11.461,11.022,18.03,18.65,1.191,1.135,0.4519,0.3893,7.346,4.875,20930.4,23.939,1.0609,418.6,138.1
2026-08-22T21:00:00,10.842,10.469,17.71,18.19,1.185,1.132,0.5240,0.3876,6.200,5.133,20940.8,23.950,1.0623,418.8,138.2
2026-08-22T22:00:00,10.489,10.304,16.32,17.05,1.164,1.110,0.4488,0.3929,6.265,5.291,20951.1,23.960,1.0629,419.0,138.3
2026-08-22T23:00:00,9.816,9.552,16.43,17.65,1.158,1.105,0.5006,0.3910,6.901,5.021,20960.7,23.978,1.0639,419.2,138.3
2026-08-23T00:00:00,10.270,10.012,14.81,15.54,1.159,1.107,0.3982,0.3999,6.836,5.090,20970.7,23.996,1.0639,419.4,138.4
2026-08-23T01:00:00,10.031,9.743,15.67,16.69,1.140,1.088,0.5263,0.3981,6.469,5.159,20980.4,24.008,1.0652,419.6,138.5
2026-08-23T02:00:00,9.987,9.734,15.41,15.89,1.133,1.081,0.3831,0.3901,6.917,4.890,20990.2,24.028,1.0652,419.8,138.5
2026-08-23T03:00:00,10.329,10.171,14.66,15.77,1.124,1.072,0.4791,0.4040,6.452,4.938,21000.3,24.043,1.0659,420.0,138.6
2026-08-23T04:00:00,9.784,9.626,14.27,15.09,1.146,1.077,0.4802,0.3942,6.540,5.151,21010.0,24.057,1.0668,420.2,138.7
2026-08-23T05:00:00,10.752,10.514,14.45,15.25,1.119,1.065,0.4709,0.3788,6.796,5.032,21020.5,24.075,1.0677,420.4,138.7
2026-08-23T06:00:00,10.443,10.143,14.23,15.03,1.122,1.057,0.4810,0.3889,6.134,5.029,21030.6,24.087,1.0687,420.6,138.8
2026-08-23T07:00:00,10.486,10.097,15.72,16.54,1.145,1.088,0.5476,0.3918,6.043,4.880,21040.7,24.098,1.0702,420.8,138.9
2026-08-23T08:00:00,10.267,10.141,16.09,16.51,1.169,1.114,0.5188,0.3817,6.408,5.012,21050.9,24.112,1.0716,421.0,138.9
2026-08-23T09:00:00,10.658,10.499,17.24,18.13,1.196,1.145,0.4816,0.3981,6.695,5.008,21061.4,24.130,1.0725,421.2,139.0
2026-08-23T10:00:00,11.241,10.957,17.72,18.51,1.187,1.134,0.4583,0.4149,6.115,5.044,21072.3,24.142,1.0730,421.4,139.1
2026-08-23T11:00:00,11.197,10.918,18.03,18.43,1.173,1.123,0.5058,0.3914,6.670,5.185,21083.2,24.158,1.0742,421.7,139.1
2026-08-23T12:00:00,11.045,10.665,17.49,18.36,1.207,1.157,0.5141,0.3977,6.530,4.905,21093.9,24.175,1.0755,421.9,139.2
2026-08-23T13:00:00,10.753,10.540,17.82,18.36,1.217,1.165,0.4424,0.3860,6.935,4.792,21104.4,24.198,1.0761,422.1,139.3
2026-08-23T14:00:00,11.149,10.815,18.41,19.28,1.219,1.165,0.4499,0.4035,6.663,5.127,21115.3,24.215,1.0766,422.3,139.4
2026-08-23T15:00:00,11.794,11.502,18.48,19.29,1.214,1.162,0.4884,0.3837,6.562,5.302,21126.8,24.229,1.0778,422.5,139.4
2026-08-23T16:00:00,11.636,11.258,18.08,18.94,1.219,1.163,0.4382,0.3797,6.604,5.159,21138.0,24.245,1.0784,422.8,139.5
2026-08-23T17:00:00,11.244,11.027,18.56,19.37,1.206,1.134,0.5136,0.4104,6.902,4.975,21149.0,24.267,1.0796,423.0,139.6
2026-08-23T18:00:00,10.873,10.612,18.50,19.43,1.193,1.141,0.4446,0.3903,6.958,5.135,21159.7,24.286,1.0801,423.2,139.7
2026-08-23T19:00:00,11.317,11.159,17.82,19.13,1.213,1.152,0.4351,0.3890,7.022,4.974,21170.8,24.309,1.0807,423.4,139.7
2026-08-23T20:00:00,10.671,10.411,16.73,17.44,1.180,1.127,0.4426,0.4064,6.427,5.271,21181.2,24.321,1.0810,423.6,139.8
2026-08-23T21:00:00,11.104,10.831,16.06,16.80,1.163,1.102,0.5003,0.3938,7.146,5.038,21192.1,24.344,1.0822,423.8,139.9
2026-08-23T22:00:00,10.672,10.421,15.90,16.57,1.202,1.149,0.4621,0.3838,6.435,5.122,21202.5,24.357,1.0830,424.0,139.9
2026-08-23T23:00:00,10.876,10.742,16.32,17.29,1.173,1.121,0.4455,0.3882,7.086,5.132,21213.2,24.378,1.0836,424.3,140.0
2026-08-24T00:00:00,9.701,9.485,15.00,15.73,1.143,1.087,0.4583,0.4003,6.519,5.138,21222.7,24.391,1.0842,424.5,140.1
2026-08-24T01:00:00,10.608,10.442,14.49,15.31,1.131,1.073,0.4687,0.3915,6.275,5.125,21233.2,24.403,1.0850,424.7,140.1
2026-08-24T02:00:00,10.438,10.060,14.93,15.61,1.168,1.117,0.4545,0.3891,6.822,4.925,21243.2,24.422,1.0856,424.9,140.2
2026-08-24T03:00:00,10.210,10.060,13.93,14.67,1.158,1.100,0.4476,0.4050,6.358,4.894,21253.3,24.437,1.0861,425.1,140.3
2026-08-24T04:00:00,10.294,9.966,14.73,15.62,1.160,1.108,0.3925,0.4070,7.319,4.945,21263.2,24.461,1.0861,425.3,140.3
2026-08-24T05:00:00,10.521,10.297,15.44,16.82,1.137,1.087,0.4709,0.4045,5.909,4.776,21273.5,24.473,1.0867,425.5,140.4
2026-08-24T06:00:00,9.944,9.731,15.12,16.23,1.129,1.072,0.4319,0.3932,6.044,4.976,21283.3,24.483,1.0871,425.7,140.5
2026-08-24T07:00:00,9.992,9.773,16.66,17.33,1.151,1.097,0.4658,0.3811,6.546,5.183,21293.0,24.496,1.0879,425.9,140.5
2026-08-24T08:00:00,10.537,10.227,15.34,15.82,1.163,1.104,0.4509,0.3947,5.963,4.938,21303.3,24.507,1.0885,426.1,140.6
2026-08-24T09:00:00,10.360,10.074,16.54,17.17,1.153,1.099,0.4941,0.4072,7.107,5.082,21313.3,24.527,1.0894,426.3,140.7
2026-08-24T10:00:00,10.963,10.747,17.26,18.44,1.171,1.115,0.5142,0.3939,7.034,4.911,21324.1,24.550,1.0907,426.5,140.7
2026-08-24T11:00:00,11.415,11.176,17.42,18.23,1.207,1.149,0.4476,0.3887,6.618,5.024,21335.3,24.568,1.0913,426.7,140.8
2026-08-24T12:00:00,11.417,11.212,17.73,18.70,1.206,1.153,0.4550,0.3908,6.429,4.984,21346.5,24.584,1.0921,426.9,140.9
2026-08-24T13:00:00,11.392,10.966,17.91,18.50,1.209,1.154,0.4807,0.3906,7.196,5.191,21357.4,24.606,1.0931,427.1,141.0
2026-08-24T14:00:00,11.041,10.892,18.09,18.70,1.218,1.167,0.4890,0.4052,6.250,4.881,21368.3,24.621,1.0940,427.4,141.0
2026-08-24T15:00:00,11.447,11.167,18.93,19.91,1.206,1.151,0.4291,0.3924,7.420,5.215,21379.5,24.646,1.0944,427.6,141.1
2026-08-24T16:00:00,11.561,11.231,18.41,19.20,1.258,1.196,0.4813,0.3919,5.964,5.084,21390.7,24.655,1.0954,427.8,141.2
2026-08-24T17:00:00,11.900,11.581,18.80,19.47,1.216,1.160,0.4799,0.3776,6.422,5.126,21402.3,24.670,1.0966,428.0,141.3
2026-08-24T18:00:00,10.571,10.231,18.63,19.25,1.196,1.135,0.4626,0.3716,6.665,5.143,21412.5,24.686,1.0975,428.3,141.3
2026-08-24T19:00:00,11.740,11.517,17.47,18.45,1.197,1.140,0.4402,0.3960,6.478,4.977,21424.1,24.703,1.0980,428.5,141.4
2026-08-24T20:00:00,10.802,10.500,15.94,17.15,1.192,1.133,0.4258,0.3968,7.179,5.111,21434.6,24.725,1.0983,428.7,141.5
2026-08-24T21:00:00,11.096,10.699,17.21,17.67,1.144,1.092,0.5029,0.3729,6.909,5.111,21445.3,24.744,1.0997,428.9,141.5
2026-08-24T22:00:00,10.345,10.103,15.33,16.34,1.185,1.128,0.5161,0.3912,6.682,5.158,21455.4,24.760,1.1010,429.1,141.6
2026-08-24T23:00:00,10.205,10.037,14.86,15.37,1.154,1.083,0.4417,0.3951,6.694,5.088,21465.4,24.776,1.1014,429.3,141.7
2026-08-25T00:00:00,9.940,9.714,15.15,15.80,1.133,1.076,0.4706,0.3886,6.396,4.838,21475.1,24.791,1.1022,429.5,141.7
2026-08-25T01:00:00,10.288,10.231,14.43,15.65,1.128,1.069,0.4653,0.3898,6.828,4.831,21485.3,24.811,1.1030,429.7,141.8
2026-08-25T02:00:00,10.082,9.873,14.32,15.03,1.140,1.072,0.4498,0.3936,6.613,4.918,21495.2,24.828,1.1036,429.9,141.9
2026-08-25T03:00:00,9.888,9.515,15.02,15.80,1.132,1.082,0.5234,0.3820,6.751,5.201,21504.7,24.843,1.1049,430.1,141.9
2026-08-25T04:00:00,10.611,10.436,14.32,15.20,1.129,1.069,0.4685,0.3986,6.481,4.863,21515.2,24.860,1.1056,430.3,142.0
2026-08-25T05:00:00,9.892,9.664,14.53,15.65,1.177,1.123,0.4771,0.3885,6.523,4.943,21524.8,24.875,1.1065,430.5,142.1
2026-08-25T06:00:00,10.602,10.453,14.76,15.61,1.147,1.093,0.4349,0.3967,6.886,4.946,21535.3,24.895,1.1069,430.7,142.1
2026-08-25T07:00:00,10.708,10.378,15.52,16.11,1.178,1.124,0.4598,0.4007,6.413,4.924,21545.7,24.911,1.1075,430.9,142.2
2026-08-25T08:00:00,10.443,10.205,15.99,16.99,1.160,1.108,0.4902,0.3863,6.545,5.086,21555.9,24.926,1.1086,431.1,142.3
2026-08-25T09:00:00,10.607,10.435,16.47,17.27,1.187,1.120,0.4641,0.3765,6.875,4.851,21566.3,24.947,1.1095,431.3,142.3
2026-08-25T10:00:00,10.765,10.623,17.01,17.66,1.166,1.100,0.5051,0.4034,6.464,4.747,21576.9,24.965,1.1106,431.5,142.4
2026-08-25T11:00:00,10.987,10.679,16.45,17.40,1.220,1.167,0.4801,0.3948,6.304,5.018,21587.6,24.979,1.1115,431.8,142.5
2026-08-25T12:00:00,11.355,11.070,18.00,18.78,1.173,1.122,0.5038,0.3912,6.283,5.026,21598.7,24.993,1.1127,432.0,142.6
2026-08-25T13:00:00,11.812,11.577,18.36,19.08,1.209,1.155,0.4561,0.3879,6.886,4.975,21610.3,25.015,1.1135,432.2,142.6
2026-08-25T14:00:00,11.394,11.144,18.91,19.90,1.230,1.173,0.4678,0.3963,6.255,5.124,21621.4,25.027,1.1143,432.4,142.7
2026-08-25T15:00:00,11.285,11.074,18.75,19.31,1.203,1.148,0.4621,0.3855,6.494,4.980,21632.5,25.044,1.1151,432.6,142.8
2026-08-25T16:00:00,11.413,11.086,18.26,19.01,1.226,1.173,0.4987,0.3874,6.944,5.130,21643.6,25.064,1.1164,432.9,142.8
2026-08-25T17:00:00,10.878,10.498,18.06,18.61,1.216,1.162,0.5021,0.4015,6.886,5.007,21654.1,25.084,1.1174,433.1,142.9
2026-08-25T18:00:00,11.231,11.127,17.94,18.81,1.218,1.161,0.4594,0.3945,5.908,4.966,21665.2,25.094,1.1182,433.3,143.0
2026-08-25T19:00:00,11.360,11.163,17.83,19.08,1.216,1.165,0.5003,0.3869,7.318,5.184,21676.3,25.118,1.1194,433.5,143.1
2026-08-25T20:00:00,10.520,10.292,16.58,17.57,1.211,1.156,0.4380,0.4042,6.254,5.364,21686.6,25.127,1.1198,433.7,143.1
2026-08-25T21:00:00,10.927,10.658,16.14,16.49,1.187,1.133,0.4676,0.3994,6.112,4.969,21697.3,25.140,1.1205,433.9,143.2
2026-08-25T22:00:00,10.989,10.631,15.70,16.69,1.169,1.110,0.4576,0.3823,7.176,5.141,21707.9,25.161,1.1213,434.2,143.3
2026-08-25T23:00:00,10.833,10.640,15.25,16.03,1.159,1.103,0.4348,0.3952,7.274,4.957,21718.6,25.186,1.1217,434.4,143.3
2026-08-26T00:00:00,9.550,9.161,15.20,15.94,1.156,1.104,0.4446,0.4096,6.926,5.049,21727.7,25.203,1.1220,434.6,143.4
2026-08-26T01:00:00,10.446,10.117,14.18,14.58,1.170,1.114,0.4742,0.3951,6.145,4.831,21737.8,25.216,1.1228,434.8,143.5
2026-08-26T02:00:00,10.658,10.614,14.39,15.26,1.152,1.093,0.5074,0.3833,6.770,4.933,21748.5,25.236,1.1242,435.0,143.5
2026-08-26T03:00:00,10.029,9.760,14.85,15.72,1.121,1.068,0.4008,0.3967,6.975,4.836,21758.2,25.257,1.1242,435.2,143.6
2026-08-26T04:00:00,10.513,10.191,14.54,15.66,1.134,1.073,0.4916,0.3684,6.190,4.926,21768.4,25.270,1.1255,435.4,143.7
2026-08-26T05:00:00,9.610,9.425,15.21,15.39,1.110,1.060,0.4819,0.3953,6.850,4.986,21777.8,25.287,1.1263,435.6,143.7
2026-08-26T06:00:00,10.473,10.252,14.95,15.83,1.143,1.092,0.4663,0.3877,6.487,5.317,21788.1,25.299,1.1271,435.8,143.8
2026-08-26T07:00:00,10.329,10.045,15.35,15.98,1.157,1.105,0.4790,0.3830,6.925,5.030,21798.1,25.318,1.1280,436.0,143.9
2026-08-26T08:00:00,10.099,9.736,15.46,16.34,1.169,1.098,0.4699,0.3883,6.599,5.139,21807.9,25.332,1.1288,436.2,143.9
2026-08-26T09:00:00,10.594,10.342,16.30,17.02,1.202,1.146,0.4566,0.3877,6.737,5.502,21818.2,25.345,1.1296,436.4,144.0
2026-08-26T10:00:00,11.306,11.158,16.71,17.38,1.190,1.136,0.4520,0.3832,6.345,5.120,21829.4,25.359,1.1303,436.6,144.1
2026-08-26T11:00:00,10.941,10.716,17.44,18.39,1.217,1.165,0.4935,0.3951,7.352,4.973,21840.1,25.384,1.1314,436.8,144.1
2026-08-26T12:00:00,11.837,11.598,18.18,19.32,1.206,1.146,0.5154,0.3836,6.799,4.786,21851.7,25.408,1.1329,437.0,144.2
2026-08-26T13:00:00,11.038,10.638,19.33,20.71,1.212,1.161,0.4772,0.3949,6.603,4.805,21862.3,25.427,1.1338,437.2,144.3
2026-08-26T14:00:00,11.987,11.889,17.68,18.35,1.227,1.176,0.4938,0.3903,6.596,5.030,21874.2,25.445,1.1350,437.5,144.4
2026-08-26T15:00:00,11.368,10.992,18.56,19.46,1.211,1.160,0.4037,0.4061,6.891,4.939,21885.2,25.467,1.1350,437.7,144.4
2026-08-26T16:00:00,11.866,11.494,18.21,18.71,1.224,1.167,0.4673,0.3949,6.212,4.859,21896.7,25.482,1.1358,437.9,144.5
2026-08-26T17:00:00,11.833,11.418,17.98,18.47,1.218,1.162,0.4607,0.3707,6.645,5.072,21908.1,25.500,1.1369,438.2,144.6
2026-08-26T18:00:00,11.111,10.799,17.22,18.72,1.182,1.122,0.4417,0.4007,6.139,5.043,21918.9,25.512,1.1373,438.4,144.7
2026-08-26T19:00:00,11.810,11.483,17.93,18.45,1.206,1.144,0.4485,0.3784,6.663,4.934,21930.4,25.532,1.1381,438.6,144.7
2026-08-26T20:00:00,10.824,10.519,17.10,18.12,1.225,1.173,0.4720,0.3913,6.754,5.053,21940.9,25.550,1.1390,438.8,144.8
2026-08-26T21:00:00,10.804,10.568,16.48,17.31,1.188,1.134,0.4935,0.4049,6.792,5.185,21951.5,25.567,1.1399,439.0,144.9
2026-08-26T22:00:00,10.641,10.267,15.51,16.46,1.163,1.112,0.4988,0.4032,6.516,5.096,21961.7,25.581,1.1409,439.2,144.9
2026-08-26T23:00:00,10.382,9.962,14.95,15.96,1.171,1.119,0.4688,0.3878,7.026,5.194,21971.7,25.600,1.1417,439.4,145.0
2026-08-27T00:00:00,9.971,9.876,14.48,15.80,1.168,1.118,0.5030,0.3872,6.430,4.799,21981.6,25.616,1.1428,439.6,145.1
2026-08-27T01:00:00,10.201,9.983,14.34,15.28,1.146,1.085,0.4330,0.3960,6.224,4.940,21991.6,25.629,1.1432,439.8,145.1
2026-08-27T02:00:00,10.000,9.709,13.66,14.42,1.134,1.081,0.4730,0.3923,6.643,5.017,22001.3,25.644,1.1440,440.0,145.2
2026-08-27T03:00:00,9.974,9.711,14.95,16.18,1.124,1.073,0.4835,0.3930,6.619,5.053,22011.0,25.660,1.1449,440.2,145.3
2026-08-27T04:00:00,9.822,9.752,14.79,15.39,1.117,1.064,0.4874,0.3974,6.279,5.140,22020.7,25.671,1.1457,440.4,145.3
2026-08-27T05:00:00,10.172,10.001,14.47,15.62,1.167,1.115,0.4869,0.3822,6.348,5.019,22030.7,25.684,1.1468,440.6,145.4
2026-08-27T06:00:00,9.743,9.397,15.68,16.76,1.166,1.110,0.4317,0.3967,6.202,5.116,22040.1,25.694,1.1471,440.8,145.5
2026-08-27T07:00:00,10.159,10.120,15.47,15.97,1.129,1.072,0.4785,0.3993,6.415,4.779,22050.3,25.711,1.1479,441.0,145.5
2026-08-27T08:00:00,9.921,9.633,15.86,16.66,1.146,1.095,0.4876,0.3792,6.298,4.829,22059.9,25.725,1.1490,441.2,145.6
2026-08-27T09:00:00,11.251,10.963,16.32,17.47,1.175,1.125,0.5041,0.3966,6.394,4.918,22070.9,25.741,1.1501,441.4,145.7
2026-08-27T10:00:00,10.703,10.504,16.26,17.03,1.199,1.141,0.4534,0.3830,6.562,5.014,22081.4,25.757,1.1509,441.6,145.7
2026-08-27T11:00:00,10.616,10.214,17.09,17.67,1.207,1.155,0.5221,0.3918,6.667,4.972,22091.6,25.775,1.1522,441.8,145.8
2026-08-27T12:00:00,11.018,10.592,18.47,19.30,1.216,1.149,0.4813,0.3902,6.357,4.946,22102.2,25.790,1.1532,442.0,145.9
2026-08-27T13:00:00,11.703,11.422,17.92,18.85,1.245,1.193,0.4704,0.3824,6.737,4.812,22113.6,25.812,1.1542,442.3,145.9
2026-08-27T14:00:00,11.343,11.153,17.88,18.75,1.209,1.159,0.4741,0.3876,5.912,4.994,22124.7,25.822,1.1552,442.5,146.0
2026-08-27T15:00:00,11.154,10.975,18.56,19.20,1.235,1.172,0.4418,0.3840,6.546,5.207,22135.7,25.837,1.1558,442.7,146.1
2026-08-27T16:00:00,11.375,11.034,18.23,19.34,1.226,1.171,0.4365,0.3727,7.412,5.155,22146.7,25.861,1.1565,442.9,146.2
2026-08-27T17:00:00,11.487,11.269,18.84,19.88,1.195,1.128,0.4868,0.3908,6.619,4.890,22158.0,25.881,1.1576,443.2,146.2
2026-08-27T18:00:00,11.298,11.115,17.92,18.60,1.227,1.158,0.4857,0.4031,6.539,5.070,22169.1,25.897,1.1585,443.4,146.3
2026-08-27T19:00:00,10.845,10.623,17.14,18.53,1.172,1.121,0.5231,0.4076,6.077,4.755,22179.8,25.911,1.1597,443.6,146.4
2026-08-27T20:00:00,11.149,10.855,16.60,17.34,1.161,1.109,0.4948,0.3576,7.653,5.085,22190.6,25.939,1.1612,443.8,146.5
2026-08-27T21:00:00,11.227,10.983,16.87,17.93,1.193,1.123,0.4522,0.4012,6.793,4.955,22201.6,25.959,1.1618,444.0,146.5
2026-08-27T22:00:00,10.587,10.220,15.86,16.49,1.189,1.131,0.4576,0.3918,6.222,5.130,22211.8,25.971,1.1624,444.2,146.6
2026-08-27T23:00:00,10.698,10.458,15.08,16.03,1.153,1.095,0.4646,0.4053,6.404,5.068,22222.3,25.985,1.1631,444.4,146.7
2026-08-28T00:00:00,10.532,10.270,15.30,16.27,1.155,1.100,0.4588,0.3921,6.399,5.049,22232.5,25.998,1.1637,444.7,146.7
2026-08-28T01:00:00,10.765,10.507,14.72,15.69,1.138,1.082,0.4645,0.3856,6.516,4.792,22243.0,26.017,1.1646,444.9,146.8
2026-08-28T02:00:00,10.463,10.133,14.59,15.85,1.143,1.091,0.5334,0.3948,6.128,4.799,22253.2,26.030,1.1660,445.1,146.9
2026-08-28T03:00:00,9.885,9.576,14.59,15.03,1.111,1.060,0.4122,0.3841,6.958,5.018,22262.8,26.049,1.1662,445.3,146.9
2026-08-28T04:00:00,10.260,9.973,14.63,15.52,1.145,1.087,0.4826,0.4006,6.866,5.151,22272.7,26.066,1.1671,445.5,147.0
2026-08-28T05:00:00,10.858,10.642,14.57,16.02,1.146,1.087,0.4514,0.3982,7.184,4.851,22283.4,26.090,1.1676,445.7,147.1
2026-08-28T06:00:00,10.143,9.922,15.24,16.08,1.151,1.096,0.4943,0.4028,7.042,5.015,22293.3,26.111,1.1685,445.9,147.1
2026-08-28T07:00:00,10.712,10.411,14.58,15.40,1.132,1.074,0.4926,0.3867,6.296,4.804,22303.7,26.126,1.1696,446.1,147.2
2026-08-28T08:00:00,10.480,10.259,15.47,16.24,1.169,1.114,0.4719,0.3890,6.007,5.193,22314.0,26.134,1.1705,446.3,147.3
2026-08-28T09:00:00,10.853,10.594,16.73,17.42,1.191,1.140,0.4368,0.3944,5.710,5.037,22324.6,26.142,1.1709,446.5,147.3
2026-08-28T10:00:00,10.582,10.395,16.74,17.68,1.186,1.130,0.4384,0.3908,6.614,4.928,22335.0,26.159,1.1714,446.7,147.4
2026-08-28T11:00:00,11.338,11.056,17.20,18.23,1.205,1.149,0.4602,0.3955,6.198,4.806,22346.0,26.174,1.1722,446.9,147.5
2026-08-28T12:00:00,11.870,11.552,17.86,18.68,1.215,1.156,0.4576,0.4064,6.411,4.887,22357.6,26.192,1.1727,447.2,147.6
2026-08-28T13:00:00,11.671,11.336,17.28,17.95,1.215,1.157,0.5032,0.3866,6.755,4.815,22368.9,26.214,1.1741,447.4,147.6
2026-08-28T14:00:00,11.086,10.658,18.07,18.83,1.222,1.170,0.4493,0.3901,6.630,4.840,22379.6,26.233,1.1747,447.6,147.7
2026-08-28T15:00:00,11.318,10.938,17.80,18.78,1.210,1.160,0.4637,0.3825,6.952,4.748,22390.5,26.257,1.1756,447.8,147.8
2026-08-28T16:00:00,12.193,12.196,18.59,19.20,1.233,1.176,0.4511,0.3757,6.461,5.025,22402.7,26.275,1.1765,448.1,147.9
2026-08-28T17:00:00,11.516,11.408,17.58,18.48,1.224,1.174,0.4631,0.3831,6.402,4.765,22414.1,26.293,1.1774,448.3,147.9
2026-08-28T18:00:00,11.435,11.174,17.81,18.89,1.220,1.162,0.4762,0.4026,6.926,5.033,22425.3,26.315,1.1782,448.5,148.0
2026-08-28T19:00:00,10.493,10.174,17.25,17.69,1.212,1.147,0.4526,0.3744,7.501,4.944,22435.4,26.341,1.1790,448.7,148.1
2026-08-28T20:00:00,10.816,10.553,16.88,17.90,1.226,1.164,0.4595,0.3983,6.870,4.962,22446.0,26.361,1.1797,448.9,148.1
2026-08-28T21:00:00,10.853,10.654,16.03,17.46,1.158,1.095,0.4992,0.3840,6.687,5.232,22456.7,26.376,1.1809,449.1,148.2
2026-08-28T22:00:00,10.888,10.598,16.00,16.75,1.190,1.139,0.4948,0.3855,6.210,4.843,22467.3,26.391,1.1821,449.3,148.3
2026-08-28T23:00:00,10.970,10.721,15.38,15.85,1.160,1.106,0.4794,0.3943,6.956,4.896,22478.0,26.413,1.1830,449.6,148.4
2026-08-29T00:00:00,10.334,9.990,15.15,15.72,1.150,1.092,0.4708,0.4049,6.858,4.834,22488.0,26.433,1.1836,449.8,148.4
2026-08-29T01:00:00,10.562,10.295,14.62,15.28,1.132,1.080,0.4779,0.4030,6.585,4.993,22498.3,26.449,1.1844,450.0,148.5
2026-08-29T02:00:00,10.075,9.702,14.58,15.23,1.145,1.090,0.4714,0.3860,6.663,4.955,22508.0,26.466,1.1852,450.2,148.6
2026-08-29T03:00:00,9.713,9.534,14.28,15.53,1.143,1.092,0.4408,0.4000,6.931,5.036,22517.5,26.484,1.1856,450.3,148.6
2026-08-29T04:00:00,10.067,9.851,14.33,15.31,1.112,1.056,0.5063,0.3852,6.457,5.063,22527.3,26.498,1.1868,450.5,148.7
2026-08-29T05:00:00,10.655,10.391,14.23,15.23,1.164,1.108,0.4499,0.3821,7.173,4.841,22537.7,26.522,1.1875,450.8,148.7
2026-08-29T06:00:00,10.654,10.363,14.95,15.99,1.136,1.077,0.4410,0.3977,6.572,4.945,22548.1,26.539,1.1880,451.0,148.8
2026-08-29T07:00:00,10.074,9.853,15.15,16.07,1.159,1.102,0.4292,0.3726,5.772,5.084,22558.0,26.546,1.1885,451.2,148.9
2026-08-29T08:00:00,9.916,9.773,16.10,17.09,1.172,1.110,0.4817,0.3747,6.608,5.029,22567.7,26.561,1.1896,451.4,148.9
2026-08-29T09:00:00,10.374,10.153,15.82,16.61,1.174,1.117,0.4562,0.3887,6.123,4.957,22577.9,26.573,1.1903,451.6,149.0
2026-08-29T10:00:00,11.170,10.912,17.57,18.26,1.207,1.151,0.4825,0.3801,7.168,5.004,22588.8,26.597,1.1914,451.8,149.1
2026-08-29T11:00:00,11.654,11.387,17.18,17.48,1.195,1.138,0.4651,0.3635,6.234,5.020,22600.2,26.610,1.1925,452.0,149.2
2026-08-29T12:00:00,11.276,10.811,17.88,18.31,1.180,1.123,0.5088,0.3986,6.233,4.803,22611.0,26.626,1.1937,452.2,149.2
2026-08-29T13:00:00,11.733,11.457,17.35,18.00,1.217,1.157,0.4808,0.3910,6.545,4.835,22622.4,26.645,1.1948,452.4,149.3
2026-08-29T14:00:00,11.868,11.511,17.92,18.39,1.242,1.188,0.4503,0.3810,6.243,4.743,22634.0,26.663,1.1956,452.7,149.4
2026-08-29T15:00:00,11.905,11.648,17.66,18.65,1.202,1.151,0.4657,0.3763,6.659,5.118,22645.6,26.681,1.1966,452.9,149.5
2026-08-29T16:00:00,11.839,11.376,18.24,19.35,1.195,1.136,0.4748,0.3708,6.707,4.932,22657.0,26.701,1.1978,453.1,149.5
2026-08-29T17:00:00,11.927,11.465,18.22,18.98,1.227,1.167,0.4686,0.3855,7.353,4.972,22668.4,26.728,1.1987,453.4,149.6
2026-08-29T18:00:00,11.276,10.921,17.22,17.90,1.211,1.151,0.5095,0.4078,6.857,5.039,22679.4,26.748,1.1998,453.6,149.7
2026-08-29T19:00:00,10.813,10.432,17.93,18.66,1.218,1.161,0.5085,0.3901,6.708,4.832,22689.8,26.768,1.2011,453.8,149.8
2026-08-29T20:00:00,11.160,10.929,17.03,17.94,1.202,1.142,0.4559,0.3852,6.738,4.803,22700.7,26.789,1.2019,454.0,149.8
2026-08-29T21:00:00,10.993,10.814,16.78,17.91,1.176,1.123,0.5292,0.3941,6.427,5.248,22711.5,26.801,1.2033,454.2,149.9
2026-08-29T22:00:00,10.878,10.482,14.62,15.25,1.197,1.141,0.4907,0.3833,5.990,4.602,22722.0,26.816,1.2044,454.4,150.0
2026-08-29T23:00:00,10.809,10.431,14.87,15.74,1.136,1.083,0.5185,0.3934,5.746,5.090,22732.5,26.823,1.2057,454.6,150.0
2026-08-30T00:00:00,10.114,9.672,15.00,15.73,1.144,1.089,0.4893,0.3863,6.781,5.025,22742.1,26.840,1.2067,454.8,150.1
2026-08-30T01:00:00,9.669,9.413,14.68,15.53,1.158,1.107,0.4707,0.3752,6.277,4.831,22751.5,26.853,1.2076,455.0,150.2
2026-08-30T02:00:00,10.749,10.499,15.09,15.88,1.141,1.088,0.5039,0.3872,6.469,4.953,22762.0,26.869,1.2089,455.2,150.2
2026-08-30T03:00:00,9.948,9.610,14.26,15.04,1.135,1.078,0.4400,0.4054,6.955,5.126,22771.6,26.887,1.2092,455.4,150.3
2026-08-30T04:00:00,10.328,10.078,14.41,15.30,1.135,1.080,0.4949,0.3884,6.559,5.089,22781.7,26.902,1.2103,455.6,150.4
2026-08-30T05:00:00,10.410,10.096,14.64,15.44,1.148,1.098,0.4644,0.3893,6.339,4.870,22791.8,26.917,1.2110,455.8,150.4
2026-08-30T06:00:00,10.753,10.408,14.79,15.86,1.121,1.070,0.4918,0.3916,7.099,5.069,22802.2,26.938,1.2121,456.0,150.5
2026-08-30T07:00:00,10.939,10.580,15.22,15.72,1.160,1.107,0.4422,0.3798,6.432,5.027,22812.8,26.953,1.2127,456.3,150.6
2026-08-30T08:00:00,11.055,10.862,16.79,17.90,1.167,1.113,0.4008,0.3900,6.951,4.981,22823.7,26.974,1.2128,456.5,150.6
2026-08-30T09:00:00,10.936,10.569,16.03,16.92,1.171,1.119,0.4782,0.3894,6.419,5.078,22834.2,26.988,1.2138,456.7,150.7
2026-08-30T10:00:00,11.164,10.930,16.46,17.22,1.175,1.123,0.4717,0.3763,6.976,4.834,22845.2,27.012,1.2148,456.9,150.8
2026-08-30T11:00:00,10.946,10.631,17.19,17.91,1.201,1.148,0.4710,0.3937,6.997,4.947,22855.8,27.033,1.2157,457.1,150.8
2026-08-30T12:00:00,11.760,11.624,17.51,18.71,1.217,1.163,0.4460,0.3817,6.755,5.163,22867.4,27.052,1.2164,457.3,150.9
2026-08-30T13:00:00,11.468,11.144,17.34,17.70,1.228,1.173,0.4548,0.3843,6.512,4.979,22878.6,27.069,1.2172,457.6,151.0
2026-08-30T14:00:00,11.712,11.719,18.65,19.42,1.221,1.164,0.4403,0.4116,7.371,5.060,22890.3,27.096,1.2175,457.8,151.1
2026-08-30T15:00:00,11.016,10.650,18.25,18.88,1.196,1.137,0.4469,0.3839,6.585,4.927,22900.9,27.114,1.2182,458.0,151.1
2026-08-30T16:00:00,11.321,11.168,17.91,18.59,1.228,1.173,0.4440,0.3781,6.591,4.678,22912.1,27.135,1.2189,458.2,151.2
2026-08-30T17:00:00,11.806,11.486,17.81,18.45,1.232,1.181,0.4693,0.4043,7.353,4.902,22923.6,27.163,1.2197,458.5,151.3
2026-08-30T18:00:00,11.416,11.240,17.43,17.90,1.180,1.129,0.4996,0.3926,6.219,4.920,22934.8,27.178,1.2209,458.7,151.4
2026-08-30T19:00:00,10.868,10.469,17.29,18.29,1.206,1.149,0.4643,0.3832,6.245,4.924,22945.3,27.192,1.2217,458.9,151.4
2026-08-30T20:00:00,10.589,10.364,16.87,18.06,1.194,1.143,0.4711,0.3727,7.511,4.784,22955.7,27.220,1.2227,459.1,151.5
2026-08-30T21:00:00,10.559,10.191,16.47,17.32,1.162,1.104,0.4538,0.3663,6.915,5.034,22965.9,27.239,1.2236,459.3,151.6
2026-08-30T22:00:00,10.882,10.818,15.84,16.42,1.157,1.095,0.4535,0.3811,6.372,4.990,22976.7,27.254,1.2244,459.5,151.6
2026-08-30T23:00:00,10.474,10.113,16.00,17.13,1.176,1.123,0.4691,0.3980,6.781,5.217,22986.8,27.270,1.2251,459.7,151.7
2026-08-31T00:00:00,10.730,10.582,15.03,16.29,1.123,1.066,0.4620,0.3861,5.804,4.778,22997.4,27.281,1.2259,459.9,151.8
2026-08-31T01:00:00,9.523,9.223,14.30,15.40,1.163,1.110,0.5059,0.3930,6.958,4.939,23006.6,27.299,1.2270,460.1,151.8
2026-08-31T02:00:00,10.494,10.298,14.85,15.78,1.145,1.095,0.4678,0.3844,6.424,4.891,23016.9,27.315,1.2278,460.3,151.9
2026-08-31T03:00:00,10.180,10.004,14.19,15.10,1.157,1.097,0.5346,0.4023,6.671,4.830,23026.9,27.334,1.2292,460.5,152.0
2026-08-31T04:00:00,10.427,10.143,14.53,15.29,1.141,1.084,0.4757,0.3759,6.138,4.957,23037.0,27.346,1.2302,460.7,152.0
2026-08-31T05:00:00,9.604,9.413,14.69,15.35,1.154,1.088,0.5209,0.4035,6.342,5.095,23046.5,27.357,1.2313,460.9,152.1
2026-08-31T06:00:00,10.346,10.194,15.62,16.28,1.149,1.092,0.4973,0.3948,7.140,4.746,23056.6,27.382,1.2323,461.1,152.2
2026-08-31T07:00:00,10.110,9.985,15.17,16.35,1.170,1.110,0.5028,0.3830,6.708,4.933,23066.6,27.399,1.2335,461.3,152.2
2026-08-31T08:00:00,10.228,9.928,15.46,16.55,1.139,1.071,0.4725,0.3842,6.835,5.082,23076.6,27.417,1.2344,461.5,152.3
2026-08-31T09:00:00,11.112,10.901,16.18,16.85,1.197,1.141,0.4286,0.3920,6.371,5.071,23087.5,27.431,1.2348,461.7,152.4
2026-08-31T10:00:00,10.871,10.629,16.46,16.77,1.200,1.148,0.4709,0.3892,6.696,5.071,23098.1,27.448,1.2357,462.0,152.4
2026-08-31T11:00:00,10.678,10.264,16.96,17.47,1.205,1.142,0.4711,0.3630,6.413,5.167,23108.4,27.461,1.2368,462.2,152.5
2026-08-31T12:00:00,11.722,11.434,17.19,18.07,1.204,1.143,0.4567,0.3826,6.688,4.970,23119.8,27.481,1.2376,462.4,152.6
2026-08-31T13:00:00,11.182,10.920,18.05,18.77,1.199,1.149,0.4900,0.3702,6.845,4.954,23130.7,27.501,1.2389,462.6,152.7
2026-08-31T14:00:00,11.828,11.315,17.75,18.89,1.204,1.149,0.4771,0.3761,6.254,5.102,23142.0,27.514,1.2401,462.8,152.7
2026-08-31T15:00:00,11.579,11.158,18.21,18.53,1.189,1.132,0.4788,0.3921,6.318,4.775,23153.2,27.532,1.2411,463.1,152.8
2026-08-31T16:00:00,11.961,11.627,17.54,18.55,1.209,1.142,0.4330,0.3962,6.442,4.742,23164.8,27.551,1.2415,463.3,152.9
2026-08-31T17:00:00,11.666,11.443,17.28,18.03,1.187,1.136,0.4426,0.4086,6.262,4.889,23176.3,27.567,1.2419,463.5,153.0
2026-08-31T18:00:00,11.213,10.995,17.16,18.20,1.227,1.177,0.4925,0.3798,6.230,5.090,23187.2,27.580,1.2431,463.7,153.0
2026-08-31T19:00:00,11.298,11.102,17.55,18.35,1.190,1.122,0.4605,0.3781,6.663,4.926,23198.4,27.599,1.2440,464.0,153.1
2026-08-31T20:00:00,10.713,10.252,16.62,17.43,1.193,1.142,0.4613,0.3690,5.956,4.956,23208.6,27.609,1.2450,464.2,153.2
2026-08-31T21:00:00,10.899,10.634,15.89,17.20,1.183,1.131,0.4571,0.3903,7.129,4.826,23219.2,27.634,1.2457,464.4,153.2
2026-08-31T22:00:00,11.336,11.146,15.69,16.22,1.164,1.113,0.4324,0.3988,6.698,4.927,23230.4,27.653,1.2461,464.6,153.3
2026-08-31T23:00:00,10.129,9.894,14.76,15.26,1.169,1.116,0.4751,0.4002,6.017,4.942,23240.3,27.664,1.2468,464.8,153.4
2026-09-01T00:00:00,10.573,10.370,14.68,15.49,1.147,1.095,0.4848,0.3977,5.582,4.951,23250.6,27.671,1.2477,465.0,153.5
2026-09-01T01:00:00,9.784,9.412,14.30,14.95,1.162,1.107,0.4535,0.3848,6.443,4.977,23260.1,27.684,1.2483,465.2,153.5
2026-09-01T02:00:00,9.748,9.554,14.77,15.67,1.102,1.046,0.4582,0.3929,6.502,4.753,23269.6,27.701,1.2490,465.4,153.6
2026-09-01T03:00:00,10.539,10.325,13.39,14.02,1.131,1.073,0.4187,0.4073,7.295,4.776,23279.9,27.727,1.2491,465.6,153.6
2026-09-01T04:00:00,9.413,9.267,13.96,14.55,1.147,1.097,0.4863,0.3857,6.659,5.043,23289.2,27.742,1.2500,465.8,153.7
2026-09-01T05:00:00,10.331,9.978,15.11,15.39,1.151,1.097,0.4620,0.4024,6.732,4.768,23299.2,27.762,1.2506,466.0,153.8
2026-09-01T06:00:00,10.360,10.157,14.13,15.40,1.133,1.078,0.4412,0.3982,6.287,4.841,23309.3,27.776,1.2510,466.2,153.8
2026-09-01T07:00:00,10.625,10.331,15.33,16.49,1.186,1.122,0.4581,0.3915,6.630,4.917,23319.7,27.794,1.2517,466.4,153.9
2026-09-01T08:00:00,10.269,10.029,15.91,16.62,1.157,1.092,0.5111,0.3856,6.933,4.962,23329.7,27.814,1.2530,466.6,154.0
2026-09-01T09:00:00,10.518,10.348,15.82,16.49,1.157,1.106,0.4870,0.3828,6.237,5.123,23340.0,27.825,1.2541,466.8,154.0
2026-09-01T10:00:00,11.183,10.792,16.50,17.21,1.196,1.146,0.4725,0.3855,6.338,5.034,23350.8,27.839,1.2550,467.0,154.1
2026-09-01T11:00:00,11.568,11.155,17.31,17.63,1.189,1.124,0.5095,0.3746,6.464,5.016,23362.0,27.856,1.2565,467.2,154.2
2026-09-01T12:00:00,10.687,10.518,17.74,19.09,1.191,1.136,0.4986,0.3922,6.276,4.880,23372.5,27.870,1.2576,467.5,154.3
2026-09-01T13:00:00,11.222,10.936,18.11,18.79,1.211,1.156,0.4616,0.3991,7.158,4.923,23383.4,27.895,1.2583,467.7,154.3
2026-09-01T14:00:00,11.028,10.726,17.98,19.08,1.206,1.148,0.4817,0.3929,6.291,4.955,23394.2,27.909,1.2593,467.9,154.4
2026-09-01T15:00:00,11.649,11.295,17.93,18.70,1.231,1.173,0.4831,0.4078,6.269,4.974,23405.5,27.924,1.2601,468.1,154.5
2026-09-01T16:00:00,11.665,11.414,18.11,18.75,1.233,1.173,0.5097,0.3952,6.527,4.909,23416.9,27.942,1.2614,468.3,154.6
2026-09-01T17:00:00,11.520,11.373,17.77,18.59,1.220,1.162,0.3946,0.3920,6.315,4.799,23428.3,27.959,1.2615,468.6,154.6
2026-09-01T18:00:00,11.878,11.501,17.72,18.32,1.220,1.165,0.4626,0.3721,6.241,4.855,23439.8,27.975,1.2625,468.8,154.7
2026-09-01T19:00:00,10.561,10.370,16.96,17.87,1.177,1.114,0.4843,0.3883,6.221,4.855,23450.1,27.989,1.2635,469.0,154.8
2026-09-01T20:00:00,10.736,10.470,16.64,17.79,1.204,1.153,0.4948,0.4036,6.411,5.009,23460.6,28.004,1.2645,469.2,154.8
2026-09-01T21:00:00,10.585,10.416,15.88,16.29,1.182,1.128,0.4599,0.3852,6.433,4.888,23471.0,28.020,1.2652,469.4,154.9
2026-09-01T22:00:00,10.383,10.250,15.44,16.52,1.172,1.120,0.4265,0.3747,6.593,4.822,23481.3,28.038,1.2658,469.6,155.0
2026-09-01T23:00:00,10.685,10.455,14.39,15.10,1.147,1.094,0.4895,0.3843,6.260,4.835,23491.7,28.053,1.2669,469.8,155.0
2026-09-02T00:00:00,10.153,9.940,15.12,16.11,1.155,1.098,0.4459,0.3798,6.732,4.707,23501.7,28.073,1.2675,470.0,155.1
2026-09-02T01:00:00,10.418,10.245,14.56,15.52,1.155,1.100,0.4750,0.3897,6.273,4.888,23511.9,28.088,1.2684,470.2,155.2
2026-09-02T02:00:00,10.153,9.846,14.33,15.10,1.132,1.079,0.4189,0.3872,6.849,4.830,23521.7,28.107,1.2687,470.4,155.2
2026-09-02T03:00:00,10.249,9.814,14.42,15.25,1.126,1.068,0.4393,0.3758,6.437,4.918,23531.6,28.122,1.2693,470.6,155.3
2026-09-02T04:00:00,9.872,9.714,14.86,15.42,1.138,1.083,0.4728,0.3756,6.642,4.784,23541.3,28.140,1.2703,470.8,155.4
2026-09-02T05:00:00,9.902,9.638,13.76,14.78,1.143,1.084,0.4600,0.3732,6.535,4.781,23550.9,28.157,1.2711,471.0,155.4
2026-09-02T06:00:00,9.339,9.085,15.19,16.07,1.155,1.098,0.4603,0.3959,6.059,5.049,23560.0,28.167,1.2717,471.2,155.5
2026-09-02T07:00:00,10.523,10.260,15.21,16.33,1.176,1.119,0.4738,0.3865,6.939,4.702,23570.3,28.189,1.2726,471.4,155.6
2026-09-02T08:00:00,11.758,11.353,15.40,16.27,1.175,1.122,0.5145,0.3830,5.893,4.970,23581.6,28.200,1.2741,471.6,155.6
2026-09-02T09:00:00,10.927,10.815,16.47,17.16,1.192,1.140,0.5400,0.3793,6.182,4.592,23592.4,28.217,1.2758,471.8,155.7
2026-09-02T10:00:00,11.261,11.135,15.98,16.71,1.183,1.120,0.5089,0.3904,6.262,4.974,23603.6,28.231,1.2771,472.1,155.8
2026-09-02T11:00:00,11.234,10.872,17.01,17.68,1.179,1.115,0.4468,0.3939,6.613,4.989,23614.4,28.249,1.2777,472.3,155.9
2026-09-02T12:00:00,11.251,10.998,17.91,18.84,1.209,1.157,0.4710,0.3915,6.704,4.648,23625.4,28.272,1.2786,472.5,155.9
2026-09-02T13:00:00,11.680,11.345,17.64,18.64,1.235,1.174,0.4614,0.3999,6.459,4.910,23636.8,28.289,1.2793,472.7,156.0
2026-09-02T14:00:00,11.828,11.389,18.53,19.56,1.192,1.138,0.4440,0.3699,6.777,4.721,23648.2,28.313,1.2801,473.0,156.1
2026-09-02T15:00:00,11.876,11.414,17.66,18.25,1.234,1.183,0.5734,0.3799,5.553,4.654,23659.6,28.323,1.2823,473.2,156.2
2026-09-02T16:00:00,11.161,10.965,17.85,18.44,1.207,1.155,0.4867,0.3970,6.456,4.933,23670.5,28.340,1.2833,473.4,156.2
2026-09-02T17:00:00,11.486,11.053,18.85,19.52,1.222,1.165,0.4462,0.3804,5.771,4.903,23681.6,28.349,1.2840,473.6,156.3
2026-09-02T18:00:00,11.505,10.988,17.37,18.20,1.218,1.158,0.4315,0.3872,6.920,4.980,23692.6,28.371,1.2845,473.9,156.4
2026-09-02T19:00:00,11.236,11.226,17.26,18.02,1.182,1.120,0.4867,0.3858,6.784,4.974,23703.8,28.391,1.2857,474.1,156.4
2026-09-02T20:00:00,10.763,10.526,16.51,17.59,1.177,1.114,0.4999,0.3907,6.518,4.628,23714.3,28.411,1.2868,474.3,156.5
2026-09-02T21:00:00,10.763,10.588,15.69,16.77,1.179,1.122,0.4356,0.3892,6.817,4.953,23724.9,28.431,1.2873,474.5,156.6
2026-09-02T22:00:00,10.869,10.606,15.36,16.31,1.180,1.125,0.4367,0.3848,5.292,4.702,23735.5,28.437,1.2879,474.7,156.7
2026-09-02T23:00:00,10.110,9.660,15.48,16.10,1.164,1.093,0.4912,0.3737,6.826,4.911,23745.2,28.455,1.2890,474.9,156.7
2026-09-03T00:00:00,10.454,10.168,14.58,15.56,1.139,1.081,0.5234,0.3745,7.051,4.619,23755.4,28.480,1.2905,475.1,156.8
2026-09-03T01:00:00,10.023,9.910,14.77,15.35,1.146,1.093,0.4911,0.3861,6.521,4.636,23765.3,28.499,1.2915,475.3,156.9
2026-09-03T02:00:00,9.620,9.424,14.00,14.99,1.167,1.114,0.4506,0.3782,6.562,4.669,23774.7,28.517,1.2922,475.5,156.9
2026-09-03T03:00:00,10.322,9.971,13.74,14.42,1.127,1.075,0.4820,0.3944,6.189,4.786,23784.7,28.531,1.2931,475.7,157.0
2026-09-03T04:00:00,9.904,9.551,14.11,14.84,1.147,1.094,0.4507,0.3741,6.049,4.768,23794.2,28.543,1.2938,475.9,157.0
2026-09-03T05:00:00,9.547,9.201,14.42,15.16,1.117,1.064,0.4259,0.4045,6.764,4.569,23803.4,28.563,1.2940,476.1,157.1
2026-09-03T06:00:00,9.818,9.524,14.86,15.68,1.165,1.111,0.4899,0.3862,6.484,4.974,23812.9,28.577,1.2950,476.3,157.2
2026-09-03T07:00:00,10.645,10.335,14.71,15.74,1.166,1.113,0.4595,0.4053,6.775,4.683,23823.3,28.599,1.2956,476.5,157.2
2026-09-03T08:00:00,10.764,10.474,15.38,16.28,1.189,1.124,0.5061,0.3773,6.507,4.765,23833.8,28.617,1.2969,476.7,157.3
2026-09-03T09:00:00,11.083,10.835,15.93,16.82,1.142,1.080,0.4588,0.4035,6.003,4.815,23844.6,28.630,1.2975,476.9,157.4
2026-09-03T10:00:00,11.253,10.988,16.35,17.48,1.189,1.131,0.4802,0.3770,6.964,4.782,23855.6,28.654,1.2987,477.1,157.4
2026-09-03T11:00:00,11.140,10.796,17.22,18.05,1.208,1.154,0.4440,0.3733,6.304,5.011,23866.4,28.668,1.2994,477.3,157.5
2026-09-03T12:00:00,11.249,10.976,17.04,17.54,1.239,1.182,0.4995,0.3894,6.576,4.695,23877.3,28.689,1.3006,477.5,157.6
2026-09-03T13:00:00,11.623,11.282,17.99,18.72,1.218,1.162,0.4546,0.3926,6.140,4.894,23888.6,28.703,1.3013,477.8,157.7
2026-09-03T14:00:00,11.819,11.337,17.89,19.00,1.217,1.164,0.5087,0.3841,6.619,4.922,23900.0,28.722,1.3027,478.0,157.7
2026-09-03T15:00:00,11.512,11.320,17.86,18.33,1.206,1.148,0.4370,0.3761,6.619,5.082,23911.3,28.739,1.3034,478.2,157.8
2026-09-03T16:00:00,12.095,11.750,18.07,18.67,1.210,1.142,0.4083,0.3790,6.385,4.822,23923.0,28.758,1.3038,478.5,157.9
2026-09-03T17:00:00,11.774,11.497,17.68,18.23,1.229,1.176,0.4698,0.3962,7.256,5.014,23934.5,28.784,1.3046,478.7,158.0
2026-09-03T18:00:00,11.160,10.850,17.10,17.87,1.181,1.121,0.4421,0.3733,6.443,4.725,23945.4,28.802,1.3054,478.9,158.0
2026-09-03T19:00:00,10.839,10.483,17.52,18.57,1.204,1.154,0.4966,0.3881,5.898,4.955,23955.9,28.812,1.3065,479.1,158.1
2026-09-03T20:00:00,11.293,10.917,15.86,16.61,1.198,1.147,0.3911,0.3825,6.566,4.614,23966.8,28.833,1.3066,479.3,158.2
2026-09-03T21:00:00,11.230,10.851,16.20,17.10,1.170,1.116,0.4240,0.3848,5.683,4.893,23977.6,28.842,1.3070,479.6,158.3
2026-09-03T22:00:00,9.936,9.557,15.41,16.17,1.184,1.129,0.4635,0.3926,6.861,4.803,23987.2,28.862,1.3077,479.7,158.3
2026-09-03T23:00:00,10.506,10.287,14.66,15.62,1.141,1.081,0.4707,0.3830,5.913,4.973,23997.5,28.871,1.3086,479.9,158.4
2026-09-04T00:00:00,10.059,9.893,15.42,16.42,1.133,1.078,0.5044,0.3932,6.788,4.700,24007.4,28.892,1.3097,480.1,158.4
2026-09-04T01:00:00,9.915,9.673,14.85,15.86,1.151,1.100,0.4432,0.4036,7.151,4.884,24017.0,28.914,1.3101,480.3,158.5
2026-09-04T02:00:00,10.045,9.941,13.57,14.26,1.120,1.066,0.5389,0.3777,6.507,4.770,24027.0,28.931,1.3117,480.5,158.6
2026-09-04T03:00:00,10.186,9.818,13.97,14.95,1.152,1.094,0.4573,0.3825,6.013,4.770,24036.8,28.943,1.3124,480.7,158.6
2026-09-04T04:00:00,10.122,9.689,13.73,14.36,1.155,1.098,0.3991,0.3828,6.153,4.917,24046.5,28.955,1.3126,480.9,158.7
2026-09-04T05:00:00,9.747,9.512,14.42,15.11,1.161,1.109,0.4823,0.3774,6.363,4.587,24056.0,28.972,1.3136,481.1,158.8
2026-09-04T06:00:00,10.851,10.703,14.47,15.51,1.154,1.098,0.4885,0.3777,6.566,4.652,24066.7,28.993,1.3148,481.3,158.8
2026-09-04T07:00:00,10.706,10.515,14.61,15.28,1.171,1.105,0.4850,0.3797,7.011,4.867,24077.2,29.015,1.3159,481.5,158.9
2026-09-04T08:00:00,10.633,10.267,15.22,15.89,1.149,1.091,0.4511,0.3800,6.459,4.878,24087.5,29.031,1.3166,481.7,159.0
2026-09-04T09:00:00,10.676,10.525,15.76,16.35,1.189,1.138,0.4840,0.3730,7.004,4.838,24098.0,29.054,1.3178,482.0,159.0
2026-09-04T10:00:00,11.113,10.884,16.74,17.75,1.172,1.116,0.4828,0.4024,6.119,4.890,24108.9,29.068,1.3186,482.2,159.1
2026-09-04T11:00:00,11.104,10.770,16.91,17.51,1.167,1.115,0.4768,0.3632,6.294,4.775,24119.7,29.084,1.3199,482.4,159.2
2026-09-04T12:00:00,11.243,10.909,17.69,18.50,1.213,1.157,0.4394,0.3731,6.374,4.804,24130.6,29.101,1.3206,482.6,159.3
2026-09-04T13:00:00,11.201,11.055,17.38,18.36,1.204,1.153,0.4849,0.3904,6.395,4.845,24141.6,29.118,1.3216,482.8,159.3
2026-09-04T14:00:00,12.069,11.741,18.54,19.79,1.233,1.182,0.4530,0.3777,6.520,4.889,24153.4,29.137,1.3225,483.1,159.4
2026-09-04T15:00:00,11.388,11.137,18.25,19.21,1.199,1.148,0.4707,0.3755,6.494,4.638,24164.5,29.158,1.3236,483.3,159.5
2026-09-04T16:00:00,11.018,10.819,17.88,18.69,1.228,1.177,0.4797,0.3803,5.922,4.611,24175.3,29.172,1.3247,483.5,159.6
2026-09-04T17:00:00,11.407,11.096,18.24,19.63,1.229,1.168,0.4692,0.3909,6.043,4.796,24186.4,29.186,1.3255,483.7,159.6
2026-09-04T18:00:00,12.063,11.706,18.13,18.52,1.195,1.145,0.4750,0.3743,7.535,4.802,24198.1,29.218,1.3267,484.0,159.7
2026-09-04T19:00:00,11.269,10.941,16.74,17.31,1.178,1.118,0.4710,0.3996,6.346,5.089,24209.1,29.232,1.3275,484.2,159.8
2026-09-04T20:00:00,10.549,10.392,17.28,17.64,1.180,1.123,0.4528,0.3936,5.751,4.911,24219.5,29.241,1.3281,484.4,159.8
2026-09-04T21:00:00,11.124,10.756,15.76,17.01,1.168,1.111,0.4464,0.3894,6.818,4.952,24230.2,29.261,1.3287,484.6,159.9
2026-09-04T22:00:00,10.815,10.692,15.40,16.39,1.177,1.126,0.4964,0.3807,6.205,4.720,24240.9,29.277,1.3299,484.8,160.0
2026-09-04T23:00:00,10.562,10.397,15.25,16.48,1.154,1.096,0.4965,0.3743,7.221,4.670,24251.3,29.303,1.3312,485.0,160.1
2026-09-05T00:00:00,10.053,9.801,14.69,16.19,1.113,1.061,0.4832,0.3787,6.140,4.614,24261.1,29.318,1.3322,485.2,160.1
