timestamp,flow_in_m3h,flow_out_m3h,temp_in_c,temp_out_c,pressure_in_bar,pressure_out_bar,p_in_mgL,p_out_mgL,n_in_mgL,n_out_mgL,water_treated_m3_cum,n_removed_kg_cum,p_removed_kg_cum,electricity_kwh_cum,co2_kg_cum
2026-06-01T00:00:00,8.821,8.621,20.33,21.32,1.136,1.078,0.3792,0.3698,6.189,5.763,8.6,0.004,0.0001,0.2,0.1
2026-06-01T01:00:00,8.936,8.656,20.24,21.08,1.143,1.079,0.3427,0.3535,5.591,5.734,17.3,0.004,0.0001,0.3,0.1
2026-06-01T02:00:00,8.395,8.205,19.65,20.92,1.107,1.052,0.3880,0.3667,6.186,5.604,25.5,0.008,0.0003,0.5,0.2
2026-06-01T03:00:00,8.387,8.263,20.23,21.03,1.179,1.123,0.3669,0.3531,5.878,5.639,33.7,0.010,0.0004,0.7,0.2
2026-06-01T04:00:00,7.994,7.828,19.77,20.46,1.124,1.047,0.3697,0.3693,6.319,5.519,41.6,0.017,0.0004,0.8,0.3
2026-06-01T05:00:00,8.853,8.610,20.59,21.33,1.159,1.104,0.4217,0.3560,6.453,5.760,50.2,0.023,0.0009,1.0,0.3
2026-06-01T06:00:00,8.228,8.097,20.99,21.56,1.163,1.110,0.3582,0.3726,6.725,5.702,58.3,0.031,0.0009,1.2,0.4
2026-06-01T07:00:00,8.202,7.964,21.98,22.65,1.150,1.087,0.3967,0.3768,6.005,5.414,66.2,0.036,0.0011,1.3,0.4
2026-06-01T08:00:00,8.782,8.518,21.24,22.06,1.177,1.125,0.3771,0.3618,5.889,5.715,74.8,0.037,0.0012,1.5,0.5
2026-06-01T09:00:00,8.614,8.266,22.17,22.71,1.188,1.135,0.3754,0.3627,6.170,5.396,83.0,0.044,0.0013,1.7,0.5
2026-06-01T10:00:00,9.652,9.363,22.64,23.36,1.183,1.131,0.3955,0.3538,6.431,5.742,92.4,0.050,0.0017,1.8,0.6
2026-06-01T11:00:00,9.010,8.793,23.04,24.21,1.224,1.172,0.3928,0.3635,6.505,5.682,101.2,0.057,0.0020,2.0,0.7
2026-06-01T12:00:00,9.279,9.116,23.23,24.08,1.220,1.161,0.3659,0.3673,6.316,5.510,110.3,0.065,0.0020,2.2,0.7
2026-06-01T13:00:00,9.807,9.596,23.49,24.33,1.218,1.167,0.3686,0.3748,5.563,5.583,119.9,0.065,0.0020,2.4,0.8
2026-06-01T14:00:00,9.846,9.505,23.54,24.24,1.209,1.158,0.3800,0.3734,5.995,5.654,129.4,0.068,0.0020,2.6,0.9
2026-06-01T15:00:00,9.319,9.046,24.37,25.03,1.224,1.156,0.3634,0.3589,6.222,5.441,138.4,0.075,0.0021,2.8,0.9
2026-06-01T16:00:00,9.581,9.312,24.63,25.20,1.203,1.152,0.4092,0.3544,6.472,5.568,147.8,0.083,0.0026,3.0,1.0
2026-06-01T17:00:00,9.396,9.325,23.20,23.76,1.227,1.167,0.3841,0.3717,6.309,5.569,157.1,0.090,0.0027,3.1,1.0
2026-06-01T18:00:00,10.409,10.175,23.32,24.00,1.204,1.153,0.3779,0.3616,6.066,5.580,167.3,0.095,0.0029,3.3,1.1
2026-06-01T19:00:00,9.464,9.199,23.29,23.94,1.186,1.135,0.3858,0.3589,6.094,5.583,176.5,0.100,0.0031,3.5,1.2
2026-06-01T20:00:00,9.030,8.892,22.32,23.02,1.188,1.126,0.3559,0.3655,6.331,5.565,185.3,0.107,0.0031,3.7,1.2
2026-06-01T21:00:00,8.964,8.819,21.76,22.88,1.203,1.151,0.3609,0.3687,6.067,5.645,194.2,0.110,0.0031,3.9,1.3
2026-06-01T22:00:00,8.949,8.795,21.90,22.57,1.180,1.123,0.3608,0.3582,6.201,5.514,203.0,0.116,0.0031,4.1,1.3
2026-06-01T23:00:00,8.778,8.715,20.91,21.79,1.204,1.139,0.3734,0.3579,6.467,5.540,211.7,0.124,0.0033,4.2,1.4
2026-06-02T00:00:00,8.633,8.468,20.46,21.33,1.157,1.097,0.3508,0.3704,6.448,5.683,220.1,0.131,0.0033,4.4,1.5
2026-06-02T01:00:00,8.371,8.264,20.38,21.28,1.138,1.080,0.3984,0.3553,6.488,5.578,228.4,0.138,0.0036,4.6,1.5
2026-06-02T02:00:00,8.376,8.209,19.49,20.03,1.146,1.086,0.3597,0.3711,6.599,5.327,236.6,0.149,0.0036,4.7,1.6
2026-06-02T03:00:00,8.770,8.532,20.14,21.32,1.152,1.099,0.3986,0.3605,6.491,5.472,245.2,0.158,0.0040,4.9,1.6
2026-06-02T04:00:00,8.353,8.134,19.70,20.46,1.143,1.092,0.3632,0.3602,6.122,5.512,253.3,0.163,0.0040,5.1,1.7
2026-06-02T05:00:00,7.848,7.648,19.20,19.88,1.116,1.063,0.3849,0.3664,6.202,5.711,260.9,0.166,0.0041,5.2,1.7
2026-06-02T06:00:00,8.877,8.625,19.83,20.80,1.160,1.109,0.4179,0.3640,6.712,5.428,269.6,0.177,0.0046,5.4,1.8
2026-06-02T07:00:00,8.332,8.036,19.94,21.05,1.179,1.120,0.3773,0.3635,5.935,5.344,277.6,0.182,0.0047,5.6,1.8
2026-06-02T08:00:00,8.711,8.507,21.45,22.12,1.165,1.108,0.3855,0.3492,6.006,5.640,286.1,0.185,0.0050,5.7,1.9
2026-06-02T09:00:00,8.971,8.833,21.79,22.64,1.210,1.155,0.3928,0.3601,6.762,5.568,294.9,0.196,0.0053,5.9,1.9
2026-06-02T10:00:00,9.102,8.828,22.04,23.22,1.207,1.149,0.3679,0.3685,6.150,5.719,303.8,0.200,0.0053,6.1,2.0
2026-06-02T11:00:00,9.302,8.994,22.85,23.39,1.206,1.152,0.4296,0.3486,6.525,5.700,312.8,0.207,0.0060,6.3,2.1
2026-06-02T12:00:00,9.416,9.240,23.67,24.14,1.220,1.165,0.3911,0.3674,6.354,5.670,322.0,0.213,0.0063,6.4,2.1
2026-06-02T13:00:00,9.873,9.618,23.41,24.32,1.218,1.165,0.3807,0.3580,6.009,5.698,331.6,0.216,0.0065,6.6,2.2
2026-06-02T14:00:00,9.060,8.937,23.52,24.20,1.221,1.169,0.4035,0.3660,5.913,5.467,340.6,0.220,0.0068,6.8,2.2
2026-06-02T15:00:00,9.540,9.193,23.67,24.30,1.225,1.169,0.4063,0.3688,6.332,5.570,349.7,0.227,0.0072,7.0,2.3
2026-06-02T16:00:00,9.589,9.300,23.62,23.92,1.220,1.168,0.4147,0.3665,6.582,5.745,359.0,0.235,0.0076,7.2,2.4
2026-06-02T17:00:00,9.764,9.541,24.26,25.01,1.231,1.178,0.3996,0.3659,6.233,5.613,368.6,0.241,0.0079,7.4,2.4
2026-06-02T18:00:00,9.528,9.377,23.40,24.07,1.204,1.146,0.3546,0.3652,6.568,5.610,378.0,0.250,0.0079,7.6,2.5
2026-06-02T19:00:00,9.212,8.929,22.72,23.51,1.185,1.120,0.3783,0.3570,6.323,5.613,386.9,0.256,0.0081,7.7,2.6
2026-06-02T20:00:00,9.173,8.990,22.19,23.13,1.182,1.129,0.4123,0.3636,5.929,5.595,395.9,0.259,0.0085,7.9,2.6
2026-06-02T21:00:00,8.889,8.689,21.05,22.14,1.198,1.137,0.3855,0.3537,6.602,5.651,404.6,0.268,0.0088,8.1,2.7
2026-06-02T22:00:00,8.690,8.477,21.56,22.18,1.161,1.104,0.3783,0.3502,6.610,5.556,413.1,0.277,0.0091,8.3,2.7
2026-06-02T23:00:00,8.381,8.227,20.70,21.27,1.147,1.092,0.4181,0.3554,6.808,5.542,421.3,0.287,0.0096,8.4,2.8
2026-06-03T00:00:00,8.980,8.868,20.61,21.15,1.152,1.085,0.3492,0.3615,6.095,5.400,430.1,0.293,0.0096,8.6,2.8
2026-06-03T01:00:00,8.846,8.605,19.81,20.76,1.137,1.076,0.3676,0.3618,6.183,5.566,438.8,0.298,0.0096,8.8,2.9
2026-06-03T02:00:00,8.492,8.340,19.69,20.19,1.172,1.118,0.3748,0.3539,6.606,5.634,447.1,0.307,0.0098,8.9,3.0
2026-06-03T03:00:00,8.363,8.247,19.83,20.83,1.114,1.054,0.4195,0.3675,6.384,5.667,455.3,0.312,0.0102,9.1,3.0
2026-06-03T04:00:00,8.192,8.061,20.06,20.66,1.141,1.086,0.3678,0.3661,6.347,5.552,463.4,0.319,0.0102,9.3,3.1
2026-06-03T05:00:00,8.771,8.669,19.81,20.81,1.138,1.083,0.3733,0.3562,6.723,5.578,472.1,0.329,0.0104,9.4,3.1
2026-06-03T06:00:00,8.211,7.982,20.68,21.57,1.138,1.082,0.3469,0.3690,6.183,5.494,480.0,0.334,0.0104,9.6,3.2
2026-06-03T07:00:00,8.837,8.543,20.99,21.60,1.144,1.088,0.3172,0.3612,6.071,5.635,488.6,0.338,0.0104,9.8,3.2
2026-06-03T08:00:00,8.646,8.461,21.72,22.10,1.168,1.111,0.3751,0.3667,6.628,5.687,497.1,0.346,0.0105,9.9,3.3
2026-06-03T09:00:00,9.124,8.773,21.69,22.59,1.186,1.129,0.3437,0.3541,6.787,5.422,505.8,0.358,0.0105,10.1,3.3
2026-06-03T10:00:00,9.470,9.367,21.94,22.69,1.199,1.147,0.3938,0.3777,6.347,5.848,515.2,0.363,0.0106,10.3,3.4
2026-06-03T11:00:00,8.860,8.600,23.08,23.87,1.209,1.144,0.3726,0.3570,6.563,5.583,523.8,0.371,0.0108,10.5,3.5
2026-06-03T12:00:00,9.604,9.419,22.98,23.78,1.179,1.119,0.4158,0.3548,5.984,5.638,533.2,0.374,0.0113,10.7,3.5
2026-06-03T13:00:00,10.093,9.747,23.70,24.09,1.243,1.191,0.3645,0.3582,6.423,5.357,543.0,0.385,0.0114,10.9,3.6
2026-06-03T14:00:00,9.686,9.453,23.23,23.97,1.228,1.176,0.3952,0.3472,6.253,5.633,552.4,0.391,0.0118,11.0,3.6
2026-06-03T15:00:00,8.978,8.729,24.05,25.26,1.225,1.171,0.3692,0.3618,6.032,5.540,561.1,0.395,0.0119,11.2,3.7
2026-06-03T16:00:00,9.446,9.202,23.12,23.86,1.204,1.145,0.4012,0.3656,6.559,5.483,570.3,0.405,0.0122,11.4,3.8
2026-06-03T17:00:00,9.759,9.494,23.49,24.15,1.217,1.161,0.4118,0.3485,6.291,5.794,579.8,0.409,0.0128,11.6,3.8
2026-06-03T18:00:00,9.095,8.924,23.10,23.71,1.239,1.189,0.3797,0.3570,6.236,5.597,588.8,0.415,0.0130,11.8,3.9
2026-06-03T19:00:00,9.231,8.801,22.51,23.21,1.207,1.155,0.3784,0.3582,6.737,5.520,597.6,0.426,0.0132,12.0,3.9
2026-06-03T20:00:00,9.776,9.414,22.08,22.79,1.215,1.161,0.3763,0.3652,6.283,5.618,607.0,0.432,0.0133,12.1,4.0
2026-06-03T21:00:00,8.602,8.304,21.27,22.00,1.172,1.111,0.3666,0.3557,6.672,5.461,615.3,0.442,0.0134,12.3,4.1
2026-06-03T22:00:00,9.147,8.956,21.49,22.25,1.162,1.102,0.3954,0.3499,6.193,5.732,624.2,0.446,0.0138,12.5,4.1
2026-06-03T23:00:00,9.015,8.887,20.65,21.34,1.159,1.101,0.4003,0.3572,6.324,5.565,633.1,0.453,0.0142,12.7,4.2
2026-06-04T00:00:00,8.884,8.639,21.33,22.28,1.165,1.114,0.3759,0.3617,6.073,5.742,641.8,0.456,0.0143,12.8,4.2
2026-06-04T01:00:00,8.918,8.653,20.01,21.03,1.158,1.101,0.3730,0.3539,5.725,5.669,650.4,0.456,0.0145,13.0,4.3
2026-06-04T02:00:00,8.041,7.883,19.70,20.84,1.138,1.084,0.3584,0.3704,6.064,5.665,658.3,0.460,0.0145,13.2,4.3
2026-06-04T03:00:00,8.262,8.080,19.14,20.09,1.146,1.094,0.3215,0.3604,6.303,5.315,666.4,0.468,0.0145,13.3,4.4
2026-06-04T04:00:00,8.591,8.353,19.76,20.47,1.166,1.115,0.3449,0.3549,7.259,5.594,674.7,0.481,0.0145,13.5,4.5
2026-06-04T05:00:00,7.784,7.705,20.19,21.12,1.140,1.086,0.3688,0.3627,6.427,5.463,682.4,0.489,0.0145,13.6,4.5
2026-06-04T06:00:00,8.508,8.413,19.95,21.28,1.140,1.082,0.3872,0.3676,6.158,5.517,690.9,0.494,0.0147,13.8,4.6
2026-06-04T07:00:00,8.284,8.102,20.68,21.39,1.153,1.101,0.3975,0.3690,6.176,5.585,699.0,0.499,0.0149,14.0,4.6
2026-06-04T08:00:00,9.016,8.867,20.75,21.62,1.169,1.116,0.3895,0.3610,6.182,5.693,707.8,0.503,0.0152,14.2,4.7
2026-06-04T09:00:00,8.726,8.450,21.74,22.59,1.187,1.124,0.3758,0.3624,6.738,5.777,716.3,0.512,0.0153,14.3,4.7
2026-06-04T10:00:00,9.045,8.930,22.51,23.21,1.200,1.149,0.3563,0.3647,5.930,5.538,725.2,0.515,0.0153,14.5,4.8
2026-06-04T11:00:00,9.728,9.504,23.07,23.50,1.180,1.126,0.3811,0.3488,6.290,5.536,734.7,0.522,0.0156,14.7,4.8
2026-06-04T12:00:00,9.358,9.127,22.65,23.47,1.201,1.139,0.4196,0.3698,6.089,5.371,743.8,0.529,0.0161,14.9,4.9
2026-06-04T13:00:00,9.514,9.234,22.96,23.99,1.201,1.150,0.4015,0.3450,6.207,5.454,753.1,0.536,0.0166,15.1,5.0
2026-06-04T14:00:00,10.090,9.841,23.42,24.78,1.225,1.166,0.3995,0.3535,6.439,5.575,762.9,0.544,0.0170,15.3,5.0
2026-06-04T15:00:00,9.281,8.999,23.40,24.19,1.196,1.145,0.3957,0.3514,6.521,5.605,771.9,0.552,0.0174,15.4,5.1
2026-06-04T16:00:00,9.693,9.374,24.34,24.97,1.244,1.186,0.3572,0.3649,6.359,5.530,781.3,0.560,0.0174,15.6,5.2
2026-06-04T17:00:00,9.488,9.200,23.51,24.40,1.192,1.140,0.4174,0.3745,5.988,5.637,790.5,0.563,0.0178,15.8,5.2
2026-06-04T18:00:00,9.242,8.987,22.56,23.26,1.214,1.150,0.4244,0.3677,6.408,5.700,799.5,0.570,0.0183,16.0,5.3
2026-06-04T19:00:00,9.725,9.407,22.68,23.54,1.211,1.153,0.4001,0.3539,6.020,5.660,808.9,0.573,0.0188,16.2,5.3
2026-06-04T20:00:00,9.395,9.288,21.77,22.64,1.216,1.165,0.3738,0.3538,6.064,5.546,818.2,0.578,0.0190,16.4,5.4
2026-06-04T21:00:00,9.376,9.052,20.91,21.74,1.189,1.136,0.4083,0.3623,6.462,5.328,827.2,0.588,0.0194,16.5,5.5
2026-06-04T22:00:00,9.092,8.830,20.37,21.09,1.145,1.085,0.3766,0.3560,6.633,5.729,836.0,0.596,0.0196,16.7,5.5
2026-06-04T23:00:00,8.594,8.343,20.81,21.70,1.165,1.110,0.4157,0.3525,6.145,5.763,844.4,0.599,0.0201,16.9,5.6
2026-06-05T00:00:00,8.387,8.138,19.83,20.24,1.143,1.086,0.3829,0.3498,6.329,5.438,852.5,0.607,0.0203,17.1,5.6
2026-06-05T01:00:00,8.549,8.473,19.22,20.12,1.171,1.118,0.3608,0.3519,6.719,5.702,861.0,0.615,0.0204,17.2,5.7
2026-06-05T02:00:00,8.271,8.071,20.50,21.32,1.128,1.058,0.3839,0.3575,6.104,5.864,869.1,0.617,0.0206,17.4,5.7
2026-06-05T03:00:00,8.401,8.171,19.72,20.55,1.153,1.094,0.3366,0.3599,5.894,5.372,877.2,0.622,0.0206,17.5,5.8
2026-06-05T04:00:00,8.303,8.105,19.59,20.41,1.172,1.121,0.4129,0.3678,6.269,5.425,885.3,0.628,0.0210,17.7,5.8
2026-06-05T05:00:00,8.128,7.889,20.16,21.37,1.137,1.073,0.4392,0.3625,6.829,5.609,893.2,0.638,0.0216,17.9,5.9
2026-06-05T06:00:00,8.178,7.943,19.46,20.26,1.161,1.106,0.3768,0.3723,5.841,5.626,901.2,0.640,0.0216,18.0,5.9
2026-06-05T07:00:00,8.451,8.336,20.40,21.53,1.168,1.118,0.4204,0.3605,6.325,5.326,909.5,0.648,0.0221,18.2,6.0
2026-06-05T08:00:00,8.921,8.744,21.39,22.60,1.174,1.121,0.4142,0.3487,6.488,5.632,918.3,0.655,0.0227,18.4,6.1
2026-06-05T09:00:00,9.352,9.107,21.84,21.84,1.148,1.096,0.3912,0.3565,6.148,5.284,927.4,0.663,0.0230,18.5,6.1
2026-06-05T10:00:00,9.252,9.006,21.84,22.79,1.201,1.145,0.3743,0.3650,6.550,5.704,936.4,0.671,0.0231,18.7,6.2
2026-06-05T11:00:00,9.188,8.827,22.97,23.77,1.187,1.131,0.3968,0.3602,6.245,5.545,945.2,0.677,0.0234,18.9,6.2
2026-06-05T12:00:00,9.910,9.687,22.62,23.43,1.208,1.141,0.3775,0.3797,6.335,5.476,954.9,0.685,0.0234,19.1,6.3
2026-06-05T13:00:00,9.628,9.415,22.83,24.07,1.212,1.154,0.3652,0.3458,6.159,5.657,964.3,0.690,0.0236,19.3,6.4
2026-06-05T14:00:00,9.472,9.264,23.22,23.91,1.214,1.161,0.3787,0.3635,6.427,5.559,973.6,0.698,0.0238,19.5,6.4
2026-06-05T15:00:00,9.887,9.528,23.86,25.09,1.247,1.193,0.4008,0.3614,6.931,5.702,983.1,0.710,0.0241,19.7,6.5
2026-06-05T16:00:00,9.545,9.282,23.74,24.54,1.212,1.160,0.3750,0.3548,6.339,5.710,992.4,0.716,0.0243,19.8,6.5
2026-06-05T17:00:00,9.325,9.065,23.66,24.68,1.212,1.157,0.3649,0.3727,6.528,5.635,1001.4,0.724,0.0243,20.0,6.6
2026-06-05T18:00:00,9.014,8.780,23.26,23.85,1.200,1.148,0.3533,0.3721,6.153,5.678,1010.2,0.728,0.0243,20.2,6.7
2026-06-05T19:00:00,9.031,8.919,22.73,23.31,1.196,1.143,0.3560,0.3532,6.617,5.501,1019.1,0.738,0.0243,20.4,6.7
2026-06-05T20:00:00,9.493,9.320,21.98,23.28,1.189,1.138,0.4037,0.3550,6.482,5.510,1028.5,0.747,0.0248,20.6,6.8
2026-06-05T21:00:00,8.823,8.594,21.41,22.19,1.159,1.109,0.3764,0.3520,6.560,5.645,1037.1,0.755,0.0250,20.7,6.8
2026-06-05T22:00:00,8.886,8.871,21.49,22.43,1.165,1.110,0.3788,0.3531,6.817,5.651,1045.9,0.765,0.0252,20.9,6.9
2026-06-05T23:00:00,7.641,7.412,20.07,20.78,1.170,1.111,0.4016,0.3599,6.364,5.469,1053.3,0.772,0.0255,21.1,7.0
2026-06-06T00:00:00,8.549,8.299,19.84,20.35,1.136,1.083,0.3985,0.3474,5.935,5.581,1061.6,0.775,0.0260,21.2,7.0
2026-06-06T01:00:00,8.379,8.255,19.77,20.71,1.140,1.086,0.3670,0.3576,6.369,5.592,1069.9,0.781,0.0261,21.4,7.1
2026-06-06T02:00:00,7.925,7.719,19.56,20.20,1.152,1.086,0.3585,0.3616,6.272,5.505,1077.6,0.787,0.0261,21.6,7.1
2026-06-06T03:00:00,8.863,8.663,20.19,21.11,1.164,1.112,0.3540,0.3667,6.333,5.524,1086.3,0.794,0.0261,21.7,7.2
2026-06-06T04:00:00,8.458,8.270,19.36,20.26,1.153,1.101,0.3528,0.3608,6.234,5.625,1094.5,0.799,0.0261,21.9,7.2
2026-06-06T05:00:00,8.299,7.878,19.16,19.66,1.155,1.098,0.3622,0.3486,5.936,5.544,1102.4,0.802,0.0262,22.0,7.3
2026-06-06T06:00:00,8.701,8.444,20.99,21.64,1.149,1.096,0.3526,0.3505,6.273,5.690,1110.9,0.807,0.0262,22.2,7.3
2026-06-06T07:00:00,9.022,8.992,20.18,20.96,1.178,1.115,0.3811,0.3610,6.034,5.581,1119.9,0.811,0.0264,22.4,7.4
2026-06-06T08:00:00,9.688,9.455,21.23,21.81,1.174,1.115,0.3866,0.3547,6.343,5.393,1129.3,0.820,0.0267,22.6,7.5
2026-06-06T09:00:00,8.872,8.613,21.92,22.31,1.184,1.130,0.3538,0.3560,6.382,5.590,1137.9,0.827,0.0267,22.8,7.5
2026-06-06T10:00:00,9.327,9.142,22.58,23.65,1.202,1.140,0.4042,0.3586,6.060,5.478,1147.1,0.832,0.0271,22.9,7.6
2026-06-06T11:00:00,8.992,8.861,22.57,23.06,1.181,1.122,0.3367,0.3501,6.383,5.540,1155.9,0.840,0.0271,23.1,7.6
2026-06-06T12:00:00,9.350,9.086,23.42,23.98,1.212,1.153,0.3730,0.3610,6.761,5.633,1165.0,0.850,0.0272,23.3,7.7
2026-06-06T13:00:00,9.258,9.054,23.38,24.12,1.212,1.160,0.3930,0.3526,6.560,5.708,1174.1,0.858,0.0275,23.5,7.7
2026-06-06T14:00:00,9.501,9.343,23.33,24.33,1.233,1.175,0.4209,0.3539,6.319,5.551,1183.4,0.865,0.0282,23.7,7.8
2026-06-06T15:00:00,9.514,9.236,23.37,24.18,1.230,1.167,0.4148,0.3523,6.983,5.611,1192.6,0.878,0.0288,23.9,7.9
2026-06-06T16:00:00,9.308,9.101,24.04,24.98,1.212,1.149,0.4118,0.3672,5.930,5.662,1201.7,0.880,0.0292,24.0,7.9
2026-06-06T17:00:00,9.315,9.065,23.64,24.83,1.207,1.142,0.3999,0.3601,6.140,5.404,1210.8,0.887,0.0295,24.2,8.0
2026-06-06T18:00:00,9.334,9.067,23.24,23.78,1.195,1.135,0.3492,0.3733,7.177,5.447,1219.9,0.903,0.0295,24.4,8.1
2026-06-06T19:00:00,9.421,9.269,23.65,24.54,1.192,1.133,0.3930,0.3531,6.230,5.427,1229.2,0.910,0.0299,24.6,8.1
2026-06-06T20:00:00,9.278,9.093,22.04,23.01,1.164,1.113,0.3814,0.3700,6.443,5.633,1238.2,0.917,0.0300,24.8,8.2
2026-06-06T21:00:00,9.685,9.427,21.44,22.55,1.212,1.155,0.3622,0.3414,6.341,5.712,1247.7,0.923,0.0302,25.0,8.2
2026-06-06T22:00:00,8.744,8.559,21.22,21.93,1.149,1.096,0.3935,0.3608,6.274,5.681,1256.2,0.928,0.0305,25.1,8.3
2026-06-06T23:00:00,8.664,8.429,20.28,21.25,1.157,1.095,0.4120,0.3658,6.827,5.556,1264.7,0.939,0.0309,25.3,8.3
2026-06-07T00:00:00,8.646,8.330,20.01,20.74,1.138,1.086,0.3848,0.3633,5.912,5.522,1273.0,0.942,0.0310,25.5,8.4
2026-06-07T01:00:00,8.978,8.809,20.03,20.87,1.138,1.086,0.3744,0.3539,5.992,5.568,1281.8,0.946,0.0312,25.6,8.5
2026-06-07T02:00:00,8.212,7.947,19.42,20.57,1.137,1.075,0.3562,0.3669,6.059,5.746,1289.7,0.949,0.0312,25.8,8.5
2026-06-07T03:00:00,8.712,8.565,19.73,20.71,1.119,1.046,0.3890,0.3644,6.125,5.421,1298.3,0.955,0.0314,26.0,8.6
2026-06-07T04:00:00,8.050,7.835,19.05,19.59,1.131,1.077,0.3643,0.3603,6.341,5.505,1306.1,0.961,0.0315,26.1,8.6
2026-06-07T05:00:00,8.265,8.140,18.96,19.95,1.134,1.083,0.3982,0.3474,6.031,5.619,1314.3,0.964,0.0319,26.3,8.7
2026-06-07T06:00:00,8.176,7.930,20.12,20.64,1.136,1.080,0.4062,0.3649,5.814,5.491,1322.2,0.967,0.0322,26.4,8.7
2026-06-07T07:00:00,8.785,8.664,20.72,21.30,1.163,1.112,0.3851,0.3614,6.084,5.641,1330.9,0.971,0.0324,26.6,8.8
2026-06-07T08:00:00,8.787,8.674,20.44,21.78,1.156,1.102,0.3850,0.3694,6.486,5.534,1339.6,0.979,0.0325,26.8,8.8
2026-06-07T09:00:00,9.090,8.855,21.80,22.11,1.212,1.159,0.3757,0.3574,5.636,5.379,1348.4,0.981,0.0327,27.0,8.9
2026-06-07T10:00:00,8.878,8.699,22.28,22.74,1.207,1.155,0.3852,0.3569,6.489,5.556,1357.1,0.990,0.0330,27.1,9.0
2026-06-07T11:00:00,9.884,9.708,22.30,22.49,1.194,1.134,0.3552,0.3603,6.148,5.741,1366.8,0.993,0.0330,27.3,9.0
2026-06-07T12:00:00,9.768,9.437,22.63,23.26,1.191,1.128,0.3667,0.3583,6.486,5.565,1376.3,1.002,0.0330,27.5,9.1
2026-06-07T13:00:00,9.712,9.453,22.71,23.19,1.191,1.140,0.3781,0.3592,5.777,5.625,1385.7,1.004,0.0332,27.7,9.1
2026-06-07T14:00:00,9.314,8.927,23.82,24.21,1.259,1.204,0.3950,0.3603,6.290,5.463,1394.6,1.011,0.0335,27.9,9.2
2026-06-07T15:00:00,9.539,9.475,23.95,24.08,1.247,1.195,0.3826,0.3646,5.634,5.480,1404.1,1.012,0.0337,28.1,9.3
2026-06-07T16:00:00,9.474,9.335,23.75,25.02,1.208,1.153,0.3685,0.3729,6.636,5.625,1413.4,1.022,0.0337,28.3,9.3
2026-06-07T17:00:00,9.804,9.553,23.44,24.80,1.215,1.150,0.3907,0.3540,6.215,5.414,1423.0,1.030,0.0340,28.5,9.4
2026-06-07T18:00:00,9.500,9.436,22.44,23.16,1.252,1.198,0.3672,0.3684,5.524,5.609,1432.4,1.030,0.0340,28.6,9.5
2026-06-07T19:00:00,9.287,9.064,22.32,23.11,1.202,1.147,0.3826,0.3602,6.572,5.495,1441.5,1.039,0.0342,28.8,9.5
2026-06-07T20:00:00,8.820,8.571,21.95,22.74,1.205,1.154,0.3898,0.3619,6.357,5.436,1450.1,1.047,0.0345,29.0,9.6
2026-06-07T21:00:00,9.258,8.982,21.59,22.29,1.198,1.147,0.3723,0.3655,6.547,5.633,1459.0,1.055,0.0345,29.2,9.6
2026-06-07T22:00:00,9.032,8.666,21.18,22.43,1.147,1.091,0.4122,0.3590,6.024,5.412,1467.7,1.061,0.0350,29.4,9.7
2026-06-07T23:00:00,8.822,8.573,21.00,21.73,1.198,1.142,0.3945,0.3552,5.950,5.592,1476.3,1.064,0.0353,29.5,9.7
2026-06-08T00:00:00,8.818,8.497,19.68,20.67,1.177,1.119,0.3770,0.3477,5.672,5.466,1484.8,1.066,0.0356,29.7,9.8
2026-06-08T01:00:00,8.513,8.260,19.97,20.55,1.127,1.072,0.3924,0.3613,5.858,5.515,1493.0,1.068,0.0358,29.9,9.9
2026-06-08T02:00:00,8.799,8.472,19.30,19.79,1.152,1.092,0.3907,0.3487,6.070,5.622,1501.5,1.072,0.0362,30.0,9.9
2026-06-08T03:00:00,8.216,7.953,18.76,19.57,1.159,1.105,0.3899,0.3368,5.774,5.645,1509.5,1.073,0.0366,30.2,10.0
2026-06-08T04:00:00,8.302,8.147,20.09,21.11,1.160,1.102,0.3829,0.3658,6.330,5.414,1517.6,1.081,0.0368,30.4,10.0
2026-06-08T05:00:00,8.980,8.721,19.98,20.58,1.153,1.102,0.4015,0.3509,6.263,5.410,1526.3,1.088,0.0372,30.5,10.1
2026-06-08T06:00:00,8.635,8.403,20.36,21.52,1.156,1.093,0.3416,0.3730,5.768,5.715,1534.7,1.088,0.0372,30.7,10.1
2026-06-08T07:00:00,8.557,8.261,20.65,21.70,1.159,1.101,0.3951,0.3476,6.310,5.438,1543.0,1.096,0.0376,30.9,10.2
2026-06-08T08:00:00,9.117,8.839,20.93,21.68,1.166,1.116,0.3805,0.3561,6.032,5.514,1551.8,1.100,0.0378,31.0,10.2
2026-06-08T09:00:00,8.859,8.727,21.42,22.28,1.182,1.123,0.4044,0.3563,6.186,5.607,1560.6,1.105,0.0382,31.2,10.3
2026-06-08T10:00:00,9.703,9.414,22.17,23.02,1.174,1.118,0.3531,0.3701,6.378,5.484,1570.0,1.114,0.0382,31.4,10.4
2026-06-08T11:00:00,9.268,9.037,23.11,24.01,1.216,1.159,0.3910,0.3662,6.300,5.416,1579.0,1.122,0.0385,31.6,10.4
2026-06-08T12:00:00,9.056,8.718,23.18,24.24,1.216,1.156,0.3652,0.3611,6.600,5.619,1587.7,1.130,0.0385,31.8,10.5
2026-06-08T13:00:00,10.190,10.039,22.74,23.33,1.211,1.154,0.4103,0.3531,6.571,5.460,1597.8,1.141,0.0391,32.0,10.5
2026-06-08T14:00:00,9.567,9.212,23.47,24.13,1.240,1.178,0.3392,0.3475,6.353,5.622,1607.0,1.148,0.0391,32.1,10.6
2026-06-08T15:00:00,9.691,9.615,22.28,23.32,1.194,1.135,0.3965,0.3557,6.267,5.448,1616.6,1.156,0.0395,32.3,10.7
2026-06-08T16:00:00,10.187,9.898,23.39,24.43,1.213,1.161,0.3934,0.3674,5.882,5.461,1626.5,1.160,0.0397,32.5,10.7
2026-06-08T17:00:00,9.540,9.349,22.38,23.05,1.195,1.145,0.3317,0.3521,6.365,5.643,1635.8,1.167,0.0397,32.7,10.8
2026-06-08T18:00:00,9.163,9.056,23.02,23.19,1.185,1.128,0.3497,0.3604,6.021,5.473,1644.9,1.172,0.0397,32.9,10.9
2026-06-08T19:00:00,9.335,9.005,22.30,22.69,1.201,1.149,0.4172,0.3626,6.055,5.518,1653.9,1.177,0.0402,33.1,10.9
2026-06-08T20:00:00,9.509,9.215,21.95,22.57,1.208,1.155,0.3534,0.3487,6.020,5.354,1663.1,1.183,0.0402,33.3,11.0
2026-06-08T21:00:00,8.796,8.572,21.31,21.87,1.177,1.120,0.4258,0.3690,6.060,5.526,1671.7,1.187,0.0407,33.4,11.0
2026-06-08T22:00:00,8.892,8.678,20.45,21.22,1.161,1.109,0.3993,0.3467,6.091,5.432,1680.4,1.193,0.0412,33.6,11.1
2026-06-08T23:00:00,8.847,8.641,20.66,21.59,1.148,1.095,0.3543,0.3670,6.326,5.585,1689.0,1.200,0.0412,33.8,11.1
2026-06-09T00:00:00,8.878,8.690,19.80,20.47,1.135,1.083,0.3547,0.3601,6.265,5.664,1697.7,1.205,0.0412,34.0,11.2
2026-06-09T01:00:00,8.753,8.507,20.23,20.81,1.149,1.097,0.3851,0.3628,6.212,5.462,1706.2,1.211,0.0414,34.1,11.3
2026-06-09T02:00:00,8.772,8.561,19.55,20.15,1.125,1.071,0.3571,0.3500,6.735,5.531,1714.8,1.222,0.0414,34.3,11.3
2026-06-09T03:00:00,8.452,8.310,19.23,19.94,1.158,1.102,0.3673,0.3462,6.192,5.458,1723.1,1.228,0.0416,34.5,11.4
2026-06-09T04:00:00,7.799,7.562,18.90,19.60,1.140,1.082,0.3915,0.3558,6.089,5.510,1730.6,1.232,0.0419,34.6,11.4
2026-06-09T05:00:00,8.189,7.973,19.47,20.35,1.141,1.080,0.3657,0.3480,6.136,5.533,1738.6,1.237,0.0420,34.8,11.5
2026-06-09T06:00:00,8.969,8.750,19.58,20.76,1.131,1.071,0.4102,0.3642,6.020,5.430,1747.4,1.242,0.0424,34.9,11.5
2026-06-09T07:00:00,8.964,8.757,19.90,20.82,1.157,1.102,0.3743,0.3546,5.790,5.443,1756.1,1.245,0.0426,35.1,11.6
2026-06-09T08:00:00,8.660,8.448,20.87,22.16,1.153,1.095,0.3631,0.3691,6.043,5.401,1764.6,1.250,0.0426,35.3,11.6
2026-06-09T09:00:00,8.873,8.474,21.15,22.15,1.180,1.119,0.3662,0.3608,6.436,5.390,1773.0,1.259,0.0426,35.5,11.7
2026-06-09T10:00:00,9.243,8.931,21.87,22.60,1.188,1.134,0.3557,0.3543,6.156,5.610,1782.0,1.264,0.0427,35.6,11.8
2026-06-09T11:00:00,10.198,10.114,22.91,23.69,1.197,1.142,0.3812,0.3482,5.882,5.548,1792.1,1.268,0.0430,35.8,11.8
2026-06-09T12:00:00,9.023,8.728,22.38,23.00,1.195,1.138,0.3860,0.3524,6.202,5.442,1800.8,1.274,0.0433,36.0,11.9
2026-06-09T13:00:00,9.647,9.449,23.19,24.00,1.211,1.154,0.3840,0.3626,6.453,5.361,1810.3,1.284,0.0435,36.2,11.9
2026-06-09T14:00:00,9.498,9.216,23.04,23.95,1.201,1.146,0.3724,0.3703,5.779,5.578,1819.5,1.286,0.0435,36.4,12.0
2026-06-09T15:00:00,9.529,9.377,23.45,24.18,1.240,1.189,0.3727,0.3483,6.938,5.557,1828.9,1.299,0.0437,36.6,12.1
2026-06-09T16:00:00,9.793,9.548,22.86,23.60,1.169,1.111,0.3704,0.3533,6.171,5.266,1838.4,1.308,0.0439,36.8,12.1
2026-06-09T17:00:00,9.651,9.516,23.11,24.05,1.237,1.185,0.3717,0.3593,6.035,5.473,1847.9,1.313,0.0440,37.0,12.2
2026-06-09T18:00:00,9.200,9.020,22.37,23.62,1.216,1.150,0.3782,0.3494,6.829,5.518,1856.9,1.325,0.0443,37.1,12.3
2026-06-09T19:00:00,9.762,9.405,22.68,23.39,1.188,1.125,0.4566,0.3565,5.848,5.410,1866.4,1.329,0.0452,37.3,12.3
2026-06-09T20:00:00,9.316,9.061,22.57,23.15,1.176,1.124,0.3480,0.3514,5.715,5.564,1875.4,1.331,0.0452,37.5,12.4
2026-06-09T21:00:00,9.363,9.086,21.04,21.49,1.182,1.122,0.4115,0.3504,6.562,5.562,1884.5,1.340,0.0458,37.7,12.4
2026-06-09T22:00:00,9.131,8.895,20.39,21.36,1.168,1.108,0.3450,0.3455,6.501,5.494,1893.4,1.349,0.0458,37.9,12.5
2026-06-09T23:00:00,8.920,8.769,20.36,20.85,1.162,1.104,0.3632,0.3614,6.477,5.410,1902.2,1.358,0.0458,38.0,12.6
2026-06-10T00:00:00,8.620,8.472,20.00,20.85,1.138,1.077,0.3684,0.3615,6.404,5.619,1910.6,1.365,0.0458,38.2,12.6
2026-06-10T01:00:00,8.452,8.066,19.52,20.49,1.140,1.087,0.3825,0.3522,6.785,5.671,1918.7,1.374,0.0461,38.4,12.7
2026-06-10T02:00:00,8.643,8.370,19.61,20.45,1.162,1.107,0.3338,0.3522,6.282,5.556,1927.1,1.380,0.0461,38.5,12.7
2026-06-10T03:00:00,8.429,8.220,19.32,19.75,1.156,1.096,0.3750,0.3486,6.529,5.742,1935.3,1.386,0.0463,38.7,12.8
2026-06-10T04:00:00,8.615,8.389,19.50,20.67,1.136,1.081,0.3834,0.3363,6.600,5.450,1943.7,1.396,0.0467,38.9,12.8
2026-06-10T05:00:00,8.859,8.689,19.19,20.02,1.140,1.089,0.3844,0.3635,5.489,5.407,1952.4,1.397,0.0469,39.0,12.9
2026-06-10T06:00:00,7.973,7.845,19.15,20.25,1.160,1.110,0.3506,0.3638,6.323,5.577,1960.2,1.402,0.0469,39.2,12.9
2026-06-10T07:00:00,8.400,8.235,20.22,21.15,1.167,1.105,0.3496,0.3636,5.949,5.285,1968.5,1.408,0.0469,39.4,13.0
2026-06-10T08:00:00,8.725,8.546,20.59,21.68,1.177,1.126,0.3904,0.3390,5.558,5.461,1977.0,1.409,0.0473,39.5,13.0
2026-06-10T09:00:00,9.236,8.905,22.08,22.84,1.191,1.135,0.3722,0.3478,6.576,5.489,1985.9,1.418,0.0475,39.7,13.1
2026-06-10T10:00:00,9.136,9.041,21.59,22.09,1.203,1.150,0.3834,0.3572,7.344,5.581,1994.9,1.434,0.0478,39.9,13.2
2026-06-10T11:00:00,9.361,9.033,22.35,23.24,1.206,1.153,0.3759,0.3602,6.710,5.526,2004.0,1.445,0.0479,40.1,13.2
2026-06-10T12:00:00,9.708,9.510,22.82,23.83,1.202,1.151,0.4111,0.3569,6.291,5.426,2013.5,1.453,0.0484,40.3,13.3
2026-06-10T13:00:00,9.829,9.610,22.95,24.34,1.200,1.139,0.4041,0.3606,6.429,5.345,2023.1,1.464,0.0489,40.5,13.4
2026-06-10T14:00:00,9.423,9.025,23.27,23.83,1.233,1.182,0.3688,0.3629,6.302,5.328,2032.1,1.472,0.0489,40.6,13.4
2026-06-10T15:00:00,10.046,9.681,22.60,23.54,1.209,1.154,0.3373,0.3357,6.274,5.372,2041.8,1.481,0.0489,40.8,13.5
2026-06-10T16:00:00,9.197,8.834,24.29,25.08,1.202,1.137,0.3619,0.3627,6.394,5.625,2050.6,1.488,0.0489,41.0,13.5
2026-06-10T17:00:00,9.247,9.014,22.89,23.69,1.219,1.168,0.3796,0.3620,5.846,5.613,2059.7,1.490,0.0491,41.2,13.6
2026-06-10T18:00:00,9.942,9.600,23.85,24.37,1.194,1.142,0.4054,0.3437,6.167,5.359,2069.3,1.498,0.0497,41.4,13.7
2026-06-10T19:00:00,9.536,9.356,22.26,23.05,1.195,1.140,0.4136,0.3483,6.554,5.402,2078.6,1.509,0.0503,41.6,13.7
2026-06-10T20:00:00,8.949,8.659,22.00,22.41,1.205,1.147,0.3900,0.3480,6.095,5.282,2087.3,1.516,0.0506,41.7,13.8
2026-06-10T21:00:00,9.075,8.869,20.74,21.89,1.167,1.101,0.3860,0.3690,5.912,5.436,2096.1,1.520,0.0508,41.9,13.8
2026-06-10T22:00:00,8.996,8.847,20.64,21.31,1.193,1.141,0.4015,0.3568,6.219,5.486,2105.0,1.526,0.0512,42.1,13.9
2026-06-10T23:00:00,8.630,8.391,20.16,21.00,1.164,1.109,0.4065,0.3740,6.781,5.406,2113.4,1.538,0.0515,42.3,13.9
2026-06-11T00:00:00,8.874,8.583,19.76,20.55,1.152,1.099,0.3858,0.3473,6.402,5.388,2122.0,1.547,0.0518,42.4,14.0
2026-06-11T01:00:00,8.708,8.457,19.74,20.71,1.156,1.105,0.4167,0.3518,6.009,5.714,2130.4,1.549,0.0523,42.6,14.1
2026-06-11T02:00:00,8.149,7.942,19.41,20.21,1.134,1.077,0.3556,0.3610,6.153,5.536,2138.4,1.554,0.0523,42.8,14.1
2026-06-11T03:00:00,8.017,7.817,19.11,19.45,1.123,1.071,0.3991,0.3545,6.399,5.380,2146.2,1.562,0.0527,42.9,14.2
2026-06-11T04:00:00,8.580,8.237,18.80,19.21,1.138,1.083,0.4342,0.3504,6.240,5.517,2154.4,1.568,0.0534,43.1,14.2
2026-06-11T05:00:00,8.957,8.761,19.31,20.28,1.138,1.082,0.3704,0.3566,6.810,5.497,2163.2,1.579,0.0535,43.3,14.3
2026-06-11T06:00:00,8.494,8.299,19.84,21.05,1.149,1.095,0.3604,0.3528,6.559,5.580,2171.5,1.588,0.0536,43.4,14.3
2026-06-11T07:00:00,8.005,7.708,20.28,21.15,1.156,1.091,0.3801,0.3554,6.571,5.619,2179.2,1.595,0.0538,43.6,14.4
2026-06-11T08:00:00,8.642,8.345,20.85,21.56,1.180,1.128,0.3987,0.3422,6.275,5.404,2187.5,1.602,0.0542,43.8,14.4
2026-06-11T09:00:00,9.016,8.756,21.15,21.75,1.158,1.102,0.3686,0.3569,5.956,5.705,2196.3,1.604,0.0543,43.9,14.5
2026-06-11T10:00:00,9.953,9.655,21.87,22.41,1.163,1.106,0.3688,0.3528,6.634,5.629,2205.9,1.614,0.0545,44.1,14.6
2026-06-11T11:00:00,8.935,8.627,22.21,23.19,1.209,1.156,0.3897,0.3591,5.978,5.470,2214.6,1.618,0.0548,44.3,14.6
2026-06-11T12:00:00,9.513,9.303,23.12,23.83,1.210,1.146,0.3882,0.3437,6.209,5.465,2223.9,1.625,0.0552,44.5,14.7
2026-06-11T13:00:00,9.379,9.188,22.36,23.26,1.215,1.164,0.3773,0.3397,6.389,5.489,2233.1,1.634,0.0555,44.7,14.7
2026-06-11T14:00:00,9.477,9.075,23.35,24.63,1.223,1.158,0.3494,0.3507,6.026,5.472,2242.1,1.639,0.0555,44.8,14.8
2026-06-11T15:00:00,9.051,8.849,23.57,24.70,1.222,1.164,0.3964,0.3500,5.953,5.473,2251.0,1.643,0.0559,45.0,14.9
2026-06-11T16:00:00,9.232,9.069,23.74,24.55,1.218,1.158,0.3433,0.3550,6.104,5.361,2260.0,1.650,0.0559,45.2,14.9
2026-06-11T17:00:00,9.531,9.273,22.73,23.38,1.216,1.157,0.3539,0.3626,6.166,5.427,2269.3,1.656,0.0559,45.4,15.0
2026-06-11T18:00:00,9.192,8.927,22.42,23.49,1.182,1.116,0.3862,0.3523,5.783,5.468,2278.2,1.659,0.0562,45.6,15.0
2026-06-11T19:00:00,9.460,9.217,21.77,22.54,1.186,1.135,0.3824,0.3521,6.325,5.417,2287.5,1.668,0.0565,45.7,15.1
2026-06-11T20:00:00,9.119,8.833,22.58,23.66,1.222,1.171,0.3743,0.3522,6.454,5.549,2296.3,1.676,0.0567,45.9,15.2
2026-06-11T21:00:00,8.941,8.622,21.28,22.52,1.173,1.115,0.3769,0.3611,6.157,5.511,2304.9,1.681,0.0568,46.1,15.2
2026-06-11T22:00:00,8.631,8.407,21.38,22.40,1.165,1.114,0.3833,0.3579,5.568,5.473,2313.3,1.682,0.0570,46.3,15.3
2026-06-11T23:00:00,8.501,8.160,19.63,20.60,1.164,1.110,0.3760,0.3610,5.906,5.364,2321.5,1.686,0.0572,46.4,15.3
2026-06-12T00:00:00,8.863,8.652,19.80,20.47,1.139,1.084,0.3759,0.3467,6.119,5.616,2330.1,1.691,0.0574,46.6,15.4
2026-06-12T01:00:00,8.355,8.150,19.76,20.37,1.146,1.095,0.3338,0.3540,6.504,5.278,2338.3,1.701,0.0574,46.8,15.4
2026-06-12T02:00:00,8.459,8.252,19.20,19.74,1.175,1.124,0.3940,0.3518,6.146,5.623,2346.5,1.705,0.0578,46.9,15.5
2026-06-12T03:00:00,8.715,8.405,19.13,19.90,1.178,1.118,0.4157,0.3573,5.958,5.612,2354.9,1.708,0.0583,47.1,15.5
2026-06-12T04:00:00,8.470,8.264,19.87,20.06,1.126,1.075,0.3827,0.3471,5.962,5.662,2363.2,1.710,0.0586,47.3,15.6
2026-06-12T05:00:00,8.331,7.992,19.43,19.97,1.130,1.073,0.4090,0.3673,6.083,5.483,2371.2,1.715,0.0589,47.4,15.6
2026-06-12T06:00:00,8.371,8.138,19.97,20.86,1.134,1.081,0.3805,0.3411,6.455,5.443,2379.3,1.724,0.0592,47.6,15.7
2026-06-12T07:00:00,8.969,8.921,19.82,20.95,1.154,1.095,0.3463,0.3425,6.506,5.261,2388.3,1.735,0.0592,47.8,15.8
2026-06-12T08:00:00,8.776,8.582,20.52,21.73,1.155,1.099,0.4011,0.3570,6.569,5.398,2396.8,1.745,0.0596,47.9,15.8
2026-06-12T09:00:00,9.412,9.232,21.87,22.33,1.185,1.123,0.3267,0.3565,6.256,5.542,2406.1,1.751,0.0596,48.1,15.9
2026-06-12T10:00:00,9.211,8.917,21.79,22.79,1.190,1.136,0.3981,0.3569,5.631,5.505,2415.0,1.752,0.0600,48.3,15.9
2026-06-12T11:00:00,9.378,9.191,21.96,22.77,1.166,1.109,0.3739,0.3539,5.809,5.633,2424.2,1.754,0.0602,48.5,16.0
2026-06-12T12:00:00,9.121,8.918,23.19,24.24,1.206,1.154,0.4037,0.3529,6.400,5.548,2433.1,1.762,0.0606,48.7,16.1
2026-06-12T13:00:00,9.600,9.381,22.89,23.69,1.246,1.190,0.3740,0.3543,6.454,5.484,2442.5,1.771,0.0608,48.8,16.1
2026-06-12T14:00:00,9.667,9.539,23.11,24.16,1.207,1.147,0.3751,0.3691,5.973,5.490,2452.0,1.775,0.0609,49.0,16.2
2026-06-12T15:00:00,9.399,9.246,23.39,24.59,1.205,1.147,0.4148,0.3532,6.436,5.530,2461.3,1.784,0.0614,49.2,16.2
2026-06-12T16:00:00,9.829,9.474,23.10,24.05,1.236,1.171,0.3661,0.3403,6.003,5.503,2470.7,1.788,0.0617,49.4,16.3
2026-06-12T17:00:00,9.812,9.495,23.19,23.86,1.221,1.171,0.3431,0.3606,6.040,5.734,2480.2,1.791,0.0617,49.6,16.4
2026-06-12T18:00:00,9.284,9.079,22.15,22.68,1.206,1.152,0.3788,0.3550,6.348,5.374,2489.3,1.800,0.0619,49.8,16.4
2026-06-12T19:00:00,9.144,8.886,22.30,23.16,1.201,1.147,0.3786,0.3522,6.229,5.403,2498.2,1.807,0.0621,50.0,16.5
2026-06-12T20:00:00,8.633,8.360,22.65,23.31,1.188,1.129,0.3603,0.3687,6.849,5.269,2506.6,1.821,0.0621,50.1,16.5
2026-06-12T21:00:00,9.070,8.920,20.92,21.35,1.173,1.118,0.3668,0.3603,6.252,5.706,2515.5,1.826,0.0622,50.3,16.6
2026-06-12T22:00:00,9.416,9.087,20.46,21.25,1.182,1.123,0.3735,0.3453,6.156,5.676,2524.6,1.830,0.0624,50.5,16.7
2026-06-12T23:00:00,8.842,8.605,19.98,20.64,1.170,1.112,0.3578,0.3645,6.599,5.235,2533.2,1.842,0.0624,50.7,16.7
2026-06-13T00:00:00,9.005,8.768,19.46,20.21,1.175,1.119,0.3661,0.3493,5.963,5.385,2541.9,1.847,0.0626,50.8,16.8
2026-06-13T01:00:00,8.091,7.842,19.93,20.83,1.125,1.069,0.3789,0.3412,6.226,5.342,2549.8,1.854,0.0629,51.0,16.8
2026-06-13T02:00:00,7.879,7.697,18.70,19.61,1.149,1.098,0.4011,0.3593,6.845,5.256,2557.5,1.866,0.0632,51.1,16.9
2026-06-13T03:00:00,8.701,8.490,18.69,19.57,1.130,1.079,0.4131,0.3394,6.070,5.634,2566.0,1.870,0.0638,51.3,16.9
2026-06-13T04:00:00,8.770,8.577,18.23,18.93,1.135,1.084,0.3695,0.3620,6.355,5.527,2574.5,1.877,0.0639,51.5,17.0
2026-06-13T05:00:00,8.422,8.270,19.01,20.06,1.147,1.085,0.3847,0.3661,6.898,5.283,2582.8,1.890,0.0641,51.7,17.0
2026-06-13T06:00:00,8.355,8.082,20.56,21.88,1.138,1.080,0.3527,0.3568,6.647,5.425,2590.9,1.900,0.0641,51.8,17.1
2026-06-13T07:00:00,9.262,9.015,20.59,21.52,1.166,1.115,0.3679,0.3598,6.261,5.428,2599.9,1.907,0.0641,52.0,17.2
2026-06-13T08:00:00,9.166,9.099,21.36,22.24,1.155,1.100,0.3405,0.3602,6.689,5.559,2609.0,1.918,0.0641,52.2,17.2
2026-06-13T09:00:00,9.213,8.880,21.41,22.52,1.171,1.108,0.3898,0.3547,6.639,5.677,2617.9,1.926,0.0644,52.4,17.3
2026-06-13T10:00:00,9.111,9.037,21.37,21.93,1.182,1.125,0.3901,0.3397,6.981,5.681,2626.9,1.938,0.0649,52.5,17.3
2026-06-13T11:00:00,9.761,9.500,22.88,24.03,1.218,1.166,0.3693,0.3600,6.379,5.328,2636.4,1.948,0.0650,52.7,17.4
2026-06-13T12:00:00,8.969,8.704,22.76,23.62,1.201,1.150,0.3586,0.3607,5.975,5.342,2645.1,1.953,0.0650,52.9,17.5
2026-06-13T13:00:00,9.492,9.365,22.74,23.92,1.231,1.179,0.3839,0.3582,5.823,5.457,2654.5,1.957,0.0652,53.1,17.5
2026-06-13T14:00:00,9.379,9.286,22.43,23.21,1.219,1.163,0.4014,0.3385,6.162,5.511,2663.8,1.963,0.0658,53.3,17.6
2026-06-13T15:00:00,10.338,10.045,23.08,24.09,1.243,1.189,0.3730,0.3702,6.286,5.375,2673.8,1.972,0.0658,53.5,17.6
2026-06-13T16:00:00,9.671,9.576,22.83,23.68,1.186,1.125,0.3884,0.3389,5.336,5.249,2683.4,1.973,0.0663,53.7,17.7
2026-06-13T17:00:00,9.072,8.861,23.64,24.34,1.201,1.143,0.3643,0.3643,6.604,5.393,2692.3,1.984,0.0663,53.8,17.8
2026-06-13T18:00:00,8.979,8.870,22.72,23.87,1.207,1.152,0.3985,0.3490,6.856,5.419,2701.1,1.996,0.0667,54.0,17.8
2026-06-13T19:00:00,9.028,8.782,21.78,21.91,1.183,1.129,0.4118,0.3589,5.696,5.307,2709.9,2.000,0.0672,54.2,17.9
2026-06-13T20:00:00,9.170,8.920,21.05,22.12,1.191,1.141,0.3471,0.3560,5.835,5.174,2718.8,2.006,0.0672,54.4,17.9
2026-06-13T21:00:00,9.406,9.266,21.09,21.85,1.168,1.110,0.3577,0.3588,5.990,5.443,2728.1,2.011,0.0672,54.6,18.0
2026-06-13T22:00:00,8.387,8.210,20.49,21.13,1.160,1.104,0.3897,0.3529,6.097,5.458,2736.3,2.016,0.0675,54.7,18.1
2026-06-13T23:00:00,8.761,8.534,19.85,20.54,1.151,1.092,0.3786,0.3469,6.083,5.497,2744.8,2.021,0.0678,54.9,18.1
2026-06-14T00:00:00,8.513,8.261,20.08,20.86,1.188,1.131,0.3904,0.3477,6.417,5.340,2753.1,2.030,0.0681,55.1,18.2
2026-06-14T01:00:00,8.275,8.039,19.11,19.92,1.140,1.085,0.3276,0.3564,6.617,5.422,2761.1,2.040,0.0681,55.2,18.2
2026-06-14T02:00:00,7.955,7.798,19.06,19.56,1.145,1.091,0.3682,0.3555,5.582,5.643,2768.9,2.040,0.0682,55.4,18.3
2026-06-14T03:00:00,8.620,8.285,18.62,19.15,1.151,1.099,0.3630,0.3538,5.921,5.505,2777.2,2.043,0.0683,55.5,18.3
2026-06-14T04:00:00,8.589,8.408,19.03,20.32,1.174,1.120,0.3491,0.3594,6.082,5.466,2785.6,2.048,0.0683,55.7,18.4
2026-06-14T05:00:00,8.149,8.026,19.31,20.08,1.160,1.105,0.3829,0.3579,6.372,5.333,2793.7,2.057,0.0685,55.9,18.4
2026-06-14T06:00:00,8.462,8.276,19.90,20.60,1.153,1.102,0.3786,0.3561,6.410,5.475,2801.9,2.064,0.0687,56.0,18.5
2026-06-14T07:00:00,8.999,8.751,19.95,20.50,1.149,1.093,0.3906,0.3537,6.383,5.463,2810.7,2.072,0.0690,56.2,18.6
2026-06-14T08:00:00,8.727,8.547,20.62,21.67,1.141,1.087,0.3612,0.3582,5.893,5.248,2819.2,2.078,0.0690,56.4,18.6
2026-06-14T09:00:00,9.187,8.805,21.26,21.77,1.215,1.158,0.3746,0.3409,6.402,5.594,2828.0,2.085,0.0693,56.6,18.7
2026-06-14T10:00:00,8.864,8.744,21.90,22.42,1.186,1.125,0.3988,0.3432,5.598,5.570,2836.8,2.085,0.0698,56.7,18.7
2026-06-14T11:00:00,9.245,9.019,22.32,23.31,1.181,1.123,0.3904,0.3635,6.132,5.309,2845.8,2.093,0.0701,56.9,18.8
2026-06-14T12:00:00,9.738,9.363,22.92,23.64,1.218,1.164,0.3632,0.3483,6.525,5.478,2855.2,2.102,0.0702,57.1,18.8
2026-06-14T13:00:00,9.143,8.947,22.31,23.34,1.243,1.188,0.3644,0.3488,6.052,5.452,2864.1,2.108,0.0704,57.3,18.9
2026-06-14T14:00:00,9.187,8.992,22.68,23.75,1.269,1.214,0.3581,0.3487,6.078,5.663,2873.1,2.112,0.0704,57.5,19.0
2026-06-14T15:00:00,9.974,9.857,23.39,24.00,1.187,1.136,0.3906,0.3549,6.057,5.502,2883.0,2.117,0.0708,57.7,19.0
2026-06-14T16:00:00,9.506,9.411,23.08,24.22,1.230,1.177,0.3895,0.3556,6.072,5.428,2892.4,2.123,0.0711,57.8,19.1
2026-06-14T17:00:00,9.537,9.189,22.63,23.45,1.206,1.148,0.4032,0.3494,6.429,5.291,2901.6,2.134,0.0716,58.0,19.2
2026-06-14T18:00:00,9.723,9.369,22.66,23.47,1.196,1.131,0.3878,0.3589,6.613,5.653,2910.9,2.142,0.0719,58.2,19.2
2026-06-14T19:00:00,9.358,9.204,22.59,23.24,1.183,1.112,0.3893,0.3533,6.696,5.311,2920.1,2.155,0.0722,58.4,19.3
2026-06-14T20:00:00,9.123,8.819,22.30,23.19,1.204,1.143,0.3502,0.3480,5.757,5.261,2929.0,2.160,0.0722,58.6,19.3
2026-06-14T21:00:00,9.266,9.066,20.79,21.30,1.179,1.122,0.3834,0.3567,6.759,5.319,2938.0,2.173,0.0725,58.8,19.4
2026-06-14T22:00:00,9.095,8.842,20.51,21.79,1.153,1.095,0.3878,0.3580,6.128,5.464,2946.9,2.179,0.0727,58.9,19.4
2026-06-14T23:00:00,8.826,8.472,19.82,20.01,1.185,1.132,0.3558,0.3534,5.871,5.565,2955.3,2.181,0.0728,59.1,19.5
2026-06-15T00:00:00,8.393,8.260,19.91,20.84,1.119,1.061,0.3704,0.3516,6.635,5.484,2963.6,2.191,0.0729,59.3,19.6
2026-06-15T01:00:00,8.499,8.344,20.24,21.16,1.158,1.093,0.3768,0.3593,5.938,5.262,2971.9,2.196,0.0731,59.4,19.6
2026-06-15T02:00:00,8.688,8.406,19.58,20.61,1.138,1.079,0.3492,0.3477,6.439,5.192,2980.3,2.207,0.0731,59.6,19.7
2026-06-15T03:00:00,8.155,7.933,18.38,18.94,1.134,1.065,0.4013,0.3594,6.670,5.603,2988.3,2.215,0.0734,59.8,19.7
2026-06-15T04:00:00,8.280,8.129,18.99,19.48,1.163,1.107,0.3216,0.3571,6.118,5.635,2996.4,2.219,0.0734,59.9,19.8
2026-06-15T05:00:00,8.555,8.422,19.44,20.38,1.158,1.108,0.3785,0.3544,6.659,5.658,3004.8,2.228,0.0736,60.1,19.8
2026-06-15T06:00:00,9.143,8.854,19.74,20.49,1.115,1.062,0.3773,0.3470,6.541,5.469,3013.7,2.237,0.0739,60.3,19.9
2026-06-15T07:00:00,8.881,8.637,20.11,21.41,1.176,1.123,0.3888,0.3476,6.326,5.351,3022.3,2.245,0.0742,60.4,19.9
2026-06-15T08:00:00,8.665,8.311,19.79,20.51,1.152,1.093,0.4131,0.3544,6.061,5.475,3030.6,2.250,0.0747,60.6,20.0
2026-06-15T09:00:00,9.155,8.877,20.81,21.25,1.211,1.157,0.4040,0.3528,6.648,5.490,3039.5,2.261,0.0752,60.8,20.1
2026-06-15T10:00:00,9.034,8.903,21.27,22.05,1.212,1.153,0.3371,0.3463,5.720,5.303,3048.4,2.264,0.0752,61.0,20.1
2026-06-15T11:00:00,9.406,9.193,21.62,22.57,1.174,1.120,0.3668,0.3485,6.748,5.237,3057.6,2.278,0.0753,61.2,20.2
2026-06-15T12:00:00,9.211,8.905,22.05,22.97,1.203,1.150,0.4278,0.3571,6.079,5.349,3066.5,2.285,0.0760,61.3,20.2
2026-06-15T13:00:00,10.390,10.051,22.15,22.87,1.204,1.139,0.3625,0.3430,6.606,5.398,3076.6,2.297,0.0762,61.5,20.3
2026-06-15T14:00:00,9.364,9.103,22.59,22.74,1.227,1.166,0.3400,0.3522,5.744,5.509,3085.7,2.299,0.0762,61.7,20.4
2026-06-15T15:00:00,10.113,9.841,22.49,23.25,1.215,1.149,0.3610,0.3379,5.853,5.547,3095.5,2.302,0.0764,61.9,20.4
2026-06-15T16:00:00,10.046,9.833,22.98,23.71,1.221,1.166,0.3833,0.3591,5.813,5.402,3105.3,2.306,0.0766,62.1,20.5
2026-06-15T17:00:00,9.502,9.305,22.68,23.41,1.207,1.156,0.4009,0.3542,5.983,5.271,3114.6,2.313,0.0771,62.3,20.6
2026-06-15T18:00:00,9.759,9.536,22.46,23.01,1.214,1.159,0.3562,0.3537,6.182,5.359,3124.2,2.321,0.0771,62.5,20.6
2026-06-15T19:00:00,9.288,8.886,21.39,22.29,1.203,1.139,0.3849,0.3691,5.856,5.365,3133.1,2.325,0.0772,62.7,20.7
2026-06-15T20:00:00,9.504,9.385,21.46,22.58,1.177,1.114,0.3561,0.3507,6.003,5.490,3142.4,2.330,0.0773,62.8,20.7
2026-06-15T21:00:00,9.170,9.086,20.62,21.15,1.179,1.125,0.3956,0.3459,6.120,5.396,3151.5,2.336,0.0777,63.0,20.8
2026-06-15T22:00:00,9.040,8.874,20.65,21.53,1.185,1.122,0.3666,0.3438,6.007,5.504,3160.4,2.341,0.0779,63.2,20.9
2026-06-15T23:00:00,8.401,8.141,20.89,22.15,1.179,1.128,0.3650,0.3401,5.894,5.525,3168.5,2.344,0.0781,63.4,20.9
2026-06-16T00:00:00,8.285,8.131,19.60,20.07,1.153,1.088,0.3624,0.3606,6.495,5.602,3176.7,2.351,0.0781,63.5,21.0
2026-06-16T01:00:00,8.789,8.497,19.21,20.01,1.154,1.104,0.3666,0.3453,6.150,5.327,3185.2,2.358,0.0783,63.7,21.0
2026-06-16T02:00:00,8.869,8.608,18.76,19.54,1.116,1.065,0.3842,0.3493,5.825,5.281,3193.8,2.363,0.0786,63.9,21.1
2026-06-16T03:00:00,8.707,8.445,18.84,19.81,1.129,1.069,0.3426,0.3603,5.740,5.226,3202.2,2.367,0.0786,64.0,21.1
2026-06-16T04:00:00,8.290,8.109,19.26,20.29,1.137,1.086,0.3913,0.3598,6.275,5.373,3210.3,2.374,0.0789,64.2,21.2
2026-06-16T05:00:00,8.908,8.713,19.22,19.86,1.149,1.095,0.3834,0.3583,6.325,5.476,3219.1,2.382,0.0791,64.4,21.2
2026-06-16T06:00:00,8.571,8.337,19.56,20.27,1.159,1.106,0.3873,0.3383,6.002,5.398,3227.4,2.387,0.0795,64.5,21.3
2026-06-16T07:00:00,8.816,8.594,20.10,20.69,1.136,1.084,0.3722,0.3440,6.085,5.337,3236.0,2.393,0.0798,64.7,21.4
2026-06-16T08:00:00,8.829,8.595,20.67,21.90,1.158,1.090,0.4187,0.3525,6.136,5.185,3244.6,2.401,0.0803,64.9,21.4
2026-06-16T09:00:00,8.760,8.515,21.18,22.48,1.143,1.084,0.3706,0.3534,6.900,5.559,3253.1,2.413,0.0805,65.1,21.5
2026-06-16T10:00:00,9.249,9.113,21.06,21.86,1.181,1.124,0.3641,0.3457,5.670,5.412,3262.2,2.415,0.0806,65.2,21.5
2026-06-16T11:00:00,8.930,8.758,21.70,22.44,1.215,1.153,0.3772,0.3536,6.266,5.506,3271.0,2.422,0.0808,65.4,21.6
2026-06-16T12:00:00,9.263,9.001,22.50,23.18,1.232,1.176,0.3878,0.3396,6.808,5.401,3280.0,2.435,0.0813,65.6,21.6
2026-06-16T13:00:00,9.941,9.714,22.79,23.91,1.221,1.161,0.3935,0.3588,6.247,5.445,3289.7,2.442,0.0816,65.8,21.7
2026-06-16T14:00:00,9.114,8.927,22.58,23.39,1.222,1.158,0.3471,0.3410,6.362,5.329,3298.6,2.452,0.0817,66.0,21.8
2026-06-16T15:00:00,9.598,9.372,23.23,24.22,1.231,1.173,0.4063,0.3612,7.089,5.504,3308.0,2.466,0.0821,66.2,21.8
2026-06-16T16:00:00,9.541,9.360,22.53,23.84,1.197,1.143,0.3931,0.3372,6.389,5.135,3317.3,2.478,0.0826,66.3,21.9
2026-06-16T17:00:00,9.739,9.580,22.71,23.50,1.228,1.176,0.3711,0.3518,5.796,5.320,3326.9,2.483,0.0828,66.5,22.0
2026-06-16T18:00:00,9.728,9.569,22.17,22.91,1.196,1.142,0.3408,0.3522,6.423,5.437,3336.5,2.492,0.0828,66.7,22.0
2026-06-16T19:00:00,9.086,8.858,22.15,23.25,1.167,1.111,0.3530,0.3522,5.564,5.486,3345.3,2.493,0.0828,66.9,22.1
2026-06-16T20:00:00,9.187,9.110,21.25,22.24,1.193,1.143,0.4269,0.3556,5.817,5.254,3354.5,2.498,0.0835,67.1,22.1
2026-06-16T21:00:00,9.544,9.457,21.03,21.59,1.185,1.133,0.3553,0.3592,5.989,5.332,3363.9,2.504,0.0835,67.3,22.2
2026-06-16T22:00:00,8.874,8.616,19.92,20.77,1.169,1.100,0.3619,0.3575,5.782,5.478,3372.5,2.507,0.0835,67.5,22.3
2026-06-16T23:00:00,8.380,8.239,20.87,21.77,1.158,1.106,0.3409,0.3682,5.953,5.404,3380.8,2.511,0.0835,67.6,22.3
2026-06-17T00:00:00,8.524,8.421,19.61,20.73,1.140,1.081,0.3978,0.3557,6.228,5.367,3389.2,2.519,0.0838,67.8,22.4
2026-06-17T01:00:00,8.704,8.488,18.94,19.70,1.138,1.083,0.3552,0.3552,5.901,5.265,3397.7,2.524,0.0838,68.0,22.4
2026-06-17T02:00:00,8.509,8.367,18.80,19.45,1.167,1.117,0.3879,0.3463,6.176,5.313,3406.0,2.531,0.0842,68.1,22.5
2026-06-17T03:00:00,8.430,8.283,18.79,19.23,1.134,1.080,0.3700,0.3497,5.829,5.340,3414.3,2.535,0.0844,68.3,22.5
2026-06-17T04:00:00,8.226,8.018,19.21,19.94,1.132,1.077,0.3937,0.3446,6.001,5.377,3422.3,2.540,0.0848,68.4,22.6
2026-06-17T05:00:00,8.130,7.968,18.86,19.88,1.127,1.076,0.3527,0.3459,6.321,5.314,3430.3,2.548,0.0848,68.6,22.6
2026-06-17T06:00:00,8.205,7.979,20.05,20.51,1.140,1.086,0.3969,0.3618,5.967,5.421,3438.3,2.553,0.0851,68.8,22.7
2026-06-17T07:00:00,8.635,8.496,19.50,20.58,1.140,1.089,0.3484,0.3573,6.120,5.256,3446.8,2.560,0.0851,68.9,22.7
2026-06-17T08:00:00,9.092,8.973,21.16,22.04,1.178,1.122,0.3986,0.3482,6.789,5.485,3455.8,2.572,0.0855,69.1,22.8
2026-06-17T09:00:00,9.413,9.077,21.19,22.27,1.155,1.104,0.4084,0.3476,7.067,5.521,3464.8,2.586,0.0861,69.3,22.9
2026-06-17T10:00:00,9.668,9.395,21.27,22.03,1.189,1.133,0.3522,0.3579,6.298,5.394,3474.2,2.594,0.0861,69.5,22.9
2026-06-17T11:00:00,9.657,9.417,22.30,22.98,1.193,1.133,0.4144,0.3492,6.888,5.526,3483.6,2.607,0.0867,69.7,23.0
2026-06-17T12:00:00,8.930,8.720,23.28,24.03,1.199,1.144,0.4276,0.3541,6.537,5.242,3492.4,2.618,0.0873,69.8,23.0
2026-06-17T13:00:00,9.841,9.570,23.03,24.12,1.206,1.140,0.3811,0.3544,5.910,5.438,3501.9,2.623,0.0876,70.0,23.1
2026-06-17T14:00:00,9.543,9.273,23.20,24.24,1.217,1.155,0.4103,0.3540,6.553,5.523,3511.2,2.632,0.0881,70.2,23.2
2026-06-17T15:00:00,10.026,9.577,22.76,23.94,1.243,1.188,0.4136,0.3665,6.273,5.341,3520.8,2.641,0.0886,70.4,23.2
2026-06-17T16:00:00,10.067,9.931,22.70,23.01,1.224,1.173,0.4141,0.3470,5.723,5.198,3530.7,2.646,0.0892,70.6,23.3
2026-06-17T17:00:00,9.454,9.260,22.15,23.19,1.228,1.165,0.4013,0.3625,6.387,5.437,3540.0,2.655,0.0896,70.8,23.4
2026-06-17T18:00:00,9.837,9.644,21.95,22.84,1.188,1.136,0.3853,0.3510,5.913,5.444,3549.6,2.660,0.0899,71.0,23.4
2026-06-17T19:00:00,9.377,9.104,21.85,22.89,1.191,1.134,0.3793,0.3444,6.478,5.356,3558.7,2.670,0.0902,71.2,23.5
2026-06-17T20:00:00,9.551,9.224,22.13,23.01,1.202,1.152,0.3312,0.3575,6.050,5.272,3567.9,2.677,0.0902,71.4,23.5
2026-06-17T21:00:00,9.217,8.932,20.55,21.29,1.177,1.120,0.3810,0.3521,5.773,5.379,3576.9,2.681,0.0905,71.5,23.6
2026-06-17T22:00:00,8.951,8.688,20.63,21.85,1.158,1.098,0.3653,0.3512,6.498,5.252,3585.6,2.691,0.0906,71.7,23.7
2026-06-17T23:00:00,8.793,8.539,20.36,21.20,1.171,1.120,0.4100,0.3530,6.058,5.369,3594.1,2.697,0.0911,71.9,23.7
2026-06-18T00:00:00,8.526,8.262,19.55,20.21,1.156,1.095,0.3562,0.3508,6.111,5.279,3602.4,2.704,0.0912,72.0,23.8
2026-06-18T01:00:00,8.692,8.446,18.77,19.76,1.127,1.061,0.3599,0.3510,6.125,5.426,3610.8,2.710,0.0912,72.2,23.8
2026-06-18T02:00:00,8.845,8.566,18.40,19.23,1.141,1.087,0.3551,0.3499,5.907,5.541,3619.4,2.713,0.0913,72.4,23.9
2026-06-18T03:00:00,8.678,8.517,18.55,19.17,1.139,1.074,0.3939,0.3519,6.371,5.450,3627.9,2.721,0.0916,72.6,23.9
2026-06-18T04:00:00,8.778,8.556,18.38,18.63,1.140,1.084,0.3640,0.3612,5.898,5.298,3636.5,2.726,0.0917,72.7,24.0
2026-06-18T05:00:00,8.786,8.484,18.95,20.02,1.138,1.079,0.3780,0.3582,5.805,5.355,3644.9,2.730,0.0918,72.9,24.1
2026-06-18T06:00:00,8.930,8.641,19.34,20.50,1.153,1.093,0.3701,0.3634,6.388,5.315,3653.6,2.739,0.0919,73.1,24.1
2026-06-18T07:00:00,8.855,8.643,19.28,19.95,1.168,1.113,0.3899,0.3576,6.263,5.260,3662.2,2.748,0.0922,73.2,24.2
2026-06-18T08:00:00,9.221,8.945,20.42,21.51,1.183,1.124,0.3698,0.3469,6.412,5.099,3671.2,2.760,0.0924,73.4,24.2
2026-06-18T09:00:00,9.244,8.948,20.90,21.98,1.170,1.113,0.3959,0.3544,6.018,5.510,3680.1,2.764,0.0927,73.6,24.3
2026-06-18T10:00:00,8.906,8.686,21.32,21.86,1.198,1.140,0.3929,0.3513,6.251,5.159,3688.8,2.774,0.0931,73.8,24.3
2026-06-18T11:00:00,8.703,8.610,21.54,22.35,1.184,1.127,0.3745,0.3445,5.869,5.402,3697.4,2.778,0.0934,73.9,24.4
2026-06-18T12:00:00,9.065,8.827,21.87,22.45,1.219,1.164,0.3577,0.3479,6.028,5.271,3706.2,2.784,0.0934,74.1,24.5
2026-06-18T13:00:00,9.560,9.375,22.88,23.68,1.218,1.160,0.3658,0.3481,6.651,5.286,3715.6,2.797,0.0936,74.3,24.5
2026-06-18T14:00:00,9.792,9.640,22.54,23.33,1.240,1.182,0.3886,0.3587,6.364,5.156,3725.3,2.809,0.0939,74.5,24.6
2026-06-18T15:00:00,9.082,8.763,22.49,23.29,1.228,1.178,0.3953,0.3454,6.370,5.301,3734.0,2.818,0.0943,74.7,24.6
2026-06-18T16:00:00,9.597,9.380,22.85,23.62,1.223,1.168,0.3353,0.3551,6.065,5.470,3743.4,2.824,0.0943,74.9,24.7
2026-06-18T17:00:00,9.576,9.329,22.59,23.46,1.194,1.142,0.3466,0.3432,5.989,5.443,3752.7,2.829,0.0944,75.1,24.8
2026-06-18T18:00:00,9.192,9.117,22.61,23.54,1.226,1.173,0.3650,0.3328,6.270,5.348,3761.8,2.837,0.0947,75.2,24.8
2026-06-18T19:00:00,9.399,9.279,22.07,22.82,1.187,1.136,0.3745,0.3683,6.482,5.309,3771.1,2.848,0.0947,75.4,24.9
2026-06-18T20:00:00,9.206,8.978,21.20,21.73,1.166,1.098,0.3692,0.3443,5.933,5.367,3780.1,2.853,0.0949,75.6,24.9
2026-06-18T21:00:00,9.073,8.721,20.86,21.81,1.164,1.106,0.4153,0.3630,6.071,5.398,3788.8,2.859,0.0954,75.8,25.0
2026-06-18T22:00:00,9.145,8.883,20.31,20.65,1.172,1.118,0.3777,0.3423,6.328,5.421,3797.7,2.867,0.0957,76.0,25.1
2026-06-18T23:00:00,8.913,8.698,20.41,21.00,1.166,1.104,0.4087,0.3426,5.872,5.445,3806.4,2.871,0.0963,76.1,25.1
2026-06-19T00:00:00,8.402,7.971,18.55,19.01,1.170,1.108,0.3854,0.3648,6.267,5.242,3814.4,2.879,0.0965,76.3,25.2
2026-06-19T01:00:00,8.063,7.850,19.11,19.78,1.151,1.095,0.3906,0.3492,6.008,5.324,3822.2,2.885,0.0968,76.4,25.2
2026-06-19T02:00:00,8.819,8.600,18.83,19.81,1.138,1.084,0.3904,0.3580,5.898,5.412,3830.8,2.889,0.0971,76.6,25.3
2026-06-19T03:00:00,8.620,8.398,19.55,20.37,1.151,1.100,0.3992,0.3440,6.157,5.412,3839.2,2.895,0.0975,76.8,25.3
2026-06-19T04:00:00,8.594,8.285,19.27,20.11,1.161,1.104,0.4156,0.3432,6.242,5.375,3847.5,2.902,0.0981,77.0,25.4
2026-06-19T05:00:00,8.397,8.045,19.37,20.14,1.140,1.078,0.3826,0.3502,6.614,5.427,3855.5,2.912,0.0984,77.1,25.4
2026-06-19T06:00:00,9.010,8.737,19.17,19.47,1.157,1.104,0.3940,0.3643,6.353,5.506,3864.3,2.919,0.0986,77.3,25.5
2026-06-19T07:00:00,8.723,8.491,18.89,19.57,1.152,1.101,0.3736,0.3501,5.849,5.507,3872.8,2.922,0.0988,77.5,25.6
2026-06-19T08:00:00,9.011,8.829,20.04,20.93,1.166,1.114,0.4017,0.3540,6.245,5.207,3881.6,2.931,0.0993,77.6,25.6
2026-06-19T09:00:00,9.424,9.068,20.92,22.13,1.162,1.112,0.3981,0.3606,6.392,5.148,3890.7,2.942,0.0996,77.8,25.7
2026-06-19T10:00:00,8.765,8.509,21.74,22.68,1.165,1.111,0.4106,0.3634,6.244,5.392,3899.2,2.950,0.1000,78.0,25.7
2026-06-19T11:00:00,9.075,8.847,21.69,22.53,1.196,1.132,0.4025,0.3418,5.905,5.229,3908.0,2.956,0.1005,78.2,25.8
2026-06-19T12:00:00,9.359,8.996,22.51,23.24,1.207,1.146,0.3725,0.3415,6.200,5.348,3917.0,2.963,0.1008,78.3,25.9
2026-06-19T13:00:00,10.070,9.935,22.71,23.55,1.204,1.153,0.3712,0.3484,5.939,5.255,3927.0,2.970,0.1010,78.5,25.9
2026-06-19T14:00:00,8.942,8.722,23.11,23.82,1.218,1.168,0.3693,0.3572,5.809,5.482,3935.7,2.973,0.1012,78.7,26.0
2026-06-19T15:00:00,9.350,9.033,22.60,23.22,1.211,1.161,0.4038,0.3581,6.273,5.185,3944.7,2.983,0.1016,78.9,26.0
2026-06-19T16:00:00,9.672,9.469,22.71,23.53,1.228,1.166,0.3714,0.3505,5.950,5.332,3954.2,2.989,0.1018,79.1,26.1
2026-06-19T17:00:00,9.847,9.601,22.46,22.98,1.206,1.155,0.3749,0.3495,6.162,5.361,3963.8,2.996,0.1020,79.3,26.2
2026-06-19T18:00:00,9.536,9.406,22.69,23.53,1.238,1.183,0.3824,0.3483,6.148,5.434,3973.2,3.003,0.1023,79.5,26.2
2026-06-19T19:00:00,9.246,9.035,21.75,22.61,1.203,1.148,0.3698,0.3361,5.667,5.303,3982.2,3.006,0.1026,79.6,26.3
2026-06-19T20:00:00,9.420,9.271,21.76,22.57,1.189,1.133,0.3826,0.3551,6.576,5.376,3991.5,3.017,0.1029,79.8,26.3
2026-06-19T21:00:00,8.896,8.620,20.69,21.62,1.183,1.132,0.3897,0.3538,6.138,5.389,4000.1,3.024,0.1032,80.0,26.4
2026-06-19T22:00:00,8.446,8.249,20.81,21.55,1.139,1.089,0.3810,0.3566,6.673,5.493,4008.4,3.034,0.1034,80.2,26.5
2026-06-19T23:00:00,9.128,8.905,20.37,21.34,1.153,1.091,0.3931,0.3586,6.345,5.442,4017.3,3.042,0.1037,80.3,26.5
2026-06-20T00:00:00,8.620,8.344,19.03,19.81,1.176,1.122,0.3876,0.3501,6.504,5.053,4025.6,3.054,0.1040,80.5,26.6
2026-06-20T01:00:00,8.163,8.054,18.63,19.36,1.122,1.065,0.3777,0.3323,6.328,5.345,4033.7,3.062,0.1044,80.7,26.6
2026-06-20T02:00:00,8.815,8.631,18.39,19.10,1.138,1.081,0.3601,0.3582,6.187,5.172,4042.3,3.071,0.1044,80.8,26.7
2026-06-20T03:00:00,8.006,7.857,18.67,19.39,1.116,1.057,0.4163,0.3562,6.703,5.185,4050.2,3.082,0.1049,81.0,26.7
2026-06-20T04:00:00,8.631,8.394,18.98,19.73,1.147,1.097,0.4109,0.3552,6.131,5.336,4058.6,3.089,0.1053,81.2,26.8
2026-06-20T05:00:00,8.272,8.113,19.37,20.47,1.127,1.066,0.3949,0.3459,6.633,5.145,4066.7,3.101,0.1057,81.3,26.8
2026-06-20T06:00:00,8.009,7.831,19.51,19.99,1.152,1.085,0.3788,0.3535,5.915,5.222,4074.5,3.107,0.1059,81.5,26.9
2026-06-20T07:00:00,7.583,7.360,20.11,21.26,1.168,1.115,0.3834,0.3547,6.261,5.311,4081.9,3.114,0.1061,81.6,26.9
2026-06-20T08:00:00,8.345,8.089,20.12,20.99,1.203,1.145,0.3675,0.3559,6.074,5.351,4089.9,3.119,0.1062,81.8,27.0
2026-06-20T09:00:00,8.835,8.651,21.15,22.02,1.172,1.117,0.4060,0.3442,6.400,5.049,4098.6,3.131,0.1068,82.0,27.1
2026-06-20T10:00:00,8.891,8.613,20.71,21.60,1.185,1.127,0.3778,0.3532,6.210,5.231,4107.2,3.140,0.1070,82.1,27.1
2026-06-20T11:00:00,9.025,8.603,21.77,22.41,1.180,1.119,0.3641,0.3560,6.085,5.261,4115.8,3.147,0.1071,82.3,27.2
2026-06-20T12:00:00,9.563,9.272,22.34,22.99,1.219,1.169,0.4022,0.3456,6.839,5.332,4125.1,3.161,0.1076,82.5,27.2
2026-06-20T13:00:00,9.133,8.812,22.05,23.01,1.179,1.116,0.3440,0.3460,6.574,5.250,4133.9,3.172,0.1076,82.7,27.3
2026-06-20T14:00:00,9.519,9.284,22.97,23.60,1.220,1.163,0.3714,0.3516,6.012,5.448,4143.2,3.178,0.1078,82.9,27.3
2026-06-20T15:00:00,9.479,9.158,22.86,24.10,1.230,1.176,0.3803,0.3481,6.075,5.110,4152.3,3.186,0.1081,83.0,27.4
2026-06-20T16:00:00,9.450,9.192,23.37,24.17,1.200,1.142,0.4474,0.3510,6.362,5.429,4161.5,3.195,0.1089,83.2,27.5
2026-06-20T17:00:00,9.701,9.434,22.70,23.50,1.208,1.157,0.3909,0.3422,6.023,5.457,4171.0,3.200,0.1094,83.4,27.5
2026-06-20T18:00:00,9.465,9.209,22.49,23.54,1.204,1.133,0.3789,0.3369,6.079,5.639,4180.2,3.204,0.1098,83.6,27.6
2026-06-20T19:00:00,9.270,9.067,21.61,22.29,1.197,1.146,0.4124,0.3610,5.971,5.259,4189.2,3.211,0.1103,83.8,27.6
2026-06-20T20:00:00,9.318,9.092,21.62,21.78,1.167,1.110,0.3611,0.3398,5.564,5.081,4198.3,3.215,0.1105,84.0,27.7
2026-06-20T21:00:00,9.097,8.809,20.96,22.01,1.182,1.116,0.3803,0.3463,6.065,5.206,4207.1,3.223,0.1108,84.1,27.8
2026-06-20T22:00:00,9.069,8.802,19.64,20.25,1.165,1.110,0.3996,0.3622,6.168,5.289,4215.9,3.230,0.1111,84.3,27.8
2026-06-20T23:00:00,8.916,8.651,19.76,20.23,1.150,1.088,0.3914,0.3433,5.821,5.328,4224.6,3.235,0.1115,84.5,27.9
2026-06-21T00:00:00,8.379,8.213,18.70,19.48,1.136,1.066,0.3627,0.3421,6.103,5.251,4232.8,3.242,0.1117,84.7,27.9
2026-06-21T01:00:00,8.639,8.437,18.71,19.03,1.143,1.077,0.4080,0.3636,5.469,5.111,4241.2,3.245,0.1120,84.8,28.0
2026-06-21T02:00:00,8.142,7.925,19.69,20.41,1.123,1.066,0.3913,0.3358,5.894,5.493,4249.2,3.248,0.1125,85.0,28.0
2026-06-21T03:00:00,8.164,7.896,18.61,19.37,1.146,1.090,0.3733,0.3430,6.360,5.241,4257.1,3.257,0.1127,85.1,28.1
2026-06-21T04:00:00,8.297,8.005,18.81,19.52,1.152,1.098,0.3855,0.3496,6.176,5.446,4265.1,3.263,0.1130,85.3,28.1
2026-06-21T05:00:00,8.150,7.983,19.30,19.86,1.124,1.070,0.3592,0.3355,6.662,5.231,4273.1,3.274,0.1132,85.5,28.2
2026-06-21T06:00:00,8.706,8.501,19.27,20.49,1.137,1.082,0.3599,0.3508,5.963,5.494,4281.6,3.278,0.1133,85.6,28.3
2026-06-21T07:00:00,8.637,8.462,19.40,20.04,1.173,1.111,0.3633,0.3457,5.985,5.224,4290.0,3.284,0.1134,85.8,28.3
2026-06-21T08:00:00,8.979,8.868,20.08,20.89,1.163,1.108,0.3858,0.3451,6.759,5.364,4298.9,3.297,0.1138,86.0,28.4
2026-06-21T09:00:00,8.539,8.340,20.54,21.34,1.170,1.104,0.4244,0.3418,6.176,5.261,4307.2,3.304,0.1145,86.1,28.4
2026-06-21T10:00:00,9.103,8.999,22.27,23.17,1.178,1.120,0.3934,0.3514,6.460,5.297,4316.2,3.315,0.1149,86.3,28.5
2026-06-21T11:00:00,9.170,8.820,21.90,22.56,1.166,1.108,0.4001,0.3504,5.974,5.252,4325.0,3.321,0.1153,86.5,28.5
2026-06-21T12:00:00,9.850,9.625,22.20,22.81,1.212,1.149,0.3674,0.3458,6.164,5.463,4334.7,3.328,0.1155,86.7,28.6
2026-06-21T13:00:00,10.037,9.815,22.81,23.38,1.201,1.138,0.3780,0.3494,5.856,5.159,4344.5,3.335,0.1158,86.9,28.7
2026-06-21T14:00:00,9.446,9.278,22.41,23.20,1.208,1.157,0.3817,0.3344,6.337,5.385,4353.8,3.344,0.1162,87.1,28.7
2026-06-21T15:00:00,9.517,9.129,23.63,24.00,1.222,1.163,0.3681,0.3533,6.182,5.334,4362.9,3.351,0.1164,87.3,28.8
2026-06-21T16:00:00,9.523,9.381,22.84,22.89,1.238,1.188,0.3958,0.3414,6.092,5.275,4372.3,3.359,0.1169,87.4,28.9
2026-06-21T17:00:00,9.966,9.843,21.98,23.36,1.199,1.145,0.3756,0.3391,6.403,5.569,4382.1,3.367,0.1172,87.6,28.9
2026-06-21T18:00:00,9.475,9.169,22.20,22.82,1.197,1.140,0.3645,0.3511,6.381,5.129,4391.3,3.379,0.1173,87.8,29.0
2026-06-21T19:00:00,9.337,9.111,21.21,21.69,1.215,1.154,0.4247,0.3397,6.170,5.220,4400.4,3.388,0.1181,88.0,29.0
2026-06-21T20:00:00,9.185,8.915,20.46,21.33,1.180,1.117,0.3939,0.3501,6.197,5.302,4409.3,3.395,0.1185,88.2,29.1
2026-06-21T21:00:00,8.732,8.471,19.84,20.67,1.205,1.150,0.4167,0.3492,6.055,5.370,4417.8,3.401,0.1191,88.4,29.2
2026-06-21T22:00:00,8.908,8.646,19.99,21.01,1.171,1.113,0.4010,0.3512,5.686,5.261,4426.4,3.405,0.1195,88.5,29.2
2026-06-21T23:00:00,8.933,8.724,20.00,20.68,1.160,1.103,0.3593,0.3404,6.020,5.360,4435.2,3.411,0.1197,88.7,29.3
2026-06-22T00:00:00,8.164,7.949,19.63,20.42,1.170,1.112,0.4140,0.3446,6.641,5.204,4443.1,3.422,0.1202,88.9,29.3
2026-06-22T01:00:00,8.576,8.441,19.34,19.97,1.155,1.090,0.4099,0.3544,6.065,5.150,4451.5,3.430,0.1207,89.0,29.4
2026-06-22T02:00:00,8.518,8.359,18.35,19.07,1.125,1.070,0.4394,0.3528,6.139,5.350,4459.9,3.436,0.1214,89.2,29.4
2026-06-22T03:00:00,8.256,8.035,18.99,19.68,1.108,1.048,0.4209,0.3571,6.318,5.271,4467.9,3.445,0.1219,89.4,29.5
2026-06-22T04:00:00,8.656,8.358,18.69,19.29,1.132,1.070,0.3816,0.3447,6.430,5.095,4476.3,3.456,0.1222,89.5,29.5
2026-06-22T05:00:00,8.839,8.577,18.45,19.03,1.140,1.089,0.3706,0.3425,5.982,5.192,4484.9,3.463,0.1225,89.7,29.6
2026-06-22T06:00:00,8.269,8.046,19.66,20.56,1.165,1.107,0.4068,0.3506,6.227,5.389,4492.9,3.470,0.1229,89.9,29.7
2026-06-22T07:00:00,8.667,8.503,19.76,20.60,1.157,1.103,0.3869,0.3462,6.591,5.266,4501.4,3.481,0.1233,90.0,29.7
2026-06-22T08:00:00,8.994,8.853,20.65,21.47,1.181,1.127,0.3701,0.3436,5.980,5.260,4510.3,3.487,0.1235,90.2,29.8
2026-06-22T09:00:00,9.276,9.129,21.19,21.83,1.180,1.120,0.4135,0.3567,6.333,5.258,4519.4,3.497,0.1240,90.4,29.8
2026-06-22T10:00:00,9.321,8.955,21.41,22.35,1.194,1.139,0.3304,0.3426,6.323,5.337,4528.4,3.506,0.1240,90.6,29.9
2026-06-22T11:00:00,9.522,9.251,22.08,23.09,1.223,1.162,0.3641,0.3448,6.209,5.435,4537.6,3.513,0.1242,90.8,29.9
2026-06-22T12:00:00,9.671,9.336,21.84,22.51,1.245,1.192,0.3581,0.3546,6.151,5.081,4546.9,3.523,0.1243,90.9,30.0
2026-06-22T13:00:00,9.971,9.644,22.16,23.19,1.197,1.146,0.3823,0.3413,6.272,5.342,4556.6,3.532,0.1246,91.1,30.1
2026-06-22T14:00:00,9.725,9.425,22.66,23.32,1.195,1.141,0.3852,0.3423,6.422,5.308,4566.0,3.542,0.1251,91.3,30.1
2026-06-22T15:00:00,8.956,8.682,22.84,23.49,1.236,1.180,0.3507,0.3399,6.670,5.254,4574.7,3.555,0.1251,91.5,30.2
2026-06-22T16:00:00,9.420,9.196,22.35,23.07,1.225,1.164,0.3669,0.3469,5.840,5.245,4583.9,3.560,0.1253,91.7,30.3
2026-06-22T17:00:00,9.721,9.387,22.47,22.70,1.213,1.158,0.3584,0.3541,5.943,5.257,4593.3,3.567,0.1254,91.9,30.3
2026-06-22T18:00:00,9.687,9.506,21.52,22.36,1.211,1.149,0.3812,0.3334,6.203,5.357,4602.8,3.575,0.1258,92.1,30.4
2026-06-22T19:00:00,9.532,9.255,22.26,23.21,1.189,1.120,0.3712,0.3407,6.250,5.416,4612.0,3.582,0.1261,92.2,30.4
2026-06-22T20:00:00,9.515,9.210,22.01,22.93,1.213,1.153,0.3801,0.3469,6.211,5.491,4621.2,3.589,0.1264,92.4,30.5
2026-06-22T21:00:00,8.820,8.569,21.00,21.61,1.179,1.126,0.3897,0.3441,6.439,5.227,4629.8,3.599,0.1268,92.6,30.6
2026-06-22T22:00:00,8.676,8.396,19.52,20.34,1.211,1.153,0.3839,0.3551,6.018,5.149,4638.2,3.607,0.1270,92.8,30.6
2026-06-22T23:00:00,9.007,8.806,19.16,19.67,1.150,1.096,0.3934,0.3535,6.484,5.232,4647.0,3.618,0.1274,92.9,30.7
2026-06-23T00:00:00,8.858,8.596,18.29,18.78,1.152,1.094,0.3975,0.3554,6.286,5.488,4655.6,3.625,0.1278,93.1,30.7
2026-06-23T01:00:00,8.380,8.180,18.87,19.86,1.160,1.108,0.4019,0.3426,6.590,5.396,4663.8,3.634,0.1282,93.3,30.8
2026-06-23T02:00:00,8.152,8.002,17.95,18.92,1.128,1.074,0.3605,0.3407,5.530,5.344,4671.8,3.636,0.1284,93.4,30.8
2026-06-23T03:00:00,7.824,7.641,18.50,19.22,1.123,1.067,0.4066,0.3488,6.195,5.300,4679.4,3.643,0.1288,93.6,30.9
2026-06-23T04:00:00,8.290,8.084,18.61,19.58,1.140,1.084,0.4029,0.3572,5.866,5.057,4687.5,3.649,0.1292,93.8,30.9
2026-06-23T05:00:00,8.768,8.494,18.60,19.38,1.158,1.105,0.4033,0.3517,5.785,5.262,4696.0,3.654,0.1297,93.9,31.0
2026-06-23T06:00:00,8.971,8.740,18.65,19.55,1.147,1.092,0.3832,0.3540,6.037,5.148,4704.8,3.661,0.1299,94.1,31.1
2026-06-23T07:00:00,8.446,8.259,19.06,19.70,1.162,1.105,0.3677,0.3644,5.721,5.196,4713.0,3.666,0.1299,94.3,31.1
2026-06-23T08:00:00,8.768,8.606,20.35,21.35,1.159,1.109,0.3672,0.3437,5.883,5.327,4721.6,3.671,0.1301,94.4,31.2
2026-06-23T09:00:00,9.374,9.130,20.38,21.37,1.159,1.089,0.3974,0.3422,6.278,5.154,4730.8,3.681,0.1306,94.6,31.2
2026-06-23T10:00:00,9.246,9.035,20.61,21.84,1.190,1.135,0.3546,0.3396,6.606,5.300,4739.8,3.693,0.1308,94.8,31.3
2026-06-23T11:00:00,9.655,9.461,21.42,22.35,1.190,1.127,0.3776,0.3528,6.563,5.292,4749.2,3.705,0.1310,95.0,31.3
2026-06-23T12:00:00,9.323,8.982,21.58,22.30,1.217,1.152,0.3631,0.3615,6.608,5.234,4758.2,3.717,0.1310,95.2,31.4
2026-06-23T13:00:00,9.425,9.145,22.10,22.78,1.236,1.175,0.3898,0.3504,5.734,5.266,4767.4,3.721,0.1314,95.3,31.5
2026-06-23T14:00:00,9.415,9.216,21.99,22.45,1.230,1.174,0.4351,0.3390,6.549,5.302,4776.6,3.733,0.1323,95.5,31.5
2026-06-23T15:00:00,9.577,9.372,22.66,23.01,1.214,1.163,0.3605,0.3554,6.501,5.443,4786.0,3.743,0.1323,95.7,31.6
2026-06-23T16:00:00,9.150,8.838,22.61,23.74,1.229,1.166,0.3811,0.3293,5.714,5.104,4794.8,3.748,0.1328,95.9,31.6
2026-06-23T17:00:00,9.250,8.978,22.09,22.95,1.239,1.181,0.3381,0.3409,6.083,5.150,4803.8,3.756,0.1328,96.1,31.7
2026-06-23T18:00:00,8.896,8.815,22.19,23.15,1.240,1.188,0.3592,0.3502,5.855,5.379,4812.6,3.761,0.1329,96.3,31.8
2026-06-23T19:00:00,9.113,8.963,21.26,22.40,1.206,1.155,0.3602,0.3567,5.464,5.313,4821.6,3.762,0.1329,96.4,31.8
2026-06-23T20:00:00,8.730,8.522,20.93,21.38,1.184,1.125,0.3590,0.3495,6.162,5.116,4830.1,3.771,0.1330,96.6,31.9
2026-06-23T21:00:00,8.772,8.522,20.64,21.25,1.155,1.098,0.3990,0.3524,6.352,5.401,4838.6,3.779,0.1334,96.8,31.9
2026-06-23T22:00:00,8.603,8.332,20.13,21.36,1.177,1.120,0.4111,0.3398,6.587,5.324,4846.9,3.790,0.1340,96.9,32.0
2026-06-23T23:00:00,8.457,8.292,19.79,20.17,1.150,1.089,0.4072,0.3557,5.990,5.363,4855.2,3.795,0.1344,97.1,32.0
2026-06-24T00:00:00,8.362,8.141,19.25,19.82,1.136,1.082,0.3747,0.3384,6.358,5.185,4863.4,3.804,0.1347,97.3,32.1
2026-06-24T01:00:00,8.748,8.588,18.11,19.15,1.129,1.072,0.4335,0.3588,6.171,5.373,4872.0,3.811,0.1353,97.4,32.2
2026-06-24T02:00:00,8.555,8.391,18.17,19.02,1.126,1.075,0.3676,0.3507,5.851,5.216,4880.3,3.817,0.1355,97.6,32.2
2026-06-24T03:00:00,7.992,7.718,18.49,19.36,1.133,1.083,0.3836,0.3491,6.342,5.320,4888.1,3.824,0.1357,97.8,32.3
2026-06-24T04:00:00,7.753,7.544,18.74,19.69,1.143,1.086,0.3757,0.3427,5.592,5.329,4895.6,3.826,0.1360,97.9,32.3
2026-06-24T05:00:00,8.560,8.324,18.60,19.72,1.125,1.071,0.3682,0.3476,5.596,5.321,4903.9,3.829,0.1361,98.1,32.4
2026-06-24T06:00:00,8.795,8.652,19.12,19.67,1.164,1.112,0.3960,0.3468,5.923,5.264,4912.6,3.834,0.1366,98.3,32.4
2026-06-24T07:00:00,8.523,8.338,19.20,20.17,1.154,1.103,0.3508,0.3510,6.829,5.182,4920.9,3.848,0.1366,98.4,32.5
2026-06-24T08:00:00,9.347,9.096,20.54,21.96,1.172,1.117,0.4142,0.3581,6.001,5.377,4930.0,3.854,0.1371,98.6,32.5
2026-06-24T09:00:00,9.092,8.977,20.63,21.16,1.195,1.126,0.3899,0.3416,6.227,5.057,4939.0,3.864,0.1375,98.8,32.6
2026-06-24T10:00:00,8.789,8.580,20.79,22.03,1.220,1.162,0.3900,0.3540,6.014,5.314,4947.6,3.870,0.1378,99.0,32.7
2026-06-24T11:00:00,9.442,9.056,21.93,22.67,1.198,1.143,0.3271,0.3504,6.314,5.260,4956.6,3.880,0.1378,99.1,32.7
2026-06-24T12:00:00,9.851,9.549,21.89,23.03,1.220,1.164,0.3825,0.3418,6.089,5.038,4966.2,3.890,0.1382,99.3,32.8
2026-06-24T13:00:00,9.185,8.872,22.88,23.68,1.226,1.175,0.3680,0.3498,6.216,5.234,4975.0,3.899,0.1384,99.5,32.8
2026-06-24T14:00:00,9.311,9.111,22.35,22.96,1.238,1.188,0.4116,0.3473,5.707,5.378,4984.2,3.902,0.1390,99.7,32.9
2026-06-24T15:00:00,10.022,9.759,22.99,23.66,1.206,1.148,0.3902,0.3407,5.904,5.187,4993.9,3.909,0.1394,99.9,33.0
2026-06-24T16:00:00,9.806,9.434,22.13,22.98,1.232,1.178,0.3975,0.3605,6.522,5.465,5003.4,3.919,0.1398,100.1,33.0
2026-06-24T17:00:00,9.966,9.801,22.32,22.88,1.181,1.114,0.3624,0.3527,5.883,5.422,5013.2,3.923,0.1399,100.3,33.1
2026-06-24T18:00:00,9.417,9.151,21.51,22.38,1.226,1.175,0.3658,0.3601,6.360,5.676,5022.3,3.929,0.1399,100.4,33.1
2026-06-24T19:00:00,9.745,9.539,21.43,22.32,1.203,1.131,0.3975,0.3512,6.079,5.308,5031.8,3.937,0.1404,100.6,33.2
2026-06-24T20:00:00,9.371,9.170,20.72,21.85,1.195,1.142,0.3963,0.3334,6.539,5.372,5041.0,3.947,0.1410,100.8,33.3
2026-06-24T21:00:00,9.048,8.802,20.67,21.51,1.161,1.111,0.4282,0.3470,6.478,5.161,5049.8,3.959,0.1417,101.0,33.3
2026-06-24T22:00:00,8.905,8.731,19.83,20.64,1.167,1.112,0.3319,0.3588,6.321,5.251,5058.5,3.968,0.1417,101.2,33.4
2026-06-24T23:00:00,8.387,8.183,19.25,19.94,1.150,1.095,0.3689,0.3525,6.508,5.285,5066.7,3.978,0.1418,101.3,33.4
2026-06-25T00:00:00,8.487,8.290,19.16,19.71,1.177,1.119,0.3791,0.3504,6.298,5.336,5075.0,3.986,0.1420,101.5,33.5
2026-06-25T01:00:00,8.369,8.094,18.55,19.29,1.159,1.108,0.3715,0.3471,6.005,5.311,5083.1,3.992,0.1422,101.7,33.5
2026-06-25T02:00:00,8.751,8.555,18.20,19.47,1.146,1.086,0.3746,0.3464,5.710,5.264,5091.7,3.996,0.1425,101.8,33.6
2026-06-25T03:00:00,8.503,8.205,18.99,20.24,1.146,1.088,0.3756,0.3408,6.227,5.303,5099.9,4.003,0.1428,102.0,33.7
2026-06-25T04:00:00,8.584,8.369,18.25,18.73,1.119,1.062,0.3994,0.3419,6.211,5.159,5108.2,4.012,0.1433,102.2,33.7
2026-06-25T05:00:00,8.310,8.062,18.91,19.27,1.133,1.062,0.3962,0.3385,6.577,5.189,5116.3,4.023,0.1437,102.3,33.8
2026-06-25T06:00:00,8.441,8.170,19.63,20.31,1.145,1.086,0.3562,0.3444,6.139,5.281,5124.5,4.030,0.1438,102.5,33.8
2026-06-25T07:00:00,8.701,8.453,19.87,21.12,1.153,1.101,0.3712,0.3493,5.604,5.332,5132.9,4.033,0.1440,102.7,33.9
2026-06-25T08:00:00,8.355,8.039,20.35,20.77,1.182,1.125,0.3530,0.3542,6.589,5.207,5141.0,4.044,0.1440,102.8,33.9
2026-06-25T09:00:00,8.723,8.473,20.97,21.38,1.194,1.136,0.4088,0.3447,6.085,5.453,5149.4,4.049,0.1445,103.0,34.0
2026-06-25T10:00:00,9.311,8.993,21.33,21.67,1.189,1.136,0.4072,0.3529,6.490,5.160,5158.4,4.061,0.1450,103.2,34.0
2026-06-25T11:00:00,9.481,9.291,21.30,21.97,1.183,1.127,0.3577,0.3584,5.677,4.986,5167.7,4.068,0.1450,103.4,34.1
2026-06-25T12:00:00,9.459,9.316,22.03,22.93,1.195,1.135,0.3658,0.3506,5.807,5.248,5177.0,4.073,0.1452,103.5,34.2
2026-06-25T13:00:00,9.569,9.394,22.44,23.24,1.215,1.158,0.4082,0.3415,6.183,5.427,5186.4,4.080,0.1458,103.7,34.2
2026-06-25T14:00:00,9.582,9.250,21.81,22.78,1.215,1.163,0.3885,0.3339,5.997,5.137,5195.7,4.088,0.1463,103.9,34.3
2026-06-25T15:00:00,10.145,9.824,22.91,23.93,1.222,1.168,0.4149,0.3471,6.040,5.362,5205.5,4.094,0.1470,104.1,34.4
2026-06-25T16:00:00,9.617,9.291,22.33,23.46,1.228,1.175,0.3819,0.3365,6.070,5.218,5214.8,4.102,0.1474,104.3,34.4
2026-06-25T17:00:00,9.332,9.161,22.10,22.83,1.217,1.167,0.3917,0.3464,6.368,5.360,5224.0,4.112,0.1478,104.5,34.5
2026-06-25T18:00:00,9.629,9.362,22.13,22.66,1.221,1.149,0.4066,0.3482,5.840,5.134,5233.3,4.118,0.1484,104.7,34.5
2026-06-25T19:00:00,8.871,8.709,21.21,22.21,1.206,1.156,0.3618,0.3426,5.726,5.133,5242.0,4.123,0.1485,104.8,34.6
2026-06-25T20:00:00,9.295,9.071,21.00,21.64,1.199,1.148,0.3832,0.3355,5.927,5.430,5251.1,4.128,0.1490,105.0,34.7
2026-06-25T21:00:00,8.962,8.810,20.07,20.85,1.182,1.130,0.4121,0.3560,5.849,5.376,5259.9,4.132,0.1494,105.2,34.7
2026-06-25T22:00:00,8.585,8.290,20.58,21.44,1.158,1.105,0.4040,0.3420,5.845,5.211,5268.2,4.137,0.1500,105.4,34.8
2026-06-25T23:00:00,8.570,8.342,19.01,19.30,1.152,1.092,0.4202,0.3493,7.068,5.175,5276.5,4.153,0.1506,105.5,34.8
2026-06-26T00:00:00,8.443,8.320,19.12,19.82,1.158,1.108,0.3915,0.3490,5.966,5.211,5284.9,4.159,0.1509,105.7,34.9
2026-06-26T01:00:00,7.996,7.702,18.57,19.45,1.154,1.099,0.3753,0.3590,6.567,5.239,5292.6,4.170,0.1510,105.9,34.9
2026-06-26T02:00:00,8.879,8.730,18.38,18.90,1.139,1.089,0.3725,0.3513,5.979,5.281,5301.3,4.176,0.1512,106.0,35.0
2026-06-26T03:00:00,8.488,8.344,18.39,18.90,1.161,1.101,0.3549,0.3394,6.570,5.062,5309.6,4.188,0.1513,106.2,35.0
2026-06-26T04:00:00,8.656,8.429,19.05,20.09,1.162,1.098,0.3349,0.3616,6.352,5.318,5318.1,4.197,0.1513,106.4,35.1
2026-06-26T05:00:00,8.441,8.251,19.18,20.06,1.133,1.063,0.3447,0.3335,6.135,5.206,5326.3,4.205,0.1514,106.5,35.2
2026-06-26T06:00:00,9.015,8.723,19.20,19.87,1.145,1.089,0.3350,0.3505,6.263,5.125,5335.0,4.215,0.1514,106.7,35.2
2026-06-26T07:00:00,8.278,8.138,19.92,20.34,1.203,1.140,0.3917,0.3544,6.037,5.293,5343.2,4.221,0.1517,106.9,35.3
2026-06-26T08:00:00,8.840,8.537,19.62,20.42,1.177,1.117,0.4085,0.3472,6.249,5.070,5351.7,4.231,0.1523,107.0,35.3
2026-06-26T09:00:00,9.162,8.883,19.80,20.44,1.184,1.123,0.4020,0.3527,6.022,5.180,5360.6,4.238,0.1527,107.2,35.4
2026-06-26T10:00:00,9.459,9.378,20.64,21.88,1.205,1.153,0.3670,0.3473,5.682,5.059,5370.0,4.244,0.1529,107.4,35.4
2026-06-26T11:00:00,9.749,9.514,21.03,22.20,1.191,1.138,0.3631,0.3492,5.761,5.354,5379.5,4.248,0.1530,107.6,35.5
2026-06-26T12:00:00,9.046,8.908,22.02,22.76,1.213,1.154,0.3997,0.3392,6.235,5.111,5388.4,4.258,0.1536,107.8,35.6
2026-06-26T13:00:00,9.233,9.030,21.69,22.16,1.225,1.174,0.3771,0.3530,5.383,5.219,5397.4,4.259,0.1538,107.9,35.6
2026-06-26T14:00:00,9.453,9.179,21.78,22.67,1.215,1.164,0.3717,0.3478,6.441,5.360,5406.6,4.269,0.1540,108.1,35.7
2026-06-26T15:00:00,9.254,9.000,22.31,23.51,1.224,1.165,0.3755,0.3451,5.228,5.279,5415.6,4.269,0.1543,108.3,35.7
2026-06-26T16:00:00,9.834,9.552,21.95,22.66,1.216,1.158,0.3701,0.3254,6.316,5.203,5425.2,4.280,0.1547,108.5,35.8
2026-06-26T17:00:00,9.916,9.671,23.26,24.15,1.217,1.161,0.3767,0.3514,6.584,5.367,5434.8,4.292,0.1549,108.7,35.9
2026-06-26T18:00:00,9.320,9.117,21.86,23.02,1.220,1.168,0.3627,0.3389,6.024,5.328,5444.0,4.298,0.1552,108.9,35.9
2026-06-26T19:00:00,9.439,9.152,21.86,22.94,1.184,1.121,0.3699,0.3520,6.137,5.239,5453.1,4.306,0.1553,109.1,36.0
2026-06-26T20:00:00,9.805,9.585,20.64,21.58,1.184,1.129,0.3889,0.3482,5.820,5.134,5462.7,4.313,0.1557,109.3,36.1
2026-06-26T21:00:00,9.002,8.796,19.75,20.41,1.179,1.124,0.3860,0.3566,5.626,5.415,5471.5,4.315,0.1560,109.4,36.1
2026-06-26T22:00:00,9.192,8.998,19.88,21.27,1.204,1.151,0.3942,0.3578,6.072,5.099,5480.5,4.324,0.1563,109.6,36.2
2026-06-26T23:00:00,8.093,7.856,19.18,20.05,1.116,1.063,0.3760,0.3585,6.372,5.188,5488.3,4.333,0.1564,109.8,36.2
2026-06-27T00:00:00,8.947,8.635,18.36,19.63,1.168,1.117,0.3895,0.3576,6.208,5.292,5497.0,4.341,0.1567,109.9,36.3
2026-06-27T01:00:00,8.546,8.351,18.75,20.01,1.164,1.103,0.4017,0.3422,5.562,5.262,5505.3,4.343,0.1572,110.1,36.3
2026-06-27T02:00:00,8.189,8.075,19.38,20.39,1.130,1.074,0.3815,0.3550,5.163,5.353,5513.4,4.343,0.1574,110.3,36.4
2026-06-27T03:00:00,8.041,7.799,17.31,18.45,1.126,1.067,0.3646,0.3494,5.579,5.212,5521.2,4.346,0.1575,110.4,36.4
2026-06-27T04:00:00,8.028,7.909,17.79,18.57,1.133,1.074,0.3868,0.3506,6.017,5.315,5529.1,4.352,0.1578,110.6,36.5
2026-06-27T05:00:00,8.045,7.832,18.36,19.68,1.138,1.087,0.3745,0.3320,5.930,5.257,5536.9,4.357,0.1582,110.7,36.5
2026-06-27T06:00:00,8.533,8.340,19.40,19.64,1.150,1.094,0.3670,0.3501,6.172,5.258,5545.3,4.365,0.1583,110.9,36.6
2026-06-27T07:00:00,8.195,8.033,19.06,19.97,1.150,1.098,0.3874,0.3489,6.228,5.344,5553.3,4.372,0.1586,111.1,36.7
2026-06-27T08:00:00,8.567,8.277,20.47,21.59,1.185,1.127,0.3749,0.3402,6.073,5.327,5561.6,4.378,0.1589,111.2,36.7
2026-06-27T09:00:00,9.448,9.330,20.16,20.82,1.158,1.108,0.3806,0.3574,6.216,5.404,5570.9,4.385,0.1591,111.4,36.8
2026-06-27T10:00:00,9.396,9.173,20.64,21.50,1.217,1.165,0.3881,0.3513,6.054,5.013,5580.1,4.395,0.1595,111.6,36.8
2026-06-27T11:00:00,9.183,8.923,20.63,21.34,1.201,1.142,0.3423,0.3442,6.066,5.390,5589.0,4.401,0.1595,111.8,36.9
2026-06-27T12:00:00,9.457,9.307,21.59,22.73,1.206,1.148,0.3411,0.3345,6.213,5.221,5598.3,4.410,0.1595,112.0,36.9
2026-06-27T13:00:00,9.911,9.558,21.80,22.34,1.215,1.150,0.3622,0.3604,6.432,5.133,5607.9,4.423,0.1595,112.2,37.0
2026-06-27T14:00:00,9.540,9.188,22.09,23.49,1.231,1.180,0.3994,0.3538,5.788,5.181,5617.1,4.428,0.1599,112.3,37.1
2026-06-27T15:00:00,9.262,9.144,22.79,23.81,1.217,1.161,0.3885,0.3413,6.358,5.020,5626.2,4.440,0.1604,112.5,37.1
2026-06-27T16:00:00,10.310,10.037,22.50,23.35,1.220,1.155,0.3830,0.3452,6.164,5.247,5636.3,4.450,0.1608,112.7,37.2
2026-06-27T17:00:00,9.494,9.149,21.76,22.61,1.242,1.171,0.4104,0.3599,6.547,5.256,5645.4,4.461,0.1612,112.9,37.3
2026-06-27T18:00:00,9.750,9.366,21.93,23.01,1.236,1.180,0.4201,0.3473,5.868,4.947,5654.8,4.470,0.1619,113.1,37.3
2026-06-27T19:00:00,9.042,8.710,21.41,22.72,1.214,1.161,0.3712,0.3505,5.628,5.196,5663.5,4.474,0.1621,113.3,37.4
2026-06-27T20:00:00,8.988,8.776,21.06,21.80,1.164,1.109,0.3528,0.3524,6.446,5.036,5672.3,4.486,0.1621,113.4,37.4
2026-06-27T21:00:00,9.198,9.131,20.22,21.17,1.197,1.136,0.3717,0.3453,6.403,5.205,5681.4,4.497,0.1623,113.6,37.5
2026-06-27T22:00:00,9.021,8.896,19.95,20.96,1.184,1.128,0.4036,0.3490,5.859,5.239,5690.3,4.503,0.1628,113.8,37.6
2026-06-27T23:00:00,8.916,8.780,19.06,19.57,1.170,1.110,0.3541,0.3383,5.897,5.228,5699.1,4.509,0.1630,114.0,37.6
2026-06-28T00:00:00,8.764,8.583,18.80,19.61,1.155,1.101,0.3443,0.3477,6.242,5.160,5707.6,4.518,0.1630,114.2,37.7
2026-06-28T01:00:00,8.575,8.348,17.72,18.38,1.140,1.089,0.3714,0.3471,6.045,5.232,5716.0,4.525,0.1632,114.3,37.7
2026-06-28T02:00:00,8.766,8.648,18.16,18.66,1.125,1.069,0.3497,0.3521,5.997,5.257,5724.6,4.531,0.1632,114.5,37.8
2026-06-28T03:00:00,8.191,8.062,18.76,19.77,1.139,1.074,0.3558,0.3444,5.504,5.204,5732.7,4.533,0.1632,114.7,37.8
2026-06-28T04:00:00,8.737,8.509,18.13,19.22,1.157,1.102,0.3532,0.3551,5.997,5.324,5741.2,4.539,0.1632,114.8,37.9
2026-06-28T05:00:00,7.709,7.592,18.97,19.74,1.145,1.091,0.3660,0.3463,5.962,5.292,5748.8,4.544,0.1634,115.0,37.9
2026-06-28T06:00:00,8.606,8.303,18.60,19.53,1.159,1.107,0.3494,0.3317,6.338,4.876,5757.1,4.556,0.1635,115.1,38.0
2026-06-28T07:00:00,8.549,8.419,20.04,20.75,1.134,1.078,0.4254,0.3421,6.296,5.295,5765.5,4.565,0.1642,115.3,38.1
2026-06-28T08:00:00,8.574,8.325,18.88,19.75,1.182,1.125,0.3540,0.3459,5.616,5.112,5773.8,4.569,0.1643,115.5,38.1
2026-06-28T09:00:00,8.555,8.381,20.48,21.76,1.197,1.144,0.4011,0.3441,5.782,5.125,5782.2,4.574,0.1648,115.6,38.2
2026-06-28T10:00:00,9.503,9.317,20.54,21.77,1.203,1.138,0.3564,0.3478,6.070,5.273,5791.5,4.582,0.1649,115.8,38.2
2026-06-28T11:00:00,9.140,8.954,21.49,22.52,1.171,1.107,0.3581,0.3458,5.902,5.020,5800.5,4.590,0.1650,116.0,38.3
2026-06-28T12:00:00,8.701,8.513,21.66,22.13,1.221,1.170,0.3893,0.3557,6.019,5.247,5809.0,4.596,0.1653,116.2,38.3
2026-06-28T13:00:00,9.980,9.766,21.65,22.48,1.196,1.140,0.3476,0.3429,6.325,5.161,5818.8,4.608,0.1653,116.4,38.4
2026-06-28T14:00:00,9.522,9.401,22.39,22.88,1.196,1.137,0.3729,0.3427,6.040,5.093,5828.2,4.617,0.1656,116.6,38.5
2026-06-28T15:00:00,9.685,9.372,22.43,23.19,1.233,1.171,0.3983,0.3407,6.024,5.202,5837.6,4.624,0.1661,116.8,38.5
2026-06-28T16:00:00,9.797,9.484,21.97,23.08,1.215,1.156,0.3492,0.3450,6.793,5.080,5847.0,4.641,0.1662,116.9,38.6
2026-06-28T17:00:00,9.580,9.373,21.67,22.61,1.213,1.160,0.3843,0.3465,6.605,5.177,5856.4,4.654,0.1665,117.1,38.7
2026-06-28T18:00:00,10.053,9.754,22.07,22.94,1.212,1.155,0.3520,0.3355,6.002,5.153,5866.2,4.662,0.1667,117.3,38.7
2026-06-28T19:00:00,9.372,9.115,22.38,23.53,1.169,1.117,0.4048,0.3530,6.164,5.112,5875.3,4.672,0.1672,117.5,38.8
2026-06-28T20:00:00,9.171,8.795,21.22,22.51,1.178,1.119,0.3783,0.3420,6.605,5.273,5884.1,4.684,0.1675,117.7,38.8
2026-06-28T21:00:00,8.571,8.442,19.46,20.40,1.150,1.099,0.3806,0.3569,6.028,5.144,5892.5,4.691,0.1677,117.9,38.9
2026-06-28T22:00:00,8.626,8.406,20.22,20.87,1.175,1.120,0.3642,0.3464,6.607,5.203,5900.9,4.703,0.1678,118.0,38.9
2026-06-28T23:00:00,9.114,8.976,19.25,20.22,1.141,1.079,0.4195,0.3470,5.926,5.233,5909.9,4.709,0.1685,118.2,39.0
2026-06-29T00:00:00,8.518,8.215,18.85,19.48,1.153,1.102,0.3495,0.3516,6.041,5.247,5918.1,4.716,0.1685,118.4,39.1
2026-06-29T01:00:00,8.416,8.145,18.18,18.85,1.114,1.054,0.3726,0.3483,6.071,5.192,5926.3,4.723,0.1687,118.5,39.1
2026-06-29T02:00:00,8.316,8.163,18.49,19.16,1.114,1.059,0.3685,0.3380,5.888,5.199,5934.4,4.728,0.1689,118.7,39.2
2026-06-29T03:00:00,8.940,8.763,18.11,19.05,1.132,1.072,0.3701,0.3511,6.161,5.178,5943.2,4.737,0.1691,118.9,39.2
2026-06-29T04:00:00,8.618,8.441,18.57,18.84,1.147,1.091,0.3795,0.3396,5.970,5.077,5951.6,4.744,0.1694,119.0,39.3
2026-06-29T05:00:00,8.006,7.857,18.44,19.22,1.142,1.092,0.3362,0.3383,5.829,5.242,5959.5,4.749,0.1694,119.2,39.3
2026-06-29T06:00:00,8.700,8.539,18.68,19.44,1.132,1.072,0.3838,0.3445,5.941,5.302,5968.0,4.755,0.1698,119.4,39.4
2026-06-29T07:00:00,8.223,7.991,19.77,20.30,1.141,1.082,0.3739,0.3465,5.998,5.140,5976.0,4.761,0.1700,119.5,39.4
2026-06-29T08:00:00,9.184,9.020,19.18,19.73,1.163,1.109,0.3898,0.3533,6.517,5.092,5985.0,4.774,0.1703,119.7,39.5
2026-06-29T09:00:00,9.187,9.023,20.01,21.17,1.165,1.107,0.3773,0.3545,5.661,5.234,5994.1,4.778,0.1705,119.9,39.6
2026-06-29T10:00:00,8.851,8.562,20.42,20.61,1.191,1.141,0.4147,0.3597,6.100,5.292,6002.6,4.785,0.1710,120.1,39.6
2026-06-29T11:00:00,9.133,8.983,20.82,21.95,1.150,1.088,0.3596,0.3436,6.772,5.217,6011.6,4.799,0.1711,120.2,39.7
2026-06-29T12:00:00,8.983,8.759,20.94,21.83,1.192,1.133,0.3685,0.3595,5.958,5.143,6020.4,4.806,0.1712,120.4,39.7
2026-06-29T13:00:00,9.529,9.354,22.51,23.17,1.211,1.154,0.3700,0.3323,6.203,5.225,6029.7,4.815,0.1716,120.6,39.8
2026-06-29T14:00:00,10.280,10.090,22.20,23.44,1.232,1.180,0.3559,0.3433,6.922,5.290,6039.8,4.832,0.1717,120.8,39.9
2026-06-29T15:00:00,9.794,9.495,22.40,23.30,1.203,1.149,0.3810,0.3343,6.023,5.405,6049.3,4.838,0.1721,121.0,39.9
2026-06-29T16:00:00,9.894,9.753,21.36,22.20,1.196,1.143,0.3593,0.3450,6.146,5.265,6059.0,4.846,0.1723,121.2,40.0
2026-06-29T17:00:00,9.349,9.113,22.06,22.40,1.229,1.172,0.3932,0.3429,5.731,4.948,6068.2,4.853,0.1727,121.4,40.0
2026-06-29T18:00:00,8.953,8.765,21.43,22.78,1.215,1.152,0.3748,0.3516,5.873,5.207,6076.9,4.859,0.1729,121.5,40.1
2026-06-29T19:00:00,9.071,8.787,21.53,22.28,1.207,1.156,0.3664,0.3518,6.035,5.171,6085.7,4.867,0.1731,121.7,40.2
2026-06-29T20:00:00,8.719,8.581,21.03,21.60,1.202,1.136,0.3791,0.3420,6.058,5.216,6094.3,4.874,0.1734,121.9,40.2
2026-06-29T21:00:00,8.966,8.697,19.58,20.47,1.175,1.121,0.3551,0.3416,5.509,5.249,6103.0,4.876,0.1735,122.1,40.3
2026-06-29T22:00:00,8.594,8.427,19.26,20.33,1.176,1.124,0.3707,0.3415,6.271,5.378,6111.4,4.884,0.1738,122.2,40.3
2026-06-29T23:00:00,8.349,8.146,18.20,19.07,1.157,1.106,0.3498,0.3426,5.098,5.118,6119.6,4.884,0.1738,122.4,40.4
2026-06-30T00:00:00,8.421,8.294,19.06,19.41,1.154,1.103,0.3779,0.3545,6.241,5.179,6127.9,4.893,0.1740,122.6,40.4
2026-06-30T01:00:00,8.650,8.519,18.18,18.87,1.153,1.092,0.3884,0.3407,5.465,5.143,6136.4,4.895,0.1744,122.7,40.5
2026-06-30T02:00:00,7.927,7.740,17.62,18.78,1.149,1.094,0.3303,0.3607,5.879,5.182,6144.1,4.901,0.1744,122.9,40.6
2026-06-30T03:00:00,8.745,8.497,18.46,19.31,1.137,1.084,0.3781,0.3403,5.737,5.282,6152.6,4.905,0.1747,123.1,40.6
2026-06-30T04:00:00,7.982,7.828,18.04,18.67,1.129,1.067,0.3899,0.3578,5.961,5.229,6160.4,4.910,0.1750,123.2,40.7
2026-06-30T05:00:00,8.817,8.500,18.64,19.22,1.143,1.093,0.3346,0.3427,5.742,5.158,6168.9,4.915,0.1750,123.4,40.7
2026-06-30T06:00:00,8.561,8.281,18.95,19.48,1.159,1.098,0.3227,0.3469,6.139,5.126,6177.2,4.924,0.1750,123.5,40.8
2026-06-30T07:00:00,8.832,8.628,19.36,20.27,1.153,1.102,0.4173,0.3492,5.918,5.174,6185.8,4.930,0.1756,123.7,40.8
2026-06-30T08:00:00,8.919,8.688,19.16,19.98,1.203,1.142,0.3631,0.3586,6.264,5.210,6194.5,4.939,0.1756,123.9,40.9
2026-06-30T09:00:00,9.220,9.029,20.61,21.48,1.190,1.134,0.3930,0.3455,6.199,5.301,6203.6,4.947,0.1760,124.1,40.9
2026-06-30T10:00:00,9.296,8.956,20.03,21.31,1.180,1.116,0.4151,0.3594,6.408,5.125,6212.5,4.959,0.1765,124.3,41.0
2026-06-30T11:00:00,9.029,8.747,21.66,22.48,1.192,1.132,0.3902,0.3488,6.497,5.178,6221.3,4.970,0.1769,124.4,41.1
2026-06-30T12:00:00,9.082,8.865,21.78,22.99,1.217,1.165,0.3243,0.3442,5.493,5.152,6230.1,4.973,0.1769,124.6,41.1
2026-06-30T13:00:00,9.352,9.142,21.38,22.30,1.219,1.157,0.3177,0.3526,6.150,5.211,6239.3,4.982,0.1769,124.8,41.2
2026-06-30T14:00:00,9.818,9.557,21.40,21.98,1.211,1.150,0.3795,0.3448,6.391,5.188,6248.8,4.993,0.1772,125.0,41.2
2026-06-30T15:00:00,9.692,9.332,22.22,23.25,1.205,1.144,0.4021,0.3473,5.931,5.175,6258.2,5.001,0.1777,125.2,41.3
2026-06-30T16:00:00,9.530,9.366,22.02,22.85,1.209,1.159,0.4012,0.3503,5.868,5.326,6267.5,5.006,0.1782,125.4,41.4
2026-06-30T17:00:00,9.731,9.570,22.28,22.92,1.210,1.156,0.4015,0.3494,5.490,5.257,6277.1,5.008,0.1787,125.5,41.4
2026-06-30T18:00:00,10.163,9.923,22.02,22.95,1.197,1.143,0.3477,0.3390,6.050,4.989,6287.0,5.018,0.1788,125.7,41.5
2026-06-30T19:00:00,9.411,9.265,21.54,22.13,1.177,1.117,0.3828,0.3483,5.908,5.218,6296.3,5.025,0.1791,125.9,41.6
2026-06-30T20:00:00,9.049,8.802,20.85,21.71,1.218,1.165,0.3449,0.3449,6.177,5.334,6305.1,5.032,0.1791,126.1,41.6
2026-06-30T21:00:00,9.123,8.882,20.19,21.07,1.166,1.107,0.3703,0.3475,6.067,5.201,6314.0,5.040,0.1793,126.3,41.7
2026-06-30T22:00:00,8.476,8.295,19.74,20.54,1.147,1.093,0.3873,0.3330,6.338,5.192,6322.3,5.049,0.1798,126.4,41.7
2026-06-30T23:00:00,8.716,8.567,18.90,19.59,1.153,1.103,0.3860,0.3460,6.018,5.533,6330.8,5.054,0.1801,126.6,41.8
2026-07-01T00:00:00,8.784,8.596,18.21,19.15,1.138,1.081,0.4258,0.3551,6.376,5.082,6339.4,5.065,0.1807,126.8,41.8
2026-07-01T01:00:00,8.689,8.526,18.67,19.15,1.152,1.091,0.3705,0.3493,5.836,5.163,6348.0,5.070,0.1809,127.0,41.9
2026-07-01T02:00:00,8.542,8.281,18.09,18.80,1.094,1.039,0.4022,0.3354,5.945,5.343,6356.2,5.075,0.1815,127.1,42.0
2026-07-01T03:00:00,8.257,8.133,17.71,18.84,1.140,1.089,0.3937,0.3471,6.022,5.234,6364.4,5.082,0.1818,127.3,42.0
2026-07-01T04:00:00,8.398,8.190,17.90,18.99,1.140,1.084,0.4076,0.3545,5.520,5.320,6372.6,5.083,0.1823,127.5,42.1
2026-07-01T05:00:00,8.736,8.476,17.56,18.65,1.139,1.076,0.4024,0.3490,5.698,5.162,6381.0,5.088,0.1827,127.6,42.1
2026-07-01T06:00:00,8.633,8.439,18.86,19.81,1.152,1.098,0.4224,0.3413,5.434,5.391,6389.5,5.088,0.1834,127.8,42.2
2026-07-01T07:00:00,9.061,8.767,19.13,19.90,1.178,1.119,0.3646,0.3402,6.535,5.158,6398.2,5.100,0.1836,128.0,42.2
2026-07-01T08:00:00,9.453,9.275,20.12,20.59,1.149,1.096,0.3660,0.3394,5.917,5.131,6407.5,5.108,0.1839,128.2,42.3
2026-07-01T09:00:00,9.173,8.935,20.23,21.31,1.197,1.146,0.3903,0.3459,5.581,5.168,6416.5,5.111,0.1843,128.3,42.3
2026-07-01T10:00:00,8.963,8.771,20.17,21.09,1.199,1.142,0.3873,0.3376,5.634,4.976,6425.2,5.117,0.1847,128.5,42.4
2026-07-01T11:00:00,9.025,8.769,21.35,22.10,1.206,1.154,0.3849,0.3424,5.668,5.277,6434.0,5.121,0.1851,128.7,42.5
2026-07-01T12:00:00,9.253,9.119,21.58,22.11,1.179,1.117,0.3938,0.3402,5.650,5.213,6443.1,5.125,0.1856,128.9,42.5
2026-07-01T13:00:00,9.439,9.167,21.68,22.77,1.220,1.161,0.3919,0.3371,6.148,5.187,6452.3,5.133,0.1861,129.0,42.6
2026-07-01T14:00:00,9.776,9.467,21.89,22.55,1.229,1.173,0.3539,0.3477,6.011,5.194,6461.7,5.141,0.1861,129.2,42.6
2026-07-01T15:00:00,9.694,9.480,21.80,22.81,1.212,1.157,0.3740,0.3462,5.626,5.105,6471.2,5.146,0.1864,129.4,42.7
2026-07-01T16:00:00,9.779,9.657,22.82,23.58,1.201,1.144,0.3346,0.3478,5.513,5.219,6480.9,5.149,0.1864,129.6,42.8
2026-07-01T17:00:00,8.962,8.649,21.72,22.70,1.211,1.149,0.3859,0.3430,6.540,5.008,6489.5,5.162,0.1868,129.8,42.8
2026-07-01T18:00:00,9.422,9.036,20.98,21.87,1.193,1.127,0.4024,0.3453,5.510,5.224,6498.6,5.165,0.1873,130.0,42.9
2026-07-01T19:00:00,8.857,8.621,20.97,22.06,1.202,1.144,0.3554,0.3407,5.648,5.088,6507.2,5.170,0.1874,130.1,42.9
2026-07-01T20:00:00,10.103,9.663,20.69,21.23,1.185,1.129,0.3805,0.3424,5.667,5.218,6516.9,5.174,0.1878,130.3,43.0
2026-07-01T21:00:00,9.056,8.819,20.18,21.49,1.180,1.121,0.3227,0.3425,5.962,5.187,6525.7,5.181,0.1878,130.5,43.1
2026-07-01T22:00:00,8.489,8.245,19.85,20.86,1.155,1.101,0.3414,0.3385,6.022,5.322,6533.9,5.186,0.1878,130.7,43.1
2026-07-01T23:00:00,8.644,8.406,19.12,19.94,1.165,1.112,0.4035,0.3489,5.658,5.088,6542.3,5.191,0.1883,130.8,43.2
2026-07-02T00:00:00,8.715,8.603,19.24,19.90,1.128,1.077,0.3627,0.3440,6.314,5.072,6550.9,5.202,0.1884,131.0,43.2
2026-07-02T01:00:00,8.087,7.928,17.83,18.84,1.158,1.104,0.4051,0.3442,5.885,5.262,6558.9,5.207,0.1889,131.2,43.3
2026-07-02T02:00:00,8.523,8.157,17.87,18.72,1.150,1.096,0.3801,0.3463,6.175,5.090,6567.0,5.216,0.1892,131.3,43.3
2026-07-02T03:00:00,8.056,7.908,17.19,17.70,1.142,1.091,0.3864,0.3451,5.871,5.050,6574.9,5.222,0.1895,131.5,43.4
2026-07-02T04:00:00,8.505,8.252,17.56,18.27,1.144,1.090,0.3794,0.3544,5.982,5.152,6583.2,5.229,0.1897,131.7,43.4
2026-07-02T05:00:00,8.621,8.443,18.45,19.07,1.136,1.084,0.3839,0.3376,6.128,5.436,6591.6,5.235,0.1901,131.8,43.5
2026-07-02T06:00:00,8.265,7.948,18.70,19.84,1.147,1.082,0.3814,0.3359,5.812,5.072,6599.6,5.241,0.1905,132.0,43.6
2026-07-02T07:00:00,8.263,8.015,19.19,20.07,1.164,1.113,0.3699,0.3569,6.271,4.998,6607.6,5.251,0.1906,132.2,43.6
2026-07-02T08:00:00,8.972,8.735,19.85,20.55,1.198,1.145,0.3639,0.3400,6.625,5.133,6616.3,5.264,0.1908,132.3,43.7
2026-07-02T09:00:00,9.087,8.804,20.09,21.02,1.204,1.140,0.4016,0.3349,6.465,5.244,6625.1,5.275,0.1914,132.5,43.7
2026-07-02T10:00:00,8.600,8.477,20.72,21.57,1.206,1.154,0.3432,0.3531,5.908,5.142,6633.6,5.281,0.1914,132.7,43.8
2026-07-02T11:00:00,9.651,9.371,21.06,21.99,1.213,1.154,0.3475,0.3372,6.123,5.182,6643.0,5.290,0.1915,132.9,43.8
2026-07-02T12:00:00,9.443,9.247,21.60,22.52,1.183,1.127,0.3703,0.3538,5.657,5.159,6652.2,5.295,0.1916,133.0,43.9
2026-07-02T13:00:00,9.219,8.860,21.41,22.30,1.221,1.169,0.3943,0.3466,6.324,5.098,6661.1,5.306,0.1920,133.2,44.0
2026-07-02T14:00:00,10.034,9.718,21.36,21.87,1.220,1.168,0.3630,0.3409,6.326,5.098,6670.8,5.318,0.1922,133.4,44.0
2026-07-02T15:00:00,10.047,9.754,21.60,22.41,1.239,1.175,0.3771,0.3485,5.969,5.290,6680.5,5.324,0.1925,133.6,44.1
2026-07-02T16:00:00,9.661,9.412,21.38,22.83,1.254,1.200,0.3651,0.3508,6.478,5.041,6690.0,5.338,0.1927,133.8,44.2
2026-07-02T17:00:00,9.288,8.986,21.94,22.80,1.231,1.170,0.3828,0.3488,6.211,5.080,6698.9,5.348,0.1930,134.0,44.2
2026-07-02T18:00:00,9.639,9.398,20.83,21.42,1.218,1.161,0.3953,0.3426,5.693,5.211,6708.3,5.352,0.1935,134.2,44.3
2026-07-02T19:00:00,9.206,8.971,20.90,21.37,1.206,1.155,0.3808,0.3533,5.754,5.278,6717.3,5.357,0.1937,134.3,44.3
2026-07-02T20:00:00,8.947,8.749,20.51,21.47,1.178,1.124,0.3648,0.3435,5.514,5.143,6726.1,5.360,0.1939,134.5,44.4
2026-07-02T21:00:00,9.325,9.080,20.62,21.66,1.175,1.117,0.3768,0.3424,6.095,5.051,6735.1,5.369,0.1942,134.7,44.5
2026-07-02T22:00:00,9.041,8.913,19.37,19.91,1.188,1.138,0.4156,0.3442,6.065,4.893,6744.1,5.380,0.1948,134.9,44.5
2026-07-02T23:00:00,8.692,8.505,19.07,19.41,1.155,1.095,0.4142,0.3537,5.975,5.066,6752.6,5.388,0.1954,135.1,44.6
2026-07-03T00:00:00,8.655,8.448,18.51,19.24,1.140,1.089,0.3663,0.3436,6.172,5.171,6761.0,5.396,0.1956,135.2,44.6
2026-07-03T01:00:00,8.554,8.434,18.51,19.25,1.134,1.081,0.3743,0.3508,6.896,5.389,6769.4,5.409,0.1957,135.4,44.7
2026-07-03T02:00:00,8.391,8.302,18.32,19.24,1.145,1.085,0.3796,0.3317,6.092,4.999,6777.7,5.418,0.1961,135.6,44.7
2026-07-03T03:00:00,8.293,8.065,17.70,18.77,1.123,1.071,0.3774,0.3446,5.880,5.211,6785.8,5.423,0.1964,135.7,44.8
2026-07-03T04:00:00,8.153,8.063,18.29,19.29,1.158,1.097,0.3278,0.3388,6.058,5.040,6793.9,5.431,0.1964,135.9,44.8
2026-07-03T05:00:00,8.609,8.547,18.45,19.02,1.153,1.095,0.3654,0.3510,6.141,5.008,6802.4,5.441,0.1965,136.0,44.9
2026-07-03T06:00:00,8.621,8.353,18.94,19.73,1.141,1.090,0.4229,0.3483,5.706,5.075,6810.8,5.446,0.1972,136.2,45.0
2026-07-03T07:00:00,8.779,8.550,19.58,19.90,1.163,1.106,0.3648,0.3379,5.952,5.320,6819.3,5.452,0.1974,136.4,45.0
2026-07-03T08:00:00,9.112,8.945,19.37,19.83,1.134,1.075,0.3498,0.3428,6.242,5.128,6828.3,5.462,0.1975,136.6,45.1
2026-07-03T09:00:00,8.847,8.587,19.77,20.53,1.133,1.081,0.3819,0.3474,5.843,4.928,6836.9,5.470,0.1977,136.7,45.1
2026-07-03T10:00:00,9.596,9.324,20.62,21.34,1.199,1.140,0.3713,0.3368,5.823,5.122,6846.2,5.476,0.1981,136.9,45.2
2026-07-03T11:00:00,8.933,8.665,20.47,21.30,1.236,1.181,0.4056,0.3495,6.368,5.062,6854.8,5.487,0.1986,137.1,45.2
2026-07-03T12:00:00,9.491,9.355,20.74,21.13,1.198,1.130,0.3460,0.3499,6.199,5.119,6864.2,5.498,0.1986,137.3,45.3
2026-07-03T13:00:00,9.475,9.237,22.57,23.34,1.219,1.168,0.3962,0.3548,5.947,5.003,6873.4,5.506,0.1989,137.5,45.4
2026-07-03T14:00:00,9.960,9.695,21.31,21.97,1.228,1.165,0.3735,0.3360,5.830,5.273,6883.1,5.512,0.1993,137.7,45.4
2026-07-03T15:00:00,9.575,9.289,22.09,23.21,1.224,1.166,0.4183,0.3495,6.423,5.203,6892.4,5.523,0.1999,137.8,45.5
2026-07-03T16:00:00,9.989,9.694,22.77,23.54,1.231,1.169,0.3535,0.3497,6.081,5.145,6902.1,5.532,0.2000,138.0,45.6
2026-07-03T17:00:00,9.495,9.184,22.43,23.54,1.223,1.171,0.3557,0.3351,6.224,5.053,6911.3,5.543,0.2002,138.2,45.6
2026-07-03T18:00:00,9.734,9.539,21.03,22.02,1.207,1.153,0.3928,0.3437,6.309,5.092,6920.8,5.554,0.2006,138.4,45.7
2026-07-03T19:00:00,9.108,8.845,20.78,21.26,1.176,1.116,0.3664,0.3478,6.147,5.083,6929.7,5.564,0.2008,138.6,45.7
2026-07-03T20:00:00,9.039,8.817,20.15,20.85,1.214,1.157,0.3936,0.3450,5.919,5.345,6938.5,5.569,0.2012,138.8,45.8
2026-07-03T21:00:00,9.092,8.852,19.97,20.37,1.176,1.120,0.3598,0.3360,5.902,4.878,6947.3,5.578,0.2014,138.9,45.9
2026-07-03T22:00:00,8.831,8.624,18.65,19.42,1.138,1.075,0.4217,0.3313,6.115,4.936,6956.0,5.588,0.2022,139.1,45.9
2026-07-03T23:00:00,8.439,8.333,18.90,19.79,1.149,1.089,0.4004,0.3418,6.000,5.174,6964.3,5.595,0.2027,139.3,46.0
2026-07-04T00:00:00,8.536,8.345,17.95,18.93,1.150,1.095,0.3783,0.3551,5.235,5.077,6972.6,5.596,0.2029,139.5,46.0
2026-07-04T01:00:00,9.024,8.766,17.99,19.00,1.124,1.072,0.3475,0.3223,6.083,5.219,6981.4,5.604,0.2031,139.6,46.1
2026-07-04T02:00:00,8.408,8.270,17.55,18.53,1.130,1.076,0.3925,0.3550,6.114,4.851,6989.7,5.614,0.2034,139.8,46.1
2026-07-04T03:00:00,8.281,8.079,18.11,18.86,1.151,1.087,0.3702,0.3499,5.982,5.313,6997.8,5.620,0.2036,140.0,46.2
2026-07-04T04:00:00,8.728,8.364,17.07,18.19,1.155,1.092,0.4001,0.3500,5.321,5.234,7006.1,5.620,0.2040,140.1,46.2
2026-07-04T05:00:00,8.783,8.523,17.87,18.38,1.160,1.105,0.4109,0.3351,5.876,5.117,7014.6,5.627,0.2047,140.3,46.3
2026-07-04T06:00:00,8.506,8.314,17.80,18.51,1.140,1.088,0.4085,0.3525,5.919,5.193,7023.0,5.633,0.2051,140.5,46.4
2026-07-04T07:00:00,8.685,8.425,18.74,19.47,1.174,1.111,0.4222,0.3466,6.203,4.894,7031.4,5.644,0.2058,140.6,46.4
2026-07-04T08:00:00,8.980,8.732,19.32,20.07,1.194,1.135,0.3538,0.3483,6.009,5.244,7040.1,5.651,0.2058,140.8,46.5
2026-07-04T09:00:00,9.957,9.654,19.33,20.09,1.182,1.126,0.4011,0.3519,6.173,4.912,7049.8,5.663,0.2063,141.0,46.5
2026-07-04T10:00:00,9.019,8.698,20.76,20.76,1.177,1.118,0.3421,0.3468,6.064,5.040,7058.5,5.672,0.2063,141.2,46.6
2026-07-04T11:00:00,9.342,9.167,21.06,21.88,1.185,1.134,0.3600,0.3373,5.341,5.160,7067.6,5.673,0.2065,141.4,46.6
2026-07-04T12:00:00,9.392,9.211,21.20,21.86,1.200,1.146,0.3436,0.3368,5.563,4.972,7076.8,5.679,0.2066,141.5,46.7
2026-07-04T13:00:00,9.429,9.279,22.28,22.85,1.212,1.159,0.4037,0.3517,6.549,5.210,7086.1,5.691,0.2070,141.7,46.8
2026-07-04T14:00:00,9.734,9.480,21.90,23.06,1.204,1.148,0.3653,0.3512,5.662,5.016,7095.6,5.697,0.2072,141.9,46.8
2026-07-04T15:00:00,9.825,9.637,21.64,23.09,1.223,1.168,0.4035,0.3456,6.185,5.143,7105.2,5.707,0.2077,142.1,46.9
2026-07-04T16:00:00,10.059,9.842,21.88,22.37,1.184,1.117,0.4087,0.3478,5.983,5.238,7115.1,5.715,0.2083,142.3,47.0
2026-07-04T17:00:00,9.414,9.287,21.51,22.18,1.214,1.156,0.3801,0.3457,5.906,5.102,7124.4,5.722,0.2086,142.5,47.0
2026-07-04T18:00:00,9.542,9.279,21.03,22.11,1.230,1.175,0.3777,0.3393,5.803,5.275,7133.7,5.727,0.2090,142.7,47.1
2026-07-04T19:00:00,9.772,9.547,20.42,21.08,1.201,1.145,0.3672,0.3569,5.881,5.083,7143.2,5.735,0.2091,142.9,47.1
2026-07-04T20:00:00,9.073,8.848,20.06,21.12,1.178,1.123,0.3859,0.3329,6.504,5.265,7152.0,5.746,0.2096,143.0,47.2
2026-07-04T21:00:00,9.328,9.123,19.33,19.91,1.169,1.104,0.3944,0.3497,6.040,5.083,7161.2,5.754,0.2100,143.2,47.3
2026-07-04T22:00:00,7.893,7.729,19.30,20.23,1.167,1.111,0.4424,0.3486,6.379,5.289,7168.9,5.763,0.2107,143.4,47.3
2026-07-04T23:00:00,8.547,8.277,18.84,19.83,1.162,1.088,0.3658,0.3464,6.467,4.993,7177.2,5.775,0.2109,143.5,47.4
2026-07-05T00:00:00,9.019,8.705,18.96,19.93,1.141,1.080,0.3481,0.3530,6.302,5.330,7185.9,5.784,0.2109,143.7,47.4
2026-07-05T01:00:00,7.891,7.676,18.65,19.68,1.131,1.067,0.3891,0.3332,6.326,4.980,7193.6,5.794,0.2113,143.9,47.5
2026-07-05T02:00:00,8.347,8.226,17.51,18.59,1.143,1.092,0.3913,0.3458,6.362,4.982,7201.8,5.805,0.2117,144.0,47.5
2026-07-05T03:00:00,8.619,8.442,18.02,18.96,1.143,1.090,0.3666,0.3431,6.058,4.998,7210.2,5.814,0.2119,144.2,47.6
2026-07-05T04:00:00,7.810,7.640,17.74,18.64,1.126,1.071,0.3585,0.3335,6.176,5.101,7217.9,5.822,0.2121,144.4,47.6
2026-07-05T05:00:00,8.732,8.503,18.31,18.90,1.145,1.091,0.3732,0.3353,5.914,5.179,7226.4,5.829,0.2124,144.5,47.7
2026-07-05T06:00:00,8.667,8.579,18.41,19.06,1.115,1.038,0.3445,0.3337,5.861,5.097,7234.9,5.835,0.2125,144.7,47.8
2026-07-05T07:00:00,8.847,8.672,18.56,19.75,1.177,1.117,0.3881,0.3446,5.928,4.831,7243.6,5.845,0.2128,144.9,47.8
2026-07-05T08:00:00,8.696,8.339,18.78,19.23,1.145,1.093,0.3553,0.3455,5.682,5.066,7252.0,5.850,0.2129,145.0,47.9
2026-07-05T09:00:00,9.348,9.138,19.71,20.68,1.195,1.135,0.3908,0.3477,5.722,5.103,7261.1,5.855,0.2133,145.2,47.9
2026-07-05T10:00:00,9.217,8.949,19.84,20.78,1.176,1.123,0.4126,0.3437,5.847,5.278,7270.0,5.861,0.2139,145.4,48.0
2026-07-05T11:00:00,9.735,9.490,20.74,21.52,1.214,1.148,0.4020,0.3343,6.098,5.154,7279.5,5.870,0.2146,145.6,48.0
2026-07-05T12:00:00,9.864,9.604,22.01,22.38,1.184,1.111,0.3930,0.3501,5.912,5.096,7289.1,5.877,0.2150,145.8,48.1
2026-07-05T13:00:00,9.515,9.244,21.79,22.38,1.209,1.153,0.3638,0.3330,5.642,5.025,7298.4,5.883,0.2153,146.0,48.2
2026-07-05T14:00:00,9.184,9.082,22.29,22.71,1.237,1.174,0.3569,0.3426,6.005,5.014,7307.5,5.892,0.2154,146.1,48.2
2026-07-05T15:00:00,9.661,9.407,22.04,22.93,1.217,1.160,0.3546,0.3398,6.111,4.935,7316.9,5.903,0.2155,146.3,48.3
2026-07-05T16:00:00,9.674,9.478,21.74,22.65,1.230,1.160,0.3856,0.3444,6.019,5.106,7326.4,5.912,0.2159,146.5,48.4
2026-07-05T17:00:00,9.703,9.565,21.19,21.89,1.213,1.157,0.4241,0.3425,5.936,4.899,7335.9,5.922,0.2167,146.7,48.4
2026-07-05T18:00:00,9.834,9.447,20.94,22.13,1.212,1.159,0.3499,0.3259,6.371,5.011,7345.4,5.935,0.2169,146.9,48.5
2026-07-05T19:00:00,9.816,9.555,21.13,22.29,1.233,1.169,0.3979,0.3340,5.279,4.966,7354.9,5.938,0.2176,147.1,48.5
2026-07-05T20:00:00,8.754,8.476,20.42,21.50,1.204,1.154,0.3910,0.3295,5.810,4.919,7363.4,5.945,0.2181,147.3,48.6
2026-07-05T21:00:00,8.148,7.877,19.09,19.91,1.180,1.123,0.3913,0.3344,6.155,4.913,7371.3,5.955,0.2185,147.4,48.7
2026-07-05T22:00:00,8.516,8.393,19.36,19.83,1.175,1.116,0.3729,0.3445,5.568,5.055,7379.7,5.959,0.2188,147.6,48.7
2026-07-05T23:00:00,8.392,8.197,18.40,19.28,1.154,1.101,0.3472,0.3383,6.416,4.989,7387.9,5.971,0.2188,147.8,48.8
2026-07-06T00:00:00,8.523,8.393,18.51,19.29,1.161,1.110,0.4190,0.3427,5.813,5.274,7396.3,5.975,0.2195,147.9,48.8
2026-07-06T01:00:00,8.918,8.603,17.64,18.35,1.117,1.064,0.3694,0.3471,6.158,5.317,7404.9,5.983,0.2197,148.1,48.9
2026-07-06T02:00:00,8.276,8.123,18.01,18.66,1.172,1.106,0.3405,0.3417,5.940,5.014,7413.0,5.990,0.2197,148.3,48.9
2026-07-06T03:00:00,7.809,7.616,18.00,19.02,1.157,1.102,0.4062,0.3427,6.147,5.103,7420.6,5.998,0.2202,148.4,49.0
2026-07-06T04:00:00,9.178,8.835,17.42,18.68,1.155,1.105,0.4068,0.3309,6.041,5.125,7429.4,6.006,0.2208,148.6,49.0
2026-07-06T05:00:00,8.486,8.279,18.42,19.30,1.132,1.080,0.3636,0.3552,6.574,5.196,7437.7,6.018,0.2209,148.8,49.1
2026-07-06T06:00:00,8.548,8.351,18.11,19.09,1.139,1.083,0.4084,0.3379,5.688,5.226,7446.1,6.021,0.2215,148.9,49.1
2026-07-06T07:00:00,8.406,8.210,18.89,19.70,1.130,1.079,0.3841,0.3276,6.282,5.171,7454.3,6.031,0.2219,149.1,49.2
2026-07-06T08:00:00,8.767,8.509,19.72,20.44,1.162,1.101,0.3599,0.3590,6.225,5.076,7462.8,6.040,0.2220,149.3,49.3
2026-07-06T09:00:00,8.889,8.651,19.13,19.80,1.187,1.132,0.4146,0.3395,5.658,5.117,7471.4,6.045,0.2226,149.4,49.3
2026-07-06T10:00:00,9.366,9.107,19.87,20.54,1.180,1.124,0.3838,0.3412,6.543,4.989,7480.5,6.059,0.2230,149.6,49.4
2026-07-06T11:00:00,9.876,9.734,21.15,21.94,1.211,1.159,0.3883,0.3395,6.220,5.003,7490.3,6.071,0.2235,149.8,49.4
2026-07-06T12:00:00,9.222,8.942,20.77,21.64,1.177,1.118,0.3660,0.3377,6.021,4.964,7499.2,6.080,0.2237,150.0,49.5
2026-07-06T13:00:00,9.462,9.132,21.29,21.70,1.187,1.130,0.3924,0.3389,6.302,4.963,7508.3,6.093,0.2242,150.2,49.6
2026-07-06T14:00:00,9.539,9.300,21.92,22.96,1.222,1.162,0.3898,0.3446,5.889,5.274,7517.6,6.098,0.2246,150.4,49.6
2026-07-06T15:00:00,9.832,9.642,21.67,22.75,1.231,1.166,0.3958,0.3425,6.312,4.989,7527.3,6.111,0.2251,150.5,49.7
2026-07-06T16:00:00,9.503,9.277,22.07,22.94,1.212,1.158,0.3853,0.3478,6.122,5.093,7536.6,6.121,0.2255,150.7,49.7
2026-07-06T17:00:00,10.043,9.806,21.12,22.01,1.242,1.184,0.3708,0.3355,6.102,5.019,7546.4,6.131,0.2258,150.9,49.8
2026-07-06T18:00:00,9.426,9.232,21.88,22.64,1.209,1.157,0.4365,0.3429,5.633,5.025,7555.6,6.137,0.2267,151.1,49.9
2026-07-06T19:00:00,9.604,9.396,20.95,21.90,1.194,1.138,0.3755,0.3465,6.681,5.082,7565.0,6.152,0.2270,151.3,49.9
2026-07-06T20:00:00,9.437,9.142,20.55,21.39,1.211,1.148,0.4226,0.3321,5.918,4.946,7574.1,6.161,0.2278,151.5,50.0
2026-07-06T21:00:00,9.044,8.730,19.66,20.51,1.200,1.143,0.3972,0.3535,6.088,5.106,7582.9,6.169,0.2282,151.7,50.0
2026-07-06T22:00:00,8.781,8.613,19.18,19.99,1.165,1.108,0.3872,0.3368,6.474,5.066,7591.5,6.182,0.2286,151.8,50.1
2026-07-06T23:00:00,8.555,8.356,19.01,19.77,1.134,1.078,0.3923,0.3419,5.824,5.139,7599.8,6.187,0.2290,152.0,50.2
2026-07-07T00:00:00,8.106,7.873,17.85,18.48,1.164,1.112,0.3928,0.3363,5.749,5.004,7607.7,6.193,0.2295,152.2,50.2
2026-07-07T01:00:00,8.200,8.038,17.71,18.58,1.165,1.106,0.3414,0.3418,6.313,5.146,7615.8,6.203,0.2295,152.3,50.3
2026-07-07T02:00:00,8.347,8.093,17.57,18.17,1.132,1.070,0.3688,0.3294,5.650,4.994,7623.8,6.208,0.2298,152.5,50.3
2026-07-07T03:00:00,8.535,8.343,18.65,19.79,1.138,1.080,0.3850,0.3450,6.129,5.096,7632.2,6.216,0.2301,152.6,50.4
2026-07-07T04:00:00,8.402,8.263,17.60,18.48,1.151,1.099,0.3545,0.3454,6.509,5.135,7640.5,6.228,0.2302,152.8,50.4
2026-07-07T05:00:00,8.351,8.165,17.80,18.44,1.128,1.076,0.4191,0.3423,5.879,5.001,7648.6,6.235,0.2308,153.0,50.5
2026-07-07T06:00:00,8.543,8.233,18.07,19.19,1.143,1.081,0.4187,0.3435,6.748,5.116,7656.9,6.248,0.2315,153.1,50.5
2026-07-07T07:00:00,9.276,8.994,18.92,19.63,1.157,1.096,0.3751,0.3305,6.058,4.919,7665.8,6.259,0.2319,153.3,50.6
2026-07-07T08:00:00,8.981,8.693,18.89,19.32,1.177,1.123,0.3705,0.3519,6.377,5.147,7674.5,6.269,0.2320,153.5,50.7
2026-07-07T09:00:00,8.955,8.686,19.58,20.58,1.194,1.131,0.3590,0.3645,6.079,5.078,7683.2,6.278,0.2320,153.7,50.7
2026-07-07T10:00:00,8.605,8.443,20.07,20.90,1.178,1.126,0.3687,0.3306,6.081,5.130,7691.7,6.286,0.2323,153.8,50.8
2026-07-07T11:00:00,9.112,8.973,20.57,21.44,1.197,1.143,0.3360,0.3521,5.616,5.075,7700.6,6.291,0.2323,154.0,50.8
2026-07-07T12:00:00,8.697,8.442,20.54,22.18,1.203,1.146,0.3699,0.3321,5.855,4.978,7709.1,6.298,0.2327,154.2,50.9
2026-07-07T13:00:00,9.422,9.200,21.25,22.47,1.205,1.152,0.3880,0.3580,5.818,5.082,7718.3,6.305,0.2329,154.4,50.9
2026-07-07T14:00:00,9.691,9.575,22.07,22.66,1.219,1.163,0.3794,0.3256,5.581,4.865,7727.9,6.312,0.2334,154.6,51.0
2026-07-07T15:00:00,9.790,9.466,21.91,23.21,1.231,1.179,0.3759,0.3492,6.155,5.003,7737.3,6.323,0.2337,154.7,51.1
2026-07-07T16:00:00,9.405,9.179,21.40,22.23,1.226,1.162,0.3827,0.3358,6.301,5.121,7746.5,6.334,0.2341,154.9,51.1
2026-07-07T17:00:00,9.412,9.160,21.89,22.69,1.215,1.159,0.3736,0.3554,5.721,5.138,7755.7,6.339,0.2343,155.1,51.2
2026-07-07T18:00:00,9.707,9.581,21.12,22.00,1.188,1.127,0.3874,0.3488,6.279,5.112,7765.2,6.350,0.2347,155.3,51.3
2026-07-07T19:00:00,8.491,8.149,21.14,22.06,1.197,1.143,0.3642,0.3465,6.011,5.120,7773.4,6.358,0.2348,155.5,51.3
2026-07-07T20:00:00,8.830,8.593,20.51,21.45,1.203,1.152,0.3944,0.3432,5.674,5.127,7782.0,6.362,0.2353,155.6,51.4
2026-07-07T21:00:00,9.132,8.825,19.93,20.63,1.184,1.132,0.4149,0.3332,5.696,5.208,7790.8,6.367,0.2360,155.8,51.4
2026-07-07T22:00:00,8.709,8.567,19.63,20.36,1.151,1.094,0.4336,0.3437,5.580,5.041,7799.4,6.371,0.2367,156.0,51.5
2026-07-07T23:00:00,8.557,8.255,18.63,19.58,1.193,1.142,0.3811,0.3433,6.353,5.118,7807.6,6.381,0.2371,156.2,51.5
2026-07-08T00:00:00,9.114,8.967,18.08,19.22,1.153,1.099,0.3623,0.3487,6.239,5.191,7816.6,6.391,0.2372,156.3,51.6
2026-07-08T01:00:00,8.295,7.973,18.61,19.50,1.128,1.061,0.4023,0.3370,5.398,5.095,7824.6,6.393,0.2377,156.5,51.6
2026-07-08T02:00:00,8.175,7.983,17.47,18.60,1.142,1.076,0.3997,0.3524,6.436,5.013,7832.6,6.405,0.2381,156.7,51.7
2026-07-08T03:00:00,8.441,8.178,17.26,18.06,1.134,1.077,0.3523,0.3486,5.807,4.949,7840.7,6.412,0.2381,156.8,51.7
2026-07-08T04:00:00,8.657,8.449,16.79,18.17,1.169,1.113,0.3597,0.3467,6.083,4.904,7849.2,6.421,0.2382,157.0,51.8
2026-07-08T05:00:00,8.210,7.967,17.31,17.90,1.155,1.099,0.4030,0.3510,5.830,4.817,7857.2,6.430,0.2386,157.1,51.9
2026-07-08T06:00:00,9.173,8.988,17.96,18.85,1.171,1.109,0.3409,0.3370,6.305,5.282,7866.1,6.439,0.2387,157.3,51.9
2026-07-08T07:00:00,8.860,8.703,18.97,20.00,1.147,1.095,0.3834,0.3353,6.068,5.007,7874.8,6.448,0.2391,157.5,52.0
2026-07-08T08:00:00,8.798,8.543,19.81,20.77,1.174,1.103,0.3651,0.3409,6.237,4.872,7883.4,6.460,0.2393,157.7,52.0
2026-07-08T09:00:00,9.356,9.102,19.62,19.87,1.206,1.152,0.4123,0.3311,5.771,5.234,7892.5,6.465,0.2400,157.8,52.1
2026-07-08T10:00:00,9.259,9.025,20.10,20.91,1.177,1.126,0.3664,0.3339,5.885,5.005,7901.5,6.472,0.2403,158.0,52.1
2026-07-08T11:00:00,9.321,9.104,20.01,20.70,1.219,1.149,0.3918,0.3519,6.150,5.181,7910.6,6.481,0.2407,158.2,52.2
2026-07-08T12:00:00,9.514,9.104,20.65,21.38,1.210,1.145,0.3675,0.3414,5.547,5.140,7919.7,6.485,0.2409,158.4,52.3
2026-07-08T13:00:00,9.714,9.472,21.51,22.51,1.220,1.169,0.3705,0.3508,6.134,4.980,7929.2,6.496,0.2411,158.6,52.3
2026-07-08T14:00:00,9.386,9.066,21.55,22.12,1.197,1.147,0.3786,0.3534,6.363,5.069,7938.3,6.508,0.2413,158.8,52.4
2026-07-08T15:00:00,9.817,9.558,21.99,22.39,1.234,1.181,0.3668,0.3584,6.145,5.047,7947.8,6.518,0.2414,159.0,52.5
2026-07-08T16:00:00,9.676,9.427,21.71,23.14,1.233,1.176,0.3836,0.3485,6.130,5.045,7957.2,6.528,0.2418,159.1,52.5
2026-07-08T17:00:00,9.287,9.038,20.79,21.60,1.229,1.178,0.3638,0.3334,5.509,4.982,7966.3,6.533,0.2420,159.3,52.6
2026-07-08T18:00:00,8.530,8.223,20.72,21.48,1.206,1.155,0.3868,0.3406,5.815,5.216,7974.5,6.538,0.2424,159.5,52.6
2026-07-08T19:00:00,9.264,8.942,20.76,21.05,1.194,1.130,0.4175,0.3437,6.120,5.005,7983.4,6.548,0.2431,159.7,52.7
2026-07-08T20:00:00,9.384,9.106,19.52,20.58,1.200,1.133,0.3847,0.3422,6.797,5.108,7992.6,6.563,0.2435,159.9,52.8
2026-07-08T21:00:00,9.204,9.105,19.15,20.24,1.187,1.135,0.4174,0.3475,6.036,5.070,8001.7,6.572,0.2441,160.0,52.8
2026-07-08T22:00:00,8.026,7.884,18.40,18.89,1.196,1.145,0.3804,0.3271,6.291,4.899,8009.5,6.583,0.2445,160.2,52.9
2026-07-08T23:00:00,8.891,8.587,18.39,18.71,1.139,1.081,0.3791,0.3472,6.136,5.151,8018.1,6.592,0.2448,160.4,52.9
2026-07-09T00:00:00,8.746,8.588,18.93,20.13,1.133,1.079,0.3725,0.3441,5.764,5.083,8026.7,6.598,0.2450,160.5,53.0
2026-07-09T01:00:00,8.300,8.072,17.45,18.25,1.151,1.094,0.3706,0.3396,5.914,5.053,8034.8,6.604,0.2453,160.7,53.0
2026-07-09T02:00:00,8.175,7.863,18.17,19.06,1.138,1.082,0.3742,0.3384,5.788,5.204,8042.6,6.609,0.2456,160.9,53.1
2026-07-09T03:00:00,8.306,8.128,17.59,18.34,1.121,1.054,0.4045,0.3282,5.784,5.076,8050.8,6.615,0.2462,161.0,53.1
2026-07-09T04:00:00,8.648,8.479,17.33,18.35,1.157,1.104,0.3988,0.3357,5.953,5.144,8059.3,6.622,0.2467,161.2,53.2
2026-07-09T05:00:00,8.641,8.472,17.43,18.32,1.154,1.091,0.3778,0.3336,5.547,5.001,8067.7,6.626,0.2471,161.4,53.2
2026-07-09T06:00:00,8.565,8.269,17.92,19.11,1.168,1.106,0.3863,0.3301,5.664,4.842,8076.0,6.633,0.2476,161.5,53.3
2026-07-09T07:00:00,8.316,8.073,17.94,18.96,1.175,1.121,0.3898,0.3442,6.000,4.988,8084.1,6.641,0.2479,161.7,53.4
2026-07-09T08:00:00,8.804,8.581,18.78,19.49,1.176,1.124,0.4366,0.3320,6.153,4.910,8092.7,6.652,0.2488,161.9,53.4
2026-07-09T09:00:00,9.129,8.919,19.52,19.82,1.158,1.104,0.3785,0.3481,5.607,5.036,8101.6,6.657,0.2491,162.0,53.5
2026-07-09T10:00:00,9.552,9.207,19.64,20.42,1.201,1.143,0.3705,0.3353,6.387,5.094,8110.8,6.669,0.2494,162.2,53.5
2026-07-09T11:00:00,9.566,9.429,20.64,21.13,1.216,1.156,0.3850,0.3363,5.960,4.983,8120.2,6.678,0.2499,162.4,53.6
2026-07-09T12:00:00,9.384,9.260,21.21,21.99,1.218,1.166,0.3472,0.3503,5.828,4.994,8129.5,6.686,0.2499,162.6,53.7
2026-07-09T13:00:00,9.633,9.421,21.49,21.84,1.229,1.166,0.3815,0.3406,5.525,4.958,8138.9,6.691,0.2503,162.8,53.7
2026-07-09T14:00:00,9.767,9.514,21.47,22.54,1.230,1.174,0.3693,0.3621,5.818,4.982,8148.4,6.699,0.2503,163.0,53.8
2026-07-09T15:00:00,9.231,8.981,21.73,22.42,1.212,1.156,0.3872,0.3460,6.236,5.003,8157.4,6.710,0.2507,163.1,53.8
2026-07-09T16:00:00,9.637,9.559,22.17,22.90,1.220,1.159,0.3724,0.3303,5.967,4.993,8166.9,6.720,0.2511,163.3,53.9
2026-07-09T17:00:00,9.520,9.367,21.83,22.62,1.202,1.146,0.4094,0.3497,6.095,5.153,8176.3,6.728,0.2517,163.5,54.0
2026-07-09T18:00:00,9.247,9.048,21.24,22.33,1.204,1.151,0.3661,0.3397,5.968,5.047,8185.4,6.737,0.2519,163.7,54.0
2026-07-09T19:00:00,9.668,9.413,19.61,20.15,1.199,1.147,0.3800,0.3456,5.611,5.006,8194.8,6.742,0.2522,163.9,54.1
2026-07-09T20:00:00,9.873,9.613,20.26,21.25,1.208,1.146,0.3909,0.3342,5.251,4.844,8204.4,6.746,0.2528,164.1,54.1
2026-07-09T21:00:00,9.126,8.964,19.57,20.30,1.195,1.141,0.3737,0.3484,5.757,4.931,8213.3,6.754,0.2530,164.3,54.2
2026-07-09T22:00:00,8.882,8.822,19.08,20.29,1.140,1.085,0.3972,0.3325,5.764,4.833,8222.2,6.762,0.2536,164.4,54.3
2026-07-09T23:00:00,9.150,8.943,18.69,19.61,1.128,1.075,0.3327,0.3397,6.432,5.020,8231.1,6.775,0.2536,164.6,54.3
2026-07-10T00:00:00,8.492,8.209,18.27,18.60,1.168,1.109,0.3946,0.3362,6.108,5.056,8239.3,6.783,0.2540,164.8,54.4
2026-07-10T01:00:00,8.294,8.113,18.76,19.61,1.139,1.077,0.4169,0.3557,6.280,5.123,8247.4,6.793,0.2545,164.9,54.4
2026-07-10T02:00:00,9.064,8.834,17.52,18.15,1.153,1.102,0.4017,0.3419,5.690,5.001,8256.3,6.799,0.2551,165.1,54.5
2026-07-10T03:00:00,8.550,8.481,17.51,18.45,1.150,1.097,0.3562,0.3443,6.078,4.834,8264.7,6.809,0.2552,165.3,54.5
2026-07-10T04:00:00,8.027,7.806,17.46,18.05,1.153,1.094,0.3951,0.3352,6.050,4.889,8272.6,6.818,0.2556,165.5,54.6
2026-07-10T05:00:00,8.918,8.701,18.03,19.04,1.182,1.127,0.3704,0.3371,5.808,4.825,8281.3,6.827,0.2559,165.6,54.7
2026-07-10T06:00:00,8.786,8.548,17.97,19.01,1.157,1.095,0.3528,0.3424,5.955,4.974,8289.8,6.835,0.2560,165.8,54.7
2026-07-10T07:00:00,8.803,8.563,18.19,19.14,1.161,1.100,0.3810,0.3401,6.077,5.059,8298.4,6.844,0.2564,166.0,54.8
2026-07-10T08:00:00,8.914,8.754,19.60,20.52,1.181,1.125,0.3827,0.3337,5.788,4.977,8307.1,6.851,0.2568,166.1,54.8
2026-07-10T09:00:00,9.041,8.843,19.64,20.37,1.181,1.131,0.3502,0.3539,6.164,4.973,8316.0,6.862,0.2568,166.3,54.9
2026-07-10T10:00:00,8.826,8.627,20.18,21.06,1.170,1.119,0.3651,0.3412,5.879,5.058,8324.6,6.869,0.2570,166.5,54.9
2026-07-10T11:00:00,8.921,8.600,20.22,20.87,1.219,1.168,0.3299,0.3578,6.020,4.951,8333.2,6.878,0.2570,166.7,55.0
2026-07-10T12:00:00,9.494,9.207,19.93,21.07,1.226,1.165,0.3932,0.3382,5.278,5.043,8342.4,6.880,0.2575,166.8,55.1
2026-07-10T13:00:00,9.468,9.360,20.95,21.44,1.216,1.157,0.3669,0.3471,6.319,5.172,8351.8,6.891,0.2577,167.0,55.1
2026-07-10T14:00:00,9.634,9.436,20.81,21.70,1.209,1.158,0.3788,0.3426,5.551,4.854,8361.2,6.897,0.2580,167.2,55.2
2026-07-10T15:00:00,9.382,9.153,22.23,22.96,1.211,1.144,0.3578,0.3395,5.939,5.258,8370.3,6.904,0.2582,167.4,55.2
2026-07-10T16:00:00,9.553,9.336,22.57,23.49,1.232,1.165,0.3848,0.3563,6.322,4.981,8379.7,6.916,0.2585,167.6,55.3
2026-07-10T17:00:00,9.571,9.388,20.44,21.37,1.200,1.138,0.3435,0.3408,5.721,5.013,8389.1,6.923,0.2585,167.8,55.4
2026-07-10T18:00:00,9.865,9.460,19.90,20.97,1.188,1.135,0.3526,0.3336,5.689,4.923,8398.5,6.930,0.2587,168.0,55.4
2026-07-10T19:00:00,8.991,8.855,20.62,21.35,1.179,1.117,0.3526,0.3306,5.562,5.037,8407.4,6.935,0.2589,168.1,55.5
2026-07-10T20:00:00,9.603,9.412,19.78,19.92,1.201,1.149,0.3955,0.3358,5.965,4.914,8416.8,6.944,0.2594,168.3,55.6
2026-07-10T21:00:00,8.776,8.535,18.95,19.68,1.165,1.107,0.3733,0.3370,6.017,5.059,8425.3,6.953,0.2597,168.5,55.6
2026-07-10T22:00:00,9.125,8.879,18.73,19.45,1.166,1.113,0.3786,0.3439,6.316,4.882,8434.2,6.965,0.2601,168.7,55.7
2026-07-10T23:00:00,8.174,7.946,18.49,19.05,1.165,1.111,0.3893,0.3320,6.259,5.012,8442.2,6.975,0.2605,168.8,55.7
2026-07-11T00:00:00,8.137,8.025,17.38,18.12,1.152,1.099,0.4164,0.3393,6.213,5.122,8450.2,6.984,0.2611,169.0,55.8
2026-07-11T01:00:00,8.738,8.561,17.71,18.66,1.141,1.083,0.3634,0.3503,5.626,4.800,8458.7,6.991,0.2612,169.2,55.8
2026-07-11T02:00:00,8.226,8.026,17.82,18.44,1.100,1.046,0.3753,0.3482,6.559,4.942,8466.8,7.004,0.2615,169.3,55.9
2026-07-11T03:00:00,8.443,8.254,16.69,17.49,1.124,1.069,0.4193,0.3399,6.607,4.774,8475.0,7.019,0.2621,169.5,55.9
2026-07-11T04:00:00,8.204,7.989,17.90,18.68,1.103,1.035,0.3739,0.3387,5.990,4.882,8483.0,7.028,0.2624,169.7,56.0
2026-07-11T05:00:00,7.920,7.725,17.53,18.93,1.155,1.104,0.4024,0.3442,5.745,5.241,8490.7,7.032,0.2628,169.8,56.0
2026-07-11T06:00:00,8.771,8.476,18.35,19.25,1.157,1.094,0.3850,0.3524,6.205,5.162,8499.2,7.041,0.2631,170.0,56.1
2026-07-11T07:00:00,8.635,8.340,18.09,19.14,1.145,1.094,0.3782,0.3509,5.601,5.154,8507.6,7.045,0.2633,170.2,56.1
2026-07-11T08:00:00,8.395,8.177,19.03,19.30,1.188,1.136,0.3483,0.3424,5.603,5.008,8515.7,7.049,0.2634,170.3,56.2
2026-07-11T09:00:00,8.717,8.478,19.50,20.31,1.178,1.119,0.3830,0.3316,5.071,5.066,8524.2,7.049,0.2638,170.5,56.3
2026-07-11T10:00:00,9.045,8.827,19.20,20.29,1.179,1.124,0.4068,0.3388,6.093,4.923,8533.0,7.060,0.2644,170.7,56.3
2026-07-11T11:00:00,8.890,8.617,20.50,21.34,1.196,1.136,0.3823,0.3241,5.890,4.999,8541.7,7.067,0.2649,170.8,56.4
2026-07-11T12:00:00,9.060,8.988,20.72,21.68,1.177,1.124,0.3928,0.3428,6.176,5.035,8550.6,7.078,0.2654,171.0,56.4
2026-07-11T13:00:00,9.558,9.448,20.97,21.73,1.215,1.152,0.3649,0.3430,5.585,5.010,8560.1,7.083,0.2656,171.2,56.5
2026-07-11T14:00:00,9.526,9.303,21.40,22.69,1.225,1.173,0.3580,0.3498,6.079,4.835,8569.4,7.095,0.2657,171.4,56.6
2026-07-11T15:00:00,9.986,9.859,21.16,21.83,1.212,1.158,0.3893,0.3252,6.102,5.111,8579.3,7.105,0.2663,171.6,56.6
2026-07-11T16:00:00,9.861,9.563,21.34,22.29,1.230,1.175,0.4068,0.3418,6.149,4.908,8588.8,7.116,0.2669,171.8,56.7
2026-07-11T17:00:00,9.662,9.523,21.40,22.53,1.217,1.165,0.3735,0.3396,5.937,5.091,8598.3,7.124,0.2672,172.0,56.7
2026-07-11T18:00:00,9.201,9.021,20.87,21.45,1.214,1.161,0.3913,0.3347,5.876,5.120,8607.4,7.131,0.2678,172.1,56.8
2026-07-11T19:00:00,9.136,8.957,20.55,21.11,1.183,1.126,0.4116,0.3216,6.132,5.252,8616.3,7.139,0.2686,172.3,56.9
2026-07-11T20:00:00,9.096,8.719,19.87,20.49,1.187,1.137,0.3913,0.3386,6.148,4.964,8625.0,7.149,0.2690,172.5,56.9
2026-07-11T21:00:00,8.873,8.762,18.99,19.42,1.198,1.148,0.3851,0.3401,6.317,4.931,8633.8,7.162,0.2694,172.7,57.0
2026-07-11T22:00:00,8.484,8.330,19.45,19.96,1.151,1.092,0.3716,0.3506,5.704,4.876,8642.1,7.168,0.2696,172.8,57.0
2026-07-11T23:00:00,8.499,8.387,18.07,18.69,1.158,1.100,0.4033,0.3413,6.433,4.935,8650.5,7.181,0.2701,173.0,57.1
2026-07-12T00:00:00,8.823,8.617,17.71,18.98,1.160,1.102,0.3598,0.3338,5.999,5.010,8659.1,7.190,0.2703,173.2,57.2
2026-07-12T01:00:00,8.907,8.560,17.17,18.10,1.144,1.086,0.4081,0.3331,5.863,5.028,8667.7,7.197,0.2710,173.4,57.2
2026-07-12T02:00:00,8.614,8.379,17.17,17.52,1.116,1.064,0.3597,0.3507,5.935,5.185,8676.1,7.203,0.2710,173.5,57.3
2026-07-12T03:00:00,8.111,7.869,16.95,17.35,1.152,1.098,0.3976,0.3332,5.764,5.073,8683.9,7.208,0.2716,173.7,57.3
2026-07-12T04:00:00,8.265,7.940,17.52,18.08,1.148,1.094,0.3462,0.3306,5.449,4.923,8691.9,7.213,0.2717,173.8,57.4
2026-07-12T05:00:00,8.606,8.400,17.27,18.09,1.152,1.098,0.3413,0.3442,5.657,5.014,8700.3,7.218,0.2717,174.0,57.4
2026-07-12T06:00:00,8.740,8.521,17.79,18.52,1.162,1.105,0.4149,0.3525,6.143,5.013,8708.8,7.228,0.2722,174.2,57.5
2026-07-12T07:00:00,9.164,8.964,18.25,19.56,1.165,1.099,0.3701,0.3424,5.880,4.871,8717.8,7.237,0.2725,174.4,57.5
2026-07-12T08:00:00,8.806,8.532,18.50,19.43,1.182,1.129,0.3592,0.3454,6.114,4.881,8726.3,7.247,0.2726,174.5,57.6
2026-07-12T09:00:00,9.037,8.721,19.31,19.72,1.170,1.117,0.4023,0.3359,5.931,5.007,8735.0,7.255,0.2732,174.7,57.7
2026-07-12T10:00:00,8.955,8.808,19.86,21.10,1.202,1.140,0.3982,0.3527,5.971,4.840,8743.8,7.265,0.2736,174.9,57.7
2026-07-12T11:00:00,9.850,9.548,19.94,20.43,1.199,1.137,0.4179,0.3546,5.193,5.109,8753.4,7.266,0.2742,175.1,57.8
2026-07-12T12:00:00,9.362,8.979,19.99,20.68,1.187,1.134,0.3758,0.3343,5.225,5.044,8762.4,7.268,0.2745,175.2,57.8
2026-07-12T13:00:00,8.945,8.807,21.95,22.65,1.220,1.159,0.3697,0.3485,5.901,4.915,8771.2,7.276,0.2747,175.4,57.9
2026-07-12T14:00:00,10.554,10.318,22.07,23.28,1.199,1.142,0.3974,0.3399,5.688,4.809,8781.5,7.285,0.2753,175.6,58.0
2026-07-12T15:00:00,9.960,9.763,20.91,21.98,1.218,1.157,0.3569,0.3440,6.108,4.904,8791.2,7.297,0.2754,175.8,58.0
2026-07-12T16:00:00,9.587,9.422,21.81,22.61,1.212,1.158,0.3955,0.3374,5.976,4.969,8800.7,7.307,0.2760,176.0,58.1
2026-07-12T17:00:00,9.772,9.514,20.76,21.31,1.193,1.143,0.3690,0.3163,6.393,4.846,8810.2,7.321,0.2765,176.2,58.1
2026-07-12T18:00:00,9.476,9.160,20.57,21.09,1.206,1.155,0.4023,0.3429,6.231,5.080,8819.3,7.332,0.2770,176.4,58.2
2026-07-12T19:00:00,8.882,8.758,20.00,20.80,1.208,1.157,0.3843,0.3316,6.011,4.969,8828.1,7.341,0.2775,176.6,58.3
2026-07-12T20:00:00,9.530,9.393,19.80,20.42,1.164,1.100,0.3384,0.3595,6.497,5.021,8837.5,7.355,0.2775,176.7,58.3
2026-07-12T21:00:00,9.350,9.156,19.09,19.36,1.185,1.123,0.3977,0.3454,6.013,4.962,8846.6,7.365,0.2780,176.9,58.4
2026-07-12T22:00:00,8.858,8.687,19.34,20.17,1.178,1.114,0.3819,0.3510,5.921,4.883,8855.3,7.374,0.2782,177.1,58.4
2026-07-12T23:00:00,8.828,8.648,18.24,19.07,1.172,1.115,0.3813,0.3386,5.487,4.932,8864.0,7.378,0.2786,177.3,58.5
2026-07-13T00:00:00,8.615,8.418,17.76,18.95,1.161,1.105,0.3682,0.3302,5.343,4.923,8872.4,7.382,0.2789,177.4,58.6
2026-07-13T01:00:00,8.981,8.716,17.55,18.33,1.166,1.110,0.3873,0.3392,5.448,5.063,8881.1,7.385,0.2793,177.6,58.6
2026-07-13T02:00:00,8.788,8.609,18.19,19.20,1.142,1.085,0.3785,0.3538,5.934,4.905,8889.7,7.394,0.2796,177.8,58.7
2026-07-13T03:00:00,8.408,8.152,17.51,18.40,1.156,1.101,0.3650,0.3450,5.980,4.784,8897.9,7.404,0.2797,178.0,58.7
2026-07-13T04:00:00,8.542,8.359,16.72,17.06,1.130,1.071,0.3627,0.3324,5.656,4.844,8906.2,7.411,0.2800,178.1,58.8
2026-07-13T05:00:00,8.598,8.386,18.19,19.16,1.170,1.117,0.3807,0.3384,5.462,5.008,8914.6,7.414,0.2803,178.3,58.8
2026-07-13T06:00:00,8.234,8.089,17.76,18.19,1.135,1.081,0.3859,0.3180,6.009,4.919,8922.7,7.423,0.2809,178.5,58.9
2026-07-13T07:00:00,8.732,8.505,18.69,19.74,1.164,1.105,0.3852,0.3330,6.279,4.716,8931.2,7.437,0.2813,178.6,58.9
2026-07-13T08:00:00,8.382,8.077,19.16,19.90,1.157,1.100,0.3733,0.3295,5.843,5.085,8939.3,7.443,0.2817,178.8,59.0
2026-07-13T09:00:00,8.490,8.264,19.84,20.69,1.184,1.122,0.3771,0.3416,6.186,4.942,8947.6,7.453,0.2820,179.0,59.1
2026-07-13T10:00:00,9.241,8.978,20.29,20.84,1.187,1.134,0.3942,0.3436,5.849,4.948,8956.5,7.461,0.2824,179.1,59.1
2026-07-13T11:00:00,9.210,8.832,20.44,21.30,1.203,1.145,0.3722,0.3177,5.656,5.020,8965.4,7.467,0.2829,179.3,59.2
2026-07-13T12:00:00,9.752,9.552,20.87,21.15,1.209,1.146,0.3924,0.3336,5.895,5.080,8974.9,7.474,0.2835,179.5,59.2
2026-07-13T13:00:00,9.287,9.164,20.97,21.50,1.196,1.144,0.3752,0.3308,6.179,5.048,8984.1,7.485,0.2839,179.7,59.3
2026-07-13T14:00:00,10.004,9.659,21.41,22.65,1.237,1.187,0.4190,0.3461,6.250,4.862,8993.7,7.498,0.2846,179.9,59.4
2026-07-13T15:00:00,9.613,9.511,20.92,21.82,1.210,1.157,0.3691,0.3403,6.112,5.063,9003.2,7.508,0.2849,180.1,59.4
2026-07-13T16:00:00,9.475,9.158,21.12,21.84,1.206,1.153,0.3809,0.3272,5.902,5.042,9012.4,7.516,0.2853,180.2,59.5
2026-07-13T17:00:00,9.237,9.006,20.58,21.15,1.218,1.162,0.3760,0.3499,6.101,4.896,9021.4,7.527,0.2856,180.4,59.5
2026-07-13T18:00:00,9.318,9.177,20.79,21.53,1.220,1.158,0.4513,0.3514,6.031,4.942,9030.6,7.537,0.2865,180.6,59.6
2026-07-13T19:00:00,8.845,8.626,20.56,21.69,1.194,1.136,0.3383,0.3275,6.620,4.923,9039.2,7.552,0.2866,180.8,59.7
2026-07-13T20:00:00,9.416,9.172,20.08,20.54,1.179,1.129,0.3874,0.3435,5.629,4.785,9048.4,7.559,0.2870,181.0,59.7
2026-07-13T21:00:00,8.663,8.406,18.53,19.46,1.195,1.132,0.4144,0.3323,5.287,5.048,9056.8,7.561,0.2877,181.1,59.8
2026-07-13T22:00:00,8.848,8.697,19.37,20.11,1.185,1.126,0.3996,0.3387,6.187,5.039,9065.5,7.571,0.2882,181.3,59.8
2026-07-13T23:00:00,8.669,8.495,18.03,18.88,1.175,1.122,0.4294,0.3329,6.332,4.880,9074.0,7.584,0.2890,181.5,59.9
2026-07-14T00:00:00,8.594,8.453,18.21,18.63,1.143,1.093,0.3753,0.3519,5.456,4.953,9082.4,7.588,0.2892,181.6,59.9
2026-07-14T01:00:00,8.185,7.881,17.39,18.12,1.135,1.083,0.3508,0.3507,5.858,5.120,9090.3,7.594,0.2892,181.8,60.0
2026-07-14T02:00:00,8.318,8.082,17.47,18.79,1.133,1.079,0.4147,0.3452,5.694,5.010,9098.4,7.599,0.2898,182.0,60.0
2026-07-14T03:00:00,8.494,8.259,17.04,17.88,1.140,1.083,0.3577,0.3315,6.451,4.915,9106.7,7.612,0.2900,182.1,60.1
2026-07-14T04:00:00,8.600,8.520,16.83,18.20,1.148,1.089,0.3824,0.3425,6.198,4.978,9115.2,7.622,0.2903,182.3,60.2
2026-07-14T05:00:00,9.059,8.758,17.61,18.44,1.139,1.084,0.3831,0.3390,5.127,4.894,9123.9,7.624,0.2907,182.5,60.2
2026-07-14T06:00:00,8.610,8.295,18.26,19.09,1.147,1.088,0.3685,0.3371,4.995,5.087,9132.2,7.624,0.2910,182.6,60.3
2026-07-14T07:00:00,8.992,8.879,18.12,18.80,1.153,1.097,0.3902,0.3429,6.381,5.166,9141.1,7.635,0.2914,182.8,60.3
2026-07-14T08:00:00,8.649,8.446,18.63,19.27,1.172,1.121,0.3785,0.3383,6.046,4.800,9149.6,7.646,0.2918,183.0,60.4
2026-07-14T09:00:00,8.928,8.712,19.12,19.86,1.195,1.142,0.4066,0.3372,5.772,4.760,9158.3,7.654,0.2924,183.2,60.4
2026-07-14T10:00:00,9.102,8.958,20.16,20.88,1.186,1.127,0.3835,0.3436,5.576,4.900,9167.2,7.661,0.2927,183.3,60.5
2026-07-14T11:00:00,9.985,9.784,20.02,20.65,1.210,1.155,0.4214,0.3323,5.784,5.030,9177.0,7.668,0.2936,183.5,60.6
2026-07-14T12:00:00,9.521,9.248,20.73,21.77,1.234,1.177,0.3783,0.3327,5.859,5.098,9186.3,7.675,0.2940,183.7,60.6
2026-07-14T13:00:00,9.764,9.450,20.41,20.91,1.205,1.153,0.3998,0.3458,5.830,4.828,9195.7,7.684,0.2945,183.9,60.7
2026-07-14T14:00:00,9.069,8.768,21.22,22.20,1.242,1.175,0.3588,0.3431,5.926,4.891,9204.5,7.693,0.2947,184.1,60.7
2026-07-14T15:00:00,9.377,9.037,21.02,22.01,1.214,1.161,0.3905,0.3294,5.280,5.075,9213.5,7.695,0.2952,184.3,60.8
2026-07-14T16:00:00,9.504,9.347,20.67,21.43,1.227,1.170,0.3539,0.3262,5.896,4.735,9222.9,7.706,0.2955,184.5,60.9
2026-07-14T17:00:00,9.242,8.983,20.65,21.56,1.258,1.195,0.3884,0.3319,6.054,4.943,9231.8,7.716,0.2960,184.6,60.9
2026-07-14T18:00:00,8.986,8.785,20.84,21.70,1.211,1.161,0.3546,0.3323,5.918,4.732,9240.6,7.727,0.2962,184.8,61.0
2026-07-14T19:00:00,9.815,9.582,19.76,20.63,1.200,1.125,0.3971,0.3460,5.660,5.116,9250.2,7.732,0.2967,185.0,61.1
2026-07-14T20:00:00,8.988,8.813,19.32,20.52,1.203,1.148,0.4007,0.3405,6.179,4.911,9259.0,7.743,0.2972,185.2,61.1
2026-07-14T21:00:00,8.858,8.732,19.73,20.53,1.201,1.148,0.3980,0.3323,5.396,4.958,9267.8,7.747,0.2978,185.4,61.2
2026-07-14T22:00:00,9.139,8.908,18.88,19.84,1.177,1.123,0.3479,0.3386,5.639,4.925,9276.7,7.753,0.2979,185.5,61.2
2026-07-14T23:00:00,8.647,8.483,18.02,19.27,1.180,1.126,0.3805,0.3367,6.015,4.887,9285.1,7.763,0.2982,185.7,61.3
2026-07-15T00:00:00,8.379,8.196,17.51,18.26,1.155,1.101,0.3658,0.3350,5.675,4.971,9293.3,7.769,0.2985,185.9,61.3
2026-07-15T01:00:00,8.700,8.495,17.46,17.93,1.135,1.077,0.3696,0.3441,6.341,4.991,9301.8,7.780,0.2987,186.0,61.4
2026-07-15T02:00:00,7.745,7.466,16.55,17.29,1.154,1.103,0.3652,0.3405,6.267,5.048,9309.3,7.789,0.2989,186.2,61.4
2026-07-15T03:00:00,8.846,8.768,17.36,18.19,1.147,1.093,0.4029,0.3250,6.771,5.007,9318.1,7.805,0.2996,186.4,61.5
2026-07-15T04:00:00,8.820,8.656,17.19,18.02,1.160,1.097,0.4242,0.3442,5.939,5.147,9326.7,7.811,0.3003,186.5,61.6
2026-07-15T05:00:00,8.295,7.999,17.62,18.40,1.147,1.090,0.4001,0.3462,6.379,4.811,9334.7,7.824,0.3007,186.7,61.6
2026-07-15T06:00:00,8.837,8.649,17.52,18.67,1.158,1.105,0.3682,0.3405,5.845,4.810,9343.4,7.833,0.3009,186.9,61.7
2026-07-15T07:00:00,9.373,9.117,18.12,18.68,1.187,1.132,0.3735,0.3457,5.093,4.925,9352.5,7.834,0.3012,187.0,61.7
2026-07-15T08:00:00,9.515,9.234,18.44,19.34,1.173,1.118,0.4297,0.3432,6.088,4.808,9361.7,7.846,0.3020,187.2,61.8
2026-07-15T09:00:00,9.191,8.884,19.27,19.67,1.165,1.099,0.3716,0.3402,5.570,4.831,9370.6,7.853,0.3023,187.4,61.8
2026-07-15T10:00:00,9.950,9.747,19.66,20.61,1.215,1.152,0.3416,0.3377,5.702,4.913,9380.4,7.861,0.3023,187.6,61.9
2026-07-15T11:00:00,9.076,8.813,19.62,20.23,1.185,1.135,0.4094,0.3440,6.190,4.735,9389.2,7.873,0.3029,187.8,62.0
2026-07-15T12:00:00,9.071,8.753,20.72,21.37,1.199,1.139,0.3865,0.3395,6.357,4.797,9397.9,7.887,0.3033,188.0,62.0
2026-07-15T13:00:00,9.784,9.629,20.64,21.68,1.204,1.143,0.3427,0.3527,6.196,5.036,9407.6,7.898,0.3033,188.2,62.1
2026-07-15T14:00:00,9.545,9.241,21.40,22.37,1.226,1.174,0.4094,0.3389,5.865,5.063,9416.8,7.906,0.3039,188.3,62.2
2026-07-15T15:00:00,9.714,9.452,20.81,21.24,1.221,1.168,0.3865,0.3256,5.924,4.885,9426.3,7.915,0.3045,188.5,62.2
2026-07-15T16:00:00,9.553,9.349,20.37,21.54,1.220,1.165,0.3841,0.3419,5.965,4.795,9435.6,7.926,0.3049,188.7,62.3
2026-07-15T17:00:00,9.387,9.149,19.65,20.54,1.198,1.142,0.3398,0.3283,5.972,4.934,9444.7,7.936,0.3050,188.9,62.3
2026-07-15T18:00:00,9.602,9.359,21.04,21.68,1.192,1.141,0.4055,0.3331,6.732,5.030,9454.1,7.952,0.3057,189.1,62.4
2026-07-15T19:00:00,9.443,9.093,20.21,21.38,1.176,1.122,0.3796,0.3400,5.522,4.866,9463.2,7.958,0.3060,189.3,62.5
2026-07-15T20:00:00,9.132,8.956,20.13,20.86,1.206,1.155,0.4219,0.3369,6.097,4.913,9472.2,7.968,0.3068,189.4,62.5
2026-07-15T21:00:00,8.779,8.586,20.15,20.82,1.196,1.141,0.3860,0.3406,5.424,5.056,9480.7,7.971,0.3072,189.6,62.6
2026-07-15T22:00:00,8.898,8.867,18.35,19.23,1.153,1.096,0.3354,0.3378,5.743,4.851,9489.6,7.979,0.3072,189.8,62.6
2026-07-15T23:00:00,8.235,7.979,18.65,19.20,1.163,1.111,0.3879,0.3420,6.337,4.936,9497.6,7.991,0.3076,190.0,62.7
2026-07-16T00:00:00,8.794,8.537,17.61,18.02,1.143,1.083,0.3664,0.3401,6.104,4.753,9506.1,8.002,0.3078,190.1,62.7
2026-07-16T01:00:00,7.714,7.448,17.08,17.75,1.140,1.090,0.3790,0.3402,6.072,4.855,9513.6,8.011,0.3081,190.3,62.8
2026-07-16T02:00:00,8.260,8.004,16.97,17.96,1.119,1.055,0.4147,0.3273,5.969,5.013,9521.6,8.019,0.3088,190.4,62.8
2026-07-16T03:00:00,8.294,8.014,16.93,17.64,1.125,1.073,0.3926,0.3331,6.034,4.836,9529.6,8.028,0.3092,190.6,62.9
2026-07-16T04:00:00,8.264,7.882,17.47,18.26,1.158,1.102,0.3767,0.3415,5.980,5.114,9537.5,8.035,0.3095,190.7,62.9
2026-07-16T05:00:00,8.562,8.430,17.79,18.61,1.143,1.086,0.3594,0.3341,5.688,4.986,9545.9,8.041,0.3097,190.9,63.0
2026-07-16T06:00:00,8.334,8.118,17.43,17.73,1.147,1.093,0.3689,0.3321,5.284,5.005,9554.0,8.043,0.3100,191.1,63.1
2026-07-16T07:00:00,8.442,8.232,18.25,19.01,1.162,1.109,0.4278,0.3390,5.800,4.935,9562.3,8.051,0.3108,191.2,63.1
2026-07-16T08:00:00,9.198,8.968,18.57,19.50,1.147,1.078,0.3880,0.3383,6.191,4.968,9571.2,8.061,0.3112,191.4,63.2
2026-07-16T09:00:00,9.014,8.853,19.38,19.83,1.176,1.117,0.3967,0.3386,5.545,4.912,9580.1,8.067,0.3117,191.6,63.2
2026-07-16T10:00:00,8.753,8.556,20.20,21.14,1.209,1.145,0.3226,0.3326,5.540,4.914,9588.6,8.072,0.3117,191.8,63.3
2026-07-16T11:00:00,8.602,8.495,20.09,21.02,1.189,1.130,0.3929,0.3366,6.341,4.841,9597.1,8.085,0.3122,191.9,63.3
2026-07-16T12:00:00,9.578,9.337,20.53,21.80,1.254,1.188,0.4083,0.3440,6.388,4.751,9606.5,8.100,0.3128,192.1,63.4
2026-07-16T13:00:00,9.923,9.656,20.35,21.02,1.213,1.158,0.3681,0.3366,5.253,4.944,9616.1,8.103,0.3131,192.3,63.5
2026-07-16T14:00:00,9.403,9.038,21.09,21.50,1.218,1.167,0.3610,0.3261,5.980,4.795,9625.2,8.114,0.3134,192.5,63.5
2026-07-16T15:00:00,9.164,8.978,20.76,21.52,1.215,1.160,0.3857,0.3403,6.101,4.904,9634.1,8.125,0.3138,192.7,63.6
2026-07-16T16:00:00,9.319,9.062,20.77,21.41,1.231,1.179,0.3559,0.3428,6.245,4.937,9643.2,8.137,0.3140,192.9,63.6
2026-07-16T17:00:00,9.564,9.245,21.38,22.18,1.211,1.158,0.3437,0.3293,6.265,4.994,9652.4,8.149,0.3141,193.0,63.7
2026-07-16T18:00:00,9.319,9.173,20.19,20.98,1.192,1.126,0.3717,0.3535,6.090,4.864,9661.6,8.160,0.3143,193.2,63.8
2026-07-16T19:00:00,9.787,9.567,19.11,19.86,1.200,1.148,0.4245,0.3533,5.449,4.803,9671.2,8.166,0.3149,193.4,63.8
2026-07-16T20:00:00,9.222,9.019,18.98,19.70,1.173,1.115,0.3980,0.3241,6.105,4.929,9680.2,8.177,0.3156,193.6,63.9
2026-07-16T21:00:00,8.899,8.573,18.38,19.29,1.191,1.135,0.3715,0.3245,6.146,4.900,9688.8,8.187,0.3160,193.8,63.9
2026-07-16T22:00:00,9.213,8.999,17.79,18.34,1.169,1.103,0.4026,0.3290,6.101,4.933,9697.8,8.198,0.3167,194.0,64.0
2026-07-16T23:00:00,8.968,8.845,18.21,18.94,1.197,1.135,0.3748,0.3242,5.705,4.540,9706.6,8.208,0.3171,194.1,64.1
2026-07-17T00:00:00,7.993,7.716,17.15,18.18,1.162,1.109,0.3939,0.3214,5.275,5.187,9714.3,8.209,0.3177,194.3,64.1
2026-07-17T01:00:00,7.992,7.861,17.19,18.10,1.167,1.100,0.3254,0.3210,6.049,4.763,9722.2,8.219,0.3177,194.4,64.2
2026-07-17T02:00:00,8.398,8.120,16.25,17.09,1.128,1.071,0.4016,0.3305,5.653,5.032,9730.3,8.224,0.3183,194.6,64.2
2026-07-17T03:00:00,8.367,8.114,15.79,16.48,1.157,1.105,0.3698,0.3298,5.394,4.921,9738.4,8.228,0.3186,194.8,64.3
2026-07-17T04:00:00,8.531,8.270,16.16,16.84,1.128,1.075,0.3847,0.3406,5.348,5.049,9746.7,8.230,0.3190,194.9,64.3
2026-07-17T05:00:00,9.161,8.973,17.05,17.93,1.145,1.092,0.3972,0.3392,5.975,4.703,9755.7,8.242,0.3195,195.1,64.4
2026-07-17T06:00:00,8.620,8.395,17.70,17.96,1.159,1.099,0.3798,0.3257,5.868,4.868,9764.1,8.250,0.3199,195.3,64.4
2026-07-17T07:00:00,8.459,8.360,17.64,18.46,1.172,1.121,0.3738,0.3332,5.633,4.925,9772.4,8.256,0.3203,195.4,64.5
2026-07-17T08:00:00,8.501,8.234,18.47,19.55,1.185,1.134,0.4181,0.3430,5.714,4.795,9780.7,8.263,0.3209,195.6,64.6
2026-07-17T09:00:00,9.134,8.795,19.33,20.49,1.176,1.121,0.3379,0.3322,5.960,4.603,9789.5,8.275,0.3210,195.8,64.6
2026-07-17T10:00:00,8.992,8.807,19.65,20.41,1.181,1.131,0.4085,0.3379,6.347,5.034,9798.3,8.287,0.3216,196.0,64.7
2026-07-17T11:00:00,9.609,9.374,20.43,21.20,1.185,1.123,0.3626,0.3366,5.824,4.925,9807.6,8.295,0.3218,196.2,64.7
2026-07-17T12:00:00,9.344,9.097,20.68,21.62,1.211,1.145,0.3867,0.3369,6.191,5.075,9816.7,8.306,0.3223,196.3,64.8
2026-07-17T13:00:00,9.592,9.232,20.28,21.68,1.197,1.143,0.3695,0.3290,5.785,5.066,9826.0,8.312,0.3226,196.5,64.9
2026-07-17T14:00:00,9.191,9.014,20.87,21.72,1.175,1.123,0.3720,0.3351,5.802,4.857,9835.0,8.321,0.3230,196.7,64.9
2026-07-17T15:00:00,9.382,9.169,20.71,21.10,1.231,1.180,0.3515,0.3410,5.572,4.960,9844.2,8.326,0.3231,196.9,65.0
2026-07-17T16:00:00,8.824,8.580,21.05,21.89,1.206,1.155,0.3656,0.3406,5.917,4.933,9852.7,8.335,0.3233,197.1,65.0
2026-07-17T17:00:00,10.259,9.956,20.71,21.30,1.221,1.167,0.3784,0.3277,6.071,4.996,9862.7,8.345,0.3238,197.3,65.1
2026-07-17T18:00:00,9.130,8.965,21.21,21.74,1.206,1.150,0.3640,0.3316,5.205,4.992,9871.7,8.347,0.3241,197.4,65.2
2026-07-17T19:00:00,9.216,9.043,19.74,20.14,1.201,1.139,0.3738,0.3383,5.480,4.865,9880.7,8.353,0.3244,197.6,65.2
2026-07-17T20:00:00,8.875,8.700,19.59,20.27,1.167,1.111,0.3850,0.3343,5.662,4.939,9889.4,8.359,0.3249,197.8,65.3
2026-07-17T21:00:00,9.245,8.992,18.27,18.90,1.167,1.108,0.3829,0.3388,5.578,5.151,9898.4,8.363,0.3252,198.0,65.3
2026-07-17T22:00:00,8.388,8.212,18.38,19.17,1.161,1.101,0.3613,0.3464,5.787,4.760,9906.6,8.371,0.3254,198.1,65.4
2026-07-17T23:00:00,8.839,8.635,18.00,18.69,1.138,1.088,0.4172,0.3261,5.420,4.841,9915.2,8.376,0.3262,198.3,65.4
2026-07-18T00:00:00,8.612,8.349,16.76,17.80,1.163,1.101,0.3176,0.3379,5.546,4.840,9923.6,8.382,0.3262,198.5,65.5
2026-07-18T01:00:00,8.584,8.403,17.59,18.38,1.123,1.069,0.3907,0.3316,5.803,4.727,9932.0,8.391,0.3267,198.6,65.6
2026-07-18T02:00:00,8.190,7.819,16.99,17.78,1.143,1.084,0.3859,0.3349,5.822,4.898,9939.8,8.399,0.3271,198.8,65.6
2026-07-18T03:00:00,8.449,8.269,16.41,17.28,1.157,1.106,0.3847,0.3486,6.398,4.934,9948.1,8.411,0.3274,199.0,65.7
2026-07-18T04:00:00,7.925,7.799,16.91,17.93,1.138,1.073,0.3943,0.3349,5.694,4.989,9955.9,8.416,0.3278,199.1,65.7
2026-07-18T05:00:00,8.317,8.063,16.74,17.62,1.134,1.068,0.4224,0.3389,5.742,4.955,9963.9,8.423,0.3285,199.3,65.8
2026-07-18T06:00:00,8.769,8.583,17.21,18.31,1.133,1.080,0.3939,0.3388,6.299,4.895,9972.5,8.435,0.3290,199.5,65.8
2026-07-18T07:00:00,8.302,8.175,17.61,18.52,1.163,1.113,0.3524,0.3545,5.205,4.917,9980.7,8.437,0.3290,199.6,65.9
2026-07-18T08:00:00,8.769,8.414,18.89,19.70,1.183,1.121,0.3472,0.3387,6.146,5.001,9989.1,8.447,0.3290,199.8,65.9
2026-07-18T09:00:00,9.080,8.773,18.75,19.30,1.174,1.112,0.4135,0.3346,5.419,5.017,9997.9,8.450,0.3297,200.0,66.0
2026-07-18T10:00:00,9.065,8.785,20.37,21.18,1.186,1.134,0.3571,0.3463,6.403,5.102,10006.7,8.462,0.3298,200.1,66.0
2026-07-18T11:00:00,9.161,9.016,19.51,20.69,1.191,1.141,0.3946,0.3346,5.697,4.953,10015.7,8.468,0.3304,200.3,66.1
2026-07-18T12:00:00,9.208,9.014,19.84,20.64,1.196,1.135,0.3727,0.3309,5.722,4.951,10024.7,8.475,0.3307,200.5,66.2
2026-07-18T13:00:00,9.921,9.522,20.37,20.95,1.206,1.156,0.3969,0.3379,6.245,4.892,10034.2,8.488,0.3313,200.7,66.2
2026-07-18T14:00:00,9.985,9.745,20.95,21.99,1.225,1.174,0.3625,0.3389,5.831,4.813,10044.0,8.498,0.3315,200.9,66.3
2026-07-18T15:00:00,10.020,9.841,20.77,21.74,1.217,1.160,0.3380,0.3439,5.862,4.841,10053.8,8.508,0.3315,201.1,66.4
2026-07-18T16:00:00,9.383,9.016,21.35,21.98,1.211,1.156,0.3652,0.3479,5.915,4.781,10062.8,8.518,0.3317,201.3,66.4
2026-07-18T17:00:00,9.470,9.231,20.62,21.45,1.231,1.177,0.3545,0.3451,6.525,4.798,10072.1,8.534,0.3318,201.4,66.5
2026-07-18T18:00:00,9.326,9.016,20.29,20.99,1.205,1.149,0.4093,0.3380,5.881,4.712,10081.1,8.545,0.3324,201.6,66.5
2026-07-18T19:00:00,9.085,8.805,19.76,20.63,1.187,1.132,0.4044,0.3430,6.084,5.005,10089.9,8.554,0.3330,201.8,66.6
2026-07-18T20:00:00,9.424,9.247,19.30,20.14,1.223,1.172,0.4051,0.3398,5.337,4.896,10099.1,8.558,0.3336,202.0,66.7
2026-07-18T21:00:00,9.602,9.407,18.73,19.72,1.179,1.126,0.3838,0.3296,5.513,4.836,10108.5,8.565,0.3341,202.2,66.7
2026-07-18T22:00:00,8.919,8.890,17.93,18.90,1.191,1.133,0.3468,0.3326,5.208,4.853,10117.4,8.568,0.3342,202.3,66.8
2026-07-18T23:00:00,8.370,8.183,18.24,19.28,1.171,1.121,0.3828,0.3403,5.666,4.927,10125.6,8.574,0.3345,202.5,66.8
2026-07-19T00:00:00,8.387,8.140,16.74,17.65,1.152,1.100,0.4186,0.3350,6.068,4.850,10133.7,8.584,0.3352,202.7,66.9
2026-07-19T01:00:00,8.415,8.228,17.31,18.15,1.161,1.096,0.3390,0.3364,6.493,4.786,10142.0,8.598,0.3352,202.8,66.9
2026-07-19T02:00:00,7.868,7.774,16.44,17.56,1.144,1.088,0.3609,0.3354,6.124,4.968,10149.7,8.607,0.3354,203.0,67.0
2026-07-19T03:00:00,8.518,8.256,16.82,17.68,1.165,1.100,0.3785,0.3312,6.056,4.826,10158.0,8.617,0.3358,203.2,67.0
2026-07-19T04:00:00,8.577,8.396,16.51,17.24,1.151,1.095,0.3520,0.3433,5.826,4.822,10166.4,8.626,0.3359,203.3,67.1
2026-07-19T05:00:00,9.242,9.025,17.29,17.78,1.143,1.088,0.4056,0.3351,5.658,4.850,10175.4,8.633,0.3365,203.5,67.2
2026-07-19T06:00:00,8.458,8.342,17.38,17.99,1.184,1.128,0.3506,0.3326,5.554,4.635,10183.8,8.640,0.3367,203.7,67.2
2026-07-19T07:00:00,8.301,8.260,17.48,18.31,1.175,1.117,0.3951,0.3352,5.985,4.939,10192.0,8.649,0.3372,203.8,67.3
2026-07-19T08:00:00,8.920,8.690,19.04,20.21,1.151,1.091,0.3646,0.3454,5.956,5.039,10200.7,8.657,0.3374,204.0,67.3
2026-07-19T09:00:00,8.648,8.425,18.82,19.99,1.207,1.155,0.3509,0.3184,6.270,4.989,10209.1,8.668,0.3376,204.2,67.4
2026-07-19T10:00:00,9.498,9.350,19.11,20.15,1.203,1.150,0.3618,0.3297,6.178,4.843,10218.5,8.680,0.3379,204.4,67.4
2026-07-19T11:00:00,9.844,9.633,19.36,20.01,1.199,1.143,0.3860,0.3423,5.260,4.811,10228.1,8.685,0.3383,204.6,67.5
2026-07-19T12:00:00,10.026,9.881,20.96,21.34,1.246,1.184,0.3721,0.3391,5.251,4.923,10238.0,8.688,0.3387,204.8,67.6
2026-07-19T13:00:00,9.226,8.948,20.94,21.66,1.209,1.156,0.3791,0.3475,5.903,5.109,10246.9,8.695,0.3390,204.9,67.6
2026-07-19T14:00:00,9.616,9.325,20.14,21.21,1.223,1.169,0.3729,0.3408,5.465,4.819,10256.3,8.701,0.3393,205.1,67.7
2026-07-19T15:00:00,9.648,9.401,21.00,21.71,1.214,1.158,0.3752,0.3349,5.738,4.953,10265.7,8.708,0.3396,205.3,67.8
2026-07-19T16:00:00,9.880,9.713,21.18,22.10,1.196,1.143,0.3884,0.3462,5.819,4.840,10275.4,8.718,0.3400,205.5,67.8
2026-07-19T17:00:00,9.636,9.400,20.92,21.41,1.233,1.180,0.4172,0.3375,5.923,4.678,10284.8,8.730,0.3408,205.7,67.9
2026-07-19T18:00:00,9.010,8.803,20.39,21.20,1.185,1.133,0.3905,0.3289,5.826,4.906,10293.6,8.738,0.3413,205.9,67.9
2026-07-19T19:00:00,9.387,9.155,19.61,20.04,1.216,1.166,0.3501,0.3368,6.569,4.814,10302.7,8.754,0.3415,206.1,68.0
2026-07-19T20:00:00,9.414,9.195,19.78,20.41,1.213,1.162,0.3771,0.3395,5.518,4.981,10311.9,8.759,0.3418,206.2,68.1
2026-07-19T21:00:00,8.730,8.484,19.11,19.41,1.142,1.081,0.4327,0.3236,6.304,4.956,10320.4,8.770,0.3427,206.4,68.1
2026-07-19T22:00:00,8.633,8.576,17.94,18.89,1.180,1.117,0.4065,0.3260,5.593,4.798,10329.0,8.777,0.3434,206.6,68.2
2026-07-19T23:00:00,9.236,9.068,17.57,18.14,1.169,1.109,0.3258,0.3306,5.205,4.741,10338.1,8.781,0.3434,206.8,68.2
2026-07-20T00:00:00,8.864,8.620,17.10,18.34,1.151,1.086,0.3844,0.3291,5.931,4.647,10346.7,8.792,0.3439,206.9,68.3
2026-07-20T01:00:00,8.659,8.449,17.24,18.29,1.145,1.085,0.3831,0.3272,5.955,4.886,10355.1,8.801,0.3444,207.1,68.3
2026-07-20T02:00:00,8.597,8.439,16.55,17.57,1.151,1.100,0.3674,0.3339,6.698,4.747,10363.6,8.818,0.3446,207.3,68.4
2026-07-20T03:00:00,8.124,7.915,16.86,17.39,1.133,1.064,0.3758,0.3297,5.596,4.901,10371.5,8.823,0.3450,207.4,68.5
2026-07-20T04:00:00,8.036,7.771,16.75,17.86,1.122,1.061,0.3860,0.3207,5.929,4.939,10379.3,8.831,0.3455,207.6,68.5
2026-07-20T05:00:00,8.902,8.587,16.64,17.10,1.149,1.098,0.3774,0.3324,6.105,4.927,10387.8,8.841,0.3459,207.8,68.6
2026-07-20T06:00:00,8.258,8.019,16.74,17.33,1.172,1.121,0.3866,0.3214,5.643,4.833,10395.9,8.848,0.3464,207.9,68.6
2026-07-20T07:00:00,8.614,8.499,18.04,18.89,1.159,1.104,0.4105,0.3333,5.760,4.951,10404.4,8.854,0.3471,208.1,68.7
2026-07-20T08:00:00,8.975,8.766,18.77,19.85,1.158,1.099,0.3769,0.3380,5.841,5.016,10413.1,8.862,0.3474,208.3,68.7
2026-07-20T09:00:00,9.025,8.725,18.41,18.93,1.216,1.163,0.3905,0.3273,6.040,4.931,10421.9,8.871,0.3480,208.4,68.8
2026-07-20T10:00:00,8.892,8.721,19.33,20.03,1.198,1.148,0.3366,0.3369,5.723,4.675,10430.6,8.881,0.3480,208.6,68.8
2026-07-20T11:00:00,9.748,9.472,19.92,21.02,1.183,1.127,0.4186,0.3299,5.787,4.975,10440.1,8.888,0.3488,208.8,68.9
2026-07-20T12:00:00,9.748,9.491,20.87,21.64,1.194,1.144,0.3729,0.3358,5.712,4.822,10449.5,8.897,0.3492,209.0,69.0
2026-07-20T13:00:00,10.120,9.809,20.59,21.50,1.195,1.137,0.3832,0.3331,5.420,4.833,10459.4,8.902,0.3497,209.2,69.0
2026-07-20T14:00:00,9.621,9.356,20.78,21.35,1.237,1.182,0.3830,0.3342,5.370,4.902,10468.7,8.907,0.3501,209.4,69.1
2026-07-20T15:00:00,9.804,9.476,20.82,21.61,1.239,1.185,0.3635,0.3415,6.093,4.871,10478.2,8.918,0.3503,209.6,69.2
2026-07-20T16:00:00,9.547,9.226,20.64,21.61,1.184,1.131,0.3877,0.3453,5.625,4.795,10487.4,8.926,0.3507,209.7,69.2
2026-07-20T17:00:00,9.371,9.102,20.64,21.39,1.223,1.162,0.3875,0.3388,6.144,4.785,10496.5,8.938,0.3512,209.9,69.3
2026-07-20T18:00:00,9.358,9.245,20.09,20.99,1.202,1.137,0.3566,0.3312,6.018,4.888,10505.8,8.949,0.3514,210.1,69.3
2026-07-20T19:00:00,9.740,9.592,19.64,20.20,1.217,1.167,0.3845,0.3387,5.933,4.773,10515.3,8.960,0.3518,210.3,69.4
2026-07-20T20:00:00,8.689,8.541,19.08,19.88,1.167,1.111,0.3892,0.3418,5.268,4.913,10523.9,8.963,0.3522,210.5,69.5
2026-07-20T21:00:00,9.115,8.899,19.15,19.82,1.184,1.131,0.3656,0.3537,5.633,5.054,10532.8,8.968,0.3523,210.7,69.5
2026-07-20T22:00:00,8.226,8.025,18.76,19.39,1.171,1.115,0.4281,0.3469,5.565,4.699,10540.8,8.975,0.3530,210.8,69.6
2026-07-20T23:00:00,7.846,7.677,17.63,18.38,1.166,1.099,0.3965,0.3320,5.879,4.617,10548.5,8.985,0.3535,211.0,69.6
2026-07-21T00:00:00,8.921,8.692,17.34,18.44,1.163,1.110,0.3689,0.3405,5.583,4.817,10557.2,8.991,0.3537,211.1,69.7
2026-07-21T01:00:00,8.205,7.902,16.53,17.11,1.142,1.088,0.3574,0.3538,5.876,4.990,10565.1,8.998,0.3538,211.3,69.7
2026-07-21T02:00:00,8.539,8.349,16.68,17.53,1.133,1.076,0.3729,0.3259,6.339,4.836,10573.4,9.011,0.3542,211.5,69.8
2026-07-21T03:00:00,8.421,8.210,16.50,17.41,1.131,1.071,0.3395,0.3421,5.553,4.793,10581.6,9.017,0.3542,211.6,69.8
2026-07-21T04:00:00,8.728,8.607,17.14,17.74,1.157,1.105,0.3992,0.3432,6.638,4.918,10590.2,9.032,0.3546,211.8,69.9
2026-07-21T05:00:00,8.332,8.124,16.22,16.92,1.127,1.066,0.3693,0.3402,5.743,4.772,10598.4,9.040,0.3549,212.0,69.9
2026-07-21T06:00:00,8.985,8.674,17.10,18.24,1.158,1.101,0.3914,0.3349,4.976,4.733,10607.0,9.042,0.3554,212.1,70.0
2026-07-21T07:00:00,8.605,8.460,17.84,18.98,1.147,1.084,0.3499,0.3426,6.164,4.856,10615.5,9.053,0.3554,212.3,70.1
2026-07-21T08:00:00,8.629,8.493,18.38,18.97,1.166,1.111,0.3875,0.3311,6.203,4.800,10624.0,9.065,0.3559,212.5,70.1
2026-07-21T09:00:00,9.692,9.435,19.39,19.38,1.158,1.108,0.3921,0.3438,5.390,4.800,10633.4,9.071,0.3564,212.7,70.2
2026-07-21T10:00:00,9.216,8.954,19.01,19.93,1.183,1.125,0.3824,0.3435,6.058,4.948,10642.4,9.081,0.3567,212.8,70.2
2026-07-21T11:00:00,9.368,9.159,19.18,19.89,1.179,1.117,0.3828,0.3439,5.909,4.791,10651.5,9.091,0.3571,213.0,70.3
2026-07-21T12:00:00,9.751,9.397,20.43,21.15,1.214,1.155,0.3939,0.3339,6.474,5.034,10660.9,9.104,0.3576,213.2,70.4
2026-07-21T13:00:00,9.181,8.980,19.99,20.74,1.237,1.175,0.3774,0.3357,5.776,4.633,10669.9,9.115,0.3580,213.4,70.4
2026-07-21T14:00:00,9.595,9.380,20.49,21.24,1.227,1.176,0.4033,0.3442,5.729,4.784,10679.3,9.123,0.3586,213.6,70.5
2026-07-21T15:00:00,9.540,9.260,21.27,22.34,1.230,1.173,0.3767,0.3271,5.943,4.820,10688.6,9.134,0.3590,213.8,70.5
2026-07-21T16:00:00,9.716,9.459,21.02,21.99,1.240,1.187,0.3494,0.3452,5.596,5.016,10698.0,9.139,0.3591,214.0,70.6
2026-07-21T17:00:00,9.765,9.411,21.12,22.08,1.235,1.176,0.3919,0.3365,6.059,4.811,10707.4,9.151,0.3596,214.1,70.7
2026-07-21T18:00:00,9.071,8.711,19.55,20.60,1.211,1.157,0.3626,0.3472,5.720,4.712,10716.1,9.160,0.3597,214.3,70.7
2026-07-21T19:00:00,8.733,8.421,19.21,20.07,1.218,1.161,0.3633,0.3324,6.418,4.793,10724.6,9.174,0.3600,214.5,70.8
2026-07-21T20:00:00,9.216,9.010,18.78,18.93,1.185,1.126,0.3673,0.3357,5.856,4.976,10733.6,9.181,0.3603,214.7,70.8
2026-07-21T21:00:00,9.116,8.949,18.55,19.50,1.157,1.104,0.3763,0.3371,5.725,4.751,10742.5,9.190,0.3606,214.9,70.9
2026-07-21T22:00:00,8.922,8.641,17.90,19.04,1.160,1.107,0.3195,0.3282,5.414,4.821,10751.2,9.195,0.3606,215.0,71.0
2026-07-21T23:00:00,8.129,7.941,18.37,19.30,1.159,1.100,0.3589,0.3333,6.002,4.850,10759.1,9.204,0.3608,215.2,71.0
2026-07-22T00:00:00,9.014,8.809,16.40,16.72,1.164,1.104,0.3485,0.3447,5.901,4.904,10767.9,9.213,0.3609,215.4,71.1
2026-07-22T01:00:00,9.287,9.052,16.61,16.90,1.149,1.086,0.3844,0.3355,5.858,4.769,10777.0,9.223,0.3613,215.5,71.1
2026-07-22T02:00:00,8.177,7.965,16.59,18.05,1.146,1.089,0.3735,0.3502,5.943,4.643,10784.9,9.233,0.3615,215.7,71.2
2026-07-22T03:00:00,8.739,8.440,16.81,17.69,1.162,1.100,0.4172,0.3378,6.301,4.618,10793.4,9.248,0.3621,215.9,71.2
2026-07-22T04:00:00,8.532,8.418,17.14,18.17,1.145,1.091,0.3777,0.3405,5.761,4.756,10801.8,9.256,0.3625,216.0,71.3
2026-07-22T05:00:00,8.597,8.337,16.26,17.19,1.155,1.092,0.4112,0.3287,5.316,4.867,10810.1,9.260,0.3631,216.2,71.3
2026-07-22T06:00:00,8.642,8.398,16.82,17.96,1.162,1.105,0.3832,0.3380,5.872,5.058,10818.5,9.267,0.3635,216.4,71.4
2026-07-22T07:00:00,8.061,7.944,17.75,18.56,1.139,1.086,0.3828,0.3376,5.980,4.771,10826.5,9.276,0.3639,216.5,71.5
2026-07-22T08:00:00,8.935,8.631,18.13,18.83,1.176,1.121,0.3651,0.3216,6.296,4.811,10835.1,9.289,0.3643,216.7,71.5
2026-07-22T09:00:00,9.146,9.104,18.94,19.67,1.171,1.115,0.4000,0.3412,5.330,4.970,10844.2,9.292,0.3648,216.9,71.6
2026-07-22T10:00:00,9.931,9.751,19.45,19.88,1.164,1.102,0.3595,0.3446,6.149,4.747,10854.0,9.306,0.3649,217.1,71.6
2026-07-22T11:00:00,9.290,9.125,19.23,20.28,1.208,1.154,0.4133,0.3518,6.217,4.738,10863.1,9.320,0.3655,217.3,71.7
2026-07-22T12:00:00,9.432,9.185,20.32,21.03,1.205,1.154,0.3604,0.3321,6.374,4.777,10872.3,9.334,0.3658,217.4,71.8
2026-07-22T13:00:00,9.433,9.218,19.99,20.72,1.237,1.180,0.4028,0.3440,5.990,4.796,10881.5,9.345,0.3663,217.6,71.8
2026-07-22T14:00:00,9.692,9.441,20.84,22.00,1.240,1.185,0.4294,0.3375,5.965,4.800,10890.9,9.356,0.3672,217.8,71.9
2026-07-22T15:00:00,9.278,9.049,20.73,21.58,1.226,1.168,0.3878,0.3449,5.815,4.842,10900.0,9.365,0.3676,218.0,71.9
2026-07-22T16:00:00,10.163,9.825,20.82,21.59,1.210,1.150,0.3872,0.3327,5.038,4.949,10909.8,9.366,0.3681,218.2,72.0
2026-07-22T17:00:00,9.503,9.238,21.12,21.84,1.219,1.168,0.3691,0.3397,5.462,4.698,10919.0,9.373,0.3684,218.4,72.1
2026-07-22T18:00:00,9.323,9.124,19.71,20.53,1.187,1.137,0.3865,0.3348,6.045,5.019,10928.2,9.382,0.3688,218.6,72.1
2026-07-22T19:00:00,9.078,8.727,20.18,21.08,1.211,1.160,0.4206,0.3242,6.192,4.747,10936.9,9.395,0.3697,218.7,72.2
2026-07-22T20:00:00,9.273,9.000,18.75,19.25,1.167,1.111,0.3592,0.3269,6.443,4.790,10945.9,9.410,0.3700,218.9,72.2
2026-07-22T21:00:00,9.677,9.352,19.38,20.02,1.199,1.145,0.3934,0.3291,6.294,4.984,10955.2,9.422,0.3706,219.1,72.3
2026-07-22T22:00:00,8.977,8.681,18.34,19.41,1.181,1.123,0.3854,0.3318,6.223,4.781,10963.9,9.435,0.3710,219.3,72.4
2026-07-22T23:00:00,8.931,8.669,18.19,19.68,1.157,1.099,0.3943,0.3407,6.029,4.839,10972.6,9.445,0.3715,219.5,72.4
2026-07-23T00:00:00,8.572,8.299,17.26,18.50,1.133,1.079,0.3708,0.3279,6.012,4.836,10980.9,9.455,0.3719,219.6,72.5
2026-07-23T01:00:00,8.594,8.279,17.19,17.96,1.133,1.080,0.3149,0.3357,5.666,4.782,10989.2,9.462,0.3719,219.8,72.5
2026-07-23T02:00:00,8.046,7.918,15.92,17.23,1.150,1.091,0.3972,0.3359,5.888,4.551,10997.1,9.473,0.3723,219.9,72.6
2026-07-23T03:00:00,8.838,8.666,16.27,16.64,1.122,1.059,0.3753,0.3357,6.466,4.989,11005.8,9.485,0.3727,220.1,72.6
2026-07-23T04:00:00,8.451,8.314,15.92,17.05,1.112,1.055,0.3662,0.3431,5.539,4.786,11014.1,9.492,0.3729,220.3,72.7
2026-07-23T05:00:00,8.913,8.801,16.86,17.42,1.164,1.101,0.3713,0.3352,6.162,4.736,11022.9,9.504,0.3732,220.5,72.8
2026-07-23T06:00:00,8.755,8.413,17.09,17.99,1.169,1.108,0.3796,0.3358,6.258,4.805,11031.3,9.516,0.3736,220.6,72.8
2026-07-23T07:00:00,8.505,8.367,17.05,17.98,1.161,1.103,0.4096,0.3205,5.977,4.964,11039.6,9.525,0.3743,220.8,72.9
2026-07-23T08:00:00,8.299,8.026,17.49,18.54,1.174,1.122,0.3659,0.3367,5.703,4.911,11047.7,9.531,0.3745,221.0,72.9
2026-07-23T09:00:00,9.598,9.231,19.02,19.44,1.182,1.128,0.4128,0.3463,5.628,4.845,11056.9,9.538,0.3752,221.1,73.0
2026-07-23T10:00:00,9.102,8.955,19.05,20.00,1.200,1.148,0.3906,0.3331,5.616,4.869,11065.9,9.545,0.3757,221.3,73.0
2026-07-23T11:00:00,9.518,9.281,19.28,20.45,1.196,1.136,0.3411,0.3346,5.794,4.852,11075.1,9.554,0.3757,221.5,73.1
2026-07-23T12:00:00,9.466,9.292,19.57,20.19,1.206,1.155,0.3812,0.3311,6.462,4.818,11084.4,9.569,0.3762,221.7,73.2
2026-07-23T13:00:00,8.972,8.816,19.39,20.14,1.220,1.161,0.3610,0.3316,6.148,4.815,11093.2,9.581,0.3765,221.9,73.2
2026-07-23T14:00:00,9.890,9.637,20.67,21.33,1.207,1.150,0.3716,0.3409,5.944,4.862,11102.9,9.591,0.3768,222.1,73.3
2026-07-23T15:00:00,9.478,9.246,20.87,21.66,1.227,1.176,0.3798,0.3286,5.592,4.746,11112.1,9.599,0.3772,222.2,73.3
2026-07-23T16:00:00,9.707,9.559,19.59,20.60,1.209,1.154,0.3922,0.3454,6.105,4.726,11121.7,9.612,0.3777,222.4,73.4
2026-07-23T17:00:00,9.747,9.585,20.44,21.03,1.221,1.166,0.3611,0.3181,5.602,4.809,11131.3,9.620,0.3781,222.6,73.5
2026-07-23T18:00:00,9.771,9.597,20.50,21.16,1.207,1.153,0.3834,0.3345,5.182,4.783,11140.9,9.624,0.3786,222.8,73.5
2026-07-23T19:00:00,9.233,8.901,19.37,19.86,1.207,1.143,0.3326,0.3371,5.924,4.636,11149.8,9.635,0.3786,223.0,73.6
2026-07-23T20:00:00,9.209,9.050,18.84,19.59,1.185,1.118,0.3899,0.3380,5.616,4.997,11158.8,9.641,0.3790,223.2,73.6
2026-07-23T21:00:00,8.454,8.210,18.88,19.82,1.189,1.129,0.3681,0.3344,6.132,4.752,11167.0,9.652,0.3793,223.3,73.7
2026-07-23T22:00:00,8.408,8.326,17.95,18.69,1.199,1.147,0.3861,0.3187,5.695,4.771,11175.4,9.660,0.3799,223.5,73.8
2026-07-23T23:00:00,8.689,8.600,17.33,18.48,1.152,1.093,0.3394,0.3278,5.717,4.822,11184.0,9.668,0.3800,223.7,73.8
2026-07-24T00:00:00,8.569,8.447,17.62,19.11,1.163,1.104,0.3861,0.3445,5.563,4.712,11192.4,9.675,0.3803,223.8,73.9
2026-07-24T01:00:00,8.500,8.264,17.46,17.88,1.154,1.102,0.3880,0.3340,5.512,4.971,11200.7,9.679,0.3808,224.0,73.9
2026-07-24T02:00:00,8.881,8.740,16.84,17.38,1.138,1.084,0.3634,0.3304,6.114,4.935,11209.4,9.690,0.3811,224.2,74.0
2026-07-24T03:00:00,8.645,8.405,16.39,17.19,1.153,1.100,0.4106,0.3287,6.295,4.674,11217.8,9.703,0.3817,224.4,74.0
2026-07-24T04:00:00,8.357,8.119,17.26,17.73,1.139,1.083,0.3901,0.3355,5.834,4.573,11225.9,9.713,0.3822,224.5,74.1
2026-07-24T05:00:00,8.607,8.459,16.26,17.59,1.150,1.088,0.3592,0.3277,5.871,5.043,11234.4,9.720,0.3824,224.7,74.1
2026-07-24T06:00:00,8.051,7.890,17.12,17.79,1.161,1.104,0.3779,0.3375,5.600,4.918,11242.3,9.726,0.3828,224.8,74.2
2026-07-24T07:00:00,8.543,8.167,16.85,17.99,1.151,1.090,0.3931,0.3216,5.739,4.733,11250.5,9.734,0.3834,225.0,74.3
2026-07-24T08:00:00,8.633,8.360,17.59,18.27,1.171,1.114,0.3853,0.3301,6.031,4.775,11258.8,9.744,0.3838,225.2,74.3
2026-07-24T09:00:00,8.673,8.540,18.36,18.68,1.201,1.136,0.3744,0.3308,5.818,4.871,11267.4,9.753,0.3842,225.3,74.4
2026-07-24T10:00:00,8.787,8.676,18.73,19.94,1.192,1.136,0.3775,0.3363,5.335,4.713,11276.0,9.758,0.3845,225.5,74.4
2026-07-24T11:00:00,9.459,9.218,20.07,20.86,1.187,1.134,0.3849,0.3309,6.219,4.950,11285.2,9.770,0.3850,225.7,74.5
2026-07-24T12:00:00,9.745,9.576,19.76,20.63,1.206,1.155,0.3663,0.3398,6.441,4.807,11294.8,9.785,0.3853,225.9,74.5
2026-07-24T13:00:00,9.873,9.642,20.69,21.72,1.214,1.151,0.3993,0.3268,5.606,4.940,11304.5,9.792,0.3860,226.1,74.6
2026-07-24T14:00:00,10.035,9.750,20.58,21.51,1.212,1.156,0.4017,0.3382,5.727,4.654,11314.2,9.802,0.3866,226.3,74.7
2026-07-24T15:00:00,9.402,9.198,20.16,21.16,1.224,1.172,0.4186,0.3223,5.791,4.851,11323.4,9.811,0.3875,226.5,74.7
2026-07-24T16:00:00,9.416,9.241,20.59,21.63,1.214,1.157,0.3626,0.3218,5.937,4.644,11332.7,9.823,0.3879,226.7,74.8
2026-07-24T17:00:00,9.711,9.392,20.31,21.22,1.200,1.147,0.3939,0.3269,5.291,4.640,11342.0,9.829,0.3885,226.8,74.9
2026-07-24T18:00:00,8.958,8.811,19.79,20.67,1.201,1.147,0.3934,0.3286,5.522,4.778,11350.9,9.835,0.3891,227.0,74.9
2026-07-24T19:00:00,9.223,9.037,19.17,19.86,1.191,1.131,0.3681,0.3405,5.592,4.867,11359.9,9.842,0.3893,227.2,75.0
2026-07-24T20:00:00,8.830,8.664,19.97,20.58,1.182,1.130,0.3386,0.3365,5.798,4.896,11368.6,9.850,0.3893,227.4,75.0
2026-07-24T21:00:00,8.791,8.557,18.28,18.91,1.188,1.131,0.3933,0.3355,6.123,4.659,11377.1,9.862,0.3898,227.5,75.1
2026-07-24T22:00:00,8.371,8.145,17.74,18.60,1.150,1.096,0.3671,0.3167,5.195,4.806,11385.3,9.865,0.3902,227.7,75.1
2026-07-24T23:00:00,8.983,8.840,17.51,18.94,1.136,1.073,0.4028,0.3320,6.124,4.864,11394.1,9.877,0.3909,227.9,75.2
2026-07-25T00:00:00,9.003,8.828,17.41,18.34,1.183,1.126,0.3353,0.3413,5.856,4.528,11402.9,9.888,0.3909,228.1,75.3
2026-07-25T01:00:00,8.178,7.917,17.19,17.48,1.154,1.103,0.3379,0.3302,5.775,4.735,11410.8,9.897,0.3909,228.2,75.3
2026-07-25T02:00:00,8.525,8.369,16.25,16.81,1.154,1.087,0.4155,0.3226,5.589,4.931,11419.2,9.902,0.3917,228.4,75.4
2026-07-25T03:00:00,8.682,8.544,16.27,16.88,1.153,1.097,0.3796,0.3398,5.673,4.508,11427.8,9.912,0.3921,228.6,75.4
2026-07-25T04:00:00,8.113,7.857,16.32,17.11,1.137,1.087,0.4133,0.3337,6.296,4.729,11435.6,9.924,0.3927,228.7,75.5
2026-07-25T05:00:00,8.319,8.139,16.73,17.79,1.137,1.081,0.4082,0.3335,5.318,4.914,11443.8,9.928,0.3933,228.9,75.5
2026-07-25T06:00:00,8.569,8.225,16.83,17.45,1.147,1.080,0.4450,0.3281,5.947,4.630,11452.0,9.938,0.3942,229.0,75.6
2026-07-25T07:00:00,8.702,8.639,17.08,18.16,1.159,1.107,0.3772,0.3323,6.388,5.014,11460.6,9.950,0.3946,229.2,75.6
2026-07-25T08:00:00,8.939,8.756,17.60,18.44,1.193,1.141,0.3847,0.3296,5.576,4.656,11469.4,9.958,0.3951,229.4,75.7
2026-07-25T09:00:00,9.467,9.181,18.76,19.30,1.189,1.133,0.3993,0.3319,5.561,4.774,11478.6,9.966,0.3957,229.6,75.8
2026-07-25T10:00:00,9.157,8.915,19.65,20.19,1.171,1.115,0.3631,0.3257,5.665,4.883,11487.5,9.973,0.3961,229.7,75.8
2026-07-25T11:00:00,9.074,8.815,19.96,21.27,1.211,1.149,0.3849,0.3282,5.653,4.695,11496.3,9.981,0.3966,229.9,75.9
2026-07-25T12:00:00,10.000,9.610,18.91,19.52,1.228,1.173,0.4043,0.3289,5.817,4.571,11505.9,9.993,0.3973,230.1,75.9
2026-07-25T13:00:00,9.043,8.794,19.30,20.23,1.176,1.121,0.3559,0.3379,6.220,4.799,11514.7,10.005,0.3975,230.3,76.0
2026-07-25T14:00:00,9.554,9.125,20.03,20.33,1.196,1.142,0.3887,0.3355,5.680,4.751,11523.8,10.014,0.3979,230.5,76.1
2026-07-25T15:00:00,9.937,9.631,20.22,20.82,1.225,1.174,0.3543,0.3403,5.335,4.849,11533.4,10.019,0.3981,230.7,76.1
2026-07-25T16:00:00,9.418,9.141,20.71,21.64,1.219,1.168,0.3706,0.3247,5.739,4.642,11542.6,10.029,0.3985,230.9,76.2
2026-07-25T17:00:00,8.993,8.868,19.48,20.31,1.193,1.133,0.3879,0.3236,5.477,4.805,11551.5,10.035,0.3991,231.0,76.2
2026-07-25T18:00:00,9.867,9.615,19.32,19.85,1.217,1.162,0.3657,0.3439,5.568,4.999,11561.1,10.040,0.3993,231.2,76.3
2026-07-25T19:00:00,9.312,9.057,18.36,19.15,1.212,1.160,0.3698,0.3346,6.216,4.825,11570.1,10.053,0.3996,231.4,76.4
2026-07-25T20:00:00,8.879,8.649,19.20,19.69,1.188,1.136,0.3570,0.3270,5.946,4.868,11578.8,10.062,0.3998,231.6,76.4
2026-07-25T21:00:00,8.707,8.607,17.30,18.01,1.175,1.119,0.4324,0.3357,6.066,4.810,11587.4,10.073,0.4007,231.7,76.5
2026-07-25T22:00:00,8.890,8.737,17.64,18.57,1.184,1.127,0.3871,0.3201,5.630,4.816,11596.1,10.080,0.4013,231.9,76.5
2026-07-25T23:00:00,8.497,8.262,17.67,18.63,1.175,1.110,0.3600,0.3355,6.045,4.865,11604.4,10.090,0.4015,232.1,76.6
2026-07-26T00:00:00,8.188,7.916,17.05,17.53,1.152,1.093,0.3919,0.3434,6.028,4.861,11612.3,10.099,0.4019,232.2,76.6
2026-07-26T01:00:00,8.686,8.412,16.90,17.96,1.179,1.129,0.3876,0.3330,5.254,4.930,11620.7,10.102,0.4023,232.4,76.7
2026-07-26T02:00:00,8.458,8.241,16.16,17.17,1.148,1.092,0.3889,0.3405,5.743,4.828,11628.9,10.109,0.4027,232.6,76.8
2026-07-26T03:00:00,9.102,8.927,16.84,17.31,1.126,1.075,0.3893,0.3338,5.721,4.717,11637.9,10.118,0.4032,232.8,76.8
2026-07-26T04:00:00,7.803,7.593,16.22,17.42,1.132,1.081,0.4021,0.3246,5.539,4.854,11645.5,10.123,0.4038,232.9,76.9
2026-07-26T05:00:00,9.162,8.995,15.86,16.57,1.154,1.098,0.3838,0.3468,5.440,4.752,11654.5,10.130,0.4041,233.1,76.9
2026-07-26T06:00:00,8.813,8.507,16.66,17.12,1.152,1.098,0.3812,0.3262,5.793,4.984,11663.0,10.136,0.4046,233.3,77.0
2026-07-26T07:00:00,8.523,8.195,17.11,17.76,1.166,1.106,0.4037,0.3583,5.730,4.726,11671.2,10.145,0.4050,233.4,77.0
2026-07-26T08:00:00,8.431,8.165,18.36,18.83,1.165,1.102,0.4060,0.3342,5.686,4.751,11679.3,10.152,0.4056,233.6,77.1
2026-07-26T09:00:00,8.973,8.695,18.38,18.89,1.183,1.122,0.3857,0.3278,6.011,4.722,11688.0,10.164,0.4061,233.8,77.1
2026-07-26T10:00:00,9.396,9.175,18.82,19.50,1.211,1.158,0.3897,0.3312,5.753,4.695,11697.2,10.173,0.4066,233.9,77.2
2026-07-26T11:00:00,9.589,9.531,19.34,20.12,1.208,1.151,0.3852,0.3271,5.667,4.690,11706.7,10.183,0.4071,234.1,77.3
2026-07-26T12:00:00,8.823,8.564,20.07,21.12,1.225,1.173,0.4031,0.3347,5.511,4.660,11715.3,10.190,0.4077,234.3,77.3
2026-07-26T13:00:00,9.422,9.243,20.38,21.01,1.193,1.138,0.4228,0.3293,5.759,4.897,11724.5,10.198,0.4086,234.5,77.4
2026-07-26T14:00:00,9.518,9.259,20.29,20.85,1.218,1.167,0.3877,0.3340,6.338,4.634,11733.8,10.214,0.4091,234.7,77.4
2026-07-26T15:00:00,9.340,9.143,20.13,20.90,1.219,1.167,0.3900,0.3288,6.302,4.967,11742.9,10.226,0.4097,234.9,77.5
2026-07-26T16:00:00,9.414,9.313,20.75,21.98,1.217,1.164,0.3685,0.3381,5.877,4.796,11752.3,10.236,0.4099,235.0,77.6
2026-07-26T17:00:00,9.879,9.713,20.65,21.41,1.209,1.156,0.3480,0.3299,5.808,4.889,11762.0,10.245,0.4101,235.2,77.6
2026-07-26T18:00:00,9.593,9.457,19.88,20.41,1.204,1.139,0.3661,0.3307,5.983,4.505,11771.4,10.259,0.4104,235.4,77.7
2026-07-26T19:00:00,9.856,9.568,19.95,20.82,1.214,1.161,0.3541,0.3301,6.070,4.762,11781.0,10.271,0.4107,235.6,77.8
2026-07-26T20:00:00,8.912,8.726,19.08,19.89,1.221,1.170,0.3609,0.3307,5.496,4.641,11789.7,10.279,0.4109,235.8,77.8
2026-07-26T21:00:00,8.685,8.460,18.26,19.02,1.236,1.186,0.3966,0.3384,6.039,4.762,11798.2,10.290,0.4114,236.0,77.9
2026-07-26T22:00:00,8.490,8.264,16.85,18.14,1.190,1.137,0.4088,0.3362,5.880,4.727,11806.4,10.299,0.4120,236.1,77.9
2026-07-26T23:00:00,9.271,9.119,17.05,18.17,1.134,1.081,0.3738,0.3300,5.634,4.719,11815.6,10.307,0.4124,236.3,78.0
2026-07-27T00:00:00,8.540,8.345,16.75,17.69,1.145,1.095,0.3778,0.3196,5.981,4.934,11823.9,10.316,0.4129,236.5,78.0
2026-07-27T01:00:00,8.992,8.826,16.81,17.35,1.145,1.091,0.3875,0.3435,5.859,4.748,11832.7,10.326,0.4133,236.7,78.1
2026-07-27T02:00:00,8.331,8.126,16.89,18.25,1.147,1.095,0.3933,0.3338,5.598,4.768,11840.9,10.333,0.4138,236.8,78.1
2026-07-27T03:00:00,8.236,7.994,16.01,16.79,1.160,1.098,0.3734,0.3174,5.605,4.578,11848.9,10.341,0.4142,237.0,78.2
2026-07-27T04:00:00,8.212,8.011,16.51,17.49,1.137,1.080,0.3664,0.3291,5.039,4.781,11856.9,10.343,0.4145,237.1,78.3
2026-07-27T05:00:00,8.428,8.269,16.27,17.29,1.157,1.105,0.3975,0.3263,5.705,4.748,11865.1,10.351,0.4151,237.3,78.3
2026-07-27T06:00:00,8.441,8.311,17.20,18.20,1.154,1.099,0.4222,0.3391,5.827,4.938,11873.4,10.358,0.4158,237.5,78.4
2026-07-27T07:00:00,8.956,8.793,17.55,18.25,1.178,1.127,0.3940,0.3321,6.343,4.782,11882.2,10.372,0.4164,237.6,78.4
2026-07-27T08:00:00,9.123,8.990,18.00,18.83,1.147,1.090,0.3678,0.3333,5.930,4.549,11891.2,10.384,0.4167,237.8,78.5
2026-07-27T09:00:00,8.852,8.562,18.43,19.20,1.180,1.104,0.3717,0.3337,5.490,4.735,11899.8,10.391,0.4170,238.0,78.5
2026-07-27T10:00:00,9.084,8.844,18.84,19.60,1.211,1.148,0.3743,0.3200,6.544,4.790,11908.6,10.406,0.4175,238.2,78.6
2026-07-27T11:00:00,9.759,9.583,19.47,20.28,1.223,1.165,0.3736,0.3223,6.041,4.786,11918.2,10.418,0.4180,238.4,78.7
2026-07-27T12:00:00,9.725,9.522,19.66,20.38,1.232,1.179,0.3993,0.3343,5.723,4.607,11927.7,10.429,0.4186,238.6,78.7
2026-07-27T13:00:00,9.414,9.140,20.44,21.93,1.214,1.159,0.3860,0.3345,6.101,4.863,11936.9,10.440,0.4191,238.7,78.8
2026-07-27T14:00:00,9.509,9.269,20.20,21.56,1.227,1.165,0.3841,0.3494,5.776,4.723,11946.1,10.450,0.4194,238.9,78.8
2026-07-27T15:00:00,8.584,8.369,20.89,21.78,1.232,1.174,0.3410,0.3212,6.197,4.644,11954.5,10.463,0.4195,239.1,78.9
2026-07-27T16:00:00,9.457,9.088,20.63,21.57,1.211,1.158,0.3626,0.3429,6.039,4.726,11963.6,10.475,0.4197,239.3,79.0
2026-07-27T17:00:00,9.396,9.066,19.43,20.32,1.192,1.134,0.3689,0.3338,5.617,4.659,11972.7,10.484,0.4200,239.5,79.0
2026-07-27T18:00:00,9.477,9.328,19.57,20.60,1.206,1.150,0.3846,0.3370,5.226,4.845,11982.0,10.487,0.4205,239.6,79.1
2026-07-27T19:00:00,9.059,8.880,19.84,20.32,1.188,1.118,0.4037,0.3352,5.546,4.647,11990.9,10.495,0.4211,239.8,79.1
2026-07-27T20:00:00,9.452,9.346,18.64,19.62,1.186,1.122,0.3503,0.3393,6.567,4.673,12000.2,10.513,0.4212,240.0,79.2
2026-07-27T21:00:00,9.124,8.931,17.90,18.32,1.180,1.125,0.3912,0.3197,6.100,4.902,12009.2,10.524,0.4218,240.2,79.3
2026-07-27T22:00:00,9.210,8.943,17.71,18.59,1.174,1.124,0.4056,0.3288,5.887,4.527,12018.1,10.536,0.4225,240.4,79.3
2026-07-27T23:00:00,8.278,8.063,17.14,17.51,1.163,1.113,0.3723,0.3256,6.313,4.789,12026.2,10.548,0.4229,240.5,79.4
2026-07-28T00:00:00,8.730,8.466,16.40,17.27,1.155,1.103,0.3612,0.3233,5.538,4.833,12034.6,10.554,0.4232,240.7,79.4
2026-07-28T01:00:00,8.478,8.360,16.52,17.23,1.153,1.101,0.4269,0.3225,5.803,4.685,12043.0,10.563,0.4241,240.9,79.5
2026-07-28T02:00:00,8.470,8.259,15.91,16.95,1.165,1.111,0.3979,0.3311,5.871,4.660,12051.2,10.573,0.4246,241.0,79.5
2026-07-28T03:00:00,8.051,7.925,16.22,17.01,1.130,1.079,0.3587,0.3353,5.444,4.741,12059.2,10.579,0.4248,241.2,79.6
2026-07-28T04:00:00,8.456,8.095,16.05,17.05,1.134,1.079,0.4088,0.3291,5.228,4.704,12067.3,10.583,0.4255,241.3,79.6
2026-07-28T05:00:00,8.622,8.306,15.89,16.51,1.131,1.070,0.3931,0.3265,5.886,4.612,12075.6,10.594,0.4260,241.5,79.7
2026-07-28T06:00:00,8.391,8.149,16.72,17.90,1.136,1.083,0.3587,0.3251,5.872,4.706,12083.7,10.603,0.4263,241.7,79.8
2026-07-28T07:00:00,9.395,9.147,17.03,17.68,1.143,1.090,0.3745,0.3317,5.664,4.711,12092.9,10.612,0.4267,241.9,79.8
2026-07-28T08:00:00,8.999,8.682,17.88,18.65,1.157,1.102,0.3796,0.3239,5.142,4.870,12101.5,10.614,0.4272,242.0,79.9
2026-07-28T09:00:00,9.472,9.185,17.83,18.44,1.171,1.102,0.3892,0.3371,5.779,4.714,12110.7,10.624,0.4277,242.2,79.9
2026-07-28T10:00:00,9.268,9.054,19.54,20.25,1.200,1.147,0.3790,0.3277,5.885,4.775,12119.8,10.634,0.4281,242.4,80.0
2026-07-28T11:00:00,9.204,8.939,19.40,19.96,1.201,1.146,0.4023,0.3230,6.357,4.691,12128.7,10.649,0.4288,242.6,80.0
2026-07-28T12:00:00,10.020,9.745,19.83,20.32,1.183,1.132,0.3853,0.3294,5.666,4.741,12138.5,10.658,0.4294,242.8,80.1
2026-07-28T13:00:00,9.459,9.209,19.30,20.69,1.215,1.164,0.3742,0.3321,5.956,4.815,12147.7,10.669,0.4298,243.0,80.2
2026-07-28T14:00:00,9.832,9.385,20.03,21.04,1.204,1.144,0.3477,0.3331,6.011,4.679,12157.1,10.681,0.4299,243.1,80.2
2026-07-28T15:00:00,9.535,9.355,20.52,21.40,1.224,1.158,0.3312,0.3360,5.312,4.661,12166.4,10.687,0.4299,243.3,80.3
2026-07-28T16:00:00,9.642,9.424,19.76,20.13,1.236,1.185,0.3832,0.3288,6.294,4.758,12175.8,10.702,0.4304,243.5,80.4
2026-07-28T17:00:00,9.227,9.124,18.81,19.44,1.199,1.143,0.3985,0.3374,6.394,4.755,12185.0,10.717,0.4310,243.7,80.4
2026-07-28T18:00:00,9.537,9.215,18.99,20.09,1.185,1.132,0.3983,0.3244,5.943,4.539,12194.2,10.730,0.4316,243.9,80.5
2026-07-28T19:00:00,9.708,9.596,19.41,20.19,1.195,1.143,0.3839,0.3233,5.606,4.839,12203.8,10.737,0.4322,244.1,80.5
2026-07-28T20:00:00,9.674,9.503,18.21,18.62,1.180,1.125,0.4056,0.3243,5.385,4.792,12213.3,10.743,0.4330,244.3,80.6
2026-07-28T21:00:00,9.129,8.989,18.13,18.83,1.195,1.140,0.4112,0.3336,6.262,4.966,12222.3,10.754,0.4337,244.4,80.7
2026-07-28T22:00:00,8.912,8.724,16.98,17.36,1.184,1.133,0.3970,0.3286,5.699,4.705,12231.0,10.763,0.4343,244.6,80.7
2026-07-28T23:00:00,9.000,8.791,16.57,17.07,1.160,1.108,0.3868,0.3453,5.708,4.658,12239.8,10.772,0.4347,244.8,80.8
2026-07-29T00:00:00,8.900,8.546,17.08,18.00,1.139,1.086,0.3731,0.3213,6.029,4.575,12248.3,10.785,0.4351,245.0,80.8
2026-07-29T01:00:00,8.575,8.301,16.31,16.96,1.124,1.070,0.3804,0.3246,6.157,4.758,12256.6,10.796,0.4356,245.1,80.9
2026-07-29T02:00:00,8.509,8.357,16.39,17.63,1.128,1.074,0.3749,0.3368,5.104,4.978,12265.0,10.797,0.4359,245.3,80.9
2026-07-29T03:00:00,8.111,8.092,16.59,17.42,1.140,1.068,0.3799,0.3321,5.936,4.663,12273.1,10.808,0.4363,245.5,81.0
2026-07-29T04:00:00,7.989,7.719,16.04,17.00,1.139,1.087,0.3650,0.3255,5.971,4.752,12280.8,10.817,0.4366,245.6,81.1
2026-07-29T05:00:00,8.885,8.756,16.73,17.97,1.162,1.109,0.3714,0.3399,5.997,4.914,12289.6,10.827,0.4369,245.8,81.1
2026-07-29T06:00:00,8.512,8.287,16.32,16.81,1.132,1.074,0.4103,0.3372,5.676,4.844,12297.8,10.833,0.4375,246.0,81.2
2026-07-29T07:00:00,8.825,8.613,17.40,18.32,1.146,1.089,0.3690,0.3271,5.463,4.674,12306.5,10.840,0.4378,246.1,81.2
2026-07-29T08:00:00,9.087,8.896,17.61,18.41,1.160,1.104,0.4018,0.3328,5.555,4.684,12315.4,10.848,0.4384,246.3,81.3
2026-07-29T09:00:00,9.274,8.874,18.08,19.43,1.167,1.107,0.3690,0.3348,5.654,4.652,12324.2,10.857,0.4387,246.5,81.3
2026-07-29T10:00:00,8.805,8.494,18.74,19.53,1.191,1.134,0.4093,0.3224,5.925,4.744,12332.7,10.867,0.4395,246.7,81.4
2026-07-29T11:00:00,9.664,9.290,19.62,20.44,1.213,1.153,0.3468,0.3333,5.920,4.595,12342.0,10.879,0.4396,246.8,81.5
2026-07-29T12:00:00,9.517,9.326,19.39,19.97,1.203,1.138,0.3927,0.3213,5.817,4.650,12351.3,10.890,0.4403,247.0,81.5
2026-07-29T13:00:00,9.630,9.328,20.31,21.37,1.223,1.172,0.3688,0.3248,5.641,4.792,12360.7,10.898,0.4407,247.2,81.6
2026-07-29T14:00:00,9.812,9.496,19.83,20.21,1.224,1.164,0.3902,0.3285,6.031,4.565,12370.2,10.912,0.4413,247.4,81.6
2026-07-29T15:00:00,9.450,9.092,19.76,20.47,1.239,1.176,0.4022,0.3426,6.078,4.639,12379.3,10.925,0.4418,247.6,81.7
2026-07-29T16:00:00,9.352,9.028,19.63,21.04,1.224,1.174,0.3720,0.3341,6.102,4.463,12388.3,10.940,0.4421,247.8,81.8
2026-07-29T17:00:00,10.243,10.049,19.90,20.26,1.207,1.153,0.3566,0.3296,5.947,4.764,12398.3,10.952,0.4424,248.0,81.8
2026-07-29T18:00:00,9.373,9.120,19.47,20.00,1.194,1.140,0.3956,0.3372,6.053,4.645,12407.4,10.964,0.4430,248.1,81.9
2026-07-29T19:00:00,8.749,8.480,19.19,20.18,1.185,1.130,0.3691,0.3417,5.392,4.615,12415.9,10.971,0.4432,248.3,81.9
2026-07-29T20:00:00,8.954,8.661,18.69,19.93,1.188,1.132,0.3870,0.3432,5.971,4.658,12424.6,10.982,0.4436,248.5,82.0
2026-07-29T21:00:00,9.372,9.235,18.33,19.05,1.157,1.106,0.3743,0.3506,5.853,4.672,12433.8,10.993,0.4438,248.7,82.1
2026-07-29T22:00:00,8.371,8.122,17.33,18.44,1.195,1.138,0.3593,0.3235,6.033,4.880,12441.9,11.003,0.4441,248.8,82.1
2026-07-29T23:00:00,9.026,8.758,17.70,18.89,1.139,1.076,0.3692,0.3297,5.486,4.533,12450.7,11.011,0.4444,249.0,82.2
2026-07-30T00:00:00,8.652,8.431,16.16,17.26,1.145,1.081,0.4051,0.3217,5.729,4.678,12459.1,11.020,0.4451,249.2,82.2
2026-07-30T01:00:00,8.094,7.916,16.16,16.93,1.170,1.118,0.3897,0.3371,5.731,4.758,12467.1,11.028,0.4455,249.3,82.3
2026-07-30T02:00:00,8.516,8.285,16.39,17.18,1.157,1.100,0.3995,0.3491,6.084,4.868,12475.3,11.038,0.4460,249.5,82.3
2026-07-30T03:00:00,8.510,8.337,15.79,16.27,1.150,1.097,0.3776,0.3291,6.075,4.843,12483.7,11.048,0.4464,249.7,82.4
2026-07-30T04:00:00,8.517,8.289,16.27,17.41,1.153,1.100,0.3902,0.3170,5.946,4.727,12492.0,11.058,0.4470,249.8,82.4
2026-07-30T05:00:00,9.066,8.753,15.87,17.23,1.148,1.094,0.3868,0.3128,5.877,4.647,12500.7,11.069,0.4476,250.0,82.5
2026-07-30T06:00:00,8.636,8.423,16.75,17.37,1.159,1.102,0.3819,0.3294,5.651,4.755,12509.1,11.076,0.4481,250.2,82.6
2026-07-30T07:00:00,8.813,8.642,17.24,17.87,1.161,1.108,0.4024,0.3276,5.111,4.677,12517.8,11.080,0.4487,250.4,82.6
2026-07-30T08:00:00,9.343,9.244,19.23,19.83,1.168,1.117,0.4031,0.3236,5.756,4.853,12527.0,11.089,0.4494,250.5,82.7
2026-07-30T09:00:00,8.390,8.181,17.96,18.18,1.207,1.146,0.3654,0.3195,6.350,4.612,12535.2,11.103,0.4498,250.7,82.7
2026-07-30T10:00:00,9.976,9.731,18.64,19.50,1.205,1.150,0.4167,0.3313,6.072,4.669,12544.9,11.116,0.4506,250.9,82.8
2026-07-30T11:00:00,8.580,8.201,18.84,19.43,1.183,1.127,0.3830,0.3265,6.050,4.739,12553.1,11.127,0.4511,251.1,82.9
2026-07-30T12:00:00,9.350,9.123,19.08,20.20,1.214,1.163,0.3708,0.3362,5.694,4.756,12562.3,11.136,0.4514,251.2,82.9
2026-07-30T13:00:00,9.509,9.187,19.14,20.07,1.218,1.160,0.3416,0.3352,6.071,4.680,12571.5,11.148,0.4515,251.4,83.0
2026-07-30T14:00:00,9.492,9.180,19.89,20.68,1.237,1.177,0.3613,0.3361,5.581,4.794,12580.6,11.156,0.4517,251.6,83.0
2026-07-30T15:00:00,9.360,9.038,19.50,20.61,1.219,1.150,0.3941,0.3286,5.588,4.676,12589.7,11.164,0.4523,251.8,83.1
2026-07-30T16:00:00,9.108,8.954,19.72,21.13,1.206,1.154,0.3478,0.3170,5.890,4.599,12598.6,11.176,0.4526,252.0,83.2
2026-07-30T17:00:00,9.253,9.125,20.03,21.10,1.191,1.128,0.3676,0.3234,5.484,4.722,12607.7,11.182,0.4530,252.2,83.2
2026-07-30T18:00:00,9.750,9.521,19.37,20.19,1.186,1.136,0.3787,0.3248,5.978,4.811,12617.3,11.194,0.4535,252.3,83.3
2026-07-30T19:00:00,9.302,9.159,18.56,18.97,1.202,1.152,0.3679,0.3180,6.311,4.757,12626.4,11.208,0.4540,252.5,83.3
2026-07-30T20:00:00,9.666,9.483,18.80,19.60,1.193,1.136,0.3997,0.3257,5.607,4.579,12635.9,11.218,0.4547,252.7,83.4
2026-07-30T21:00:00,9.199,8.974,18.32,19.54,1.167,1.109,0.4193,0.3315,6.120,4.724,12644.9,11.230,0.4554,252.9,83.5
2026-07-30T22:00:00,9.140,9.065,16.84,17.91,1.191,1.138,0.4141,0.3394,5.494,4.734,12653.9,11.237,0.4561,253.1,83.5
2026-07-30T23:00:00,8.934,8.785,16.94,17.65,1.168,1.113,0.4004,0.3327,5.658,4.679,12662.7,11.246,0.4567,253.3,83.6
2026-07-31T00:00:00,8.808,8.513,16.22,16.79,1.132,1.080,0.3810,0.3403,5.582,4.845,12671.2,11.252,0.4571,253.4,83.6
2026-07-31T01:00:00,8.741,8.571,15.99,16.95,1.161,1.110,0.3627,0.3227,5.539,4.508,12679.8,11.261,0.4574,253.6,83.7
2026-07-31T02:00:00,9.021,8.781,16.13,16.84,1.158,1.107,0.3362,0.3406,5.993,4.644,12688.6,11.273,0.4574,253.8,83.7
2026-07-31T03:00:00,8.389,8.213,15.72,16.09,1.147,1.090,0.3456,0.3226,5.493,4.868,12696.8,11.278,0.4576,253.9,83.8
2026-07-31T04:00:00,8.055,7.818,15.90,16.49,1.150,1.096,0.3974,0.3258,5.746,4.594,12704.6,11.287,0.4582,254.1,83.9
2026-07-31T05:00:00,9.003,8.722,15.61,16.31,1.143,1.083,0.3631,0.3350,5.590,4.388,12713.4,11.297,0.4584,254.3,83.9
2026-07-31T06:00:00,9.050,8.755,16.66,17.78,1.151,1.097,0.3394,0.3175,5.885,4.834,12722.1,11.306,0.4586,254.4,84.0
2026-07-31T07:00:00,8.685,8.399,17.30,18.41,1.164,1.103,0.3733,0.3293,6.060,4.548,12730.5,11.319,0.4590,254.6,84.0
2026-07-31T08:00:00,9.252,8.903,17.59,18.59,1.157,1.103,0.3869,0.3365,5.593,4.848,12739.4,11.326,0.4594,254.8,84.1
2026-07-31T09:00:00,8.824,8.681,18.39,19.11,1.196,1.145,0.3905,0.3160,4.971,4.732,12748.1,11.328,0.4601,255.0,84.1
2026-07-31T10:00:00,8.859,8.621,18.05,18.70,1.178,1.126,0.4136,0.3245,5.940,4.652,12756.7,11.339,0.4608,255.1,84.2
2026-07-31T11:00:00,8.531,8.241,19.44,20.38,1.205,1.147,0.4022,0.3339,5.615,4.867,12765.0,11.345,0.4614,255.3,84.2
2026-07-31T12:00:00,9.236,9.009,19.61,20.38,1.191,1.131,0.3890,0.3336,5.431,4.696,12774.0,11.352,0.4619,255.5,84.3
2026-07-31T13:00:00,9.518,9.195,19.77,20.35,1.205,1.154,0.3703,0.3362,5.881,4.524,12783.2,11.364,0.4622,255.7,84.4
2026-07-31T14:00:00,9.309,9.151,19.92,20.69,1.189,1.137,0.4233,0.3381,5.384,4.693,12792.3,11.370,0.4630,255.8,84.4
2026-07-31T15:00:00,9.498,9.285,20.25,21.02,1.198,1.146,0.3932,0.3276,5.529,4.671,12801.6,11.378,0.4636,256.0,84.5
2026-07-31T16:00:00,9.074,8.984,20.59,21.34,1.218,1.162,0.3603,0.3338,5.634,4.616,12810.6,11.388,0.4638,256.2,84.5
2026-07-31T17:00:00,9.530,9.264,20.69,21.71,1.233,1.180,0.3840,0.3257,5.851,4.753,12819.8,11.398,0.4644,256.4,84.6
2026-07-31T18:00:00,9.477,9.259,19.20,20.36,1.227,1.170,0.3910,0.3281,5.477,4.482,12829.1,11.407,0.4649,256.6,84.7
2026-07-31T19:00:00,9.024,8.797,19.18,20.04,1.192,1.138,0.3753,0.3239,5.797,4.660,12837.9,11.417,0.4654,256.8,84.7
2026-07-31T20:00:00,8.770,8.533,18.62,19.50,1.187,1.132,0.4169,0.3228,6.094,4.655,12846.4,11.429,0.4662,256.9,84.8
2026-07-31T21:00:00,8.648,8.444,18.00,18.25,1.193,1.133,0.4130,0.3306,5.631,4.627,12854.9,11.438,0.4669,257.1,84.8
2026-07-31T22:00:00,9.358,9.096,17.26,18.27,1.180,1.127,0.3561,0.3395,5.554,4.623,12864.0,11.446,0.4670,257.3,84.9
2026-07-31T23:00:00,8.752,8.485,16.46,16.92,1.163,1.101,0.3788,0.3426,5.933,4.621,12872.5,11.457,0.4674,257.4,85.0
2026-08-01T00:00:00,8.373,8.111,16.76,17.88,1.180,1.109,0.3578,0.3328,5.375,4.756,12880.6,11.462,0.4676,257.6,85.0
2026-08-01T01:00:00,8.043,7.904,16.08,17.11,1.155,1.096,0.3878,0.3214,6.160,4.600,12888.5,11.475,0.4681,257.8,85.1
2026-08-01T02:00:00,8.100,7.945,15.72,16.25,1.142,1.088,0.3847,0.3422,5.502,4.865,12896.4,11.480,0.4684,257.9,85.1
2026-08-01T03:00:00,8.351,8.191,16.06,16.96,1.122,1.064,0.4061,0.3288,5.997,4.651,12904.6,11.491,0.4691,258.1,85.2
2026-08-01T04:00:00,8.581,8.399,15.80,16.61,1.132,1.080,0.3898,0.3224,5.612,4.664,12913.0,11.499,0.4696,258.3,85.2
2026-08-01T05:00:00,8.622,8.268,15.99,16.56,1.156,1.106,0.3860,0.3417,5.986,4.810,12921.3,11.508,0.4700,258.4,85.3
2026-08-01T06:00:00,8.724,8.563,16.86,17.67,1.164,1.111,0.3758,0.3233,5.332,4.696,12929.8,11.514,0.4704,258.6,85.3
2026-08-01T07:00:00,8.221,8.171,17.00,17.84,1.176,1.124,0.4135,0.3338,5.727,4.492,12938.0,11.524,0.4711,258.8,85.4
2026-08-01T08:00:00,9.051,8.846,18.01,18.99,1.143,1.090,0.3934,0.3260,5.799,4.852,12946.9,11.532,0.4717,258.9,85.4
2026-08-01T09:00:00,9.472,9.154,17.65,18.17,1.190,1.130,0.3536,0.3364,5.614,4.817,12956.0,11.540,0.4718,259.1,85.5
2026-08-01T10:00:00,9.362,9.120,18.03,18.85,1.177,1.122,0.4033,0.3131,5.425,4.636,12965.1,11.547,0.4727,259.3,85.6
2026-08-01T11:00:00,8.918,8.739,19.29,20.40,1.202,1.140,0.3906,0.3221,5.810,4.531,12973.9,11.558,0.4733,259.5,85.6
2026-08-01T12:00:00,9.625,9.467,19.24,19.79,1.218,1.158,0.3633,0.3328,5.705,4.486,12983.3,11.570,0.4736,259.7,85.7
2026-08-01T13:00:00,9.357,9.187,19.43,20.35,1.216,1.165,0.3932,0.3311,5.615,4.686,12992.5,11.578,0.4741,259.9,85.8
2026-08-01T14:00:00,9.329,9.087,20.03,20.55,1.249,1.189,0.4260,0.3309,5.463,4.545,13001.6,11.586,0.4750,260.0,85.8
2026-08-01T15:00:00,9.717,9.467,20.19,21.13,1.177,1.116,0.3264,0.3242,5.908,4.529,13011.1,11.599,0.4750,260.2,85.9
2026-08-01T16:00:00,9.564,9.386,20.09,20.56,1.228,1.169,0.3328,0.3316,6.114,4.454,13020.5,11.615,0.4750,260.4,85.9
2026-08-01T17:00:00,9.160,8.947,19.36,20.15,1.229,1.171,0.3678,0.3248,5.821,4.704,13029.4,11.625,0.4754,260.6,86.0
2026-08-01T18:00:00,9.514,9.276,19.54,20.51,1.221,1.160,0.3965,0.3221,5.535,4.659,13038.7,11.633,0.4761,260.8,86.1
2026-08-01T19:00:00,9.315,9.166,19.55,20.59,1.192,1.141,0.3684,0.3259,5.211,4.662,13047.8,11.638,0.4765,261.0,86.1
2026-08-01T20:00:00,9.304,8.970,18.94,19.84,1.206,1.155,0.3909,0.3328,5.827,4.651,13056.8,11.649,0.4770,261.1,86.2
2026-08-01T21:00:00,8.722,8.579,17.61,17.88,1.174,1.123,0.4392,0.3377,5.753,4.899,13065.4,11.656,0.4779,261.3,86.2
2026-08-01T22:00:00,9.067,8.827,17.11,17.75,1.146,1.087,0.3870,0.3284,5.722,4.678,13074.2,11.665,0.4784,261.5,86.3
2026-08-01T23:00:00,8.823,8.626,16.64,17.24,1.143,1.091,0.3560,0.3368,5.653,4.635,13082.8,11.674,0.4786,261.7,86.3
2026-08-02T00:00:00,8.707,8.507,16.34,16.95,1.162,1.106,0.3759,0.3365,6.096,4.375,13091.4,11.689,0.4789,261.8,86.4
2026-08-02T01:00:00,8.707,8.500,16.25,16.79,1.178,1.124,0.3954,0.3338,5.877,4.598,13099.9,11.700,0.4794,262.0,86.5
2026-08-02T02:00:00,8.488,8.341,15.79,16.50,1.137,1.084,0.3220,0.3268,5.808,4.577,13108.2,11.710,0.4794,262.2,86.5
2026-08-02T03:00:00,8.372,8.248,16.45,16.91,1.145,1.081,0.3851,0.3305,5.867,4.729,13116.4,11.719,0.4799,262.3,86.6
2026-08-02T04:00:00,8.279,8.009,15.74,16.57,1.135,1.079,0.3643,0.3115,6.444,4.543,13124.5,11.734,0.4803,262.5,86.6
2026-08-02T05:00:00,8.545,8.391,15.84,17.33,1.148,1.098,0.3949,0.3306,6.531,4.628,13132.8,11.750,0.4808,262.7,86.7
2026-08-02T06:00:00,8.519,8.242,16.16,17.18,1.162,1.111,0.3540,0.3394,6.147,4.604,13141.1,11.763,0.4810,262.8,86.7
2026-08-02T07:00:00,8.814,8.638,16.44,17.13,1.167,1.112,0.4058,0.3272,6.267,4.691,13149.7,11.777,0.4816,263.0,86.8
2026-08-02T08:00:00,8.819,8.590,16.71,17.66,1.154,1.095,0.3625,0.3237,5.480,4.597,13158.3,11.784,0.4820,263.2,86.8
2026-08-02T09:00:00,9.029,8.851,17.43,18.03,1.167,1.104,0.4067,0.3238,5.920,4.555,13167.2,11.796,0.4827,263.3,86.9
2026-08-02T10:00:00,8.803,8.577,18.16,19.23,1.181,1.120,0.3916,0.3235,5.659,4.547,13175.7,11.806,0.4833,263.5,87.0
2026-08-02T11:00:00,9.251,9.017,19.19,20.30,1.209,1.143,0.3651,0.3424,6.065,4.605,13184.8,11.819,0.4835,263.7,87.0
2026-08-02T12:00:00,9.563,9.466,19.43,20.35,1.216,1.157,0.3772,0.3354,5.629,4.620,13194.2,11.829,0.4839,263.9,87.1
2026-08-02T13:00:00,9.607,9.250,19.46,20.34,1.214,1.150,0.3857,0.3421,5.551,4.576,13203.5,11.838,0.4843,264.1,87.1
2026-08-02T14:00:00,9.532,9.387,19.12,19.98,1.211,1.154,0.4062,0.3371,5.924,4.678,13212.9,11.849,0.4849,264.3,87.2
2026-08-02T15:00:00,9.567,9.329,19.91,20.44,1.213,1.157,0.3864,0.3343,5.446,4.512,13222.2,11.858,0.4854,264.4,87.3
2026-08-02T16:00:00,9.999,9.752,20.49,21.36,1.237,1.184,0.3427,0.3260,5.560,4.487,13231.9,11.869,0.4856,264.6,87.3
2026-08-02T17:00:00,9.675,9.470,19.63,20.34,1.217,1.164,0.3484,0.3239,5.926,4.590,13241.4,11.881,0.4858,264.8,87.4
2026-08-02T18:00:00,9.584,9.314,18.93,19.49,1.178,1.115,0.3502,0.3325,5.211,4.619,13250.7,11.887,0.4860,265.0,87.5
2026-08-02T19:00:00,9.082,8.764,19.32,20.29,1.220,1.166,0.3823,0.3265,6.353,4.614,13259.5,11.902,0.4865,265.2,87.5
2026-08-02T20:00:00,9.784,9.566,18.54,19.42,1.221,1.168,0.3322,0.3048,5.423,4.341,13269.1,11.912,0.4867,265.4,87.6
2026-08-02T21:00:00,9.130,8.910,18.00,18.91,1.166,1.109,0.3334,0.3216,5.282,4.580,13278.0,11.919,0.4868,265.6,87.6
2026-08-02T22:00:00,8.994,8.830,17.07,17.89,1.177,1.121,0.3939,0.3366,5.556,4.674,13286.8,11.926,0.4873,265.7,87.7
2026-08-02T23:00:00,8.835,8.616,16.56,17.74,1.156,1.097,0.3554,0.3292,6.158,4.694,13295.4,11.939,0.4876,265.9,87.7
2026-08-03T00:00:00,8.410,8.150,15.80,16.22,1.141,1.090,0.4090,0.3310,5.892,4.486,13303.6,11.950,0.4882,266.1,87.8
2026-08-03T01:00:00,8.726,8.478,15.46,16.84,1.138,1.082,0.4163,0.3312,5.739,4.555,13312.0,11.960,0.4889,266.2,87.9
2026-08-03T02:00:00,8.387,8.242,15.70,16.08,1.143,1.091,0.3619,0.3237,5.752,4.619,13320.3,11.970,0.4892,266.4,87.9
2026-08-03T03:00:00,8.163,7.959,15.46,16.79,1.140,1.088,0.3653,0.3235,5.388,4.469,13328.2,11.977,0.4896,266.6,88.0
2026-08-03T04:00:00,9.107,8.803,16.35,16.94,1.149,1.083,0.4034,0.3202,5.902,4.594,13337.0,11.989,0.4903,266.7,88.0
2026-08-03T05:00:00,8.642,8.388,16.19,16.47,1.148,1.095,0.3657,0.3236,5.940,4.365,13345.4,12.002,0.4907,266.9,88.1
2026-08-03T06:00:00,9.256,9.050,17.28,18.12,1.156,1.103,0.3721,0.3229,5.628,4.623,13354.5,12.011,0.4911,267.1,88.1
2026-08-03T07:00:00,7.955,7.829,16.81,17.44,1.157,1.106,0.3768,0.3354,5.775,4.761,13362.3,12.019,0.4914,267.2,88.2
2026-08-03T08:00:00,8.956,8.753,17.32,18.29,1.181,1.124,0.3848,0.3295,5.597,4.644,13371.1,12.027,0.4919,267.4,88.2
2026-08-03T09:00:00,8.610,8.472,18.30,18.83,1.176,1.124,0.3837,0.3271,5.867,4.520,13379.5,12.039,0.4924,267.6,88.3
2026-08-03T10:00:00,9.773,9.448,18.21,18.47,1.181,1.131,0.4196,0.3098,5.160,4.662,13389.0,12.043,0.4934,267.8,88.4
2026-08-03T11:00:00,9.528,9.334,18.86,19.88,1.228,1.172,0.3995,0.3250,5.844,4.694,13398.3,12.054,0.4941,268.0,88.4
2026-08-03T12:00:00,9.513,9.184,19.33,19.99,1.231,1.173,0.4273,0.3345,6.038,4.545,13407.5,12.068,0.4950,268.2,88.5
2026-08-03T13:00:00,9.402,9.073,19.91,20.87,1.226,1.167,0.3682,0.3366,5.834,4.460,13416.6,12.080,0.4953,268.3,88.5
2026-08-03T14:00:00,9.272,9.011,19.72,20.33,1.210,1.152,0.4472,0.3333,5.808,4.429,13425.6,12.093,0.4963,268.5,88.6
2026-08-03T15:00:00,9.558,9.410,19.89,20.44,1.204,1.141,0.4424,0.3294,5.385,4.716,13435.0,12.099,0.4974,268.7,88.7
2026-08-03T16:00:00,9.892,9.757,19.38,20.40,1.211,1.154,0.4241,0.3409,5.545,4.600,13444.8,12.108,0.4982,268.9,88.7
2026-08-03T17:00:00,8.931,8.701,19.43,20.17,1.225,1.172,0.3293,0.3204,5.781,4.741,13453.5,12.117,0.4982,269.1,88.8
2026-08-03T18:00:00,9.769,9.537,18.43,19.14,1.189,1.131,0.3875,0.3214,6.119,4.619,13463.0,12.132,0.4989,269.3,88.9
2026-08-03T19:00:00,8.958,8.802,18.38,19.41,1.204,1.145,0.3637,0.3399,5.735,4.538,13471.8,12.142,0.4991,269.4,88.9
2026-08-03T20:00:00,9.294,8.877,18.07,18.84,1.189,1.128,0.3328,0.3276,5.485,4.552,13480.7,12.150,0.4991,269.6,89.0
2026-08-03T21:00:00,8.955,8.707,17.85,18.84,1.153,1.080,0.3729,0.3305,6.003,4.679,13489.4,12.162,0.4995,269.8,89.0
2026-08-03T22:00:00,8.898,8.425,17.27,17.89,1.177,1.113,0.4099,0.3304,5.681,4.772,13497.8,12.170,0.5002,270.0,89.1
2026-08-03T23:00:00,9.245,9.089,16.76,17.11,1.157,1.102,0.3575,0.3122,5.319,4.518,13506.9,12.177,0.5006,270.1,89.1
2026-08-04T00:00:00,8.517,8.332,16.74,17.50,1.141,1.089,0.3540,0.3327,6.072,4.670,13515.2,12.189,0.5008,270.3,89.2
2026-08-04T01:00:00,7.799,7.527,15.45,16.66,1.129,1.076,0.3860,0.3184,5.290,4.661,13522.8,12.193,0.5013,270.5,89.3
2026-08-04T02:00:00,8.507,8.204,15.93,16.80,1.108,1.045,0.4013,0.3317,6.016,4.626,13531.0,12.205,0.5018,270.6,89.3
2026-08-04T03:00:00,8.293,7.963,15.76,16.41,1.148,1.085,0.3985,0.3288,5.911,4.413,13538.9,12.217,0.5024,270.8,89.4
2026-08-04T04:00:00,8.715,8.490,15.66,16.58,1.155,1.098,0.3869,0.3318,6.342,4.403,13547.4,12.233,0.5029,270.9,89.4
2026-08-04T05:00:00,8.843,8.608,15.92,16.50,1.155,1.097,0.3975,0.3274,5.609,4.472,13556.0,12.243,0.5035,271.1,89.5
2026-08-04T06:00:00,8.387,8.244,16.64,17.38,1.143,1.089,0.3743,0.3321,5.977,4.461,13564.3,12.255,0.5038,271.3,89.5
2026-08-04T07:00:00,8.837,8.677,16.89,17.89,1.206,1.155,0.3440,0.3276,5.799,4.585,13572.9,12.266,0.5039,271.5,89.6
2026-08-04T08:00:00,9.255,9.029,17.10,17.80,1.190,1.140,0.3569,0.3363,5.700,4.702,13582.0,12.275,0.5041,271.6,89.6
2026-08-04T09:00:00,8.903,8.683,17.66,18.34,1.146,1.084,0.3958,0.3324,5.904,4.552,13590.7,12.287,0.5047,271.8,89.7
2026-08-04T10:00:00,8.884,8.627,17.63,18.77,1.200,1.145,0.3563,0.3330,5.652,4.737,13599.3,12.295,0.5049,272.0,89.8
2026-08-04T11:00:00,9.199,8.888,19.05,19.92,1.192,1.128,0.3564,0.3257,5.927,4.567,13608.2,12.307,0.5052,272.2,89.8
2026-08-04T12:00:00,9.596,9.346,20.01,20.51,1.199,1.148,0.4030,0.3368,5.872,4.666,13617.5,12.318,0.5058,272.4,89.9
2026-08-04T13:00:00,9.288,9.006,19.24,20.20,1.216,1.151,0.3749,0.3128,5.546,4.479,13626.5,12.327,0.5063,272.5,89.9
2026-08-04T14:00:00,9.487,9.208,19.81,20.55,1.212,1.158,0.3634,0.3242,6.014,4.464,13635.7,12.342,0.5067,272.7,90.0
2026-08-04T15:00:00,9.228,8.841,19.29,19.84,1.226,1.174,0.3832,0.3193,5.972,4.513,13644.6,12.355,0.5073,272.9,90.1
2026-08-04T16:00:00,8.718,8.532,20.36,21.61,1.242,1.187,0.3806,0.3222,5.951,5.042,13653.1,12.362,0.5078,273.1,90.1
2026-08-04T17:00:00,9.944,9.499,18.88,19.91,1.219,1.168,0.3879,0.3282,5.676,4.583,13662.6,12.373,0.5083,273.3,90.2
2026-08-04T18:00:00,9.575,9.467,19.09,19.31,1.223,1.168,0.3631,0.3316,6.375,4.538,13672.1,12.390,0.5086,273.4,90.2
2026-08-04T19:00:00,9.662,9.424,18.72,19.62,1.214,1.162,0.3690,0.3410,5.870,4.590,13681.5,12.402,0.5089,273.6,90.3
2026-08-04T20:00:00,9.491,9.252,18.50,19.20,1.190,1.132,0.3797,0.3304,5.631,4.513,13690.7,12.413,0.5093,273.8,90.4
2026-08-04T21:00:00,8.814,8.604,17.42,17.93,1.195,1.138,0.3932,0.3189,5.339,4.384,13699.3,12.421,0.5100,274.0,90.4
2026-08-04T22:00:00,8.602,8.469,17.76,18.37,1.152,1.086,0.3595,0.3274,6.155,4.466,13707.8,12.435,0.5103,274.2,90.5
2026-08-04T23:00:00,8.860,8.513,16.61,17.21,1.163,1.105,0.4246,0.3302,5.792,4.690,13716.3,12.445,0.5111,274.3,90.5
2026-08-05T00:00:00,8.869,8.477,16.19,17.11,1.147,1.097,0.3771,0.3317,5.809,4.575,13724.8,12.455,0.5114,274.5,90.6
2026-08-05T01:00:00,7.833,7.717,16.02,16.68,1.153,1.091,0.3770,0.3228,5.867,4.724,13732.5,12.464,0.5119,274.7,90.6
2026-08-05T02:00:00,8.808,8.580,15.35,16.18,1.132,1.067,0.3922,0.3353,5.900,4.337,13741.1,12.477,0.5124,274.8,90.7
2026-08-05T03:00:00,8.218,8.098,15.27,16.16,1.130,1.078,0.3765,0.3200,6.064,4.773,13749.2,12.488,0.5128,275.0,90.7
2026-08-05T04:00:00,8.421,8.230,16.01,16.64,1.161,1.107,0.3756,0.3260,6.019,4.280,13757.4,12.502,0.5132,275.1,90.8
2026-08-05T05:00:00,8.328,7.986,16.03,16.20,1.155,1.082,0.3972,0.3312,6.017,4.809,13765.4,12.512,0.5137,275.3,90.9
2026-08-05T06:00:00,8.310,8.135,16.23,16.86,1.164,1.113,0.3582,0.3171,5.207,4.644,13773.6,12.516,0.5141,275.5,90.9
2026-08-05T07:00:00,8.529,8.290,16.76,17.71,1.154,1.095,0.4410,0.3184,5.580,4.496,13781.8,12.525,0.5151,275.6,91.0
2026-08-05T08:00:00,8.903,8.750,17.15,18.21,1.189,1.132,0.4001,0.3250,5.931,4.629,13790.6,12.537,0.5158,275.8,91.0
2026-08-05T09:00:00,8.945,8.778,17.63,18.25,1.167,1.113,0.4262,0.3285,5.670,4.517,13799.4,12.547,0.5166,276.0,91.1
2026-08-05T10:00:00,9.262,9.114,18.19,18.94,1.180,1.115,0.3351,0.3271,5.388,4.722,13808.5,12.553,0.5167,276.2,91.1
2026-08-05T11:00:00,8.883,8.494,18.44,19.13,1.182,1.123,0.3734,0.3217,5.714,4.843,13817.0,12.560,0.5171,276.3,91.2
2026-08-05T12:00:00,9.802,9.440,19.08,19.51,1.204,1.148,0.4038,0.3420,5.500,4.401,13826.4,12.571,0.5177,276.5,91.3
2026-08-05T13:00:00,10.039,9.869,18.62,19.72,1.203,1.142,0.3433,0.3221,5.702,4.502,13836.3,12.582,0.5179,276.7,91.3
2026-08-05T14:00:00,9.143,8.916,19.39,20.38,1.220,1.165,0.3777,0.3236,5.477,4.609,13845.2,12.590,0.5184,276.9,91.4
2026-08-05T15:00:00,9.650,9.329,19.31,20.52,1.201,1.150,0.3865,0.3228,5.616,4.690,13854.5,12.599,0.5190,277.1,91.4
2026-08-05T16:00:00,9.079,8.849,19.68,20.96,1.215,1.164,0.3878,0.3194,5.715,4.565,13863.4,12.609,0.5196,277.3,91.5
2026-08-05T17:00:00,9.660,9.458,19.54,20.83,1.213,1.151,0.3871,0.3304,6.037,4.880,13872.8,12.620,0.5201,277.5,91.6
2026-08-05T18:00:00,9.199,8.942,19.30,19.59,1.200,1.141,0.3711,0.3298,5.588,4.433,13881.8,12.630,0.5205,277.6,91.6
2026-08-05T19:00:00,9.393,9.229,18.59,19.47,1.199,1.146,0.3480,0.3165,5.785,4.471,13891.0,12.642,0.5208,277.8,91.7
2026-08-05T20:00:00,8.895,8.652,18.73,19.40,1.156,1.097,0.3479,0.3342,5.947,4.679,13899.7,12.653,0.5209,278.0,91.7
2026-08-05T21:00:00,8.816,8.616,17.73,18.09,1.168,1.110,0.4006,0.3298,5.609,4.683,13908.3,12.661,0.5215,278.2,91.8
2026-08-05T22:00:00,7.896,7.656,17.90,18.62,1.182,1.127,0.3528,0.3200,5.699,4.528,13915.9,12.670,0.5218,278.3,91.8
2026-08-05T23:00:00,8.963,8.804,17.11,18.11,1.167,1.115,0.3931,0.3156,5.243,4.541,13924.7,12.676,0.5225,278.5,91.9
2026-08-06T00:00:00,8.481,8.336,15.47,16.36,1.150,1.096,0.3630,0.3276,5.708,4.356,13933.1,12.688,0.5228,278.7,92.0
2026-08-06T01:00:00,8.417,8.229,15.64,16.37,1.135,1.079,0.3999,0.3375,5.623,4.795,13941.3,12.694,0.5233,278.8,92.0
2026-08-06T02:00:00,8.545,8.338,16.05,16.80,1.133,1.075,0.3777,0.3452,5.570,4.726,13949.6,12.702,0.5235,279.0,92.1
2026-08-06T03:00:00,8.382,8.180,15.15,15.81,1.142,1.087,0.4027,0.3184,6.177,4.564,13957.8,12.715,0.5242,279.2,92.1
2026-08-06T04:00:00,8.717,8.414,15.58,16.70,1.154,1.090,0.3917,0.3220,5.697,4.609,13966.2,12.724,0.5248,279.3,92.2
2026-08-06T05:00:00,8.361,8.202,15.70,16.51,1.148,1.084,0.4091,0.3128,5.892,4.586,13974.4,12.735,0.5256,279.5,92.2
2026-08-06T06:00:00,8.408,8.204,16.60,17.21,1.162,1.106,0.3666,0.3339,5.532,4.528,13982.6,12.743,0.5259,279.7,92.3
2026-08-06T07:00:00,8.973,8.764,16.44,17.32,1.148,1.092,0.3958,0.3384,6.370,4.656,13991.4,12.758,0.5264,279.8,92.3
2026-08-06T08:00:00,8.846,8.642,17.25,17.86,1.160,1.109,0.4054,0.3325,5.815,4.672,14000.0,12.768,0.5270,280.0,92.4
2026-08-06T09:00:00,8.932,8.651,18.35,19.67,1.180,1.126,0.3756,0.3345,5.347,4.493,14008.7,12.775,0.5274,280.2,92.5
2026-08-06T10:00:00,9.162,8.866,18.04,18.71,1.182,1.126,0.4063,0.3295,5.131,4.591,14017.6,12.780,0.5280,280.4,92.5
2026-08-06T11:00:00,9.038,8.887,18.87,19.88,1.218,1.153,0.3814,0.3342,5.942,4.560,14026.5,12.792,0.5285,280.5,92.6
2026-08-06T12:00:00,9.361,9.134,19.31,20.26,1.182,1.130,0.4232,0.3338,5.383,4.512,14035.6,12.800,0.5293,280.7,92.6
2026-08-06T13:00:00,9.081,8.720,19.19,20.01,1.214,1.160,0.3826,0.3302,6.510,4.439,14044.3,12.818,0.5297,280.9,92.7
2026-08-06T14:00:00,9.551,9.224,19.49,20.02,1.220,1.170,0.3460,0.3280,5.974,4.658,14053.5,12.830,0.5299,281.1,92.8
2026-08-06T15:00:00,9.433,9.137,19.45,20.13,1.231,1.177,0.3602,0.3229,5.481,4.368,14062.7,12.841,0.5302,281.3,92.8
2026-08-06T16:00:00,9.765,9.494,19.60,20.96,1.221,1.158,0.3265,0.3264,5.437,4.583,14072.2,12.849,0.5302,281.4,92.9
2026-08-06T17:00:00,9.619,9.267,19.52,20.85,1.216,1.157,0.3544,0.3194,6.051,4.578,14081.4,12.862,0.5306,281.6,92.9
2026-08-06T18:00:00,10.013,9.615,19.05,19.84,1.192,1.140,0.3631,0.3200,6.262,4.445,14091.0,12.880,0.5310,281.8,93.0
2026-08-06T19:00:00,9.605,9.406,18.34,19.19,1.202,1.149,0.3960,0.3205,5.367,4.547,14100.4,12.887,0.5317,282.0,93.1
2026-08-06T20:00:00,8.473,8.206,17.97,19.16,1.171,1.121,0.3756,0.3248,5.731,4.493,14108.7,12.898,0.5321,282.2,93.1
2026-08-06T21:00:00,9.330,9.121,16.97,17.70,1.193,1.138,0.4225,0.3253,5.608,4.388,14117.8,12.909,0.5330,282.4,93.2
2026-08-06T22:00:00,8.821,8.664,16.53,17.28,1.171,1.106,0.3945,0.3306,5.667,4.403,14126.4,12.920,0.5335,282.5,93.2
2026-08-06T23:00:00,9.243,9.031,16.64,17.41,1.147,1.085,0.3960,0.3222,5.784,4.316,14135.5,12.933,0.5342,282.7,93.3
2026-08-07T00:00:00,8.220,8.095,16.21,17.37,1.143,1.082,0.3688,0.3239,5.996,4.568,14143.6,12.944,0.5346,282.9,93.3
2026-08-07T01:00:00,8.557,8.318,15.42,16.10,1.156,1.102,0.3499,0.3220,5.298,4.455,14151.9,12.952,0.5348,283.0,93.4
2026-08-07T02:00:00,8.512,8.256,15.99,16.68,1.133,1.076,0.4061,0.3193,5.565,4.650,14160.1,12.959,0.5355,283.2,93.5
2026-08-07T03:00:00,8.001,7.781,15.72,16.63,1.142,1.081,0.3899,0.3204,5.238,4.756,14167.9,12.963,0.5361,283.4,93.5
2026-08-07T04:00:00,8.295,8.231,16.15,17.14,1.170,1.117,0.3779,0.3248,6.221,4.504,14176.2,12.977,0.5365,283.5,93.6
2026-08-07T05:00:00,9.092,8.838,15.03,16.37,1.100,1.041,0.3663,0.3363,5.611,4.672,14185.0,12.985,0.5368,283.7,93.6
2026-08-07T06:00:00,8.473,8.210,16.18,17.05,1.146,1.091,0.3627,0.3245,5.625,4.446,14193.2,12.995,0.5371,283.9,93.7
2026-08-07T07:00:00,8.759,8.404,17.32,18.16,1.175,1.122,0.3697,0.3235,5.684,4.669,14201.6,13.003,0.5375,284.0,93.7
2026-08-07T08:00:00,8.306,8.098,17.74,18.92,1.173,1.115,0.3975,0.3354,5.877,4.572,14209.7,13.014,0.5380,284.2,93.8
2026-08-07T09:00:00,9.095,8.923,17.66,18.39,1.184,1.128,0.3687,0.3269,5.937,4.544,14218.6,13.026,0.5383,284.4,93.8
2026-08-07T10:00:00,8.857,8.650,17.75,18.42,1.185,1.124,0.3743,0.3225,5.586,4.541,14227.3,13.035,0.5388,284.5,93.9
2026-08-07T11:00:00,9.408,9.150,18.51,19.11,1.223,1.172,0.3621,0.3262,5.716,4.566,14236.4,13.046,0.5391,284.7,94.0
2026-08-07T12:00:00,9.289,8.910,18.59,19.33,1.198,1.146,0.3679,0.3259,5.371,4.640,14245.3,13.053,0.5395,284.9,94.0
2026-08-07T13:00:00,9.749,9.574,19.16,20.13,1.217,1.162,0.3775,0.3295,5.300,4.454,14254.9,13.061,0.5400,285.1,94.1
2026-08-07T14:00:00,9.440,9.294,18.52,19.64,1.226,1.159,0.3870,0.3279,6.098,4.484,14264.2,13.076,0.5405,285.3,94.1
2026-08-07T15:00:00,9.432,9.197,18.95,19.72,1.226,1.170,0.3702,0.3290,5.677,4.569,14273.4,13.086,0.5409,285.5,94.2
2026-08-07T16:00:00,9.539,9.344,19.35,20.54,1.223,1.162,0.3537,0.3244,5.661,4.712,14282.7,13.095,0.5412,285.7,94.3
2026-08-07T17:00:00,9.244,8.849,19.03,19.64,1.231,1.172,0.3836,0.3370,5.690,4.517,14291.6,13.105,0.5416,285.8,94.3
2026-08-07T18:00:00,9.521,9.238,18.75,19.79,1.195,1.130,0.3957,0.3287,5.875,4.719,14300.8,13.116,0.5422,286.0,94.4
2026-08-07T19:00:00,8.706,8.570,19.32,20.58,1.203,1.152,0.3488,0.3290,5.987,4.759,14309.4,13.126,0.5424,286.2,94.4
2026-08-07T20:00:00,9.122,8.997,19.21,20.08,1.202,1.150,0.4196,0.3351,5.727,4.615,14318.4,13.136,0.5431,286.4,94.5
2026-08-07T21:00:00,9.530,9.225,17.52,18.33,1.198,1.144,0.3678,0.3279,5.995,4.604,14327.6,13.149,0.5435,286.6,94.6
2026-08-07T22:00:00,8.501,8.340,17.41,18.54,1.159,1.107,0.3560,0.3306,6.032,4.623,14336.0,13.161,0.5437,286.7,94.6
2026-08-07T23:00:00,8.350,8.147,16.64,17.37,1.138,1.088,0.4093,0.3264,5.458,4.465,14344.1,13.169,0.5444,286.9,94.7
2026-08-08T00:00:00,8.579,8.400,16.27,17.04,1.139,1.084,0.3704,0.3307,5.973,4.417,14352.5,13.182,0.5447,287.1,94.7
2026-08-08T01:00:00,9.019,8.750,15.94,16.75,1.105,1.037,0.3867,0.3384,5.951,4.524,14361.3,13.194,0.5451,287.2,94.8
2026-08-08T02:00:00,8.285,7.919,15.50,16.54,1.154,1.092,0.3563,0.3163,5.971,4.275,14369.2,13.208,0.5455,287.4,94.8
2026-08-08T03:00:00,8.119,7.949,15.83,16.67,1.137,1.087,0.3867,0.3120,5.637,4.354,14377.1,13.218,0.5460,287.5,94.9
2026-08-08T04:00:00,8.576,8.305,16.11,17.27,1.140,1.088,0.3656,0.3271,5.681,4.666,14385.4,13.227,0.5464,287.7,94.9
2026-08-08T05:00:00,8.469,8.277,16.06,16.46,1.155,1.103,0.3655,0.3332,5.544,4.678,14393.7,13.234,0.5466,287.9,95.0
2026-08-08T06:00:00,8.724,8.505,16.46,17.19,1.190,1.138,0.3707,0.3216,5.293,4.506,14402.2,13.240,0.5470,288.0,95.1
2026-08-08T07:00:00,8.348,8.172,16.74,17.27,1.161,1.104,0.3358,0.3204,5.603,4.553,14410.4,13.249,0.5472,288.2,95.1
2026-08-08T08:00:00,8.572,8.264,17.13,17.49,1.206,1.146,0.3703,0.3164,5.641,4.533,14418.6,13.258,0.5476,288.4,95.2
2026-08-08T09:00:00,8.262,8.065,16.62,17.76,1.175,1.120,0.3772,0.3217,5.876,4.401,14426.7,13.270,0.5481,288.5,95.2
2026-08-08T10:00:00,9.607,9.564,18.05,18.72,1.157,1.100,0.4167,0.3167,6.056,4.738,14436.3,13.283,0.5490,288.7,95.3
2026-08-08T11:00:00,9.141,8.816,18.85,19.60,1.193,1.139,0.3592,0.3063,5.799,4.488,14445.1,13.294,0.5495,288.9,95.3
2026-08-08T12:00:00,9.222,8.993,18.61,19.58,1.218,1.166,0.3632,0.3148,5.467,4.591,14454.1,13.302,0.5499,289.1,95.4
2026-08-08T13:00:00,9.602,9.287,19.44,20.12,1.212,1.161,0.3448,0.3080,5.755,4.435,14463.4,13.314,0.5503,289.3,95.5
2026-08-08T14:00:00,9.515,9.262,19.23,20.18,1.233,1.170,0.3638,0.3220,5.873,4.438,14472.6,13.328,0.5507,289.5,95.5
2026-08-08T15:00:00,9.417,9.268,19.67,20.09,1.247,1.187,0.3677,0.3334,6.065,4.403,14481.9,13.343,0.5510,289.6,95.6
2026-08-08T16:00:00,9.312,9.072,19.69,19.90,1.191,1.140,0.3662,0.3302,5.559,4.723,14491.0,13.351,0.5513,289.8,95.6
2026-08-08T17:00:00,9.624,9.386,19.52,20.74,1.248,1.196,0.3739,0.3344,5.547,4.524,14500.4,13.360,0.5517,290.0,95.7
2026-08-08T18:00:00,9.435,9.279,17.92,19.04,1.212,1.162,0.3525,0.3118,5.983,4.630,14509.6,13.373,0.5520,290.2,95.8
2026-08-08T19:00:00,9.365,9.175,18.69,20.09,1.196,1.139,0.3850,0.3230,5.572,4.489,14518.8,13.383,0.5526,290.4,95.8
2026-08-08T20:00:00,9.166,8.802,17.95,18.58,1.172,1.114,0.3895,0.3303,6.309,4.480,14527.6,13.399,0.5531,290.6,95.9
2026-08-08T21:00:00,8.966,8.817,17.60,18.51,1.166,1.097,0.3970,0.3273,5.714,4.428,14536.4,13.410,0.5538,290.7,95.9
2026-08-08T22:00:00,8.354,8.222,16.99,17.56,1.185,1.132,0.3622,0.3297,5.606,4.707,14544.7,13.418,0.5540,290.9,96.0
2026-08-08T23:00:00,9.109,8.859,16.69,17.53,1.156,1.091,0.3996,0.3255,5.452,4.477,14553.5,13.426,0.5547,291.1,96.1
2026-08-09T00:00:00,8.815,8.626,16.32,16.95,1.143,1.081,0.4015,0.3234,5.860,4.472,14562.1,13.438,0.5554,291.2,96.1
2026-08-09T01:00:00,8.415,8.306,15.86,16.24,1.153,1.103,0.3743,0.3293,5.845,4.391,14570.4,13.450,0.5557,291.4,96.2
2026-08-09T02:00:00,8.406,8.157,15.73,16.34,1.157,1.106,0.3759,0.3349,5.286,4.605,14578.6,13.456,0.5561,291.6,96.2
2026-08-09T03:00:00,8.045,7.856,15.09,15.95,1.131,1.078,0.3546,0.3371,5.443,4.503,14586.5,13.463,0.5562,291.7,96.3
2026-08-09T04:00:00,8.618,8.337,16.02,16.78,1.147,1.090,0.3823,0.3320,5.707,4.492,14594.8,13.473,0.5566,291.9,96.3
2026-08-09T05:00:00,8.451,8.212,16.16,16.64,1.168,1.107,0.3840,0.3163,5.401,4.610,14603.0,13.480,0.5572,292.1,96.4
2026-08-09T06:00:00,8.320,8.028,15.61,16.30,1.134,1.080,0.4002,0.3128,5.830,4.463,14611.0,13.491,0.5579,292.2,96.4
2026-08-09T07:00:00,9.252,8.978,16.42,16.83,1.161,1.100,0.3472,0.3177,5.703,4.322,14620.0,13.503,0.5581,292.4,96.5
2026-08-09T08:00:00,8.778,8.529,17.02,17.89,1.222,1.168,0.3854,0.3234,5.364,4.453,14628.5,13.511,0.5587,292.6,96.5
2026-08-09T09:00:00,9.204,8.886,17.11,18.21,1.176,1.114,0.3731,0.3349,5.789,4.506,14637.4,13.522,0.5590,292.7,96.6
2026-08-09T10:00:00,9.320,9.047,17.22,17.69,1.188,1.130,0.3909,0.3226,5.082,4.672,14646.5,13.526,0.5596,292.9,96.7
2026-08-09T11:00:00,8.991,8.701,18.81,19.62,1.189,1.138,0.3804,0.3270,5.593,4.470,14655.2,13.536,0.5601,293.1,96.7
2026-08-09T12:00:00,9.271,8.956,18.33,19.43,1.203,1.151,0.3597,0.3233,4.971,4.404,14664.1,13.541,0.5604,293.3,96.8
2026-08-09T13:00:00,9.114,9.087,18.18,19.07,1.202,1.149,0.4096,0.3335,5.737,4.804,14673.2,13.549,0.5611,293.5,96.8
2026-08-09T14:00:00,10.028,9.720,19.91,20.50,1.240,1.180,0.3744,0.3248,5.824,4.500,14682.9,13.562,0.5616,293.7,96.9
2026-08-09T15:00:00,9.750,9.457,18.93,19.53,1.202,1.150,0.3512,0.3167,5.449,4.465,14692.4,13.572,0.5619,293.8,97.0
2026-08-09T16:00:00,9.379,9.105,19.40,20.81,1.230,1.176,0.3597,0.3219,6.136,4.628,14701.5,13.585,0.5623,294.0,97.0
2026-08-09T17:00:00,9.637,9.377,19.38,20.27,1.213,1.162,0.4009,0.3338,5.780,4.455,14710.9,13.598,0.5629,294.2,97.1
2026-08-09T18:00:00,9.444,9.274,19.42,19.89,1.246,1.189,0.4259,0.3112,5.668,4.520,14720.2,13.608,0.5640,294.4,97.2
2026-08-09T19:00:00,9.138,8.958,18.64,19.17,1.174,1.113,0.3945,0.3326,5.634,4.686,14729.1,13.617,0.5645,294.6,97.2
2026-08-09T20:00:00,9.324,9.172,17.94,18.87,1.195,1.136,0.4265,0.3254,5.800,4.645,14738.3,13.627,0.5654,294.8,97.3
2026-08-09T21:00:00,9.229,8.962,17.42,18.47,1.177,1.116,0.3745,0.3227,5.149,4.416,14747.2,13.634,0.5659,294.9,97.3
2026-08-09T22:00:00,8.954,8.730,16.08,16.99,1.163,1.107,0.3750,0.3254,5.629,4.402,14756.0,13.645,0.5663,295.1,97.4
2026-08-09T23:00:00,8.529,8.250,16.54,17.68,1.177,1.124,0.3852,0.3287,6.306,4.613,14764.2,13.659,0.5668,295.3,97.4
2026-08-10T00:00:00,8.557,8.286,16.72,17.03,1.173,1.122,0.3548,0.3206,5.697,4.605,14772.5,13.668,0.5671,295.5,97.5
2026-08-10T01:00:00,8.607,8.365,15.73,16.06,1.157,1.102,0.4081,0.3265,5.374,4.531,14780.9,13.675,0.5678,295.6,97.6
2026-08-10T02:00:00,8.118,7.874,15.67,16.17,1.160,1.099,0.3484,0.3218,5.605,4.420,14788.8,13.684,0.5680,295.8,97.6
2026-08-10T03:00:00,8.923,8.687,15.52,16.47,1.137,1.086,0.3622,0.3299,5.599,4.608,14797.4,13.693,0.5683,295.9,97.7
2026-08-10T04:00:00,8.574,8.243,14.92,15.74,1.140,1.085,0.3973,0.3292,5.719,4.343,14805.7,13.704,0.5688,296.1,97.7
2026-08-10T05:00:00,8.992,8.880,15.64,16.60,1.141,1.087,0.4001,0.3313,5.846,4.457,14814.6,13.716,0.5694,296.3,97.8
2026-08-10T06:00:00,8.065,7.881,16.11,17.04,1.119,1.064,0.3812,0.3246,5.453,4.313,14822.4,13.725,0.5699,296.4,97.8
2026-08-10T07:00:00,8.634,8.538,15.91,16.96,1.178,1.118,0.3706,0.3122,6.110,4.590,14831.0,13.738,0.5704,296.6,97.9
2026-08-10T08:00:00,8.703,8.452,16.69,17.18,1.175,1.123,0.4026,0.3137,5.715,4.596,14839.4,13.748,0.5711,296.8,97.9
2026-08-10T09:00:00,9.224,8.914,16.89,17.25,1.186,1.135,0.3661,0.3251,6.004,4.499,14848.3,13.761,0.5715,297.0,98.0
2026-08-10T10:00:00,9.217,8.990,17.91,18.82,1.179,1.125,0.3827,0.3199,5.537,4.605,14857.3,13.770,0.5721,297.1,98.1
2026-08-10T11:00:00,9.517,9.312,18.22,19.05,1.171,1.116,0.3341,0.3236,5.571,4.699,14866.6,13.778,0.5722,297.3,98.1
2026-08-10T12:00:00,9.173,8.844,18.56,19.61,1.219,1.166,0.3637,0.3297,6.000,4.530,14875.5,13.791,0.5725,297.5,98.2
2026-08-10T13:00:00,9.471,9.352,19.89,20.43,1.212,1.162,0.3675,0.3234,5.457,4.201,14884.8,13.802,0.5729,297.7,98.2
2026-08-10T14:00:00,9.391,9.116,19.66,20.96,1.192,1.136,0.4135,0.3236,5.883,5.019,14894.0,13.810,0.5737,297.9,98.3
2026-08-10T15:00:00,9.585,9.313,18.47,19.23,1.209,1.156,0.4030,0.3147,5.794,4.597,14903.3,13.821,0.5745,298.1,98.4
2026-08-10T16:00:00,9.681,9.446,19.28,20.03,1.235,1.180,0.3607,0.3287,5.837,4.460,14912.7,13.834,0.5748,298.3,98.4
2026-08-10T17:00:00,9.028,8.768,19.08,20.07,1.184,1.123,0.3916,0.3157,5.886,4.668,14921.5,13.845,0.5755,298.4,98.5
2026-08-10T18:00:00,9.042,8.745,19.30,19.83,1.184,1.132,0.3723,0.3275,5.824,4.417,14930.2,13.857,0.5759,298.6,98.5
2026-08-10T19:00:00,9.438,9.068,18.06,18.66,1.184,1.128,0.3621,0.3279,5.846,4.656,14939.3,13.868,0.5762,298.8,98.6
2026-08-10T20:00:00,9.198,8.838,17.62,18.38,1.201,1.146,0.3768,0.3160,5.939,4.352,14948.1,13.882,0.5767,299.0,98.7
2026-08-10T21:00:00,9.442,9.283,16.95,17.41,1.184,1.128,0.3703,0.3077,5.533,4.502,14957.4,13.892,0.5773,299.1,98.7
2026-08-10T22:00:00,9.060,8.749,16.75,17.43,1.179,1.120,0.3959,0.3174,5.802,4.513,14966.2,13.903,0.5780,299.3,98.8
2026-08-10T23:00:00,8.808,8.414,16.49,17.31,1.158,1.102,0.3761,0.3238,5.488,4.549,14974.6,13.911,0.5784,299.5,98.8
2026-08-11T00:00:00,8.568,8.367,16.15,16.97,1.150,1.089,0.3928,0.3430,5.715,4.248,14983.0,13.923,0.5788,299.7,98.9
2026-08-11T01:00:00,8.448,8.249,15.95,16.87,1.147,1.086,0.3951,0.3166,5.668,4.574,14991.2,13.932,0.5795,299.8,98.9
2026-08-11T02:00:00,7.805,7.503,15.21,16.31,1.135,1.077,0.3827,0.3138,5.377,4.411,14998.7,13.940,0.5800,300.0,99.0
2026-08-11T03:00:00,8.059,7.888,14.68,15.51,1.144,1.093,0.3724,0.3258,6.133,4.515,15006.6,13.952,0.5804,300.1,99.0
2026-08-11T04:00:00,8.341,8.242,15.12,15.71,1.140,1.086,0.4015,0.3190,5.421,4.520,15014.8,13.960,0.5811,300.3,99.1
2026-08-11T05:00:00,8.557,8.408,15.24,15.98,1.124,1.052,0.3389,0.3141,5.733,4.470,15023.2,13.970,0.5813,300.5,99.2
2026-08-11T06:00:00,8.535,8.369,16.02,16.62,1.150,1.095,0.3702,0.3065,5.953,4.447,15031.6,13.983,0.5818,300.6,99.2
2026-08-11T07:00:00,8.706,8.577,15.91,16.57,1.154,1.091,0.3527,0.3218,5.406,4.859,15040.2,13.988,0.5821,300.8,99.3
2026-08-11T08:00:00,9.059,8.771,17.11,17.74,1.156,1.092,0.3319,0.3303,5.918,4.462,15049.0,14.000,0.5821,301.0,99.3
2026-08-11T09:00:00,8.905,8.664,16.97,17.42,1.174,1.118,0.3750,0.3393,5.071,4.401,15057.6,14.006,0.5824,301.2,99.4
2026-08-11T10:00:00,8.764,8.542,17.32,18.16,1.202,1.151,0.3624,0.3299,5.753,4.407,15066.2,14.018,0.5827,301.3,99.4
2026-08-11T11:00:00,9.552,9.421,18.13,19.01,1.196,1.138,0.3897,0.3135,5.907,4.557,15075.6,14.030,0.5834,301.5,99.5
2026-08-11T12:00:00,9.486,9.234,18.96,19.73,1.218,1.166,0.3597,0.3220,5.993,4.521,15084.8,14.044,0.5837,301.7,99.6
2026-08-11T13:00:00,9.491,9.252,19.23,20.17,1.234,1.179,0.3771,0.3290,5.837,4.444,15094.1,14.057,0.5842,301.9,99.6
2026-08-11T14:00:00,9.068,8.860,19.50,20.03,1.249,1.194,0.3555,0.3380,6.014,4.463,15102.9,14.071,0.5843,302.1,99.7
2026-08-11T15:00:00,10.103,9.851,19.09,19.75,1.222,1.164,0.4007,0.3425,6.155,4.715,15112.8,14.085,0.5849,302.3,99.7
2026-08-11T16:00:00,9.771,9.474,19.44,20.09,1.203,1.150,0.4204,0.3303,5.390,4.303,15122.3,14.095,0.5858,302.4,99.8
2026-08-11T17:00:00,8.934,8.602,19.52,20.61,1.215,1.162,0.3389,0.3108,5.856,4.591,15130.9,14.106,0.5860,302.6,99.9
2026-08-11T18:00:00,9.641,9.481,18.54,19.31,1.214,1.161,0.3622,0.3238,5.841,4.642,15140.3,14.117,0.5864,302.8,99.9
2026-08-11T19:00:00,8.871,8.617,18.41,18.74,1.198,1.128,0.3598,0.3235,5.893,4.421,15149.0,14.130,0.5867,303.0,100.0
2026-08-11T20:00:00,9.457,9.207,17.82,18.56,1.174,1.116,0.3926,0.3134,6.033,4.480,15158.2,14.144,0.5874,303.2,100.0
2026-08-11T21:00:00,8.706,8.519,16.88,17.95,1.208,1.145,0.3819,0.3123,6.101,4.480,15166.7,14.158,0.5880,303.3,100.1
2026-08-11T22:00:00,9.164,8.915,17.46,18.31,1.171,1.120,0.3972,0.3236,5.205,4.697,15175.6,14.163,0.5887,303.5,100.2
2026-08-11T23:00:00,8.916,8.632,16.60,17.62,1.166,1.102,0.3645,0.3260,5.883,4.372,15184.2,14.176,0.5890,303.7,100.2
2026-08-12T00:00:00,8.583,8.323,16.17,17.13,1.173,1.118,0.3200,0.3292,5.945,4.426,15192.5,14.188,0.5890,303.9,100.3
2026-08-12T01:00:00,8.483,8.246,15.62,16.36,1.136,1.081,0.3548,0.3173,5.735,4.408,15200.8,14.199,0.5893,304.0,100.3
2026-08-12T02:00:00,8.212,8.020,16.03,16.45,1.156,1.087,0.3447,0.3139,5.427,4.607,15208.8,14.206,0.5895,304.2,100.4
2026-08-12T03:00:00,7.797,7.614,15.06,15.78,1.147,1.094,0.4011,0.3300,5.324,4.421,15216.4,14.213,0.5901,304.3,100.4
2026-08-12T04:00:00,8.920,8.703,15.51,16.43,1.121,1.069,0.3817,0.3254,5.577,4.469,15225.1,14.222,0.5906,304.5,100.5
2026-08-12T05:00:00,8.545,8.321,15.27,15.78,1.139,1.076,0.3718,0.3329,5.567,4.402,15233.5,14.232,0.5909,304.7,100.5
2026-08-12T06:00:00,8.802,8.651,15.49,16.19,1.148,1.096,0.3917,0.3300,5.450,4.618,15242.1,14.239,0.5914,304.8,100.6
2026-08-12T07:00:00,8.096,7.913,15.83,16.36,1.145,1.083,0.3774,0.3235,5.653,4.447,15250.0,14.249,0.5919,305.0,100.7
2026-08-12T08:00:00,9.331,9.037,16.85,17.65,1.174,1.115,0.3638,0.3190,5.656,4.221,15259.1,14.262,0.5923,305.2,100.7
2026-08-12T09:00:00,9.085,9.011,17.54,18.01,1.174,1.124,0.3147,0.3356,6.095,4.296,15268.1,14.278,0.5923,305.4,100.8
2026-08-12T10:00:00,9.384,9.293,17.72,18.58,1.187,1.118,0.3950,0.3265,5.262,4.441,15277.4,14.286,0.5929,305.5,100.8
2026-08-12T11:00:00,9.238,9.034,18.18,18.86,1.178,1.117,0.4172,0.3296,5.966,4.365,15286.4,14.300,0.5937,305.7,100.9
2026-08-12T12:00:00,10.222,9.835,18.47,19.45,1.218,1.167,0.3756,0.3273,5.642,4.523,15296.2,14.311,0.5942,305.9,101.0
2026-08-12T13:00:00,9.668,9.366,19.00,19.76,1.212,1.152,0.3736,0.3229,6.002,4.434,15305.6,14.326,0.5946,306.1,101.0
2026-08-12T14:00:00,10.060,9.947,18.61,19.60,1.237,1.187,0.3413,0.3326,5.487,4.463,15315.5,14.336,0.5947,306.3,101.1
2026-08-12T15:00:00,9.241,8.934,19.45,20.05,1.213,1.162,0.3918,0.3422,5.551,4.400,15324.5,14.346,0.5952,306.5,101.1
2026-08-12T16:00:00,9.931,9.699,19.01,19.94,1.231,1.177,0.3910,0.3227,5.627,4.474,15334.2,14.358,0.5958,306.7,101.2
2026-08-12T17:00:00,9.374,9.167,19.26,19.74,1.228,1.174,0.3869,0.3374,6.233,4.681,15343.3,14.372,0.5963,306.9,101.3
2026-08-12T18:00:00,9.269,9.049,18.89,19.69,1.202,1.152,0.4137,0.3145,5.559,4.317,15352.4,14.383,0.5972,307.0,101.3
2026-08-12T19:00:00,9.190,8.868,17.49,18.38,1.197,1.143,0.3739,0.3161,5.311,4.444,15361.3,14.391,0.5977,307.2,101.4
2026-08-12T20:00:00,9.118,9.005,17.81,18.62,1.182,1.128,0.3916,0.3211,5.706,4.724,15370.3,14.400,0.5983,307.4,101.4
2026-08-12T21:00:00,8.773,8.508,17.06,17.45,1.175,1.121,0.3865,0.3200,5.259,4.549,15378.8,14.406,0.5989,307.6,101.5
2026-08-12T22:00:00,9.158,9.031,16.74,17.64,1.166,1.112,0.3756,0.3160,5.107,4.582,15387.8,14.410,0.5994,307.8,101.6
2026-08-12T23:00:00,8.654,8.494,15.82,16.98,1.155,1.101,0.3865,0.3342,5.628,4.423,15396.3,14.421,0.5999,307.9,101.6
2026-08-13T00:00:00,8.221,8.156,15.60,16.53,1.157,1.105,0.3634,0.3141,5.512,4.434,15404.5,14.429,0.6003,308.1,101.7
2026-08-13T01:00:00,8.780,8.589,15.94,16.54,1.127,1.064,0.4001,0.3279,5.404,4.251,15413.0,14.439,0.6009,308.3,101.7
2026-08-13T02:00:00,8.585,8.454,15.37,16.35,1.132,1.080,0.3725,0.3262,5.720,4.430,15421.5,14.450,0.6013,308.4,101.8
2026-08-13T03:00:00,8.804,8.578,14.93,15.66,1.162,1.110,0.3591,0.3318,5.170,4.469,15430.1,14.456,0.6015,308.6,101.8
2026-08-13T04:00:00,8.180,8.001,15.01,15.62,1.129,1.079,0.4085,0.3244,5.360,4.388,15438.1,14.464,0.6022,308.8,101.9
2026-08-13T05:00:00,8.419,8.104,15.89,16.56,1.172,1.113,0.3627,0.3241,5.399,4.553,15446.2,14.471,0.6025,308.9,101.9
2026-08-13T06:00:00,8.491,8.221,16.60,17.72,1.157,1.099,0.3846,0.3347,5.964,4.479,15454.4,14.483,0.6029,309.1,102.0
2026-08-13T07:00:00,7.857,7.690,17.57,18.25,1.169,1.107,0.3663,0.3156,4.869,4.482,15462.1,14.486,0.6033,309.2,102.0
2026-08-13T08:00:00,8.994,8.906,16.66,17.42,1.170,1.107,0.3700,0.3131,5.250,4.582,15471.0,14.492,0.6038,309.4,102.1
2026-08-13T09:00:00,9.600,9.361,16.90,17.58,1.197,1.133,0.3857,0.3390,6.221,4.328,15480.4,14.510,0.6043,309.6,102.2
2026-08-13T10:00:00,9.607,9.333,17.71,18.32,1.199,1.142,0.3727,0.3220,5.844,4.249,15489.7,14.525,0.6047,309.8,102.2
2026-08-13T11:00:00,9.090,8.900,17.99,19.27,1.220,1.167,0.4045,0.3104,5.655,4.370,15498.6,14.536,0.6056,310.0,102.3
2026-08-13T12:00:00,9.433,9.109,18.60,19.32,1.210,1.157,0.3772,0.3397,4.982,4.247,15507.7,14.543,0.6059,310.2,102.4
2026-08-13T13:00:00,9.822,9.551,18.69,19.58,1.204,1.148,0.3949,0.3304,5.891,4.391,15517.3,14.557,0.6065,310.3,102.4
2026-08-13T14:00:00,9.362,9.050,18.52,19.41,1.228,1.171,0.3484,0.3265,5.847,4.466,15526.3,14.570,0.6067,310.5,102.5
2026-08-13T15:00:00,9.197,9.055,20.00,20.64,1.215,1.156,0.3784,0.3195,5.621,4.491,15535.4,14.580,0.6073,310.7,102.5
2026-08-13T16:00:00,9.765,9.542,18.74,19.24,1.250,1.188,0.3732,0.3163,5.464,4.510,15544.9,14.589,0.6078,310.9,102.6
2026-08-13T17:00:00,9.637,9.324,19.15,19.74,1.227,1.170,0.3615,0.3146,5.938,4.431,15554.2,14.603,0.6082,311.1,102.7
2026-08-13T18:00:00,9.830,9.598,18.05,18.79,1.249,1.194,0.4223,0.3210,5.527,4.798,15563.8,14.610,0.6092,311.3,102.7
2026-08-13T19:00:00,8.894,8.609,18.64,19.26,1.186,1.122,0.3866,0.3369,5.690,4.308,15572.4,14.622,0.6096,311.4,102.8
2026-08-13T20:00:00,8.743,8.597,18.09,18.69,1.183,1.130,0.4167,0.3286,5.721,4.527,15581.0,14.632,0.6104,311.6,102.8
2026-08-13T21:00:00,8.656,8.401,17.41,18.19,1.201,1.151,0.3709,0.3281,5.758,4.391,15589.4,14.644,0.6107,311.8,102.9
2026-08-13T22:00:00,8.894,8.629,17.08,18.15,1.160,1.103,0.3738,0.3065,6.194,4.571,15598.1,14.658,0.6113,312.0,102.9
2026-08-13T23:00:00,8.845,8.723,15.61,15.80,1.167,1.106,0.4021,0.3240,5.553,4.396,15606.8,14.668,0.6120,312.1,103.0
2026-08-14T00:00:00,8.069,7.862,16.33,17.40,1.130,1.075,0.4145,0.3311,5.446,4.446,15614.6,14.676,0.6127,312.3,103.1
2026-08-14T01:00:00,8.163,7.956,15.97,16.43,1.126,1.066,0.3753,0.3218,6.053,4.240,15622.6,14.690,0.6131,312.5,103.1
2026-08-14T02:00:00,8.736,8.448,15.39,16.09,1.137,1.072,0.3742,0.3222,5.731,4.405,15631.0,14.701,0.6135,312.6,103.2
2026-08-14T03:00:00,8.086,7.814,16.13,16.90,1.123,1.062,0.3726,0.3169,5.585,4.467,15638.9,14.710,0.6140,312.8,103.2
2026-08-14T04:00:00,8.287,8.013,15.68,16.37,1.156,1.103,0.3727,0.3043,5.733,4.554,15646.9,14.719,0.6145,312.9,103.3
2026-08-14T05:00:00,7.978,7.757,15.49,15.99,1.154,1.103,0.4048,0.3210,5.400,4.327,15654.6,14.728,0.6152,313.1,103.3
2026-08-14T06:00:00,8.257,8.097,16.25,17.07,1.134,1.071,0.3506,0.3239,5.873,4.587,15662.7,14.738,0.6154,313.3,103.4
2026-08-14T07:00:00,8.035,7.864,16.73,17.36,1.168,1.100,0.3843,0.3197,5.966,4.257,15670.6,14.751,0.6159,313.4,103.4
2026-08-14T08:00:00,8.523,8.257,16.62,17.72,1.183,1.129,0.4022,0.3156,5.843,4.310,15678.8,14.764,0.6166,313.6,103.5
2026-08-14T09:00:00,9.060,8.753,17.34,18.26,1.186,1.133,0.4007,0.3209,5.651,4.720,15687.6,14.772,0.6173,313.8,103.5
2026-08-14T10:00:00,9.045,8.799,17.39,18.13,1.172,1.117,0.4088,0.3156,6.251,4.474,15696.4,14.788,0.6181,313.9,103.6
2026-08-14T11:00:00,9.295,9.094,17.87,19.09,1.204,1.150,0.4025,0.3211,5.602,4.453,15705.5,14.798,0.6189,314.1,103.7
2026-08-14T12:00:00,10.223,9.997,19.00,19.81,1.196,1.140,0.3516,0.3222,5.914,4.408,15715.5,14.813,0.6192,314.3,103.7
2026-08-14T13:00:00,9.510,9.277,20.43,20.66,1.220,1.168,0.3828,0.3181,5.708,4.536,15724.8,14.824,0.6198,314.5,103.8
2026-08-14T14:00:00,9.682,9.357,18.93,19.70,1.256,1.202,0.3990,0.3221,5.910,4.618,15734.1,14.836,0.6205,314.7,103.8
2026-08-14T15:00:00,9.317,9.109,18.82,19.63,1.213,1.161,0.3897,0.3097,5.833,4.419,15743.2,14.849,0.6212,314.9,103.9
2026-08-14T16:00:00,9.605,9.332,18.98,19.52,1.197,1.130,0.3250,0.3214,5.856,4.517,15752.6,14.862,0.6212,315.1,104.0
2026-08-14T17:00:00,9.005,8.771,19.74,20.25,1.210,1.157,0.3735,0.3227,5.713,4.309,15761.3,14.874,0.6217,315.2,104.0
2026-08-14T18:00:00,9.125,8.785,18.66,19.61,1.221,1.169,0.3349,0.3116,5.417,4.454,15770.1,14.883,0.6219,315.4,104.1
2026-08-14T19:00:00,8.881,8.631,18.98,19.64,1.216,1.163,0.4025,0.3197,5.997,4.373,15778.8,14.897,0.6226,315.6,104.1
2026-08-14T20:00:00,9.299,8.892,17.44,18.42,1.186,1.129,0.3566,0.3194,5.943,4.564,15787.6,14.909,0.6229,315.8,104.2
2026-08-14T21:00:00,9.083,8.801,16.87,17.29,1.183,1.130,0.4329,0.3101,6.080,4.363,15796.4,14.924,0.6240,315.9,104.3
2026-08-14T22:00:00,8.816,8.691,16.34,16.59,1.169,1.114,0.4173,0.3257,5.915,4.396,15805.1,14.937,0.6248,316.1,104.3
2026-08-14T23:00:00,8.471,8.184,16.46,17.62,1.180,1.128,0.3917,0.3333,5.625,4.499,15813.3,14.946,0.6253,316.3,104.4
2026-08-15T00:00:00,9.107,8.927,15.62,16.68,1.117,1.060,0.3781,0.3086,5.768,4.380,15822.2,14.959,0.6259,316.4,104.4
2026-08-15T01:00:00,8.541,8.286,15.44,16.06,1.141,1.076,0.3988,0.3277,5.400,4.279,15830.5,14.968,0.6265,316.6,104.5
2026-08-15T02:00:00,8.218,8.023,15.14,15.41,1.142,1.086,0.3582,0.3300,5.254,4.390,15838.6,14.975,0.6267,316.8,104.5
2026-08-15T03:00:00,8.407,8.236,15.22,16.08,1.159,1.107,0.3783,0.3184,5.875,4.504,15846.8,14.986,0.6272,316.9,104.6
2026-08-15T04:00:00,8.478,8.264,15.16,16.11,1.145,1.090,0.3779,0.3250,5.126,4.676,15855.1,14.990,0.6277,317.1,104.6
2026-08-15T05:00:00,8.136,7.907,14.72,15.71,1.146,1.088,0.3599,0.3246,5.361,4.487,15863.0,14.997,0.6279,317.3,104.7
2026-08-15T06:00:00,9.050,8.655,15.75,16.51,1.137,1.087,0.3403,0.3338,5.779,4.264,15871.6,15.010,0.6280,317.4,104.8
2026-08-15T07:00:00,8.724,8.403,16.12,16.91,1.137,1.072,0.3764,0.3256,5.862,4.361,15880.0,15.023,0.6284,317.6,104.8
2026-08-15T08:00:00,8.527,8.315,16.97,17.32,1.175,1.119,0.4000,0.3144,5.706,4.589,15888.3,15.032,0.6291,317.8,104.9
2026-08-15T09:00:00,9.237,9.005,17.38,18.17,1.176,1.110,0.3972,0.3278,5.277,4.218,15897.3,15.041,0.6298,317.9,104.9
2026-08-15T10:00:00,8.704,8.540,17.40,18.14,1.171,1.113,0.3769,0.3181,5.497,4.451,15905.9,15.050,0.6303,318.1,105.0
2026-08-15T11:00:00,9.171,9.024,18.36,19.24,1.211,1.153,0.3837,0.3290,5.709,4.456,15914.9,15.062,0.6308,318.3,105.0
2026-08-15T12:00:00,9.323,8.991,19.18,20.47,1.184,1.130,0.3416,0.3162,5.789,4.445,15923.9,15.074,0.6310,318.5,105.1
2026-08-15T13:00:00,9.472,9.203,18.78,19.73,1.220,1.152,0.3832,0.3076,5.078,4.073,15933.1,15.083,0.6317,318.7,105.2
2026-08-15T14:00:00,9.171,9.008,18.62,19.10,1.216,1.159,0.4254,0.3194,5.589,4.555,15942.1,15.092,0.6326,318.8,105.2
2026-08-15T15:00:00,9.567,9.384,19.73,20.33,1.238,1.187,0.3812,0.3308,5.565,4.351,15951.5,15.104,0.6331,319.0,105.3
2026-08-15T16:00:00,9.475,9.302,18.64,19.65,1.193,1.138,0.3903,0.3254,5.283,4.434,15960.8,15.112,0.6337,319.2,105.3
2026-08-15T17:00:00,9.617,9.334,18.56,19.27,1.221,1.161,0.3725,0.3116,5.604,4.411,15970.1,15.123,0.6343,319.4,105.4
2026-08-15T18:00:00,9.685,9.415,18.78,19.69,1.213,1.159,0.3771,0.3120,6.079,4.441,15979.5,15.138,0.6349,319.6,105.5
2026-08-15T19:00:00,9.182,9.051,18.49,19.62,1.192,1.135,0.4031,0.3189,5.150,4.465,15988.6,15.144,0.6357,319.8,105.5
2026-08-15T20:00:00,9.120,8.792,17.05,17.69,1.180,1.117,0.3628,0.3191,5.783,4.433,15997.4,15.156,0.6360,319.9,105.6
2026-08-15T21:00:00,8.911,8.697,17.94,18.88,1.171,1.118,0.3991,0.3153,5.466,4.298,16006.1,15.166,0.6368,320.1,105.6
2026-08-15T22:00:00,9.009,8.830,16.43,17.00,1.174,1.123,0.3787,0.3242,5.920,4.437,16014.9,15.179,0.6372,320.3,105.7
2026-08-15T23:00:00,8.552,8.282,15.95,16.27,1.158,1.103,0.3527,0.3297,5.887,4.346,16023.2,15.192,0.6374,320.5,105.8
2026-08-16T00:00:00,7.941,7.834,16.45,17.24,1.145,1.093,0.3812,0.3178,5.826,4.455,16031.0,15.203,0.6379,320.6,105.8
2026-08-16T01:00:00,8.501,8.315,15.10,16.03,1.148,1.096,0.3730,0.3217,5.443,4.217,16039.3,15.213,0.6384,320.8,105.9
2026-08-16T02:00:00,8.109,7.970,14.54,15.46,1.131,1.073,0.3745,0.3321,5.855,4.414,16047.3,15.225,0.6387,320.9,105.9
2026-08-16T03:00:00,7.663,7.355,15.53,16.17,1.132,1.077,0.3672,0.3295,5.686,4.442,16054.7,15.234,0.6390,321.1,106.0
2026-08-16T04:00:00,8.458,8.181,15.62,16.75,1.150,1.097,0.4085,0.3258,5.757,4.475,16062.8,15.244,0.6397,321.3,106.0
2026-08-16T05:00:00,7.886,7.719,14.99,15.56,1.125,1.067,0.4069,0.3125,5.696,4.364,16070.6,15.255,0.6404,321.4,106.1
2026-08-16T06:00:00,9.487,9.325,15.65,16.82,1.156,1.092,0.3963,0.3232,5.599,4.434,16079.9,15.265,0.6411,321.6,106.1
2026-08-16T07:00:00,7.957,7.770,15.86,16.70,1.133,1.071,0.3958,0.3241,5.594,4.474,16087.7,15.274,0.6416,321.8,106.2
2026-08-16T08:00:00,9.195,9.052,16.09,16.92,1.195,1.142,0.3527,0.3224,5.736,4.448,16096.7,15.286,0.6419,321.9,106.2
2026-08-16T09:00:00,8.580,8.392,17.53,18.26,1.181,1.131,0.3935,0.3095,6.269,4.489,16105.1,15.301,0.6426,322.1,106.3
2026-08-16T10:00:00,8.632,8.265,17.43,18.43,1.193,1.133,0.3967,0.3244,5.386,4.551,16113.4,15.308,0.6432,322.3,106.3
2026-08-16T11:00:00,9.133,8.954,18.22,18.96,1.193,1.130,0.3450,0.3210,6.370,4.223,16122.3,15.327,0.6434,322.4,106.4
2026-08-16T12:00:00,9.207,9.031,18.41,19.18,1.198,1.136,0.4026,0.3181,5.100,4.444,16131.4,15.333,0.6442,322.6,106.5
2026-08-16T13:00:00,10.038,9.586,18.97,19.46,1.216,1.166,0.3463,0.3411,5.601,4.476,16140.9,15.344,0.6442,322.8,106.5
2026-08-16T14:00:00,9.893,9.724,18.91,19.30,1.196,1.143,0.3604,0.3302,5.525,4.407,16150.7,15.354,0.6445,323.0,106.6
2026-08-16T15:00:00,9.584,9.412,19.20,19.96,1.211,1.157,0.4070,0.3281,4.934,4.514,16160.1,15.358,0.6453,323.2,106.7
2026-08-16T16:00:00,8.985,8.739,18.95,19.81,1.203,1.150,0.3885,0.3348,5.995,4.541,16168.8,15.371,0.6457,323.4,106.7
2026-08-16T17:00:00,9.329,9.176,18.90,19.70,1.193,1.132,0.4132,0.3278,5.322,4.501,16178.0,15.379,0.6465,323.6,106.8
2026-08-16T18:00:00,9.329,9.247,18.68,19.51,1.240,1.179,0.3370,0.3335,5.641,4.584,16187.2,15.388,0.6465,323.7,106.8
2026-08-16T19:00:00,9.000,8.817,17.52,17.76,1.220,1.160,0.4214,0.3190,5.778,4.388,16196.1,15.401,0.6475,323.9,106.9
2026-08-16T20:00:00,9.008,8.691,17.61,18.28,1.168,1.113,0.3974,0.3270,6.139,4.486,16204.8,15.415,0.6481,324.1,107.0
2026-08-16T21:00:00,9.016,8.792,17.43,17.83,1.167,1.107,0.3984,0.3233,5.195,4.295,16213.5,15.423,0.6487,324.3,107.0
2026-08-16T22:00:00,8.799,8.403,16.20,17.23,1.211,1.144,0.4343,0.3215,6.309,4.354,16221.9,15.439,0.6497,324.4,107.1
2026-08-16T23:00:00,9.018,8.809,16.58,17.62,1.166,1.112,0.4281,0.3136,5.551,4.328,16230.8,15.450,0.6507,324.6,107.1
2026-08-17T00:00:00,8.274,8.229,15.22,15.57,1.162,1.106,0.4253,0.3190,5.810,4.546,16239.0,15.461,0.6516,324.8,107.2
2026-08-17T01:00:00,8.258,8.116,14.80,15.84,1.151,1.098,0.3783,0.3258,5.405,4.287,16247.1,15.470,0.6520,324.9,107.2
2026-08-17T02:00:00,8.481,8.160,15.65,16.42,1.155,1.103,0.3538,0.3180,5.421,4.274,16255.3,15.479,0.6523,325.1,107.3
2026-08-17T03:00:00,8.670,8.438,15.26,15.82,1.155,1.092,0.3600,0.3315,5.128,4.436,16263.7,15.485,0.6525,325.3,107.3
2026-08-17T04:00:00,8.253,8.020,14.45,15.10,1.154,1.104,0.3804,0.3222,5.534,4.259,16271.7,15.495,0.6530,325.4,107.4
2026-08-17T05:00:00,8.690,8.552,15.47,15.86,1.125,1.074,0.3708,0.3277,5.871,4.406,16280.3,15.508,0.6533,325.6,107.4
2026-08-17T06:00:00,9.089,8.704,15.12,16.24,1.109,1.049,0.4034,0.3192,5.739,4.368,16289.0,15.519,0.6541,325.8,107.5
2026-08-17T07:00:00,9.089,8.702,15.32,15.91,1.162,1.111,0.3659,0.3231,5.856,4.393,16297.7,15.532,0.6545,326.0,107.6
2026-08-17T08:00:00,8.954,8.687,16.13,17.04,1.165,1.110,0.3895,0.3262,5.776,4.412,16306.4,15.544,0.6550,326.1,107.6
2026-08-17T09:00:00,8.758,8.506,17.03,18.15,1.176,1.116,0.3788,0.3305,5.360,4.356,16314.9,15.553,0.6554,326.3,107.7
2026-08-17T10:00:00,9.440,9.205,16.54,17.74,1.186,1.127,0.3176,0.3126,5.737,4.388,16324.1,15.565,0.6555,326.5,107.7
2026-08-17T11:00:00,9.176,8.895,18.00,18.80,1.182,1.130,0.3733,0.3254,6.082,4.363,16333.0,15.580,0.6559,326.7,107.8
2026-08-17T12:00:00,9.667,9.378,17.96,18.49,1.210,1.149,0.3491,0.3139,5.306,4.450,16342.3,15.588,0.6562,326.8,107.9
2026-08-17T13:00:00,9.254,9.098,18.76,19.30,1.206,1.154,0.3645,0.3166,5.245,4.504,16351.4,15.595,0.6567,327.0,107.9
2026-08-17T14:00:00,9.952,9.716,18.61,19.56,1.199,1.145,0.3524,0.3293,5.276,4.389,16361.2,15.604,0.6569,327.2,108.0
2026-08-17T15:00:00,9.658,9.340,18.46,19.07,1.217,1.167,0.3810,0.3206,6.140,4.396,16370.5,15.620,0.6574,327.4,108.0
2026-08-17T16:00:00,9.534,9.313,18.80,19.41,1.230,1.179,0.3607,0.3164,5.688,4.512,16379.8,15.631,0.6579,327.6,108.1
2026-08-17T17:00:00,9.419,9.147,18.61,19.26,1.185,1.127,0.3711,0.3268,5.467,4.316,16389.0,15.641,0.6583,327.8,108.2
2026-08-17T18:00:00,9.487,9.312,18.35,19.46,1.222,1.161,0.4224,0.3323,6.027,4.303,16398.3,15.658,0.6591,328.0,108.2
2026-08-17T19:00:00,8.891,8.684,18.53,19.26,1.197,1.136,0.3654,0.3070,5.527,4.128,16407.0,15.670,0.6596,328.1,108.3
2026-08-17T20:00:00,9.277,9.066,17.18,18.04,1.210,1.153,0.3896,0.3202,5.557,4.335,16416.0,15.681,0.6602,328.3,108.3
2026-08-17T21:00:00,9.623,9.252,17.53,18.69,1.205,1.143,0.3579,0.3244,5.812,4.438,16425.3,15.693,0.6605,328.5,108.4
2026-08-17T22:00:00,8.765,8.497,17.00,17.82,1.170,1.116,0.3711,0.3178,5.636,4.361,16433.8,15.704,0.6610,328.7,108.5
2026-08-17T23:00:00,9.101,8.872,16.04,16.95,1.165,1.111,0.3639,0.3076,5.299,4.110,16442.6,15.715,0.6615,328.9,108.5
2026-08-18T00:00:00,8.735,8.485,15.30,16.05,1.156,1.104,0.3612,0.3188,5.877,4.541,16451.1,15.726,0.6619,329.0,108.6
2026-08-18T01:00:00,8.466,8.132,16.46,17.45,1.151,1.096,0.3991,0.3156,5.362,4.480,16459.3,15.733,0.6625,329.2,108.6
2026-08-18T02:00:00,8.793,8.679,16.09,17.21,1.129,1.077,0.3537,0.3262,5.748,4.141,16467.9,15.747,0.6628,329.4,108.7
2026-08-18T03:00:00,8.188,7.955,15.34,15.99,1.129,1.060,0.3697,0.3203,5.753,4.239,16475.9,15.759,0.6632,329.5,108.7
2026-08-18T04:00:00,8.389,8.091,15.46,16.02,1.133,1.082,0.3781,0.3355,5.634,4.349,16484.0,15.770,0.6635,329.7,108.8
2026-08-18T05:00:00,8.683,8.445,15.26,16.02,1.118,1.067,0.4115,0.3286,5.274,4.444,16492.4,15.777,0.6642,329.8,108.9
2026-08-18T06:00:00,8.648,8.340,14.73,15.61,1.163,1.106,0.3978,0.3068,5.500,4.461,16500.8,15.785,0.6650,330.0,108.9
2026-08-18T07:00:00,9.093,8.725,15.33,16.17,1.134,1.068,0.3606,0.3162,6.007,4.245,16509.5,15.801,0.6654,330.2,109.0
2026-08-18T08:00:00,8.931,8.801,16.28,17.50,1.194,1.136,0.3654,0.3274,5.370,4.282,16518.3,15.810,0.6657,330.4,109.0
2026-08-18T09:00:00,8.947,8.689,16.92,18.15,1.159,1.108,0.3968,0.3205,5.714,4.432,16527.0,15.822,0.6664,330.5,109.1
2026-08-18T10:00:00,9.007,8.868,17.21,17.85,1.165,1.101,0.3543,0.3137,5.369,4.305,16535.9,15.831,0.6667,330.7,109.1
2026-08-18T11:00:00,9.303,9.176,18.32,18.76,1.197,1.134,0.3760,0.3199,5.160,4.480,16545.0,15.837,0.6672,330.9,109.2
2026-08-18T12:00:00,9.587,9.372,18.11,18.99,1.222,1.170,0.3934,0.3144,5.429,4.658,16554.4,15.844,0.6680,331.1,109.3
2026-08-18T13:00:00,9.888,9.637,18.45,19.51,1.198,1.144,0.3842,0.3103,5.690,4.310,16564.0,15.858,0.6687,331.3,109.3
2026-08-18T14:00:00,9.836,9.726,18.14,18.88,1.206,1.137,0.3525,0.3141,5.613,4.490,16573.8,15.869,0.6691,331.5,109.4
2026-08-18T15:00:00,9.625,9.407,19.14,19.76,1.209,1.158,0.4112,0.3251,5.713,3.967,16583.2,15.885,0.6699,331.7,109.4
2026-08-18T16:00:00,9.660,9.504,19.37,20.02,1.207,1.157,0.3983,0.3281,5.334,4.649,16592.7,15.892,0.6705,331.9,109.5
2026-08-18T17:00:00,9.496,9.373,18.81,19.16,1.212,1.151,0.3494,0.3216,5.890,4.205,16602.0,15.907,0.6708,332.0,109.6
2026-08-18T18:00:00,9.515,9.336,18.30,19.02,1.194,1.129,0.3661,0.3322,5.360,4.251,16611.4,15.918,0.6711,332.2,109.6
2026-08-18T19:00:00,9.151,8.978,16.80,17.50,1.220,1.164,0.3729,0.3208,5.946,4.519,16620.4,15.931,0.6716,332.4,109.7
2026-08-18T20:00:00,8.958,8.604,17.04,17.92,1.185,1.125,0.3243,0.3213,5.987,4.238,16629.0,15.946,0.6716,332.6,109.8
2026-08-18T21:00:00,9.551,9.281,17.38,17.49,1.181,1.124,0.3630,0.3221,5.712,4.550,16638.2,15.956,0.6720,332.8,109.8
2026-08-18T22:00:00,8.739,8.518,15.89,16.57,1.163,1.109,0.3871,0.3147,5.828,4.462,16646.8,15.968,0.6726,332.9,109.9
2026-08-18T23:00:00,8.766,8.560,16.61,17.28,1.182,1.132,0.4102,0.3245,5.710,4.303,16655.3,15.980,0.6733,333.1,109.9
2026-08-19T00:00:00,8.436,8.191,15.78,16.24,1.157,1.097,0.3674,0.3388,4.692,4.310,16663.5,15.983,0.6736,333.3,110.0
2026-08-19T01:00:00,8.099,8.012,14.70,15.46,1.151,1.095,0.3867,0.3255,5.633,4.171,16671.5,15.995,0.6741,333.4,110.0
2026-08-19T02:00:00,8.527,8.371,14.82,16.08,1.119,1.054,0.3501,0.3197,6.114,4.358,16679.9,16.010,0.6743,333.6,110.1
2026-08-19T03:00:00,8.116,7.860,14.46,14.93,1.124,1.065,0.3938,0.3175,5.870,4.138,16687.8,16.023,0.6749,333.8,110.1
2026-08-19T04:00:00,8.523,8.359,15.32,16.37,1.151,1.100,0.3601,0.3288,5.693,4.402,16696.1,16.034,0.6752,333.9,110.2
2026-08-19T05:00:00,8.263,8.034,15.49,16.36,1.140,1.085,0.3730,0.3022,5.966,4.237,16704.1,16.048,0.6757,334.1,110.2
2026-08-19T06:00:00,8.503,8.247,15.19,16.04,1.125,1.068,0.4011,0.3133,5.656,4.460,16712.4,16.058,0.6765,334.2,110.3
2026-08-19T07:00:00,9.090,8.835,15.72,16.45,1.159,1.109,0.3447,0.3136,5.063,4.473,16721.2,16.063,0.6767,334.4,110.4
2026-08-19T08:00:00,8.616,8.439,16.22,16.65,1.196,1.144,0.4087,0.3124,5.863,4.559,16729.7,16.074,0.6775,334.6,110.4
2026-08-19T09:00:00,9.017,8.865,16.63,17.07,1.182,1.130,0.3435,0.3104,5.663,4.460,16738.5,16.085,0.6778,334.8,110.5
2026-08-19T10:00:00,9.346,9.109,16.72,17.46,1.202,1.151,0.3687,0.3187,5.808,4.260,16747.6,16.099,0.6783,335.0,110.5
2026-08-19T11:00:00,9.679,9.393,18.42,19.31,1.225,1.165,0.3857,0.3240,5.771,4.420,16757.0,16.111,0.6789,335.1,110.6
2026-08-19T12:00:00,9.210,8.869,18.23,18.90,1.219,1.168,0.4075,0.3154,5.323,4.256,16765.9,16.121,0.6797,335.3,110.7
2026-08-19T13:00:00,9.670,9.443,18.49,19.59,1.224,1.167,0.3892,0.3218,5.088,4.554,16775.3,16.126,0.6803,335.5,110.7
2026-08-19T14:00:00,10.100,9.795,18.83,19.52,1.221,1.169,0.3698,0.3095,5.199,4.679,16785.1,16.131,0.6809,335.7,110.8
2026-08-19T15:00:00,9.737,9.492,19.25,20.14,1.223,1.157,0.3872,0.3098,4.734,4.321,16794.6,16.135,0.6817,335.9,110.8
2026-08-19T16:00:00,9.340,9.132,18.76,19.32,1.208,1.150,0.3960,0.3108,5.545,4.331,16803.8,16.146,0.6824,336.1,110.9
2026-08-19T17:00:00,9.387,9.098,17.34,18.27,1.188,1.121,0.3937,0.3326,5.175,4.438,16812.9,16.153,0.6830,336.3,111.0
2026-08-19T18:00:00,9.396,9.164,18.01,18.55,1.213,1.155,0.4148,0.3182,5.253,4.134,16822.0,16.163,0.6839,336.4,111.0
2026-08-19T19:00:00,8.970,8.883,18.07,18.74,1.213,1.160,0.3928,0.3046,5.268,4.415,16830.9,16.171,0.6847,336.6,111.1
2026-08-19T20:00:00,9.028,8.773,17.60,18.90,1.173,1.114,0.3742,0.3206,5.685,4.333,16839.7,16.182,0.6851,336.8,111.1
2026-08-19T21:00:00,8.835,8.413,17.04,18.05,1.181,1.120,0.3397,0.3101,5.149,4.482,16848.1,16.188,0.6854,337.0,111.2
2026-08-19T22:00:00,8.798,8.696,16.74,17.25,1.181,1.126,0.4258,0.3260,5.818,4.656,16856.8,16.198,0.6862,337.1,111.3
2026-08-19T23:00:00,8.567,8.345,15.87,16.63,1.175,1.123,0.3891,0.3208,6.364,4.287,16865.1,16.215,0.6868,337.3,111.3
2026-08-20T00:00:00,8.255,7.930,16.05,16.36,1.152,1.101,0.4011,0.3087,5.388,4.236,16873.1,16.225,0.6876,337.5,111.4
2026-08-20T01:00:00,8.648,8.488,15.05,15.83,1.137,1.087,0.3826,0.3046,5.236,4.284,16881.6,16.233,0.6882,337.6,111.4
2026-08-20T02:00:00,8.327,8.095,14.50,15.53,1.147,1.086,0.3978,0.3310,5.370,4.419,16889.7,16.240,0.6888,337.8,111.5
2026-08-20T03:00:00,8.600,8.329,15.14,16.00,1.136,1.078,0.3747,0.3193,5.408,4.427,16898.0,16.249,0.6892,338.0,111.5
2026-08-20T04:00:00,8.172,7.976,14.96,15.61,1.132,1.069,0.3641,0.3183,6.083,4.333,16906.0,16.263,0.6896,338.1,111.6
2026-08-20T05:00:00,8.436,8.117,14.69,15.68,1.121,1.071,0.3536,0.3260,6.088,4.400,16914.1,16.276,0.6898,338.3,111.6
2026-08-20T06:00:00,8.281,8.070,15.14,15.73,1.127,1.062,0.3867,0.3172,5.456,4.446,16922.1,16.284,0.6904,338.4,111.7
2026-08-20T07:00:00,8.651,8.306,16.15,16.97,1.146,1.090,0.3686,0.3304,5.946,4.425,16930.5,16.297,0.6907,338.6,111.7
2026-08-20T08:00:00,8.950,8.651,16.59,17.27,1.185,1.121,0.4105,0.3262,5.733,4.563,16939.1,16.307,0.6914,338.8,111.8
2026-08-20T09:00:00,8.859,8.618,16.87,17.53,1.208,1.138,0.4057,0.3256,5.260,4.399,16947.7,16.315,0.6921,339.0,111.9
2026-08-20T10:00:00,8.476,8.435,17.18,17.78,1.197,1.141,0.3983,0.3083,5.791,4.584,16956.2,16.325,0.6929,339.1,111.9
2026-08-20T11:00:00,9.131,8.904,17.72,18.62,1.179,1.127,0.3731,0.3192,5.653,4.472,16965.1,16.335,0.6933,339.3,112.0
2026-08-20T12:00:00,9.348,9.196,18.21,18.66,1.207,1.149,0.3747,0.3206,5.690,4.272,16974.3,16.348,0.6938,339.5,112.0
2026-08-20T13:00:00,9.779,9.634,18.71,19.56,1.226,1.168,0.3917,0.3273,5.268,4.535,16983.9,16.355,0.6945,339.7,112.1
2026-08-20T14:00:00,10.147,9.923,18.53,19.44,1.211,1.145,0.3673,0.3220,6.155,4.241,16993.8,16.374,0.6949,339.9,112.2
2026-08-20T15:00:00,9.748,9.434,18.99,19.56,1.221,1.169,0.3689,0.3182,5.597,4.143,17003.2,16.388,0.6954,340.1,112.2
2026-08-20T16:00:00,9.869,9.688,18.95,19.90,1.210,1.144,0.3687,0.3204,5.774,4.491,17012.9,16.400,0.6959,340.3,112.3
2026-08-20T17:00:00,9.153,8.755,18.11,18.54,1.200,1.143,0.3893,0.3170,4.482,4.465,17021.7,16.401,0.6965,340.4,112.3
2026-08-20T18:00:00,9.510,9.212,17.62,18.58,1.225,1.168,0.3975,0.3199,5.432,4.382,17030.9,16.410,0.6972,340.6,112.4
2026-08-20T19:00:00,9.502,9.251,18.64,19.59,1.211,1.159,0.3858,0.3064,5.152,4.422,17040.2,16.417,0.6979,340.8,112.5
2026-08-20T20:00:00,9.101,8.886,16.34,17.07,1.187,1.136,0.3256,0.3285,5.831,4.454,17049.0,16.429,0.6979,341.0,112.5
2026-08-20T21:00:00,9.400,9.055,16.33,17.33,1.155,1.086,0.3760,0.3207,5.401,4.157,17058.1,16.441,0.6984,341.2,112.6
2026-08-20T22:00:00,8.991,8.747,16.46,17.07,1.143,1.087,0.3662,0.3184,5.474,4.134,17066.8,16.452,0.6989,341.3,112.6
2026-08-20T23:00:00,8.400,8.176,15.90,16.69,1.159,1.107,0.3353,0.3366,5.580,4.241,17075.0,16.463,0.6989,341.5,112.7
2026-08-21T00:00:00,8.533,8.276,15.07,15.83,1.131,1.071,0.4146,0.3179,5.130,4.091,17083.3,16.472,0.6997,341.7,112.7
2026-08-21T01:00:00,8.906,8.813,15.31,16.15,1.146,1.088,0.3902,0.3196,5.182,4.453,17092.1,16.478,0.7003,341.8,112.8
2026-08-21T02:00:00,8.643,8.312,15.30,16.10,1.139,1.080,0.3598,0.3207,5.398,4.242,17100.4,16.488,0.7006,342.0,112.9
2026-08-21T03:00:00,8.513,8.222,14.30,14.87,1.133,1.074,0.3555,0.3125,5.211,4.406,17108.6,16.494,0.7010,342.2,112.9
2026-08-21T04:00:00,9.029,8.965,14.35,14.93,1.143,1.089,0.3963,0.3153,5.330,4.256,17117.6,16.504,0.7017,342.4,113.0
2026-08-21T05:00:00,7.877,7.723,15.04,15.99,1.131,1.070,0.3837,0.3146,5.519,4.319,17125.3,16.513,0.7022,342.5,113.0
2026-08-21T06:00:00,8.632,8.476,15.04,16.22,1.158,1.102,0.3740,0.3260,5.537,4.404,17133.8,16.523,0.7026,342.7,113.1
2026-08-21T07:00:00,8.186,7.963,15.59,16.57,1.156,1.098,0.3602,0.3187,5.804,4.257,17141.8,16.535,0.7030,342.8,113.1
2026-08-21T08:00:00,8.651,8.268,16.08,17.04,1.175,1.111,0.3557,0.3254,5.603,4.445,17150.0,16.545,0.7032,343.0,113.2
2026-08-21T09:00:00,9.702,9.487,16.68,17.30,1.169,1.114,0.3504,0.3162,5.089,4.373,17159.5,16.552,0.7035,343.2,113.3
2026-08-21T10:00:00,9.060,8.847,17.36,18.47,1.169,1.118,0.4045,0.3163,6.170,4.326,17168.4,16.568,0.7043,343.4,113.3
2026-08-21T11:00:00,8.946,8.645,18.04,18.80,1.161,1.110,0.3553,0.3148,4.846,4.159,17177.0,16.574,0.7047,343.5,113.4
2026-08-21T12:00:00,9.757,9.605,18.24,18.83,1.211,1.152,0.3901,0.3232,5.492,4.408,17186.6,16.584,0.7053,343.7,113.4
2026-08-21T13:00:00,9.022,8.927,18.94,19.51,1.225,1.171,0.3718,0.3209,5.285,4.222,17195.5,16.594,0.7058,343.9,113.5
2026-08-21T14:00:00,9.990,9.797,19.02,19.74,1.235,1.183,0.3785,0.3108,5.249,4.255,17205.3,16.604,0.7064,344.1,113.6
2026-08-21T15:00:00,9.171,8.926,18.61,19.02,1.227,1.169,0.4093,0.3130,5.866,4.485,17214.3,16.616,0.7073,344.3,113.6
2026-08-21T16:00:00,9.197,9.069,18.23,18.59,1.209,1.143,0.3816,0.3113,5.357,4.215,17223.3,16.626,0.7079,344.5,113.7
2026-08-21T17:00:00,9.486,9.265,18.83,19.35,1.214,1.163,0.4037,0.3115,6.036,4.266,17232.6,16.643,0.7088,344.7,113.7
2026-08-21T18:00:00,9.473,9.309,18.28,18.96,1.192,1.131,0.4031,0.3169,5.493,4.303,17241.9,16.654,0.7096,344.8,113.8
2026-08-21T19:00:00,8.872,8.404,17.65,18.53,1.217,1.159,0.3843,0.3351,5.574,4.456,17250.3,16.663,0.7100,345.0,113.9
2026-08-21T20:00:00,9.210,8.970,17.19,17.96,1.163,1.107,0.4084,0.3258,5.400,4.134,17259.3,16.674,0.7107,345.2,113.9
2026-08-21T21:00:00,8.981,8.661,15.75,16.70,1.186,1.135,0.3755,0.3204,5.749,4.457,17267.9,16.686,0.7112,345.4,114.0
2026-08-21T22:00:00,8.978,8.824,16.77,17.19,1.187,1.129,0.4112,0.3215,6.064,4.461,17276.8,16.700,0.7120,345.5,114.0
2026-08-21T23:00:00,8.905,8.634,16.42,17.30,1.138,1.087,0.4054,0.3195,5.878,4.454,17285.4,16.712,0.7127,345.7,114.1
2026-08-22T00:00:00,9.283,9.138,15.04,15.86,1.150,1.099,0.3854,0.3043,6.346,4.321,17294.5,16.731,0.7135,345.9,114.1
2026-08-22T01:00:00,8.525,8.267,14.82,15.83,1.138,1.087,0.3698,0.3260,6.166,4.587,17302.8,16.744,0.7138,346.1,114.2
2026-08-22T02:00:00,8.080,7.833,14.66,15.49,1.112,1.058,0.3677,0.3177,5.964,4.317,17310.6,16.757,0.7142,346.2,114.3
2026-08-22T03:00:00,8.752,8.560,14.32,14.99,1.130,1.073,0.3559,0.3233,4.853,4.398,17319.2,16.760,0.7145,346.4,114.3
2026-08-22T04:00:00,8.784,8.569,14.79,15.60,1.132,1.077,0.3916,0.3327,6.001,4.311,17327.8,16.775,0.7150,346.6,114.4
2026-08-22T05:00:00,8.027,7.846,15.62,16.28,1.137,1.070,0.3744,0.3327,5.956,4.329,17335.6,16.788,0.7153,346.7,114.4
2026-08-22T06:00:00,8.527,8.422,15.11,15.90,1.150,1.090,0.3393,0.3072,5.949,4.495,17344.0,16.800,0.7156,346.9,114.5
2026-08-22T07:00:00,8.462,8.181,15.17,16.29,1.173,1.119,0.4155,0.3087,5.790,4.340,17352.2,16.812,0.7165,347.0,114.5
2026-08-22T08:00:00,8.906,8.728,16.75,17.20,1.156,1.106,0.3812,0.3182,5.530,4.454,17361.0,16.821,0.7170,347.2,114.6
2026-08-22T09:00:00,9.126,8.946,16.77,17.72,1.192,1.137,0.4319,0.3104,5.396,4.244,17369.9,16.832,0.7181,347.4,114.6
2026-08-22T10:00:00,9.031,8.737,17.44,18.52,1.184,1.121,0.3641,0.3088,5.344,4.452,17378.6,16.839,0.7186,347.6,114.7
2026-08-22T11:00:00,9.080,8.935,17.56,18.36,1.191,1.139,0.4012,0.3324,6.364,4.221,17387.6,16.858,0.7192,347.8,114.8
2026-08-22T12:00:00,9.522,9.251,18.12,18.96,1.177,1.124,0.3357,0.3056,5.601,4.380,17396.8,16.870,0.7195,347.9,114.8
2026-08-22T13:00:00,9.748,9.549,19.20,19.80,1.207,1.151,0.3740,0.3104,4.792,4.229,17406.4,16.875,0.7201,348.1,114.9
2026-08-22T14:00:00,9.887,9.770,18.89,19.51,1.206,1.140,0.3501,0.3152,6.400,4.041,17416.1,16.898,0.7204,348.3,114.9
2026-08-22T15:00:00,9.934,9.565,18.13,19.04,1.214,1.152,0.3843,0.3145,5.887,4.404,17425.7,16.912,0.7211,348.5,115.0
2026-08-22T16:00:00,9.720,9.515,18.00,18.80,1.235,1.176,0.3801,0.3318,5.111,4.396,17435.2,16.919,0.7216,348.7,115.1
2026-08-22T17:00:00,9.773,9.448,18.68,19.69,1.239,1.180,0.3599,0.3219,5.359,4.371,17444.7,16.929,0.7219,348.9,115.1
2026-08-22T18:00:00,9.765,9.577,17.84,18.15,1.201,1.148,0.3882,0.3116,6.292,4.230,17454.2,16.948,0.7227,349.1,115.2
2026-08-22T19:00:00,9.365,9.153,17.29,18.06,1.191,1.138,0.3702,0.3094,5.705,4.358,17463.4,16.961,0.7232,349.3,115.3
2026-08-22T20:00:00,9.123,9.011,17.22,18.06,1.199,1.145,0.3573,0.3074,5.628,4.474,17472.4,16.971,0.7237,349.4,115.3
2026-08-22T21:00:00,9.239,9.088,16.41,17.17,1.181,1.119,0.3473,0.3122,5.804,4.158,17481.5,16.986,0.7240,349.6,115.4
2026-08-22T22:00:00,8.267,8.049,16.39,16.90,1.163,1.103,0.3983,0.3315,5.493,4.411,17489.5,16.995,0.7245,349.8,115.4
2026-08-22T23:00:00,8.660,8.561,15.82,17.18,1.149,1.088,0.3743,0.3183,5.752,4.240,17498.1,17.008,0.7250,350.0,115.5
2026-08-23T00:00:00,8.672,8.425,15.15,16.15,1.167,1.113,0.3707,0.3278,5.357,4.348,17506.5,17.016,0.7254,350.1,115.5
2026-08-23T01:00:00,8.539,8.219,14.86,15.67,1.183,1.132,0.3771,0.3159,4.994,4.437,17514.8,17.021,0.7259,350.3,115.6
2026-08-23T02:00:00,8.700,8.567,14.72,15.55,1.147,1.088,0.3669,0.3133,5.952,4.507,17523.3,17.033,0.7263,350.5,115.7
2026-08-23T03:00:00,8.749,8.575,13.82,14.81,1.130,1.073,0.3905,0.3125,6.080,4.209,17531.9,17.049,0.7270,350.6,115.7
2026-08-23T04:00:00,8.308,8.071,15.34,15.89,1.142,1.089,0.3621,0.3217,5.981,4.222,17540.0,17.063,0.7273,350.8,115.8
2026-08-23T05:00:00,8.254,8.065,14.52,15.39,1.131,1.080,0.3921,0.3254,5.612,4.378,17548.0,17.073,0.7279,351.0,115.8
2026-08-23T06:00:00,7.987,7.859,15.26,15.74,1.151,1.091,0.3906,0.3057,5.390,4.286,17555.9,17.082,0.7285,351.1,115.9
2026-08-23T07:00:00,8.372,8.029,15.46,16.36,1.168,1.109,0.3566,0.3126,5.821,4.425,17563.9,17.093,0.7289,351.3,115.9
2026-08-23T08:00:00,9.016,8.771,16.11,16.94,1.194,1.140,0.3653,0.3331,5.801,4.305,17572.7,17.106,0.7292,351.5,116.0
2026-08-23T09:00:00,8.595,8.307,16.49,17.17,1.187,1.137,0.4071,0.3063,5.437,4.356,17581.0,17.115,0.7300,351.6,116.0
2026-08-23T10:00:00,8.444,8.273,17.10,17.46,1.199,1.146,0.3913,0.3259,6.273,4.365,17589.3,17.131,0.7305,351.8,116.1
2026-08-23T11:00:00,9.596,9.344,17.30,18.00,1.202,1.132,0.4166,0.3113,5.601,4.417,17598.6,17.142,0.7315,352.0,116.2
2026-08-23T12:00:00,9.111,8.746,18.28,19.23,1.214,1.156,0.4350,0.3270,5.885,4.179,17607.4,17.157,0.7325,352.1,116.2
2026-08-23T13:00:00,9.758,9.428,18.42,18.93,1.237,1.183,0.4346,0.3133,5.052,4.247,17616.8,17.165,0.7336,352.3,116.3
2026-08-23T14:00:00,9.835,9.644,18.89,19.77,1.214,1.156,0.3713,0.3144,5.414,4.203,17626.4,17.176,0.7342,352.5,116.3
2026-08-23T15:00:00,9.419,9.188,18.44,19.28,1.232,1.181,0.3546,0.3147,4.964,4.179,17635.6,17.184,0.7345,352.7,116.4
2026-08-23T16:00:00,10.262,10.194,18.62,19.47,1.236,1.183,0.3794,0.3142,5.511,4.233,17645.8,17.197,0.7352,352.9,116.5
2026-08-23T17:00:00,9.285,9.146,18.48,18.91,1.219,1.156,0.3684,0.3128,5.730,4.447,17655.0,17.208,0.7357,353.1,116.5
2026-08-23T18:00:00,9.155,8.985,17.89,18.93,1.198,1.146,0.3837,0.3174,5.890,4.261,17663.9,17.223,0.7363,353.3,116.6
2026-08-23T19:00:00,8.957,8.633,17.67,18.54,1.183,1.128,0.3677,0.3249,5.689,4.166,17672.6,17.236,0.7367,353.5,116.6
2026-08-23T20:00:00,8.895,8.746,17.09,17.77,1.194,1.144,0.3927,0.3279,5.820,4.401,17681.3,17.248,0.7372,353.6,116.7
2026-08-23T21:00:00,8.906,8.595,16.58,17.24,1.172,1.116,0.3659,0.3096,4.896,4.522,17689.9,17.252,0.7377,353.8,116.8
2026-08-23T22:00:00,9.380,9.100,16.18,17.11,1.168,1.118,0.3932,0.3319,6.157,4.245,17699.0,17.269,0.7383,354.0,116.8
2026-08-23T23:00:00,8.698,8.439,15.57,16.47,1.180,1.116,0.4258,0.3024,5.844,4.322,17707.5,17.282,0.7393,354.1,116.9
2026-08-24T00:00:00,8.701,8.548,15.14,15.71,1.141,1.085,0.3746,0.3146,5.768,4.422,17716.0,17.293,0.7398,354.3,116.9
2026-08-24T01:00:00,8.617,8.450,14.31,15.39,1.143,1.092,0.3509,0.3229,5.716,4.236,17724.5,17.306,0.7401,354.5,117.0
2026-08-24T02:00:00,8.295,8.011,14.69,15.71,1.148,1.090,0.3800,0.3217,5.840,4.386,17732.5,17.318,0.7405,354.6,117.0
2026-08-24T03:00:00,8.325,8.117,15.01,15.74,1.096,1.043,0.3971,0.3103,5.163,4.410,17740.6,17.324,0.7412,354.8,117.1
2026-08-24T04:00:00,8.337,8.060,15.02,16.08,1.159,1.107,0.3978,0.3241,5.356,4.216,17748.6,17.333,0.7418,355.0,117.1
2026-08-24T05:00:00,8.705,8.633,15.61,16.72,1.164,1.103,0.3437,0.3067,5.809,4.373,17757.3,17.345,0.7422,355.1,117.2
2026-08-24T06:00:00,8.154,8.008,15.56,16.36,1.144,1.088,0.3875,0.3036,5.633,4.316,17765.3,17.356,0.7428,355.3,117.3
2026-08-24T07:00:00,9.248,9.003,15.39,16.12,1.137,1.077,0.3908,0.3076,5.391,4.407,17774.3,17.365,0.7436,355.5,117.3
2026-08-24T08:00:00,8.629,8.452,16.50,17.49,1.169,1.118,0.3499,0.3061,5.914,4.216,17782.7,17.379,0.7439,355.7,117.4
2026-08-24T09:00:00,8.437,8.299,16.66,17.53,1.177,1.126,0.4101,0.3151,5.450,4.434,17791.0,17.387,0.7447,355.8,117.4
2026-08-24T10:00:00,9.749,9.553,17.15,17.98,1.200,1.146,0.3640,0.3161,5.559,4.122,17800.6,17.401,0.7452,356.0,117.5
2026-08-24T11:00:00,8.757,8.542,17.22,18.11,1.216,1.164,0.3604,0.3104,5.665,4.332,17809.1,17.413,0.7456,356.2,117.5
2026-08-24T12:00:00,9.208,8.981,16.93,17.38,1.215,1.165,0.3680,0.3193,5.137,4.405,17818.1,17.419,0.7461,356.4,117.6
2026-08-24T13:00:00,9.729,9.555,18.40,18.93,1.226,1.162,0.3593,0.3246,5.746,4.265,17827.7,17.433,0.7464,356.6,117.7
2026-08-24T14:00:00,9.343,9.132,18.52,19.19,1.231,1.178,0.3724,0.3238,5.551,4.269,17836.8,17.445,0.7468,356.7,117.7
2026-08-24T15:00:00,9.343,9.047,19.13,19.91,1.204,1.151,0.3728,0.3185,5.478,4.345,17845.8,17.455,0.7473,356.9,117.8
2026-08-24T16:00:00,9.835,9.511,18.74,19.53,1.232,1.176,0.3615,0.3120,5.499,4.332,17855.4,17.466,0.7478,357.1,117.8
2026-08-24T17:00:00,9.734,9.417,18.34,19.22,1.230,1.169,0.3948,0.3213,5.762,4.541,17864.8,17.478,0.7485,357.3,117.9
2026-08-24T18:00:00,9.563,9.287,17.34,18.00,1.192,1.136,0.3742,0.3148,5.461,4.200,17874.1,17.490,0.7490,357.5,118.0
2026-08-24T19:00:00,9.827,9.733,17.70,18.71,1.215,1.163,0.3853,0.3111,5.501,4.213,17883.8,17.502,0.7498,357.7,118.0
2026-08-24T20:00:00,8.880,8.810,16.80,17.33,1.212,1.161,0.3662,0.3158,5.056,4.025,17892.6,17.511,0.7502,357.9,118.1
2026-08-24T21:00:00,8.415,8.280,16.06,16.38,1.185,1.133,0.3445,0.3081,5.992,4.188,17900.9,17.526,0.7505,358.0,118.1
2026-08-24T22:00:00,8.542,8.359,15.26,16.35,1.158,1.098,0.3874,0.3184,5.642,4.421,17909.2,17.536,0.7511,358.2,118.2
2026-08-24T23:00:00,8.295,8.181,15.88,16.60,1.159,1.107,0.3390,0.3133,6.228,4.226,17917.4,17.553,0.7513,358.3,118.3
2026-08-25T00:00:00,8.465,8.278,15.42,16.18,1.156,1.101,0.3965,0.3106,4.993,4.173,17925.7,17.559,0.7520,358.5,118.3
2026-08-25T01:00:00,8.288,8.073,14.74,15.83,1.146,1.093,0.3816,0.3097,5.733,4.163,17933.8,17.572,0.7526,358.7,118.4
2026-08-25T02:00:00,8.951,8.771,14.56,15.38,1.149,1.093,0.3735,0.3163,5.418,4.296,17942.5,17.582,0.7531,358.9,118.4
2026-08-25T03:00:00,8.813,8.561,14.15,14.66,1.148,1.096,0.3535,0.3130,5.687,4.326,17951.1,17.594,0.7534,359.0,118.5
2026-08-25T04:00:00,8.464,8.159,14.88,15.86,1.135,1.070,0.3957,0.3061,5.917,4.364,17959.3,17.606,0.7542,359.2,118.5
2026-08-25T05:00:00,8.491,8.464,14.67,15.78,1.119,1.066,0.4044,0.3199,5.283,4.318,17967.7,17.614,0.7549,359.4,118.6
2026-08-25T06:00:00,8.696,8.340,15.40,16.45,1.161,1.092,0.3687,0.3230,5.950,4.330,17976.1,17.628,0.7553,359.5,118.6
2026-08-25T07:00:00,9.288,9.043,15.01,15.55,1.173,1.121,0.3894,0.3135,5.394,4.394,17985.1,17.637,0.7559,359.7,118.7
2026-08-25T08:00:00,8.605,8.377,16.59,17.42,1.154,1.094,0.3856,0.3011,5.736,4.344,17993.5,17.649,0.7567,359.9,118.8
2026-08-25T09:00:00,9.094,8.869,17.30,18.37,1.180,1.124,0.3819,0.3239,5.746,4.249,18002.4,17.662,0.7572,360.0,118.8
2026-08-25T10:00:00,9.301,9.050,16.84,17.28,1.166,1.111,0.3932,0.3330,5.535,4.346,18011.4,17.673,0.7577,360.2,118.9
2026-08-25T11:00:00,9.221,8.949,17.51,18.60,1.195,1.133,0.3447,0.3129,6.060,4.200,18020.4,17.689,0.7580,360.4,118.9
2026-08-25T12:00:00,9.463,9.138,18.15,19.34,1.209,1.157,0.4222,0.3288,5.374,4.066,18029.5,17.701,0.7589,360.6,119.0
2026-08-25T13:00:00,10.077,9.742,17.52,18.63,1.235,1.184,0.3508,0.3046,6.445,4.288,18039.2,17.722,0.7593,360.8,119.1
2026-08-25T14:00:00,9.733,9.390,17.89,18.56,1.220,1.159,0.3694,0.3150,5.189,4.321,18048.6,17.731,0.7598,361.0,119.1
2026-08-25T15:00:00,9.832,9.463,18.15,19.10,1.213,1.161,0.4166,0.3195,5.877,3.999,18058.1,17.748,0.7607,361.2,119.2
2026-08-25T16:00:00,9.604,9.413,19.09,19.98,1.207,1.152,0.4183,0.3232,5.351,4.307,18067.5,17.758,0.7616,361.4,119.2
2026-08-25T17:00:00,9.480,9.249,17.84,18.44,1.231,1.174,0.4013,0.3098,5.501,4.391,18076.8,17.768,0.7625,361.5,119.3
2026-08-25T18:00:00,9.622,9.301,17.94,18.59,1.238,1.187,0.3469,0.3229,5.308,4.471,18086.1,17.776,0.7627,361.7,119.4
2026-08-25T19:00:00,9.311,9.150,17.47,18.12,1.208,1.151,0.3488,0.3180,6.028,4.268,18095.2,17.792,0.7630,361.9,119.4
2026-08-25T20:00:00,9.498,9.280,16.86,17.26,1.199,1.144,0.3732,0.3131,5.690,4.313,18104.5,17.805,0.7635,362.1,119.5
2026-08-25T21:00:00,8.840,8.802,15.86,16.39,1.174,1.124,0.3880,0.3097,5.854,4.489,18113.3,17.817,0.7642,362.3,119.5
2026-08-25T22:00:00,9.019,8.781,15.78,16.17,1.172,1.121,0.3736,0.3275,5.355,4.281,18122.1,17.826,0.7646,362.4,119.6
2026-08-25T23:00:00,8.711,8.588,15.62,15.88,1.160,1.105,0.4083,0.3102,5.562,4.375,18130.7,17.837,0.7655,362.6,119.7
2026-08-26T00:00:00,8.444,8.253,14.84,15.74,1.136,1.084,0.3306,0.3140,5.717,4.325,18138.9,17.848,0.7656,362.8,119.7
2026-08-26T01:00:00,8.209,7.994,14.21,15.33,1.163,1.111,0.3948,0.3259,5.522,4.108,18146.9,17.859,0.7662,362.9,119.8
2026-08-26T02:00:00,8.352,8.102,14.50,15.32,1.130,1.080,0.3859,0.3112,5.890,4.363,18155.0,17.872,0.7668,363.1,119.8
2026-08-26T03:00:00,8.721,8.485,14.28,15.52,1.152,1.091,0.3645,0.3185,5.461,4.194,18163.5,17.883,0.7672,363.3,119.9
2026-08-26T04:00:00,8.729,8.465,14.52,15.45,1.147,1.088,0.4076,0.3194,5.704,4.151,18172.0,17.896,0.7679,363.4,119.9
2026-08-26T05:00:00,8.032,7.847,15.32,16.32,1.130,1.061,0.3982,0.3018,5.813,4.249,18179.8,17.908,0.7687,363.6,120.0
2026-08-26T06:00:00,8.855,8.527,15.89,16.80,1.149,1.093,0.3807,0.3177,5.332,4.272,18188.3,17.917,0.7692,363.8,120.0
2026-08-26T07:00:00,8.536,8.282,15.82,16.78,1.149,1.077,0.3833,0.3229,6.195,4.167,18196.6,17.934,0.7697,363.9,120.1
2026-08-26T08:00:00,9.020,8.733,16.10,16.81,1.177,1.119,0.3796,0.3147,5.628,4.217,18205.3,17.946,0.7703,364.1,120.2
2026-08-26T09:00:00,8.999,8.747,16.39,17.16,1.186,1.133,0.3776,0.3127,5.772,4.407,18214.1,17.958,0.7708,364.3,120.2
2026-08-26T10:00:00,8.763,8.592,17.28,18.31,1.195,1.142,0.3741,0.3164,5.402,4.351,18222.7,17.967,0.7713,364.5,120.3
2026-08-26T11:00:00,9.278,9.044,17.57,18.59,1.180,1.112,0.4156,0.3014,5.658,4.464,18231.7,17.978,0.7724,364.6,120.3
2026-08-26T12:00:00,9.265,9.056,17.40,18.61,1.192,1.142,0.3773,0.3132,5.700,4.438,18240.8,17.989,0.7729,364.8,120.4
2026-08-26T13:00:00,9.233,8.983,17.68,18.52,1.219,1.168,0.4204,0.3275,5.389,4.376,18249.8,17.998,0.7738,365.0,120.4
2026-08-26T14:00:00,9.267,8.965,18.17,18.95,1.200,1.134,0.4119,0.3189,5.596,4.333,18258.7,18.010,0.7746,365.2,120.5
2026-08-26T15:00:00,9.210,9.018,18.48,19.30,1.224,1.171,0.4228,0.3177,5.877,4.376,18267.7,18.023,0.7756,365.4,120.6
2026-08-26T16:00:00,9.962,9.608,18.17,18.54,1.241,1.190,0.4048,0.3230,5.509,4.130,18277.4,18.037,0.7763,365.5,120.6
2026-08-26T17:00:00,9.658,9.372,17.80,18.77,1.207,1.149,0.4189,0.3168,5.908,4.350,18286.7,18.051,0.7773,365.7,120.7
2026-08-26T18:00:00,9.564,9.348,17.26,18.15,1.211,1.157,0.3645,0.3049,5.922,4.229,18296.1,18.067,0.7779,365.9,120.8
2026-08-26T19:00:00,9.199,8.917,17.90,18.63,1.195,1.142,0.3795,0.3133,5.408,4.470,18305.0,18.075,0.7784,366.1,120.8
2026-08-26T20:00:00,9.134,8.927,17.32,18.09,1.187,1.134,0.3741,0.3154,5.546,4.104,18313.9,18.088,0.7790,366.3,120.9
2026-08-26T21:00:00,9.005,8.815,16.34,17.14,1.184,1.114,0.3624,0.3227,5.225,4.055,18322.7,18.099,0.7793,366.5,120.9
2026-08-26T22:00:00,8.828,8.645,16.01,16.66,1.167,1.114,0.3945,0.3221,5.405,4.266,18331.4,18.108,0.7799,366.6,121.0
2026-08-26T23:00:00,8.391,8.129,14.46,15.20,1.140,1.080,0.3617,0.3189,5.626,4.335,18339.5,18.119,0.7803,366.8,121.0
2026-08-27T00:00:00,8.344,8.115,14.66,15.58,1.117,1.061,0.4169,0.3195,5.507,4.091,18347.6,18.130,0.7811,367.0,121.1
2026-08-27T01:00:00,8.730,8.537,14.51,16.00,1.155,1.095,0.3732,0.3164,5.017,4.289,18356.2,18.137,0.7816,367.1,121.2
2026-08-27T02:00:00,8.582,8.307,14.61,15.50,1.166,1.110,0.3943,0.3032,5.296,4.260,18364.5,18.145,0.7823,367.3,121.2
2026-08-27T03:00:00,8.606,8.302,14.16,15.42,1.149,1.092,0.3602,0.3025,5.682,4.063,18372.8,18.159,0.7828,367.5,121.3
2026-08-27T04:00:00,8.202,7.966,14.20,14.94,1.140,1.082,0.3788,0.3155,5.228,4.333,18380.7,18.166,0.7833,367.6,121.3
2026-08-27T05:00:00,8.682,8.526,14.40,15.26,1.132,1.078,0.3741,0.3146,5.876,4.147,18389.3,18.181,0.7838,367.8,121.4
2026-08-27T06:00:00,8.532,8.302,16.07,17.13,1.172,1.118,0.3459,0.3100,5.410,4.229,18397.6,18.190,0.7841,368.0,121.4
2026-08-27T07:00:00,8.690,8.463,14.78,15.32,1.142,1.086,0.3770,0.3094,5.303,4.384,18406.0,18.198,0.7847,368.1,121.5
2026-08-27T08:00:00,8.596,8.477,16.07,17.11,1.186,1.129,0.3584,0.3072,5.584,4.236,18414.5,18.210,0.7851,368.3,121.5
2026-08-27T09:00:00,8.630,8.456,16.29,16.74,1.179,1.119,0.3798,0.3026,6.077,4.170,18423.0,18.226,0.7858,368.5,121.6
2026-08-27T10:00:00,9.248,8.895,16.03,16.52,1.165,1.114,0.3677,0.3228,5.880,4.304,18431.9,18.240,0.7862,368.6,121.7
2026-08-27T11:00:00,9.043,8.737,16.93,17.77,1.233,1.182,0.3778,0.3042,5.529,4.289,18440.6,18.250,0.7868,368.8,121.7
2026-08-27T12:00:00,9.374,9.189,17.79,19.13,1.197,1.146,0.3820,0.3153,5.719,4.296,18449.8,18.264,0.7874,369.0,121.8
2026-08-27T13:00:00,9.791,9.533,17.23,18.32,1.211,1.158,0.4005,0.3321,5.455,4.196,18459.3,18.276,0.7881,369.2,121.8
2026-08-27T14:00:00,9.472,9.230,17.89,18.16,1.214,1.153,0.3857,0.3240,5.083,4.344,18468.5,18.282,0.7886,369.4,121.9
2026-08-27T15:00:00,9.807,9.590,18.71,19.59,1.202,1.146,0.3719,0.3235,5.819,4.451,18478.1,18.296,0.7891,369.6,122.0
2026-08-27T16:00:00,9.368,9.262,18.18,19.15,1.235,1.172,0.4020,0.3215,5.927,4.169,18487.4,18.312,0.7899,369.7,122.0
2026-08-27T17:00:00,9.068,8.948,17.72,18.66,1.251,1.194,0.3701,0.3150,5.749,4.258,18496.3,18.325,0.7903,369.9,122.1
2026-08-27T18:00:00,9.159,8.956,17.93,18.58,1.206,1.148,0.3677,0.3159,5.313,4.177,18505.3,18.335,0.7908,370.1,122.1
2026-08-27T19:00:00,9.323,9.074,17.30,18.36,1.192,1.137,0.3846,0.3153,5.679,4.154,18514.4,18.349,0.7914,370.3,122.2
2026-08-27T20:00:00,8.640,8.482,17.17,17.75,1.179,1.115,0.4241,0.3168,5.372,4.281,18522.9,18.358,0.7924,370.5,122.3
2026-08-27T21:00:00,8.879,8.491,16.37,17.31,1.177,1.126,0.3885,0.3225,5.482,4.432,18531.3,18.367,0.7929,370.6,122.3
2026-08-27T22:00:00,8.934,8.765,16.74,17.68,1.182,1.131,0.3980,0.3187,5.038,4.159,18540.1,18.375,0.7936,370.8,122.4
2026-08-27T23:00:00,8.469,8.331,15.41,16.80,1.161,1.098,0.3521,0.3281,5.953,4.334,18548.4,18.389,0.7938,371.0,122.4
2026-08-28T00:00:00,8.963,8.797,15.13,15.76,1.152,1.091,0.4041,0.3162,5.377,4.238,18557.2,18.399,0.7946,371.1,122.5
2026-08-28T01:00:00,8.370,8.203,14.85,15.54,1.135,1.079,0.3741,0.3076,5.259,4.259,18565.4,18.407,0.7951,371.3,122.5
2026-08-28T02:00:00,8.236,8.178,14.61,15.17,1.109,1.050,0.4302,0.3058,5.490,4.357,18573.6,18.416,0.7961,371.5,122.6
2026-08-28T03:00:00,8.593,8.362,13.62,14.50,1.150,1.094,0.3741,0.3184,5.835,4.257,18582.0,18.429,0.7966,371.6,122.6
2026-08-28T04:00:00,8.757,8.639,14.91,16.01,1.176,1.120,0.3816,0.3259,5.718,4.310,18590.6,18.441,0.7971,371.8,122.7
2026-08-28T05:00:00,8.442,8.183,14.94,15.84,1.130,1.068,0.3749,0.3133,5.745,4.140,18598.8,18.454,0.7976,372.0,122.8
2026-08-28T06:00:00,8.047,7.825,15.53,16.11,1.167,1.100,0.3517,0.3190,6.006,4.250,18606.6,18.468,0.7979,372.1,122.8
2026-08-28T07:00:00,8.958,8.704,15.14,15.69,1.178,1.124,0.3694,0.3041,5.461,4.300,18615.3,18.478,0.7984,372.3,122.9
2026-08-28T08:00:00,9.035,8.841,16.25,17.24,1.180,1.118,0.3897,0.3121,5.472,4.334,18624.2,18.488,0.7991,372.5,122.9
2026-08-28T09:00:00,8.846,8.636,16.32,17.03,1.201,1.142,0.3905,0.3183,5.817,4.343,18632.8,18.501,0.7997,372.7,123.0
2026-08-28T10:00:00,9.562,9.250,16.43,16.96,1.202,1.151,0.4000,0.3131,5.453,4.083,18642.1,18.514,0.8005,372.8,123.0
2026-08-28T11:00:00,9.567,9.197,17.49,18.57,1.195,1.131,0.4041,0.3073,5.643,4.330,18651.3,18.526,0.8014,373.0,123.1
2026-08-28T12:00:00,9.561,9.235,17.98,18.65,1.181,1.119,0.3764,0.3066,4.978,4.359,18660.5,18.532,0.8021,373.2,123.2
2026-08-28T13:00:00,9.336,9.075,18.49,19.79,1.196,1.143,0.3916,0.3179,5.805,4.174,18669.6,18.546,0.8027,373.4,123.2
2026-08-28T14:00:00,9.393,9.092,18.53,19.49,1.239,1.179,0.3905,0.3164,5.533,4.282,18678.7,18.558,0.8034,373.6,123.3
2026-08-28T15:00:00,9.108,8.897,18.28,18.78,1.238,1.184,0.3822,0.3169,5.697,4.300,18687.6,18.570,0.8040,373.8,123.3
2026-08-28T16:00:00,10.300,9.966,18.19,18.92,1.210,1.151,0.4011,0.3184,5.333,4.245,18697.5,18.581,0.8048,374.0,123.4
2026-08-28T17:00:00,9.207,9.056,18.33,19.29,1.243,1.183,0.3861,0.3193,5.599,4.264,18706.6,18.593,0.8054,374.1,123.5
2026-08-28T18:00:00,9.477,9.362,17.82,18.79,1.206,1.152,0.4165,0.3107,5.171,4.394,18715.9,18.600,0.8064,374.3,123.5
2026-08-28T19:00:00,9.360,9.131,17.47,18.52,1.221,1.165,0.4326,0.3137,5.368,4.312,18725.1,18.610,0.8075,374.5,123.6
2026-08-28T20:00:00,9.204,8.892,16.42,16.50,1.163,1.108,0.4075,0.3067,5.561,4.200,18734.0,18.622,0.8084,374.7,123.6
2026-08-28T21:00:00,9.217,8.926,16.06,16.81,1.182,1.123,0.3645,0.3254,5.958,4.062,18742.9,18.639,0.8087,374.9,123.7
2026-08-28T22:00:00,8.722,8.483,15.97,16.10,1.180,1.121,0.3888,0.3184,5.687,4.224,18751.4,18.651,0.8093,375.0,123.8
2026-08-28T23:00:00,8.570,8.451,15.32,16.04,1.165,1.114,0.3793,0.3120,5.367,4.184,18759.8,18.661,0.8099,375.2,123.8
2026-08-29T00:00:00,8.231,8.028,15.25,15.94,1.146,1.085,0.3453,0.3086,5.933,4.184,18767.9,18.676,0.8102,375.4,123.9
2026-08-29T01:00:00,8.462,8.252,14.04,14.76,1.179,1.125,0.4053,0.3171,5.575,4.297,18776.1,18.686,0.8109,375.5,123.9
2026-08-29T02:00:00,8.452,8.229,14.46,15.12,1.156,1.096,0.3841,0.3167,5.140,4.094,18784.3,18.695,0.8115,375.7,124.0
2026-08-29T03:00:00,8.250,7.951,13.84,14.61,1.140,1.078,0.3737,0.3215,4.956,4.196,18792.3,18.701,0.8119,375.8,124.0
2026-08-29T04:00:00,8.972,8.802,14.35,15.08,1.140,1.083,0.3430,0.3013,6.163,4.069,18801.1,18.719,0.8123,376.0,124.1
2026-08-29T05:00:00,8.679,8.405,14.32,14.76,1.138,1.079,0.4047,0.3171,5.655,4.165,18809.5,18.732,0.8130,376.2,124.1
2026-08-29T06:00:00,8.848,8.674,14.20,14.99,1.156,1.099,0.3882,0.3313,5.505,4.019,18818.2,18.745,0.8135,376.4,124.2
2026-08-29T07:00:00,8.137,7.913,15.09,15.76,1.143,1.086,0.4228,0.3022,5.510,4.209,18826.1,18.755,0.8145,376.5,124.3
2026-08-29T08:00:00,8.684,8.363,15.82,17.04,1.181,1.130,0.3771,0.3125,4.725,4.301,18834.4,18.758,0.8150,376.7,124.3
2026-08-29T09:00:00,8.738,8.469,15.73,16.39,1.172,1.119,0.3633,0.3024,5.868,4.315,18842.9,18.772,0.8155,376.9,124.4
2026-08-29T10:00:00,9.246,8.937,16.02,16.80,1.175,1.116,0.3677,0.3297,6.065,4.148,18851.8,18.789,0.8158,377.0,124.4
2026-08-29T11:00:00,9.683,9.334,16.68,17.55,1.211,1.146,0.3967,0.3089,5.181,4.221,18861.2,18.798,0.8167,377.2,124.5
2026-08-29T12:00:00,9.195,8.918,17.87,18.47,1.237,1.179,0.4106,0.3145,4.885,4.192,18870.1,18.804,0.8175,377.4,124.5
2026-08-29T13:00:00,9.659,9.330,18.03,19.04,1.202,1.146,0.4082,0.3164,5.651,4.288,18879.4,18.817,0.8184,377.6,124.6
2026-08-29T14:00:00,9.747,9.400,19.53,20.25,1.183,1.131,0.3938,0.3242,5.246,4.341,18888.8,18.825,0.8190,377.8,124.7
2026-08-29T15:00:00,9.860,9.670,18.41,19.15,1.231,1.178,0.3799,0.3017,5.327,4.084,18898.5,18.837,0.8198,378.0,124.7
2026-08-29T16:00:00,9.988,9.616,18.70,19.62,1.215,1.165,0.4068,0.3146,5.794,4.040,18908.1,18.854,0.8207,378.2,124.8
2026-08-29T17:00:00,9.187,8.908,17.12,17.93,1.229,1.176,0.3761,0.3106,5.718,4.017,18917.0,18.869,0.8213,378.3,124.9
2026-08-29T18:00:00,9.007,8.795,17.59,18.65,1.230,1.175,0.3734,0.3225,5.496,4.274,18925.8,18.880,0.8217,378.5,124.9
2026-08-29T19:00:00,10.225,10.042,17.11,17.88,1.184,1.133,0.3909,0.3228,5.406,4.227,18935.9,18.892,0.8224,378.7,125.0
2026-08-29T20:00:00,9.527,9.188,16.76,17.23,1.178,1.118,0.3715,0.3139,5.564,4.042,18945.0,18.906,0.8229,378.9,125.0
2026-08-29T21:00:00,9.340,9.186,16.68,17.58,1.163,1.101,0.3868,0.3151,5.986,4.147,18954.2,18.923,0.8236,379.1,125.1
2026-08-29T22:00:00,8.707,8.508,15.95,16.80,1.192,1.139,0.3883,0.3216,5.504,4.027,18962.7,18.935,0.8241,379.3,125.2
2026-08-29T23:00:00,8.511,8.341,15.07,15.53,1.158,1.100,0.4023,0.3239,5.684,4.264,18971.1,18.947,0.8248,379.4,125.2
2026-08-30T00:00:00,8.780,8.537,15.51,16.62,1.149,1.092,0.3806,0.3170,5.775,4.127,18979.6,18.961,0.8253,379.6,125.3
2026-08-30T01:00:00,8.953,8.808,14.42,15.38,1.157,1.107,0.3809,0.3250,5.289,4.115,18988.4,18.971,0.8258,379.8,125.3
2026-08-30T02:00:00,7.871,7.797,14.33,15.36,1.156,1.104,0.3730,0.2996,5.669,4.051,18996.2,18.984,0.8264,379.9,125.4
2026-08-30T03:00:00,8.401,8.059,14.06,14.98,1.177,1.117,0.3923,0.3060,5.419,4.234,19004.3,18.994,0.8271,380.1,125.4
2026-08-30T04:00:00,8.982,8.716,14.11,14.61,1.136,1.084,0.4083,0.3194,5.254,3.992,19013.0,19.005,0.8279,380.3,125.5
2026-08-30T05:00:00,8.760,8.578,13.88,14.81,1.140,1.085,0.3673,0.3213,5.890,4.410,19021.6,19.017,0.8283,380.4,125.5
2026-08-30T06:00:00,8.907,8.632,14.90,15.31,1.113,1.056,0.3470,0.3159,5.255,4.033,19030.2,19.028,0.8285,380.6,125.6
2026-08-30T07:00:00,8.249,8.194,15.08,15.42,1.184,1.119,0.3870,0.3154,5.457,4.338,19038.4,19.037,0.8291,380.8,125.7
2026-08-30T08:00:00,8.469,8.236,15.70,16.63,1.135,1.075,0.3840,0.3148,4.794,4.151,19046.6,19.042,0.8297,380.9,125.7
2026-08-30T09:00:00,8.867,8.577,16.80,17.30,1.183,1.124,0.3594,0.3063,5.310,4.228,19055.2,19.051,0.8302,381.1,125.8
2026-08-30T10:00:00,9.373,9.252,16.87,18.05,1.180,1.122,0.3705,0.3279,5.726,4.164,19064.5,19.066,0.8305,381.3,125.8
2026-08-30T11:00:00,9.530,9.286,17.32,18.19,1.203,1.149,0.4155,0.3170,5.580,4.134,19073.8,19.079,0.8315,381.5,125.9
2026-08-30T12:00:00,9.432,9.095,17.74,18.51,1.195,1.138,0.4035,0.3186,5.816,4.401,19082.8,19.092,0.8322,381.7,125.9
2026-08-30T13:00:00,9.799,9.399,17.81,18.85,1.207,1.152,0.3878,0.3194,4.747,4.255,19092.2,19.097,0.8329,381.8,126.0
2026-08-30T14:00:00,9.428,9.066,17.51,18.69,1.237,1.182,0.3954,0.3160,5.642,4.275,19101.3,19.109,0.8336,382.0,126.1
2026-08-30T15:00:00,9.943,9.664,18.05,18.65,1.231,1.176,0.3545,0.3148,5.388,4.077,19111.0,19.122,0.8340,382.2,126.1
2026-08-30T16:00:00,9.813,9.610,18.22,18.96,1.226,1.164,0.3299,0.3194,5.284,4.273,19120.6,19.132,0.8341,382.4,126.2
2026-08-30T17:00:00,10.146,9.714,18.42,19.03,1.212,1.156,0.3768,0.3080,5.874,4.167,19130.3,19.148,0.8347,382.6,126.3
2026-08-30T18:00:00,9.625,9.285,17.41,17.98,1.207,1.149,0.3617,0.3097,5.112,4.165,19139.6,19.157,0.8352,382.8,126.3
2026-08-30T19:00:00,9.220,9.200,17.11,18.00,1.205,1.148,0.3594,0.3053,5.744,4.190,19148.8,19.171,0.8357,383.0,126.4
2026-08-30T20:00:00,9.334,9.095,16.04,16.70,1.154,1.093,0.3537,0.3087,5.733,4.150,19157.9,19.186,0.8361,383.2,126.4
2026-08-30T21:00:00,8.766,8.574,15.74,16.15,1.173,1.117,0.4087,0.3219,5.846,4.176,19166.5,19.200,0.8369,383.3,126.5
2026-08-30T22:00:00,8.566,8.360,15.69,16.55,1.189,1.138,0.4089,0.3085,5.400,3.957,19174.8,19.212,0.8377,383.5,126.6
2026-08-30T23:00:00,9.174,8.956,15.28,15.92,1.186,1.131,0.3524,0.3232,5.111,4.210,19183.8,19.220,0.8380,383.7,126.6
2026-08-31T00:00:00,8.443,8.282,15.25,16.28,1.155,1.103,0.4065,0.3227,5.238,4.058,19192.1,19.230,0.8387,383.8,126.7
2026-08-31T01:00:00,8.178,8.101,14.76,15.62,1.162,1.104,0.4101,0.3187,5.326,4.003,19200.2,19.241,0.8394,384.0,126.7
2026-08-31T02:00:00,8.858,8.636,14.29,15.46,1.158,1.102,0.3706,0.3115,5.935,4.128,19208.8,19.256,0.8399,384.2,126.8
2026-08-31T03:00:00,8.590,8.462,14.98,15.78,1.146,1.095,0.3448,0.3182,5.145,4.091,19217.3,19.265,0.8402,384.3,126.8
2026-08-31T04:00:00,8.996,8.721,13.94,15.16,1.136,1.082,0.4019,0.3173,5.757,4.346,19226.0,19.277,0.8409,384.5,126.9
2026-08-31T05:00:00,8.807,8.629,13.81,14.56,1.143,1.086,0.3586,0.3218,4.931,4.186,19234.6,19.284,0.8412,384.7,126.9
2026-08-31T06:00:00,8.414,8.259,14.53,15.28,1.164,1.103,0.3463,0.3234,4.984,4.359,19242.9,19.289,0.8414,384.9,127.0
2026-08-31T07:00:00,8.757,8.510,14.89,15.93,1.147,1.095,0.4244,0.2933,5.552,4.049,19251.4,19.302,0.8425,385.0,127.1
2026-08-31T08:00:00,9.289,9.113,15.60,16.20,1.185,1.128,0.3872,0.3058,5.764,4.170,19260.5,19.316,0.8433,385.2,127.1
2026-08-31T09:00:00,8.763,8.561,15.68,16.19,1.192,1.139,0.4027,0.3159,5.591,4.249,19269.0,19.328,0.8440,385.4,127.2
2026-08-31T10:00:00,9.401,9.273,17.52,18.75,1.165,1.106,0.4072,0.3181,5.651,4.028,19278.3,19.343,0.8448,385.6,127.2
2026-08-31T11:00:00,9.761,9.339,17.43,18.16,1.192,1.141,0.3531,0.3186,5.298,4.287,19287.7,19.352,0.8451,385.8,127.3
2026-08-31T12:00:00,9.769,9.515,17.77,18.88,1.217,1.160,0.4056,0.3166,5.495,4.034,19297.2,19.366,0.8460,385.9,127.4
2026-08-31T13:00:00,9.517,9.196,18.09,19.09,1.239,1.179,0.3489,0.3180,4.931,4.145,19306.4,19.373,0.8463,386.1,127.4
2026-08-31T14:00:00,9.378,9.075,18.14,18.99,1.228,1.174,0.3976,0.3214,5.066,4.176,19315.4,19.382,0.8470,386.3,127.5
2026-08-31T15:00:00,9.313,9.048,18.22,19.16,1.219,1.169,0.3739,0.3072,5.360,4.153,19324.5,19.392,0.8476,386.5,127.5
2026-08-31T16:00:00,9.520,9.121,18.02,18.58,1.222,1.165,0.3879,0.3118,5.793,4.353,19333.6,19.406,0.8483,386.7,127.6
2026-08-31T17:00:00,10.028,9.642,17.59,18.15,1.222,1.172,0.3685,0.3206,5.225,3.974,19343.3,19.418,0.8487,386.9,127.7
2026-08-31T18:00:00,9.764,9.422,17.86,18.67,1.221,1.170,0.3906,0.3208,5.682,4.174,19352.7,19.432,0.8494,387.1,127.7
2026-08-31T19:00:00,9.035,8.680,17.27,18.06,1.208,1.148,0.3911,0.3118,5.355,4.140,19361.4,19.442,0.8501,387.2,127.8
2026-08-31T20:00:00,9.445,9.221,16.59,17.25,1.187,1.135,0.3704,0.3201,5.496,4.180,19370.6,19.455,0.8505,387.4,127.8
2026-08-31T21:00:00,9.387,9.231,16.41,17.08,1.185,1.126,0.3899,0.3198,5.480,4.144,19379.8,19.467,0.8512,387.6,127.9
2026-08-31T22:00:00,9.357,9.111,16.05,16.92,1.167,1.103,0.3452,0.3088,5.753,4.125,19388.9,19.482,0.8515,387.8,128.0
2026-08-31T23:00:00,8.904,8.715,15.06,15.55,1.173,1.111,0.3498,0.3152,5.400,4.205,19397.6,19.492,0.8518,388.0,128.0
2026-09-01T00:00:00,8.423,8.197,14.88,15.01,1.143,1.088,0.3813,0.3284,5.116,4.279,19405.8,19.499,0.8523,388.1,128.1
2026-09-01T01:00:00,8.395,8.153,14.92,15.75,1.106,1.049,0.4045,0.3190,5.749,4.309,19414.0,19.511,0.8529,388.3,128.1
2026-09-01T02:00:00,8.439,8.202,13.91,14.83,1.167,1.111,0.3326,0.3040,5.132,3.933,19422.2,19.521,0.8532,388.4,128.2
2026-09-01T03:00:00,8.122,7.935,13.20,13.86,1.139,1.084,0.3841,0.3097,5.677,4.267,19430.1,19.532,0.8538,388.6,128.2
2026-09-01T04:00:00,8.362,8.193,13.94,14.75,1.129,1.076,0.3625,0.3070,5.411,4.116,19438.3,19.542,0.8542,388.8,128.3
2026-09-01T05:00:00,8.164,7.930,14.70,15.70,1.127,1.072,0.4207,0.3117,5.427,4.196,19446.2,19.552,0.8551,388.9,128.3
2026-09-01T06:00:00,8.483,8.261,14.23,15.34,1.142,1.092,0.3802,0.3206,5.368,4.410,19454.5,19.560,0.8556,389.1,128.4
2026-09-01T07:00:00,8.928,8.659,15.21,16.23,1.139,1.080,0.3843,0.3218,5.455,4.327,19463.2,19.570,0.8561,389.3,128.5
2026-09-01T08:00:00,8.993,8.712,15.96,16.93,1.175,1.114,0.3886,0.3117,5.282,4.039,19471.9,19.581,0.8568,389.4,128.5
2026-09-01T09:00:00,9.501,9.232,16.27,16.83,1.176,1.124,0.3711,0.3210,5.513,4.094,19481.1,19.594,0.8573,389.6,128.6
2026-09-01T10:00:00,9.048,8.754,16.96,17.95,1.212,1.161,0.3606,0.3109,5.486,4.124,19489.9,19.606,0.8577,389.8,128.6
2026-09-01T11:00:00,9.460,9.184,16.59,17.20,1.200,1.133,0.3665,0.3149,5.352,4.125,19499.0,19.617,0.8582,390.0,128.7
2026-09-01T12:00:00,9.333,9.141,17.64,18.37,1.212,1.157,0.3712,0.3133,5.366,4.024,19508.2,19.629,0.8587,390.2,128.8
2026-09-01T13:00:00,9.738,9.452,18.17,18.59,1.234,1.183,0.3894,0.3207,5.490,4.229,19517.6,19.641,0.8593,390.4,128.8
2026-09-01T14:00:00,9.763,9.600,18.65,19.52,1.224,1.168,0.4080,0.3208,5.412,4.151,19527.2,19.653,0.8602,390.5,128.9
2026-09-01T15:00:00,9.811,9.682,18.15,18.89,1.202,1.152,0.3769,0.3273,5.507,4.264,19536.9,19.665,0.8607,390.7,128.9
2026-09-01T16:00:00,9.544,9.305,17.84,18.80,1.224,1.164,0.4061,0.3051,5.784,4.211,19546.2,19.680,0.8616,390.9,129.0
2026-09-01T17:00:00,9.724,9.483,17.82,18.68,1.209,1.153,0.3541,0.3080,5.525,4.407,19555.7,19.691,0.8620,391.1,129.1
2026-09-01T18:00:00,9.413,9.241,17.12,18.07,1.208,1.147,0.3659,0.3138,5.423,4.157,19565.0,19.702,0.8625,391.3,129.1
2026-09-01T19:00:00,9.365,9.042,17.33,17.90,1.221,1.168,0.3552,0.3069,5.489,4.337,19574.0,19.713,0.8630,391.5,129.2
2026-09-01T20:00:00,9.144,8.882,16.88,17.77,1.177,1.124,0.3576,0.3015,5.278,3.926,19582.9,19.725,0.8635,391.7,129.2
2026-09-01T21:00:00,8.625,8.429,15.91,16.77,1.192,1.137,0.3807,0.3156,5.311,4.326,19591.3,19.733,0.8640,391.8,129.3
2026-09-01T22:00:00,8.898,8.773,16.02,17.20,1.155,1.093,0.3945,0.3161,5.446,4.254,19600.1,19.743,0.8647,392.0,129.4
2026-09-01T23:00:00,8.794,8.483,14.99,15.77,1.160,1.097,0.3471,0.3101,5.076,4.007,19608.6,19.752,0.8650,392.2,129.4
2026-09-02T00:00:00,8.097,7.928,14.41,15.56,1.164,1.106,0.3344,0.3159,5.642,4.271,19616.5,19.763,0.8652,392.3,129.5
2026-09-02T01:00:00,8.691,8.467,13.64,14.57,1.147,1.079,0.4189,0.3128,5.506,4.212,19625.0,19.774,0.8661,392.5,129.5
2026-09-02T02:00:00,8.797,8.530,13.87,15.19,1.132,1.071,0.4085,0.2992,5.220,4.015,19633.5,19.785,0.8670,392.7,129.6
2026-09-02T03:00:00,8.687,8.431,13.95,14.49,1.143,1.084,0.3289,0.3071,5.222,4.214,19641.9,19.793,0.8672,392.8,129.6
2026-09-02T04:00:00,8.543,8.451,14.35,15.14,1.155,1.103,0.3562,0.3158,5.263,4.072,19650.4,19.803,0.8675,393.0,129.7
2026-09-02T05:00:00,8.692,8.458,14.68,15.44,1.146,1.086,0.3874,0.3083,5.593,4.288,19658.8,19.814,0.8682,393.2,129.7
2026-09-02T06:00:00,8.549,8.352,14.63,15.47,1.140,1.086,0.3889,0.3071,5.856,4.213,19667.2,19.828,0.8689,393.3,129.8
2026-09-02T07:00:00,8.946,8.720,15.01,16.31,1.164,1.111,0.3695,0.3020,5.223,4.139,19675.9,19.837,0.8695,393.5,129.9
2026-09-02T08:00:00,9.230,9.071,15.74,16.23,1.194,1.143,0.3677,0.3191,5.416,3.940,19685.0,19.851,0.8699,393.7,129.9
2026-09-02T09:00:00,8.702,8.422,16.64,17.35,1.178,1.126,0.3827,0.3043,5.937,4.063,19693.4,19.866,0.8706,393.9,130.0
2026-09-02T10:00:00,8.972,8.813,17.14,17.47,1.183,1.126,0.3726,0.3202,5.286,4.178,19702.2,19.876,0.8710,394.0,130.0
2026-09-02T11:00:00,9.038,8.959,17.29,17.94,1.188,1.131,0.3892,0.3111,5.459,4.172,19711.2,19.888,0.8717,394.2,130.1
2026-09-02T12:00:00,9.074,8.814,17.12,17.87,1.184,1.109,0.3873,0.3150,5.485,4.109,19720.0,19.900,0.8724,394.4,130.2
2026-09-02T13:00:00,9.722,9.428,17.76,18.32,1.225,1.175,0.3885,0.3174,5.504,4.208,19729.4,19.912,0.8730,394.6,130.2
2026-09-02T14:00:00,9.691,9.439,17.21,17.95,1.223,1.172,0.3616,0.3242,4.923,4.273,19738.8,19.918,0.8734,394.8,130.3
2026-09-02T15:00:00,8.893,8.611,17.86,18.43,1.229,1.173,0.3862,0.3031,5.198,4.216,19747.5,19.927,0.8741,394.9,130.3
2026-09-02T16:00:00,9.576,9.243,18.07,18.61,1.214,1.157,0.3313,0.3048,5.175,4.008,19756.7,19.938,0.8743,395.1,130.4
2026-09-02T17:00:00,9.305,9.031,17.46,18.41,1.214,1.157,0.3469,0.3169,5.708,4.140,19765.7,19.952,0.8746,395.3,130.5
2026-09-02T18:00:00,9.027,8.850,17.35,17.75,1.202,1.150,0.3718,0.3289,5.376,4.038,19774.6,19.964,0.8750,395.5,130.5
2026-09-02T19:00:00,8.980,8.814,16.93,17.82,1.188,1.132,0.3882,0.3126,5.791,4.118,19783.4,19.978,0.8757,395.7,130.6
2026-09-02T20:00:00,9.170,8.917,15.88,16.96,1.165,1.114,0.4144,0.3210,5.250,4.000,19792.3,19.989,0.8765,395.8,130.6
2026-09-02T21:00:00,9.481,9.206,16.54,17.57,1.176,1.119,0.4148,0.3171,5.907,4.117,19801.5,20.006,0.8774,396.0,130.7
2026-09-02T22:00:00,9.614,9.319,15.68,16.69,1.159,1.102,0.3784,0.3196,5.763,4.070,19810.8,20.022,0.8779,396.2,130.8
2026-09-02T23:00:00,8.802,8.604,15.36,15.92,1.183,1.129,0.4134,0.3061,5.401,4.182,19819.4,20.032,0.8789,396.4,130.8
2026-09-03T00:00:00,8.772,8.482,15.23,15.87,1.156,1.102,0.4108,0.3208,5.522,4.108,19827.9,20.044,0.8796,396.6,130.9
2026-09-03T01:00:00,8.196,8.027,14.34,15.33,1.166,1.113,0.3543,0.3063,5.535,4.123,19835.9,20.055,0.8800,396.7,130.9
2026-09-03T02:00:00,8.796,8.508,14.16,15.59,1.151,1.095,0.4166,0.3195,5.573,4.090,19844.5,20.068,0.8808,396.9,131.0
2026-09-03T03:00:00,8.343,8.140,13.82,14.74,1.124,1.069,0.3772,0.3151,5.537,4.111,19852.6,20.080,0.8813,397.1,131.0
2026-09-03T04:00:00,8.472,8.204,14.18,15.40,1.152,1.098,0.3714,0.3212,5.097,4.256,19860.8,20.087,0.8817,397.2,131.1
2026-09-03T05:00:00,8.070,7.827,14.36,15.11,1.125,1.065,0.3637,0.3166,5.637,4.227,19868.6,20.098,0.8821,397.4,131.1
2026-09-03T06:00:00,8.293,8.050,15.00,16.14,1.174,1.122,0.4191,0.3069,5.566,4.090,19876.7,20.110,0.8830,397.5,131.2
2026-09-03T07:00:00,9.096,8.833,15.05,15.89,1.168,1.102,0.3818,0.3115,5.526,4.097,19885.5,20.122,0.8836,397.7,131.2
2026-09-03T08:00:00,8.877,8.697,15.67,16.39,1.158,1.097,0.3638,0.3155,5.418,4.012,19894.2,20.134,0.8841,397.9,131.3
2026-09-03T09:00:00,8.893,8.663,16.12,17.04,1.169,1.117,0.4142,0.3276,5.301,4.043,19902.9,20.145,0.8848,398.1,131.4
2026-09-03T10:00:00,9.088,8.887,16.58,17.35,1.156,1.100,0.3634,0.3099,6.183,4.105,19911.8,20.164,0.8853,398.2,131.4
2026-09-03T11:00:00,9.281,9.126,16.92,18.01,1.214,1.158,0.3786,0.3030,5.455,4.146,19920.9,20.176,0.8860,398.4,131.5
2026-09-03T12:00:00,9.714,9.517,18.16,18.99,1.211,1.157,0.3578,0.3083,5.569,4.055,19930.4,20.190,0.8864,398.6,131.5
2026-09-03T13:00:00,9.379,9.102,17.76,18.46,1.211,1.154,0.3820,0.3137,5.642,4.167,19939.5,20.204,0.8871,398.8,131.6
2026-09-03T14:00:00,9.391,9.211,18.35,18.83,1.217,1.165,0.3474,0.3123,5.069,4.140,19948.7,20.212,0.8874,399.0,131.7
2026-09-03T15:00:00,9.657,9.481,17.91,18.92,1.221,1.167,0.3414,0.3184,5.689,4.223,19958.2,20.226,0.8876,399.2,131.7
2026-09-03T16:00:00,9.298,9.072,18.22,19.20,1.187,1.134,0.3792,0.3252,5.812,4.170,19967.3,20.241,0.8881,399.3,131.8
2026-09-03T17:00:00,9.150,8.875,17.77,18.75,1.198,1.143,0.3609,0.3160,5.518,3.898,19976.1,20.255,0.8885,399.5,131.8
2026-09-03T18:00:00,9.663,9.290,18.20,19.34,1.210,1.148,0.3629,0.3197,5.790,4.038,19985.4,20.272,0.8889,399.7,131.9
2026-09-03T19:00:00,8.915,8.590,17.38,18.09,1.199,1.142,0.3654,0.3024,5.125,4.289,19994.0,20.279,0.8894,399.9,132.0
2026-09-03T20:00:00,9.190,8.839,16.45,17.25,1.201,1.139,0.3793,0.3130,4.834,3.732,20002.9,20.288,0.8900,400.1,132.0
2026-09-03T21:00:00,8.778,8.579,15.60,16.12,1.164,1.101,0.3874,0.3152,5.615,4.017,20011.4,20.302,0.8906,400.2,132.1
2026-09-03T22:00:00,8.837,8.634,15.26,16.21,1.166,1.110,0.4070,0.3245,5.299,3.980,20020.1,20.314,0.8914,400.4,132.1
2026-09-03T23:00:00,8.505,8.468,14.72,15.89,1.175,1.120,0.4276,0.3236,5.530,3.945,20028.5,20.327,0.8922,400.6,132.2
2026-09-04T00:00:00,8.325,8.112,14.69,15.36,1.150,1.092,0.3736,0.3098,5.203,4.390,20036.7,20.334,0.8928,400.7,132.2
2026-09-04T01:00:00,8.492,8.394,14.24,14.76,1.119,1.062,0.4201,0.3046,5.250,4.269,20045.0,20.342,0.8937,400.9,132.3
2026-09-04T02:00:00,8.704,8.463,13.44,14.41,1.130,1.074,0.3685,0.3099,5.474,4.270,20053.5,20.352,0.8942,401.1,132.4
2026-09-04T03:00:00,7.890,7.698,14.31,15.16,1.105,1.048,0.3564,0.2993,5.234,4.037,20061.2,20.361,0.8947,401.2,132.4
2026-09-04T04:00:00,8.300,8.054,13.90,15.27,1.138,1.079,0.3783,0.3209,5.490,4.191,20069.3,20.372,0.8951,401.4,132.5
2026-09-04T05:00:00,9.023,8.784,14.61,15.40,1.140,1.090,0.3753,0.3129,5.997,4.035,20078.0,20.389,0.8957,401.6,132.5
2026-09-04T06:00:00,8.470,8.265,14.62,15.60,1.173,1.117,0.3610,0.3073,5.451,4.041,20086.3,20.401,0.8961,401.7,132.6
2026-09-04T07:00:00,8.879,8.615,14.94,15.66,1.157,1.101,0.3533,0.3115,5.470,4.006,20094.9,20.413,0.8965,401.9,132.6
2026-09-04T08:00:00,8.615,8.347,15.37,16.10,1.172,1.110,0.3908,0.3092,5.099,4.325,20103.3,20.420,0.8972,402.1,132.7
2026-09-04T09:00:00,8.744,8.457,15.67,16.86,1.189,1.132,0.3635,0.3052,5.243,3.929,20111.7,20.431,0.8976,402.2,132.7
2026-09-04T10:00:00,8.974,8.640,16.63,17.34,1.195,1.142,0.3869,0.3164,5.278,4.237,20120.4,20.440,0.8983,402.4,132.8
2026-09-04T11:00:00,9.374,9.103,16.75,17.38,1.198,1.144,0.3851,0.3220,5.949,3.953,20129.5,20.458,0.8988,402.6,132.9
2026-09-04T12:00:00,9.786,9.553,17.18,17.47,1.189,1.127,0.4063,0.3098,5.568,4.042,20139.0,20.472,0.8998,402.8,132.9
2026-09-04T13:00:00,9.337,9.018,17.11,18.21,1.188,1.126,0.3476,0.3256,5.156,4.064,20148.0,20.482,0.9000,403.0,133.0
2026-09-04T14:00:00,9.910,9.604,17.94,18.67,1.223,1.168,0.3781,0.3129,5.783,3.983,20157.6,20.500,0.9006,403.2,133.0
2026-09-04T15:00:00,9.487,9.324,17.99,18.93,1.202,1.151,0.3573,0.3049,6.004,4.120,20167.0,20.517,0.9011,403.3,133.1
2026-09-04T16:00:00,9.275,9.070,18.13,18.74,1.210,1.155,0.4296,0.3051,5.755,4.362,20176.0,20.530,0.9022,403.5,133.2
2026-09-04T17:00:00,9.413,9.309,17.78,18.78,1.210,1.150,0.3407,0.2989,5.306,3.890,20185.3,20.543,0.9026,403.7,133.2
2026-09-04T18:00:00,9.396,9.101,16.91,17.57,1.192,1.131,0.3663,0.3094,6.020,4.325,20194.4,20.558,0.9031,403.9,133.3
2026-09-04T19:00:00,9.082,8.805,16.67,17.70,1.202,1.150,0.3955,0.3243,5.579,4.020,20203.3,20.572,0.9037,404.1,133.3
2026-09-04T20:00:00,9.443,9.229,16.43,17.28,1.182,1.130,0.3809,0.3073,5.118,4.056,20212.5,20.582,0.9044,404.2,133.4
2026-09-04T21:00:00,8.626,8.508,16.57,16.86,1.186,1.128,0.4177,0.3043,5.627,4.158,20221.0,20.594,0.9054,404.4,133.5
2026-09-04T22:00:00,9.144,8.986,15.24,15.85,1.166,1.111,0.3502,0.3126,5.673,4.128,20230.0,20.608,0.9057,404.6,133.5
2026-09-04T23:00:00,8.269,8.076,14.46,15.04,1.171,1.117,0.3872,0.3002,6.055,4.189,20238.1,20.623,0.9064,404.8,133.6
2026-09-05T00:00:00,8.639,8.533,14.24,14.96,1.165,1.098,0.3741,0.3126,5.394,4.193,20246.6,20.634,0.9069,404.9,133.6
